2026-06-16 14:18:21 [32minfo[39m: 	Successfully connected to database mongodb://edgev3_app:edgev3_mongodb_pass@mongodb:27017/edgev3?authSource=admin
2026-06-16 14:18:21 [32minfo[39m: 	Successfully connected to database mongodb://edgev3_app:edgev3_mongodb_pass@mongodb:27017/edgev3?authSource=admin
2026-06-16 14:18:21 [32minfo[39m: 	HTTP production server up and running on port 5000 !
2026-06-16 14:18:21 [32minfo[39m: 	HTTP production server up and running on port 5000 !
2026-06-16 14:18:21 [32minfo[39m: 	Successfully connected to database mongodb://edgev3_app:edgev3_mongodb_pass@mongodb:27017/edgev3?authSource=admin
2026-06-16 14:18:21 [32minfo[39m: 	Successfully connected to database mongodb://edgev3_app:edgev3_mongodb_pass@mongodb:27017/edgev3?authSource=admin
2026-06-16 14:18:21 [32minfo[39m: 	HTTP production server up and running on port 5000 !
2026-06-16 14:18:21 [32minfo[39m: 	HTTP production server up and running on port 5000 !
2026-06-16 14:18:22 [32minfo[39m: 	Successfully connected to database mongodb://edgev3_app:edgev3_mongodb_pass@mongodb:27017/edgev3?authSource=admin
2026-06-16 14:18:22 [32minfo[39m: 	HTTP CRON server up and running on port 5555 !
2026-06-16 14:18:22 [32minfo[39m: 	Successfully connected to database mongodb://edgev3_app:edgev3_mongodb_pass@mongodb:27017/edgev3?authSource=admin
2026-06-16 14:18:22 [32minfo[39m: 	HTTP production server up and running on port 5000 !
2026-06-16 14:18:22 [32minfo[39m: 	Successfully connected to database mongodb://edgev3_app:edgev3_mongodb_pass@mongodb:27017/edgev3?authSource=admin
2026-06-16 14:18:22 [32minfo[39m: 	HTTP production server up and running on port 5000 !
2026-06-16 14:18:24 [32minfo[39m: 	Successfully connected to database mongodb://edgev3_app:edgev3_mongodb_pass@mongodb:27017/edgev3?authSource=admin
2026-06-16 14:18:24 [32minfo[39m: 	HTTP production server up and running on port 5000 !
2026-06-16 14:18:24 [32minfo[39m: 	Successfully connected to database mongodb://edgev3_app:edgev3_mongodb_pass@mongodb:27017/edgev3?authSource=admin
2026-06-16 14:18:24 [32minfo[39m: 	HTTP production server up and running on port 5000 !
2026-06-16 14:18:50 [32minfo[39m: 	Successfully connected to database mongodb://edgev3_app:edgev3_mongodb_pass@mongodb:27017/edgev3?authSource=admin
2026-06-16 14:18:50 [32minfo[39m: 	HTTP production server up and running on port 5000 !
2026-06-16 14:18:52 [32minfo[39m: 	Successfully connected to database mongodb://edgev3_app:edgev3_mongodb_pass@mongodb:27017/edgev3?authSource=admin
2026-06-16 14:18:52 [32minfo[39m: 	HTTP CRON server up and running on port 5555 !
2026-06-16 14:18:52 [32minfo[39m: 	Successfully connected to database mongodb://edgev3_app:edgev3_mongodb_pass@mongodb:27017/edgev3?authSource=admin
2026-06-16 14:18:52 [32minfo[39m: 	HTTP production server up and running on port 5000 !
2026-06-16 14:18:54 [32minfo[39m: 	Successfully connected to database mongodb://edgev3_app:edgev3_mongodb_pass@mongodb:27017/edgev3?authSource=admin
2026-06-16 14:18:54 [32minfo[39m: 	HTTP production server up and running on port 5000 !
2026-06-16 14:18:55 [32minfo[39m: 	Successfully connected to database mongodb://edgev3_app:edgev3_mongodb_pass@mongodb:27017/edgev3?authSource=admin
2026-06-16 14:18:55 [32minfo[39m: 	HTTP production server up and running on port 5000 !
2026-06-16 14:19:10 [31merror[39m: 	projectRerunMonitor failed:MongooseError: Operation `projects.find()` buffering timed out after 10000ms 
2026-06-16 14:19:10 [31merror[39m: 	bulkSubmissionRerunMonitor failed:MongooseError: Operation `bulksubmissions.find()` buffering timed out after 10000ms 
2026-06-16 14:19:20 [32minfo[39m: 	Successfully connected to database mongodb://edgev3_app:edgev3_mongodb_pass@mongodb:27017/edgev3?authSource=admin
2026-06-16 14:19:20 [32minfo[39m: 	HTTP production server up and running on port 5000 !
2026-06-16 14:19:22 [32minfo[39m: 	Successfully connected to database mongodb://edgev3_app:edgev3_mongodb_pass@mongodb:27017/edgev3?authSource=admin
2026-06-16 14:19:22 [32minfo[39m: 	HTTP CRON server up and running on port 5555 !
2026-06-16 14:19:22 [32minfo[39m: 	Successfully connected to database mongodb://edgev3_app:edgev3_mongodb_pass@mongodb:27017/edgev3?authSource=admin
2026-06-16 14:19:22 [32minfo[39m: 	HTTP production server up and running on port 5000 !
2026-06-16 14:19:24 [32minfo[39m: 	Successfully connected to database mongodb://edgev3_app:edgev3_mongodb_pass@mongodb:27017/edgev3?authSource=admin
2026-06-16 14:19:24 [32minfo[39m: 	HTTP production server up and running on port 5000 !
2026-06-16 14:19:25 [32minfo[39m: 	Successfully connected to database mongodb://edgev3_app:edgev3_mongodb_pass@mongodb:27017/edgev3?authSource=admin
2026-06-16 14:19:25 [32minfo[39m: 	HTTP production server up and running on port 5000 !
2026-06-16 14:19:50 [32minfo[39m: 	Successfully connected to database mongodb://edgev3_app:edgev3_mongodb_pass@mongodb:27017/edgev3?authSource=admin
2026-06-16 14:19:50 [32minfo[39m: 	HTTP production server up and running on port 5000 !
2026-06-16 14:19:52 [32minfo[39m: 	Successfully connected to database mongodb://edgev3_app:edgev3_mongodb_pass@mongodb:27017/edgev3?authSource=admin
2026-06-16 14:19:52 [32minfo[39m: 	HTTP CRON server up and running on port 5555 !
2026-06-16 14:19:52 [32minfo[39m: 	Successfully connected to database mongodb://edgev3_app:edgev3_mongodb_pass@mongodb:27017/edgev3?authSource=admin
2026-06-16 14:19:52 [32minfo[39m: 	HTTP production server up and running on port 5000 !
2026-06-16 14:19:54 [32minfo[39m: 	Successfully connected to database mongodb://edgev3_app:edgev3_mongodb_pass@mongodb:27017/edgev3?authSource=admin
2026-06-16 14:19:54 [32minfo[39m: 	HTTP production server up and running on port 5000 !
2026-06-16 14:19:55 [32minfo[39m: 	Successfully connected to database mongodb://edgev3_app:edgev3_mongodb_pass@mongodb:27017/edgev3?authSource=admin
2026-06-16 14:19:55 [32minfo[39m: 	HTTP production server up and running on port 5000 !
2026-06-16 14:20:10 [31merror[39m: 	localMonitor failed:MongooseError: Operation `jobs.find()` buffering timed out after 10000ms
2026-06-16 14:20:10 [31merror[39m: 	localJobMonitor failed:MongooseError: Operation `jobs.find()` buffering timed out after 10000ms
2026-06-16 14:20:10 [31merror[39m: 	nextflowJobMonitor failed:MongooseError: Operation `jobs.find()` buffering timed out after 10000ms
2026-06-16 14:20:10 [31merror[39m: 	nextflowWorkflowMonitor failed:MongooseError: Operation `jobs.find()` buffering timed out after 10000ms
2026-06-16 14:20:10 [31merror[39m: 	projectRerunMonitor failed:MongooseError: Operation `projects.find()` buffering timed out after 10000ms 
2026-06-16 14:20:10 [31merror[39m: 	bulkSubmissionRerunMonitor failed:MongooseError: Operation `bulksubmissions.find()` buffering timed out after 10000ms 
2026-06-16 14:20:20 [32minfo[39m: 	Successfully connected to database mongodb://edgev3_app:edgev3_mongodb_pass@mongodb:27017/edgev3?authSource=admin
2026-06-16 14:20:20 [32minfo[39m: 	HTTP production server up and running on port 5000 !
2026-06-16 14:20:22 [32minfo[39m: 	Successfully connected to database mongodb://edgev3_app:edgev3_mongodb_pass@mongodb:27017/edgev3?authSource=admin
2026-06-16 14:20:22 [32minfo[39m: 	HTTP CRON server up and running on port 5555 !
2026-06-16 14:20:22 [32minfo[39m: 	Successfully connected to database mongodb://edgev3_app:edgev3_mongodb_pass@mongodb:27017/edgev3?authSource=admin
2026-06-16 14:20:22 [32minfo[39m: 	HTTP production server up and running on port 5000 !
2026-06-16 14:20:24 [32minfo[39m: 	Successfully connected to database mongodb://edgev3_app:edgev3_mongodb_pass@mongodb:27017/edgev3?authSource=admin
2026-06-16 14:20:24 [32minfo[39m: 	HTTP production server up and running on port 5000 !
2026-06-16 14:20:25 [32minfo[39m: 	Successfully connected to database mongodb://edgev3_app:edgev3_mongodb_pass@mongodb:27017/edgev3?authSource=admin
2026-06-16 14:20:25 [32minfo[39m: 	HTTP production server up and running on port 5000 !
2026-06-16 14:20:50 [32minfo[39m: 	Successfully connected to database mongodb://edgev3_app:edgev3_mongodb_pass@mongodb:27017/edgev3?authSource=admin
2026-06-16 14:20:50 [32minfo[39m: 	HTTP production server up and running on port 5000 !
2026-06-16 14:20:52 [32minfo[39m: 	Successfully connected to database mongodb://edgev3_app:edgev3_mongodb_pass@mongodb:27017/edgev3?authSource=admin
2026-06-16 14:20:52 [32minfo[39m: 	HTTP production server up and running on port 5000 !
2026-06-16 14:20:53 [32minfo[39m: 	Successfully connected to database mongodb://edgev3_app:edgev3_mongodb_pass@mongodb:27017/edgev3?authSource=admin
2026-06-16 14:20:53 [32minfo[39m: 	HTTP production server up and running on port 5000 !
2026-06-16 14:20:55 [32minfo[39m: 	Successfully connected to database mongodb://edgev3_app:edgev3_mongodb_pass@mongodb:27017/edgev3?authSource=admin
2026-06-16 14:20:55 [32minfo[39m: 	HTTP production server up and running on port 5000 !
2026-06-16 14:21:10 [31merror[39m: 	projectRerunMonitor failed:MongooseError: Operation `projects.find()` buffering timed out after 10000ms 
2026-06-16 14:21:10 [31merror[39m: 	Operation `bulksubmissions.find()` buffering timed out after 10000ms
2026-06-16 14:21:10 [31merror[39m: 	bulkSubmissionRerunMonitor failed:MongooseError: Operation `bulksubmissions.find()` buffering timed out after 10000ms 
2026-06-16 14:21:20 [32minfo[39m: 	Successfully connected to database mongodb://edgev3_app:edgev3_mongodb_pass@mongodb:27017/edgev3?authSource=admin
2026-06-16 14:21:20 [32minfo[39m: 	HTTP production server up and running on port 5000 !
2026-06-16 14:21:22 [32minfo[39m: 	Successfully connected to database mongodb://edgev3_app:edgev3_mongodb_pass@mongodb:27017/edgev3?authSource=admin
2026-06-16 14:21:22 [32minfo[39m: 	HTTP CRON server up and running on port 5555 !
2026-06-16 14:21:22 [32minfo[39m: 	Successfully connected to database mongodb://edgev3_app:edgev3_mongodb_pass@mongodb:27017/edgev3?authSource=admin
2026-06-16 14:21:22 [32minfo[39m: 	HTTP production server up and running on port 5000 !
2026-06-16 14:21:24 [32minfo[39m: 	Successfully connected to database mongodb://edgev3_app:edgev3_mongodb_pass@mongodb:27017/edgev3?authSource=admin
2026-06-16 14:21:24 [32minfo[39m: 	HTTP production server up and running on port 5000 !
2026-06-16 14:21:25 [32minfo[39m: 	Successfully connected to database mongodb://edgev3_app:edgev3_mongodb_pass@mongodb:27017/edgev3?authSource=admin
2026-06-16 14:21:25 [32minfo[39m: 	HTTP production server up and running on port 5000 !
2026-06-16 14:21:50 [32minfo[39m: 	Successfully connected to database mongodb://edgev3_app:edgev3_mongodb_pass@mongodb:27017/edgev3?authSource=admin
2026-06-16 14:21:50 [32minfo[39m: 	HTTP production server up and running on port 5000 !
2026-06-16 14:21:52 [32minfo[39m: 	Successfully connected to database mongodb://edgev3_app:edgev3_mongodb_pass@mongodb:27017/edgev3?authSource=admin
2026-06-16 14:21:52 [32minfo[39m: 	HTTP CRON server up and running on port 5555 !
2026-06-16 14:21:52 [32minfo[39m: 	Successfully connected to database mongodb://edgev3_app:edgev3_mongodb_pass@mongodb:27017/edgev3?authSource=admin
2026-06-16 14:21:52 [32minfo[39m: 	HTTP production server up and running on port 5000 !
2026-06-16 14:21:54 [32minfo[39m: 	Successfully connected to database mongodb://edgev3_app:edgev3_mongodb_pass@mongodb:27017/edgev3?authSource=admin
2026-06-16 14:21:54 [32minfo[39m: 	HTTP production server up and running on port 5000 !
2026-06-16 14:21:55 [32minfo[39m: 	Successfully connected to database mongodb://edgev3_app:edgev3_mongodb_pass@mongodb:27017/edgev3?authSource=admin
2026-06-16 14:21:55 [32minfo[39m: 	HTTP production server up and running on port 5000 !
2026-06-16 14:22:10 [31merror[39m: 	localMonitor failed:MongooseError: Operation `jobs.find()` buffering timed out after 10000ms
2026-06-16 14:22:10 [31merror[39m: 	localJobMonitor failed:MongooseError: Operation `jobs.find()` buffering timed out after 10000ms
2026-06-16 14:22:10 [31merror[39m: 	nextflowJobMonitor failed:MongooseError: Operation `jobs.find()` buffering timed out after 10000ms
2026-06-16 14:22:10 [31merror[39m: 	nextflowWorkflowMonitor failed:MongooseError: Operation `jobs.find()` buffering timed out after 10000ms
2026-06-16 14:22:10 [31merror[39m: 	projectRerunMonitor failed:MongooseError: Operation `projects.find()` buffering timed out after 10000ms 
2026-06-16 14:22:10 [31merror[39m: 	bulkSubmissionRerunMonitor failed:MongooseError: Operation `bulksubmissions.find()` buffering timed out after 10000ms 
2026-06-16 14:22:20 [32minfo[39m: 	Successfully connected to database mongodb://edgev3_app:edgev3_mongodb_pass@mongodb:27017/edgev3?authSource=admin
2026-06-16 14:22:20 [32minfo[39m: 	HTTP production server up and running on port 5000 !
2026-06-16 14:22:22 [32minfo[39m: 	Successfully connected to database mongodb://edgev3_app:edgev3_mongodb_pass@mongodb:27017/edgev3?authSource=admin
2026-06-16 14:22:22 [32minfo[39m: 	HTTP production server up and running on port 5000 !
2026-06-16 14:22:23 [32minfo[39m: 	Successfully connected to database mongodb://edgev3_app:edgev3_mongodb_pass@mongodb:27017/edgev3?authSource=admin
2026-06-16 14:22:23 [32minfo[39m: 	HTTP production server up and running on port 5000 !
2026-06-16 14:22:25 [32minfo[39m: 	Successfully connected to database mongodb://edgev3_app:edgev3_mongodb_pass@mongodb:27017/edgev3?authSource=admin
2026-06-16 14:22:25 [32minfo[39m: 	HTTP production server up and running on port 5000 !
2026-06-16 14:22:50 [32minfo[39m: 	Successfully connected to database mongodb://edgev3_app:edgev3_mongodb_pass@mongodb:27017/edgev3?authSource=admin
2026-06-16 14:22:50 [32minfo[39m: 	HTTP production server up and running on port 5000 !
2026-06-16 14:22:52 [32minfo[39m: 	Successfully connected to database mongodb://edgev3_app:edgev3_mongodb_pass@mongodb:27017/edgev3?authSource=admin
2026-06-16 14:22:52 [32minfo[39m: 	HTTP CRON server up and running on port 5555 !
2026-06-16 14:22:52 [32minfo[39m: 	Successfully connected to database mongodb://edgev3_app:edgev3_mongodb_pass@mongodb:27017/edgev3?authSource=admin
2026-06-16 14:22:52 [32minfo[39m: 	HTTP production server up and running on port 5000 !
2026-06-16 14:22:54 [32minfo[39m: 	Successfully connected to database mongodb://edgev3_app:edgev3_mongodb_pass@mongodb:27017/edgev3?authSource=admin
2026-06-16 14:22:54 [32minfo[39m: 	HTTP production server up and running on port 5000 !
2026-06-16 14:22:55 [32minfo[39m: 	Successfully connected to database mongodb://edgev3_app:edgev3_mongodb_pass@mongodb:27017/edgev3?authSource=admin
2026-06-16 14:22:55 [32minfo[39m: 	HTTP production server up and running on port 5000 !
2026-06-16 14:23:10 [31merror[39m: 	projectRerunMonitor failed:MongooseError: Operation `projects.find()` buffering timed out after 10000ms 
2026-06-16 14:23:10 [31merror[39m: 	bulkSubmissionRerunMonitor failed:MongooseError: Operation `bulksubmissions.find()` buffering timed out after 10000ms 
2026-06-16 14:23:20 [32minfo[39m: 	Successfully connected to database mongodb://edgev3_app:edgev3_mongodb_pass@mongodb:27017/edgev3?authSource=admin
2026-06-16 14:23:20 [32minfo[39m: 	HTTP production server up and running on port 5000 !
2026-06-16 14:23:22 [32minfo[39m: 	Successfully connected to database mongodb://edgev3_app:edgev3_mongodb_pass@mongodb:27017/edgev3?authSource=admin
2026-06-16 14:23:22 [32minfo[39m: 	HTTP CRON server up and running on port 5555 !
2026-06-16 14:23:22 [32minfo[39m: 	Successfully connected to database mongodb://edgev3_app:edgev3_mongodb_pass@mongodb:27017/edgev3?authSource=admin
2026-06-16 14:23:22 [32minfo[39m: 	HTTP production server up and running on port 5000 !
2026-06-16 14:23:24 [32minfo[39m: 	Successfully connected to database mongodb://edgev3_app:edgev3_mongodb_pass@mongodb:27017/edgev3?authSource=admin
2026-06-16 14:23:24 [32minfo[39m: 	HTTP production server up and running on port 5000 !
2026-06-16 14:23:25 [32minfo[39m: 	Successfully connected to database mongodb://edgev3_app:edgev3_mongodb_pass@mongodb:27017/edgev3?authSource=admin
2026-06-16 14:23:25 [32minfo[39m: 	HTTP production server up and running on port 5000 !
2026-06-16 14:23:50 [32minfo[39m: 	Successfully connected to database mongodb://edgev3_app:edgev3_mongodb_pass@mongodb:27017/edgev3?authSource=admin
2026-06-16 14:23:50 [32minfo[39m: 	HTTP production server up and running on port 5000 !
2026-06-16 14:23:52 [32minfo[39m: 	Successfully connected to database mongodb://edgev3_app:edgev3_mongodb_pass@mongodb:27017/edgev3?authSource=admin
2026-06-16 14:23:52 [32minfo[39m: 	HTTP CRON server up and running on port 5555 !
2026-06-16 14:23:52 [32minfo[39m: 	Successfully connected to database mongodb://edgev3_app:edgev3_mongodb_pass@mongodb:27017/edgev3?authSource=admin
2026-06-16 14:23:52 [32minfo[39m: 	HTTP production server up and running on port 5000 !
2026-06-16 14:23:54 [32minfo[39m: 	Successfully connected to database mongodb://edgev3_app:edgev3_mongodb_pass@mongodb:27017/edgev3?authSource=admin
2026-06-16 14:23:54 [32minfo[39m: 	HTTP production server up and running on port 5000 !
2026-06-16 14:23:55 [32minfo[39m: 	Successfully connected to database mongodb://edgev3_app:edgev3_mongodb_pass@mongodb:27017/edgev3?authSource=admin
2026-06-16 14:23:55 [32minfo[39m: 	HTTP production server up and running on port 5000 !
2026-06-16 14:24:10 [31merror[39m: 	localMonitor failed:MongooseError: Operation `jobs.find()` buffering timed out after 10000ms
2026-06-16 14:24:10 [31merror[39m: 	localJobMonitor failed:MongooseError: Operation `jobs.find()` buffering timed out after 10000ms
2026-06-16 14:24:10 [31merror[39m: 	nextflowJobMonitor failed:MongooseError: Operation `jobs.find()` buffering timed out after 10000ms
2026-06-16 14:24:10 [31merror[39m: 	nextflowWorkflowMonitor failed:MongooseError: Operation `jobs.find()` buffering timed out after 10000ms
2026-06-16 14:24:10 [31merror[39m: 	projectRerunMonitor failed:MongooseError: Operation `projects.find()` buffering timed out after 10000ms 
2026-06-16 14:24:10 [31merror[39m: 	Operation `bulksubmissions.find()` buffering timed out after 10000ms
2026-06-16 14:24:10 [31merror[39m: 	bulkSubmissionRerunMonitor failed:MongooseError: Operation `bulksubmissions.find()` buffering timed out after 10000ms 
2026-06-16 14:24:20 [32minfo[39m: 	Successfully connected to database mongodb://edgev3_app:edgev3_mongodb_pass@mongodb:27017/edgev3?authSource=admin
2026-06-16 14:24:20 [32minfo[39m: 	HTTP production server up and running on port 5000 !
2026-06-16 14:24:22 [32minfo[39m: 	Successfully connected to database mongodb://edgev3_app:edgev3_mongodb_pass@mongodb:27017/edgev3?authSource=admin
2026-06-16 14:24:22 [32minfo[39m: 	HTTP CRON server up and running on port 5555 !
2026-06-16 14:24:22 [32minfo[39m: 	Successfully connected to database mongodb://edgev3_app:edgev3_mongodb_pass@mongodb:27017/edgev3?authSource=admin
2026-06-16 14:24:22 [32minfo[39m: 	HTTP production server up and running on port 5000 !
2026-06-16 14:24:24 [32minfo[39m: 	Successfully connected to database mongodb://edgev3_app:edgev3_mongodb_pass@mongodb:27017/edgev3?authSource=admin
2026-06-16 14:24:24 [32minfo[39m: 	HTTP production server up and running on port 5000 !
2026-06-16 14:24:25 [32minfo[39m: 	Successfully connected to database mongodb://edgev3_app:edgev3_mongodb_pass@mongodb:27017/edgev3?authSource=admin
2026-06-16 14:24:25 [32minfo[39m: 	HTTP production server up and running on port 5000 !
2026-06-16 14:24:50 [32minfo[39m: 	Successfully connected to database mongodb://edgev3_app:edgev3_mongodb_pass@mongodb:27017/edgev3?authSource=admin
2026-06-16 14:24:50 [32minfo[39m: 	HTTP production server up and running on port 5000 !
2026-06-16 14:24:52 [32minfo[39m: 	Successfully connected to database mongodb://edgev3_app:edgev3_mongodb_pass@mongodb:27017/edgev3?authSource=admin
2026-06-16 14:24:52 [32minfo[39m: 	HTTP CRON server up and running on port 5555 !
2026-06-16 14:24:52 [32minfo[39m: 	Successfully connected to database mongodb://edgev3_app:edgev3_mongodb_pass@mongodb:27017/edgev3?authSource=admin
2026-06-16 14:24:52 [32minfo[39m: 	HTTP production server up and running on port 5000 !
2026-06-16 14:24:54 [32minfo[39m: 	Successfully connected to database mongodb://edgev3_app:edgev3_mongodb_pass@mongodb:27017/edgev3?authSource=admin
2026-06-16 14:24:54 [32minfo[39m: 	HTTP production server up and running on port 5000 !
2026-06-16 14:24:55 [32minfo[39m: 	Successfully connected to database mongodb://edgev3_app:edgev3_mongodb_pass@mongodb:27017/edgev3?authSource=admin
2026-06-16 14:24:55 [32minfo[39m: 	HTTP production server up and running on port 5000 !
2026-06-16 14:25:10 [31merror[39m: 	projectRerunMonitor failed:MongooseError: Operation `projects.find()` buffering timed out after 10000ms 
2026-06-16 14:25:10 [31merror[39m: 	bulkSubmissionRerunMonitor failed:MongooseError: Operation `bulksubmissions.find()` buffering timed out after 10000ms 
2026-06-16 14:25:20 [32minfo[39m: 	Successfully connected to database mongodb://edgev3_app:edgev3_mongodb_pass@mongodb:27017/edgev3?authSource=admin
2026-06-16 14:25:20 [32minfo[39m: 	HTTP production server up and running on port 5000 !
2026-06-16 14:25:22 [32minfo[39m: 	Successfully connected to database mongodb://edgev3_app:edgev3_mongodb_pass@mongodb:27017/edgev3?authSource=admin
2026-06-16 14:25:22 [32minfo[39m: 	HTTP CRON server up and running on port 5555 !
2026-06-16 14:25:22 [32minfo[39m: 	Successfully connected to database mongodb://edgev3_app:edgev3_mongodb_pass@mongodb:27017/edgev3?authSource=admin
2026-06-16 14:25:22 [32minfo[39m: 	HTTP production server up and running on port 5000 !
2026-06-16 14:25:24 [32minfo[39m: 	Successfully connected to database mongodb://edgev3_app:edgev3_mongodb_pass@mongodb:27017/edgev3?authSource=admin
2026-06-16 14:25:24 [32minfo[39m: 	HTTP production server up and running on port 5000 !
2026-06-16 14:25:25 [32minfo[39m: 	Successfully connected to database mongodb://edgev3_app:edgev3_mongodb_pass@mongodb:27017/edgev3?authSource=admin
2026-06-16 14:25:25 [32minfo[39m: 	HTTP production server up and running on port 5000 !
2026-06-16 14:25:50 [32minfo[39m: 	Successfully connected to database mongodb://edgev3_app:edgev3_mongodb_pass@mongodb:27017/edgev3?authSource=admin
2026-06-16 14:25:50 [32minfo[39m: 	HTTP production server up and running on port 5000 !
2026-06-16 14:25:52 [32minfo[39m: 	Successfully connected to database mongodb://edgev3_app:edgev3_mongodb_pass@mongodb:27017/edgev3?authSource=admin
2026-06-16 14:25:52 [32minfo[39m: 	HTTP CRON server up and running on port 5555 !
2026-06-16 14:25:52 [32minfo[39m: 	Successfully connected to database mongodb://edgev3_app:edgev3_mongodb_pass@mongodb:27017/edgev3?authSource=admin
2026-06-16 14:25:52 [32minfo[39m: 	HTTP production server up and running on port 5000 !
2026-06-16 14:25:54 [32minfo[39m: 	Successfully connected to database mongodb://edgev3_app:edgev3_mongodb_pass@mongodb:27017/edgev3?authSource=admin
2026-06-16 14:25:54 [32minfo[39m: 	HTTP production server up and running on port 5000 !
2026-06-16 14:25:55 [32minfo[39m: 	Successfully connected to database mongodb://edgev3_app:edgev3_mongodb_pass@mongodb:27017/edgev3?authSource=admin
2026-06-16 14:25:55 [32minfo[39m: 	HTTP production server up and running on port 5000 !
2026-06-16 14:26:10 [31merror[39m: 	localMonitor failed:MongooseError: Operation `jobs.find()` buffering timed out after 10000ms
2026-06-16 14:26:10 [31merror[39m: 	localJobMonitor failed:MongooseError: Operation `jobs.find()` buffering timed out after 10000ms
2026-06-16 14:26:10 [31merror[39m: 	nextflowJobMonitor failed:MongooseError: Operation `jobs.find()` buffering timed out after 10000ms
2026-06-16 14:26:10 [31merror[39m: 	nextflowWorkflowMonitor failed:MongooseError: Operation `jobs.find()` buffering timed out after 10000ms
2026-06-16 14:26:10 [31merror[39m: 	projectRerunMonitor failed:MongooseError: Operation `projects.find()` buffering timed out after 10000ms 
2026-06-16 14:26:10 [31merror[39m: 	bulkSubmissionRerunMonitor failed:MongooseError: Operation `bulksubmissions.find()` buffering timed out after 10000ms 
2026-06-16 14:26:20 [32minfo[39m: 	Successfully connected to database mongodb://edgev3_app:edgev3_mongodb_pass@mongodb:27017/edgev3?authSource=admin
2026-06-16 14:26:20 [32minfo[39m: 	HTTP production server up and running on port 5000 !
2026-06-16 14:26:22 [32minfo[39m: 	Successfully connected to database mongodb://edgev3_app:edgev3_mongodb_pass@mongodb:27017/edgev3?authSource=admin
2026-06-16 14:26:22 [32minfo[39m: 	HTTP CRON server up and running on port 5555 !
2026-06-16 14:26:22 [32minfo[39m: 	Successfully connected to database mongodb://edgev3_app:edgev3_mongodb_pass@mongodb:27017/edgev3?authSource=admin
2026-06-16 14:26:22 [32minfo[39m: 	HTTP production server up and running on port 5000 !
2026-06-16 14:26:24 [32minfo[39m: 	Successfully connected to database mongodb://edgev3_app:edgev3_mongodb_pass@mongodb:27017/edgev3?authSource=admin
2026-06-16 14:26:24 [32minfo[39m: 	HTTP production server up and running on port 5000 !
2026-06-16 14:26:25 [32minfo[39m: 	Successfully connected to database mongodb://edgev3_app:edgev3_mongodb_pass@mongodb:27017/edgev3?authSource=admin
2026-06-16 14:26:25 [32minfo[39m: 	HTTP production server up and running on port 5000 !
2026-06-16 14:26:50 [32minfo[39m: 	Successfully connected to database mongodb://edgev3_app:edgev3_mongodb_pass@mongodb:27017/edgev3?authSource=admin
2026-06-16 14:26:50 [32minfo[39m: 	HTTP production server up and running on port 5000 !
2026-06-16 14:26:52 [32minfo[39m: 	Successfully connected to database mongodb://edgev3_app:edgev3_mongodb_pass@mongodb:27017/edgev3?authSource=admin
2026-06-16 14:26:52 [32minfo[39m: 	HTTP CRON server up and running on port 5555 !
2026-06-16 14:26:52 [32minfo[39m: 	Successfully connected to database mongodb://edgev3_app:edgev3_mongodb_pass@mongodb:27017/edgev3?authSource=admin
2026-06-16 14:26:52 [32minfo[39m: 	HTTP production server up and running on port 5000 !
2026-06-16 14:26:54 [32minfo[39m: 	Successfully connected to database mongodb://edgev3_app:edgev3_mongodb_pass@mongodb:27017/edgev3?authSource=admin
2026-06-16 14:26:54 [32minfo[39m: 	HTTP production server up and running on port 5000 !
2026-06-16 14:26:55 [32minfo[39m: 	Successfully connected to database mongodb://edgev3_app:edgev3_mongodb_pass@mongodb:27017/edgev3?authSource=admin
2026-06-16 14:26:55 [32minfo[39m: 	HTTP production server up and running on port 5000 !
2026-06-16 14:27:10 [31merror[39m: 	projectRerunMonitor failed:MongooseError: Operation `projects.find()` buffering timed out after 10000ms 
2026-06-16 14:27:10 [31merror[39m: 	Operation `bulksubmissions.find()` buffering timed out after 10000ms
2026-06-16 14:27:10 [31merror[39m: 	bulkSubmissionRerunMonitor failed:MongooseError: Operation `bulksubmissions.find()` buffering timed out after 10000ms 
2026-06-16 14:27:20 [32minfo[39m: 	Successfully connected to database mongodb://edgev3_app:edgev3_mongodb_pass@mongodb:27017/edgev3?authSource=admin
2026-06-16 14:27:20 [32minfo[39m: 	HTTP production server up and running on port 5000 !
2026-06-16 14:27:22 [32minfo[39m: 	Successfully connected to database mongodb://edgev3_app:edgev3_mongodb_pass@mongodb:27017/edgev3?authSource=admin
2026-06-16 14:27:22 [32minfo[39m: 	HTTP CRON server up and running on port 5555 !
2026-06-16 14:27:22 [32minfo[39m: 	Successfully connected to database mongodb://edgev3_app:edgev3_mongodb_pass@mongodb:27017/edgev3?authSource=admin
2026-06-16 14:27:22 [32minfo[39m: 	HTTP production server up and running on port 5000 !
2026-06-16 14:27:24 [32minfo[39m: 	Successfully connected to database mongodb://edgev3_app:edgev3_mongodb_pass@mongodb:27017/edgev3?authSource=admin
2026-06-16 14:27:24 [32minfo[39m: 	HTTP production server up and running on port 5000 !
2026-06-16 14:27:25 [32minfo[39m: 	Successfully connected to database mongodb://edgev3_app:edgev3_mongodb_pass@mongodb:27017/edgev3?authSource=admin
2026-06-16 14:27:25 [32minfo[39m: 	HTTP production server up and running on port 5000 !
2026-06-16 14:27:50 [32minfo[39m: 	Successfully connected to database mongodb://edgev3_app:edgev3_mongodb_pass@mongodb:27017/edgev3?authSource=admin
2026-06-16 14:27:50 [32minfo[39m: 	HTTP production server up and running on port 5000 !
2026-06-16 14:27:52 [32minfo[39m: 	Successfully connected to database mongodb://edgev3_app:edgev3_mongodb_pass@mongodb:27017/edgev3?authSource=admin
2026-06-16 14:27:52 [32minfo[39m: 	HTTP CRON server up and running on port 5555 !
2026-06-16 14:27:52 [32minfo[39m: 	Successfully connected to database mongodb://edgev3_app:edgev3_mongodb_pass@mongodb:27017/edgev3?authSource=admin
2026-06-16 14:27:52 [32minfo[39m: 	HTTP production server up and running on port 5000 !
2026-06-16 14:27:54 [32minfo[39m: 	Successfully connected to database mongodb://edgev3_app:edgev3_mongodb_pass@mongodb:27017/edgev3?authSource=admin
2026-06-16 14:27:54 [32minfo[39m: 	HTTP production server up and running on port 5000 !
2026-06-16 14:27:55 [32minfo[39m: 	Successfully connected to database mongodb://edgev3_app:edgev3_mongodb_pass@mongodb:27017/edgev3?authSource=admin
2026-06-16 14:27:55 [32minfo[39m: 	HTTP production server up and running on port 5000 !
2026-06-16 14:28:10 [31merror[39m: 	localMonitor failed:MongooseError: Operation `jobs.find()` buffering timed out after 10000ms
2026-06-16 14:28:10 [31merror[39m: 	localJobMonitor failed:MongooseError: Operation `jobs.find()` buffering timed out after 10000ms
2026-06-16 14:28:10 [31merror[39m: 	nextflowJobMonitor failed:MongooseError: Operation `jobs.find()` buffering timed out after 10000ms
2026-06-16 14:28:10 [31merror[39m: 	nextflowWorkflowMonitor failed:MongooseError: Operation `jobs.find()` buffering timed out after 10000ms
2026-06-16 14:28:10 [31merror[39m: 	projectRerunMonitor failed:MongooseError: Operation `projects.find()` buffering timed out after 10000ms 
2026-06-16 14:28:10 [31merror[39m: 	bulkSubmissionRerunMonitor failed:MongooseError: Operation `bulksubmissions.find()` buffering timed out after 10000ms 
2026-06-16 14:28:21 [32minfo[39m: 	Successfully connected to database mongodb://edgev3_app:edgev3_mongodb_pass@mongodb:27017/edgev3?authSource=admin
2026-06-16 14:28:21 [32minfo[39m: 	HTTP production server up and running on port 5000 !
2026-06-16 14:28:22 [32minfo[39m: 	Successfully connected to database mongodb://edgev3_app:edgev3_mongodb_pass@mongodb:27017/edgev3?authSource=admin
2026-06-16 14:28:22 [32minfo[39m: 	HTTP CRON server up and running on port 5555 !
2026-06-16 14:28:22 [32minfo[39m: 	Successfully connected to database mongodb://edgev3_app:edgev3_mongodb_pass@mongodb:27017/edgev3?authSource=admin
2026-06-16 14:28:22 [32minfo[39m: 	HTTP production server up and running on port 5000 !
2026-06-16 14:28:24 [32minfo[39m: 	Successfully connected to database mongodb://edgev3_app:edgev3_mongodb_pass@mongodb:27017/edgev3?authSource=admin
2026-06-16 14:28:24 [32minfo[39m: 	HTTP production server up and running on port 5000 !
2026-06-16 14:28:25 [32minfo[39m: 	Successfully connected to database mongodb://edgev3_app:edgev3_mongodb_pass@mongodb:27017/edgev3?authSource=admin
2026-06-16 14:28:25 [32minfo[39m: 	HTTP production server up and running on port 5000 !
2026-06-16 14:28:50 [32minfo[39m: 	Successfully connected to database mongodb://edgev3_app:edgev3_mongodb_pass@mongodb:27017/edgev3?authSource=admin
2026-06-16 14:28:50 [32minfo[39m: 	HTTP production server up and running on port 5000 !
2026-06-16 14:28:52 [32minfo[39m: 	Successfully connected to database mongodb://edgev3_app:edgev3_mongodb_pass@mongodb:27017/edgev3?authSource=admin
2026-06-16 14:28:52 [32minfo[39m: 	HTTP CRON server up and running on port 5555 !
2026-06-16 14:28:52 [32minfo[39m: 	Successfully connected to database mongodb://edgev3_app:edgev3_mongodb_pass@mongodb:27017/edgev3?authSource=admin
2026-06-16 14:28:52 [32minfo[39m: 	HTTP production server up and running on port 5000 !
2026-06-16 14:28:54 [32minfo[39m: 	Successfully connected to database mongodb://edgev3_app:edgev3_mongodb_pass@mongodb:27017/edgev3?authSource=admin
2026-06-16 14:28:54 [32minfo[39m: 	HTTP production server up and running on port 5000 !
2026-06-16 14:28:55 [32minfo[39m: 	Successfully connected to database mongodb://edgev3_app:edgev3_mongodb_pass@mongodb:27017/edgev3?authSource=admin
2026-06-16 14:28:55 [32minfo[39m: 	HTTP production server up and running on port 5000 !
2026-06-16 14:29:10 [31merror[39m: 	projectRerunMonitor failed:MongooseError: Operation `projects.find()` buffering timed out after 10000ms 
2026-06-16 14:29:10 [31merror[39m: 	bulkSubmissionRerunMonitor failed:MongooseError: Operation `bulksubmissions.find()` buffering timed out after 10000ms 
2026-06-16 14:29:20 [32minfo[39m: 	Successfully connected to database mongodb://edgev3_app:edgev3_mongodb_pass@mongodb:27017/edgev3?authSource=admin
2026-06-16 14:29:20 [32minfo[39m: 	HTTP production server up and running on port 5000 !
2026-06-16 14:29:22 [32minfo[39m: 	Successfully connected to database mongodb://edgev3_app:edgev3_mongodb_pass@mongodb:27017/edgev3?authSource=admin
2026-06-16 14:29:22 [32minfo[39m: 	HTTP CRON server up and running on port 5555 !
2026-06-16 14:29:22 [32minfo[39m: 	Successfully connected to database mongodb://edgev3_app:edgev3_mongodb_pass@mongodb:27017/edgev3?authSource=admin
2026-06-16 14:29:22 [32minfo[39m: 	HTTP production server up and running on port 5000 !
2026-06-16 14:29:24 [32minfo[39m: 	Successfully connected to database mongodb://edgev3_app:edgev3_mongodb_pass@mongodb:27017/edgev3?authSource=admin
2026-06-16 14:29:24 [32minfo[39m: 	HTTP production server up and running on port 5000 !
2026-06-16 14:29:25 [32minfo[39m: 	Successfully connected to database mongodb://edgev3_app:edgev3_mongodb_pass@mongodb:27017/edgev3?authSource=admin
2026-06-16 14:29:25 [32minfo[39m: 	HTTP production server up and running on port 5000 !
2026-06-16 14:29:50 [32minfo[39m: 	Successfully connected to database mongodb://edgev3_app:edgev3_mongodb_pass@mongodb:27017/edgev3?authSource=admin
2026-06-16 14:29:50 [32minfo[39m: 	HTTP production server up and running on port 5000 !
2026-06-16 14:29:52 [32minfo[39m: 	Successfully connected to database mongodb://edgev3_app:edgev3_mongodb_pass@mongodb:27017/edgev3?authSource=admin
2026-06-16 14:29:52 [32minfo[39m: 	HTTP production server up and running on port 5000 !
2026-06-16 14:29:53 [32minfo[39m: 	Successfully connected to database mongodb://edgev3_app:edgev3_mongodb_pass@mongodb:27017/edgev3?authSource=admin
2026-06-16 14:29:53 [32minfo[39m: 	HTTP production server up and running on port 5000 !
2026-06-16 14:29:55 [32minfo[39m: 	Successfully connected to database mongodb://edgev3_app:edgev3_mongodb_pass@mongodb:27017/edgev3?authSource=admin
2026-06-16 14:29:55 [32minfo[39m: 	HTTP production server up and running on port 5000 !
2026-06-16 14:30:10 [31merror[39m: 	localMonitor failed:MongooseError: Operation `jobs.find()` buffering timed out after 10000ms
2026-06-16 14:30:10 [31merror[39m: 	localJobMonitor failed:MongooseError: Operation `jobs.find()` buffering timed out after 10000ms
2026-06-16 14:30:10 [31merror[39m: 	nextflowJobMonitor failed:MongooseError: Operation `jobs.find()` buffering timed out after 10000ms
2026-06-16 14:30:10 [31merror[39m: 	nextflowWorkflowMonitor failed:MongooseError: Operation `jobs.find()` buffering timed out after 10000ms
2026-06-16 14:30:10 [31merror[39m: 	projectRerunMonitor failed:MongooseError: Operation `projects.find()` buffering timed out after 10000ms 
2026-06-16 14:30:10 [31merror[39m: 	Operation `bulksubmissions.find()` buffering timed out after 10000ms
2026-06-16 14:30:10 [31merror[39m: 	bulkSubmissionRerunMonitor failed:MongooseError: Operation `bulksubmissions.find()` buffering timed out after 10000ms 
2026-06-16 14:30:21 [32minfo[39m: 	Successfully connected to database mongodb://edgev3_app:edgev3_mongodb_pass@mongodb:27017/edgev3?authSource=admin
2026-06-16 14:30:21 [32minfo[39m: 	HTTP production server up and running on port 5000 !
2026-06-16 14:30:23 [32minfo[39m: 	Successfully connected to database mongodb://edgev3_app:edgev3_mongodb_pass@mongodb:27017/edgev3?authSource=admin
2026-06-16 14:30:23 [32minfo[39m: 	HTTP CRON server up and running on port 5555 !
2026-06-16 14:30:23 [32minfo[39m: 	Successfully connected to database mongodb://edgev3_app:edgev3_mongodb_pass@mongodb:27017/edgev3?authSource=admin
2026-06-16 14:30:23 [32minfo[39m: 	HTTP production server up and running on port 5000 !
2026-06-16 14:30:25 [32minfo[39m: 	Successfully connected to database mongodb://edgev3_app:edgev3_mongodb_pass@mongodb:27017/edgev3?authSource=admin
2026-06-16 14:30:25 [32minfo[39m: 	HTTP production server up and running on port 5000 !
2026-06-16 14:30:26 [32minfo[39m: 	Successfully connected to database mongodb://edgev3_app:edgev3_mongodb_pass@mongodb:27017/edgev3?authSource=admin
2026-06-16 14:30:26 [32minfo[39m: 	HTTP production server up and running on port 5000 !
2026-06-16 14:30:50 [32minfo[39m: 	Successfully connected to database mongodb://edgev3_app:edgev3_mongodb_pass@mongodb:27017/edgev3?authSource=admin
2026-06-16 14:30:51 [32minfo[39m: 	HTTP production server up and running on port 5000 !
2026-06-16 14:30:52 [32minfo[39m: 	Successfully connected to database mongodb://edgev3_app:edgev3_mongodb_pass@mongodb:27017/edgev3?authSource=admin
2026-06-16 14:30:52 [32minfo[39m: 	HTTP production server up and running on port 5000 !
2026-06-16 14:30:54 [32minfo[39m: 	Successfully connected to database mongodb://edgev3_app:edgev3_mongodb_pass@mongodb:27017/edgev3?authSource=admin
2026-06-16 14:30:54 [32minfo[39m: 	HTTP production server up and running on port 5000 !
2026-06-16 14:30:55 [32minfo[39m: 	Successfully connected to database mongodb://edgev3_app:edgev3_mongodb_pass@mongodb:27017/edgev3?authSource=admin
2026-06-16 14:30:55 [32minfo[39m: 	HTTP production server up and running on port 5000 !
2026-06-16 14:31:10 [31merror[39m: 	projectRerunMonitor failed:MongooseError: Operation `projects.find()` buffering timed out after 10000ms 
2026-06-16 14:31:10 [31merror[39m: 	bulkSubmissionRerunMonitor failed:MongooseError: Operation `bulksubmissions.find()` buffering timed out after 10000ms 
2026-06-16 14:31:21 [32minfo[39m: 	Successfully connected to database mongodb://edgev3_app:edgev3_mongodb_pass@mongodb:27017/edgev3?authSource=admin
2026-06-16 14:31:21 [32minfo[39m: 	HTTP production server up and running on port 5000 !
2026-06-16 14:31:22 [32minfo[39m: 	Successfully connected to database mongodb://edgev3_app:edgev3_mongodb_pass@mongodb:27017/edgev3?authSource=admin
2026-06-16 14:31:22 [32minfo[39m: 	HTTP CRON server up and running on port 5555 !
2026-06-16 14:31:22 [32minfo[39m: 	Successfully connected to database mongodb://edgev3_app:edgev3_mongodb_pass@mongodb:27017/edgev3?authSource=admin
2026-06-16 14:31:22 [32minfo[39m: 	HTTP production server up and running on port 5000 !
2026-06-16 14:31:24 [32minfo[39m: 	Successfully connected to database mongodb://edgev3_app:edgev3_mongodb_pass@mongodb:27017/edgev3?authSource=admin
2026-06-16 14:31:24 [32minfo[39m: 	HTTP production server up and running on port 5000 !
2026-06-16 14:31:26 [32minfo[39m: 	Successfully connected to database mongodb://edgev3_app:edgev3_mongodb_pass@mongodb:27017/edgev3?authSource=admin
2026-06-16 14:31:26 [32minfo[39m: 	HTTP production server up and running on port 5000 !
2026-06-16 14:31:51 [32minfo[39m: 	Successfully connected to database mongodb://edgev3_app:edgev3_mongodb_pass@mongodb:27017/edgev3?authSource=admin
2026-06-16 14:31:51 [32minfo[39m: 	HTTP production server up and running on port 5000 !
2026-06-16 14:31:52 [32minfo[39m: 	Successfully connected to database mongodb://edgev3_app:edgev3_mongodb_pass@mongodb:27017/edgev3?authSource=admin
2026-06-16 14:31:52 [32minfo[39m: 	HTTP production server up and running on port 5000 !
2026-06-16 14:31:54 [32minfo[39m: 	Successfully connected to database mongodb://edgev3_app:edgev3_mongodb_pass@mongodb:27017/edgev3?authSource=admin
2026-06-16 14:31:54 [32minfo[39m: 	HTTP production server up and running on port 5000 !
2026-06-16 14:31:56 [32minfo[39m: 	Successfully connected to database mongodb://edgev3_app:edgev3_mongodb_pass@mongodb:27017/edgev3?authSource=admin
2026-06-16 14:31:56 [32minfo[39m: 	HTTP production server up and running on port 5000 !
2026-06-16 14:32:10 [31merror[39m: 	localMonitor failed:MongooseError: Operation `jobs.find()` buffering timed out after 10000ms
2026-06-16 14:32:10 [31merror[39m: 	localJobMonitor failed:MongooseError: Operation `jobs.find()` buffering timed out after 10000ms
2026-06-16 14:32:10 [31merror[39m: 	nextflowJobMonitor failed:MongooseError: Operation `jobs.find()` buffering timed out after 10000ms
2026-06-16 14:32:10 [31merror[39m: 	nextflowWorkflowMonitor failed:MongooseError: Operation `jobs.find()` buffering timed out after 10000ms
2026-06-16 14:32:10 [31merror[39m: 	projectRerunMonitor failed:MongooseError: Operation `projects.find()` buffering timed out after 10000ms 
2026-06-16 14:32:10 [31merror[39m: 	bulkSubmissionRerunMonitor failed:MongooseError: Operation `bulksubmissions.find()` buffering timed out after 10000ms 
2026-06-16 14:32:21 [32minfo[39m: 	Successfully connected to database mongodb://edgev3_app:edgev3_mongodb_pass@mongodb:27017/edgev3?authSource=admin
2026-06-16 14:32:21 [32minfo[39m: 	HTTP production server up and running on port 5000 !
2026-06-16 14:32:22 [32minfo[39m: 	Successfully connected to database mongodb://edgev3_app:edgev3_mongodb_pass@mongodb:27017/edgev3?authSource=admin
2026-06-16 14:32:22 [32minfo[39m: 	HTTP production server up and running on port 5000 !
2026-06-16 14:32:24 [32minfo[39m: 	Successfully connected to database mongodb://edgev3_app:edgev3_mongodb_pass@mongodb:27017/edgev3?authSource=admin
2026-06-16 14:32:24 [32minfo[39m: 	HTTP production server up and running on port 5000 !
2026-06-16 14:32:25 [32minfo[39m: 	Successfully connected to database mongodb://edgev3_app:edgev3_mongodb_pass@mongodb:27017/edgev3?authSource=admin
2026-06-16 14:32:26 [32minfo[39m: 	HTTP production server up and running on port 5000 !
2026-06-16 14:32:51 [32minfo[39m: 	Successfully connected to database mongodb://edgev3_app:edgev3_mongodb_pass@mongodb:27017/edgev3?authSource=admin
2026-06-16 14:32:51 [32minfo[39m: 	HTTP production server up and running on port 5000 !
2026-06-16 14:32:52 [32minfo[39m: 	Successfully connected to database mongodb://edgev3_app:edgev3_mongodb_pass@mongodb:27017/edgev3?authSource=admin
2026-06-16 14:32:52 [32minfo[39m: 	HTTP CRON server up and running on port 5555 !
2026-06-16 14:32:52 [32minfo[39m: 	Successfully connected to database mongodb://edgev3_app:edgev3_mongodb_pass@mongodb:27017/edgev3?authSource=admin
2026-06-16 14:32:52 [32minfo[39m: 	HTTP production server up and running on port 5000 !
2026-06-16 14:32:54 [32minfo[39m: 	Successfully connected to database mongodb://edgev3_app:edgev3_mongodb_pass@mongodb:27017/edgev3?authSource=admin
2026-06-16 14:32:54 [32minfo[39m: 	HTTP production server up and running on port 5000 !
2026-06-16 14:32:56 [32minfo[39m: 	Successfully connected to database mongodb://edgev3_app:edgev3_mongodb_pass@mongodb:27017/edgev3?authSource=admin
2026-06-16 14:32:56 [32minfo[39m: 	HTTP production server up and running on port 5000 !
2026-06-16 14:33:10 [31merror[39m: 	projectRerunMonitor failed:MongooseError: Operation `projects.find()` buffering timed out after 10000ms 
2026-06-16 14:33:10 [31merror[39m: 	Operation `bulksubmissions.find()` buffering timed out after 10000ms
2026-06-16 14:33:10 [31merror[39m: 	bulkSubmissionRerunMonitor failed:MongooseError: Operation `bulksubmissions.find()` buffering timed out after 10000ms 
2026-06-16 14:33:20 [32minfo[39m: 	Successfully connected to database mongodb://edgev3_app:edgev3_mongodb_pass@mongodb:27017/edgev3?authSource=admin
2026-06-16 14:33:20 [32minfo[39m: 	HTTP production server up and running on port 5000 !
2026-06-16 14:33:22 [32minfo[39m: 	Successfully connected to database mongodb://edgev3_app:edgev3_mongodb_pass@mongodb:27017/edgev3?authSource=admin
2026-06-16 14:33:22 [32minfo[39m: 	HTTP production server up and running on port 5000 !
2026-06-16 14:33:24 [32minfo[39m: 	Successfully connected to database mongodb://edgev3_app:edgev3_mongodb_pass@mongodb:27017/edgev3?authSource=admin
2026-06-16 14:33:24 [32minfo[39m: 	HTTP production server up and running on port 5000 !
2026-06-16 14:33:25 [32minfo[39m: 	Successfully connected to database mongodb://edgev3_app:edgev3_mongodb_pass@mongodb:27017/edgev3?authSource=admin
2026-06-16 14:33:25 [32minfo[39m: 	HTTP production server up and running on port 5000 !
2026-06-16 14:33:50 [32minfo[39m: 	Successfully connected to database mongodb://edgev3_app:edgev3_mongodb_pass@mongodb:27017/edgev3?authSource=admin
2026-06-16 14:33:50 [32minfo[39m: 	HTTP production server up and running on port 5000 !
2026-06-16 14:33:52 [32minfo[39m: 	Successfully connected to database mongodb://edgev3_app:edgev3_mongodb_pass@mongodb:27017/edgev3?authSource=admin
2026-06-16 14:33:52 [32minfo[39m: 	HTTP CRON server up and running on port 5555 !
2026-06-16 14:33:52 [32minfo[39m: 	Successfully connected to database mongodb://edgev3_app:edgev3_mongodb_pass@mongodb:27017/edgev3?authSource=admin
2026-06-16 14:33:52 [32minfo[39m: 	HTTP production server up and running on port 5000 !
2026-06-16 14:33:54 [32minfo[39m: 	Successfully connected to database mongodb://edgev3_app:edgev3_mongodb_pass@mongodb:27017/edgev3?authSource=admin
2026-06-16 14:33:54 [32minfo[39m: 	HTTP production server up and running on port 5000 !
2026-06-16 14:33:55 [32minfo[39m: 	Successfully connected to database mongodb://edgev3_app:edgev3_mongodb_pass@mongodb:27017/edgev3?authSource=admin
2026-06-16 14:33:55 [32minfo[39m: 	HTTP production server up and running on port 5000 !
2026-06-16 14:34:10 [31merror[39m: 	localMonitor failed:MongooseError: Operation `jobs.find()` buffering timed out after 10000ms
2026-06-16 14:34:10 [31merror[39m: 	localJobMonitor failed:MongooseError: Operation `jobs.find()` buffering timed out after 10000ms
2026-06-16 14:34:10 [31merror[39m: 	nextflowJobMonitor failed:MongooseError: Operation `jobs.find()` buffering timed out after 10000ms
2026-06-16 14:34:10 [31merror[39m: 	nextflowWorkflowMonitor failed:MongooseError: Operation `jobs.find()` buffering timed out after 10000ms
2026-06-16 14:34:10 [31merror[39m: 	projectRerunMonitor failed:MongooseError: Operation `projects.find()` buffering timed out after 10000ms 
2026-06-16 14:34:10 [31merror[39m: 	bulkSubmissionRerunMonitor failed:MongooseError: Operation `bulksubmissions.find()` buffering timed out after 10000ms 
2026-06-16 14:34:20 [32minfo[39m: 	Successfully connected to database mongodb://edgev3_app:edgev3_mongodb_pass@mongodb:27017/edgev3?authSource=admin
2026-06-16 14:34:20 [32minfo[39m: 	HTTP production server up and running on port 5000 !
2026-06-16 14:34:22 [32minfo[39m: 	Successfully connected to database mongodb://edgev3_app:edgev3_mongodb_pass@mongodb:27017/edgev3?authSource=admin
2026-06-16 14:34:22 [32minfo[39m: 	HTTP production server up and running on port 5000 !
2026-06-16 14:34:23 [32minfo[39m: 	Successfully connected to database mongodb://edgev3_app:edgev3_mongodb_pass@mongodb:27017/edgev3?authSource=admin
2026-06-16 14:34:24 [32minfo[39m: 	HTTP production server up and running on port 5000 !
2026-06-16 14:34:25 [32minfo[39m: 	Successfully connected to database mongodb://edgev3_app:edgev3_mongodb_pass@mongodb:27017/edgev3?authSource=admin
2026-06-16 14:34:25 [32minfo[39m: 	HTTP production server up and running on port 5000 !
2026-06-16 14:34:51 [32minfo[39m: 	Successfully connected to database mongodb://edgev3_app:edgev3_mongodb_pass@mongodb:27017/edgev3?authSource=admin
2026-06-16 14:34:51 [32minfo[39m: 	HTTP production server up and running on port 5000 !
2026-06-16 14:34:52 [32minfo[39m: 	Successfully connected to database mongodb://edgev3_app:edgev3_mongodb_pass@mongodb:27017/edgev3?authSource=admin
2026-06-16 14:34:52 [32minfo[39m: 	HTTP CRON server up and running on port 5555 !
2026-06-16 14:34:52 [32minfo[39m: 	Successfully connected to database mongodb://edgev3_app:edgev3_mongodb_pass@mongodb:27017/edgev3?authSource=admin
2026-06-16 14:34:52 [32minfo[39m: 	HTTP production server up and running on port 5000 !
2026-06-16 14:34:54 [32minfo[39m: 	Successfully connected to database mongodb://edgev3_app:edgev3_mongodb_pass@mongodb:27017/edgev3?authSource=admin
2026-06-16 14:34:54 [32minfo[39m: 	HTTP production server up and running on port 5000 !
2026-06-16 14:34:56 [32minfo[39m: 	Successfully connected to database mongodb://edgev3_app:edgev3_mongodb_pass@mongodb:27017/edgev3?authSource=admin
2026-06-16 14:34:56 [32minfo[39m: 	HTTP production server up and running on port 5000 !
2026-06-16 14:35:10 [31merror[39m: 	projectRerunMonitor failed:MongooseError: Operation `projects.find()` buffering timed out after 10000ms 
2026-06-16 14:35:10 [31merror[39m: 	bulkSubmissionRerunMonitor failed:MongooseError: Operation `bulksubmissions.find()` buffering timed out after 10000ms 
2026-06-16 14:35:21 [32minfo[39m: 	Successfully connected to database mongodb://edgev3_app:edgev3_mongodb_pass@mongodb:27017/edgev3?authSource=admin
2026-06-16 14:35:21 [32minfo[39m: 	HTTP production server up and running on port 5000 !
2026-06-16 14:35:22 [32minfo[39m: 	Successfully connected to database mongodb://edgev3_app:edgev3_mongodb_pass@mongodb:27017/edgev3?authSource=admin
2026-06-16 14:35:22 [32minfo[39m: 	HTTP production server up and running on port 5000 !
2026-06-16 14:35:24 [32minfo[39m: 	Successfully connected to database mongodb://edgev3_app:edgev3_mongodb_pass@mongodb:27017/edgev3?authSource=admin
2026-06-16 14:35:24 [32minfo[39m: 	HTTP production server up and running on port 5000 !
2026-06-16 14:35:26 [32minfo[39m: 	Successfully connected to database mongodb://edgev3_app:edgev3_mongodb_pass@mongodb:27017/edgev3?authSource=admin
2026-06-16 14:35:26 [32minfo[39m: 	HTTP production server up and running on port 5000 !
2026-06-16 14:35:38 [31merror[39m: 	Login failed: MongooseError: Operation `users.findOneAndUpdate()` buffering timed out after 10000ms
2026-06-16 14:35:41 [31merror[39m: 	Login failed: MongooseError: Operation `users.findOneAndUpdate()` buffering timed out after 10000ms
2026-06-16 14:35:50 [32minfo[39m: 	Successfully connected to database mongodb://edgev3_app:edgev3_mongodb_pass@mongodb:27017/edgev3?authSource=admin
2026-06-16 14:35:51 [32minfo[39m: 	HTTP production server up and running on port 5000 !
2026-06-16 14:35:51 [31merror[39m: 	Login failed: MongooseError: Operation `users.findOneAndUpdate()` buffering timed out after 10000ms
2026-06-16 14:35:52 [32minfo[39m: 	Successfully connected to database mongodb://edgev3_app:edgev3_mongodb_pass@mongodb:27017/edgev3?authSource=admin
2026-06-16 14:35:52 [32minfo[39m: 	HTTP CRON server up and running on port 5555 !
2026-06-16 14:35:52 [32minfo[39m: 	Successfully connected to database mongodb://edgev3_app:edgev3_mongodb_pass@mongodb:27017/edgev3?authSource=admin
2026-06-16 14:35:52 [32minfo[39m: 	HTTP production server up and running on port 5000 !
2026-06-16 14:35:53 [31merror[39m: 	Login failed: MongooseError: Operation `users.findOneAndUpdate()` buffering timed out after 10000ms
2026-06-16 14:35:54 [32minfo[39m: 	Successfully connected to database mongodb://edgev3_app:edgev3_mongodb_pass@mongodb:27017/edgev3?authSource=admin
2026-06-16 14:35:54 [32minfo[39m: 	HTTP production server up and running on port 5000 !
2026-06-16 14:35:55 [32minfo[39m: 	Successfully connected to database mongodb://edgev3_app:edgev3_mongodb_pass@mongodb:27017/edgev3?authSource=admin
2026-06-16 14:35:55 [32minfo[39m: 	HTTP production server up and running on port 5000 !
2026-06-16 14:36:10 [31merror[39m: 	localMonitor failed:MongooseError: Operation `jobs.find()` buffering timed out after 10000ms
2026-06-16 14:36:10 [31merror[39m: 	localJobMonitor failed:MongooseError: Operation `jobs.find()` buffering timed out after 10000ms
2026-06-16 14:36:10 [31merror[39m: 	nextflowJobMonitor failed:MongooseError: Operation `jobs.find()` buffering timed out after 10000ms
2026-06-16 14:36:10 [31merror[39m: 	nextflowWorkflowMonitor failed:MongooseError: Operation `jobs.find()` buffering timed out after 10000ms
2026-06-16 14:36:10 [31merror[39m: 	projectRerunMonitor failed:MongooseError: Operation `projects.find()` buffering timed out after 10000ms 
2026-06-16 14:36:10 [31merror[39m: 	Operation `bulksubmissions.find()` buffering timed out after 10000ms
2026-06-16 14:36:10 [31merror[39m: 	bulkSubmissionRerunMonitor failed:MongooseError: Operation `bulksubmissions.find()` buffering timed out after 10000ms 
2026-06-16 14:36:20 [32minfo[39m: 	Successfully connected to database mongodb://edgev3_app:edgev3_mongodb_pass@mongodb:27017/edgev3?authSource=admin
2026-06-16 14:36:21 [32minfo[39m: 	HTTP production server up and running on port 5000 !
2026-06-16 14:36:22 [32minfo[39m: 	Successfully connected to database mongodb://edgev3_app:edgev3_mongodb_pass@mongodb:27017/edgev3?authSource=admin
2026-06-16 14:36:22 [32minfo[39m: 	HTTP CRON server up and running on port 5555 !
2026-06-16 14:36:22 [32minfo[39m: 	Successfully connected to database mongodb://edgev3_app:edgev3_mongodb_pass@mongodb:27017/edgev3?authSource=admin
2026-06-16 14:36:22 [32minfo[39m: 	HTTP production server up and running on port 5000 !
2026-06-16 14:36:24 [32minfo[39m: 	Successfully connected to database mongodb://edgev3_app:edgev3_mongodb_pass@mongodb:27017/edgev3?authSource=admin
2026-06-16 14:36:24 [32minfo[39m: 	HTTP production server up and running on port 5000 !
2026-06-16 14:36:25 [32minfo[39m: 	Successfully connected to database mongodb://edgev3_app:edgev3_mongodb_pass@mongodb:27017/edgev3?authSource=admin
2026-06-16 14:36:25 [32minfo[39m: 	HTTP production server up and running on port 5000 !
2026-06-16 14:36:50 [32minfo[39m: 	Successfully connected to database mongodb://edgev3_app:edgev3_mongodb_pass@mongodb:27017/edgev3?authSource=admin
2026-06-16 14:36:51 [32minfo[39m: 	HTTP production server up and running on port 5000 !
2026-06-16 14:36:52 [32minfo[39m: 	Successfully connected to database mongodb://edgev3_app:edgev3_mongodb_pass@mongodb:27017/edgev3?authSource=admin
2026-06-16 14:36:52 [32minfo[39m: 	HTTP production server up and running on port 5000 !
2026-06-16 14:36:54 [32minfo[39m: 	Successfully connected to database mongodb://edgev3_app:edgev3_mongodb_pass@mongodb:27017/edgev3?authSource=admin
2026-06-16 14:36:54 [32minfo[39m: 	HTTP production server up and running on port 5000 !
2026-06-16 14:36:55 [32minfo[39m: 	Successfully connected to database mongodb://edgev3_app:edgev3_mongodb_pass@mongodb:27017/edgev3?authSource=admin
2026-06-16 14:36:55 [32minfo[39m: 	HTTP production server up and running on port 5000 !
2026-06-16 14:37:10 [31merror[39m: 	projectRerunMonitor failed:MongooseError: Operation `projects.find()` buffering timed out after 10000ms 
2026-06-16 14:37:10 [31merror[39m: 	bulkSubmissionRerunMonitor failed:MongooseError: Operation `bulksubmissions.find()` buffering timed out after 10000ms 
2026-06-16 14:37:21 [32minfo[39m: 	Successfully connected to database mongodb://edgev3_app:edgev3_mongodb_pass@mongodb:27017/edgev3?authSource=admin
2026-06-16 14:37:21 [32minfo[39m: 	HTTP production server up and running on port 5000 !
2026-06-16 14:37:22 [32minfo[39m: 	Successfully connected to database mongodb://edgev3_app:edgev3_mongodb_pass@mongodb:27017/edgev3?authSource=admin
2026-06-16 14:37:22 [32minfo[39m: 	HTTP CRON server up and running on port 5555 !
2026-06-16 14:37:22 [32minfo[39m: 	Successfully connected to database mongodb://edgev3_app:edgev3_mongodb_pass@mongodb:27017/edgev3?authSource=admin
2026-06-16 14:37:22 [32minfo[39m: 	HTTP production server up and running on port 5000 !
2026-06-16 14:37:24 [32minfo[39m: 	Successfully connected to database mongodb://edgev3_app:edgev3_mongodb_pass@mongodb:27017/edgev3?authSource=admin
2026-06-16 14:37:24 [32minfo[39m: 	HTTP production server up and running on port 5000 !
2026-06-16 14:37:26 [32minfo[39m: 	Successfully connected to database mongodb://edgev3_app:edgev3_mongodb_pass@mongodb:27017/edgev3?authSource=admin
2026-06-16 14:37:26 [32minfo[39m: 	HTTP production server up and running on port 5000 !
2026-06-16 14:37:51 [32minfo[39m: 	Successfully connected to database mongodb://edgev3_app:edgev3_mongodb_pass@mongodb:27017/edgev3?authSource=admin
2026-06-16 14:37:51 [32minfo[39m: 	HTTP production server up and running on port 5000 !
2026-06-16 14:37:52 [32minfo[39m: 	Successfully connected to database mongodb://edgev3_app:edgev3_mongodb_pass@mongodb:27017/edgev3?authSource=admin
2026-06-16 14:37:52 [32minfo[39m: 	HTTP production server up and running on port 5000 !
2026-06-16 14:37:54 [32minfo[39m: 	Successfully connected to database mongodb://edgev3_app:edgev3_mongodb_pass@mongodb:27017/edgev3?authSource=admin
2026-06-16 14:37:54 [32minfo[39m: 	HTTP production server up and running on port 5000 !
2026-06-16 14:37:55 [32minfo[39m: 	Successfully connected to database mongodb://edgev3_app:edgev3_mongodb_pass@mongodb:27017/edgev3?authSource=admin
2026-06-16 14:37:55 [32minfo[39m: 	HTTP production server up and running on port 5000 !
2026-06-16 14:38:10 [31merror[39m: 	localMonitor failed:MongooseError: Operation `jobs.find()` buffering timed out after 10000ms
2026-06-16 14:38:10 [31merror[39m: 	localJobMonitor failed:MongooseError: Operation `jobs.find()` buffering timed out after 10000ms
2026-06-16 14:38:10 [31merror[39m: 	nextflowJobMonitor failed:MongooseError: Operation `jobs.find()` buffering timed out after 10000ms
2026-06-16 14:38:10 [31merror[39m: 	nextflowWorkflowMonitor failed:MongooseError: Operation `jobs.find()` buffering timed out after 10000ms
2026-06-16 14:38:10 [31merror[39m: 	projectRerunMonitor failed:MongooseError: Operation `projects.find()` buffering timed out after 10000ms 
2026-06-16 14:38:10 [31merror[39m: 	bulkSubmissionRerunMonitor failed:MongooseError: Operation `bulksubmissions.find()` buffering timed out after 10000ms 
2026-06-16 14:38:21 [32minfo[39m: 	Successfully connected to database mongodb://edgev3_app:edgev3_mongodb_pass@mongodb:27017/edgev3?authSource=admin
2026-06-16 14:38:21 [32minfo[39m: 	HTTP production server up and running on port 5000 !
2026-06-16 14:38:22 [32minfo[39m: 	Successfully connected to database mongodb://edgev3_app:edgev3_mongodb_pass@mongodb:27017/edgev3?authSource=admin
2026-06-16 14:38:22 [32minfo[39m: 	HTTP production server up and running on port 5000 !
2026-06-16 14:38:24 [32minfo[39m: 	Successfully connected to database mongodb://edgev3_app:edgev3_mongodb_pass@mongodb:27017/edgev3?authSource=admin
2026-06-16 14:38:24 [32minfo[39m: 	HTTP production server up and running on port 5000 !
2026-06-16 14:38:26 [32minfo[39m: 	Successfully connected to database mongodb://edgev3_app:edgev3_mongodb_pass@mongodb:27017/edgev3?authSource=admin
2026-06-16 14:38:26 [32minfo[39m: 	HTTP production server up and running on port 5000 !
2026-06-16 14:38:51 [32minfo[39m: 	Successfully connected to database mongodb://edgev3_app:edgev3_mongodb_pass@mongodb:27017/edgev3?authSource=admin
2026-06-16 14:38:51 [32minfo[39m: 	HTTP production server up and running on port 5000 !
2026-06-16 14:38:52 [32minfo[39m: 	Successfully connected to database mongodb://edgev3_app:edgev3_mongodb_pass@mongodb:27017/edgev3?authSource=admin
2026-06-16 14:38:52 [32minfo[39m: 	HTTP CRON server up and running on port 5555 !
2026-06-16 14:38:53 [32minfo[39m: 	Successfully connected to database mongodb://edgev3_app:edgev3_mongodb_pass@mongodb:27017/edgev3?authSource=admin
2026-06-16 14:38:53 [32minfo[39m: 	HTTP production server up and running on port 5000 !
2026-06-16 14:38:54 [32minfo[39m: 	Successfully connected to database mongodb://edgev3_app:edgev3_mongodb_pass@mongodb:27017/edgev3?authSource=admin
2026-06-16 14:38:54 [32minfo[39m: 	HTTP production server up and running on port 5000 !
2026-06-16 14:38:56 [32minfo[39m: 	Successfully connected to database mongodb://edgev3_app:edgev3_mongodb_pass@mongodb:27017/edgev3?authSource=admin
2026-06-16 14:38:56 [32minfo[39m: 	HTTP production server up and running on port 5000 !
2026-06-16 14:39:10 [31merror[39m: 	projectRerunMonitor failed:MongooseError: Operation `projects.find()` buffering timed out after 10000ms 
2026-06-16 14:39:10 [31merror[39m: 	Operation `bulksubmissions.find()` buffering timed out after 10000ms
2026-06-16 14:39:10 [31merror[39m: 	bulkSubmissionRerunMonitor failed:MongooseError: Operation `bulksubmissions.find()` buffering timed out after 10000ms 
2026-06-16 14:39:21 [32minfo[39m: 	Successfully connected to database mongodb://edgev3_app:edgev3_mongodb_pass@mongodb:27017/edgev3?authSource=admin
2026-06-16 14:39:21 [32minfo[39m: 	HTTP production server up and running on port 5000 !
2026-06-16 14:39:22 [32minfo[39m: 	Successfully connected to database mongodb://edgev3_app:edgev3_mongodb_pass@mongodb:27017/edgev3?authSource=admin
2026-06-16 14:39:22 [32minfo[39m: 	HTTP CRON server up and running on port 5555 !
2026-06-16 14:39:22 [32minfo[39m: 	Successfully connected to database mongodb://edgev3_app:edgev3_mongodb_pass@mongodb:27017/edgev3?authSource=admin
2026-06-16 14:39:22 [32minfo[39m: 	HTTP production server up and running on port 5000 !
2026-06-16 14:39:24 [32minfo[39m: 	Successfully connected to database mongodb://edgev3_app:edgev3_mongodb_pass@mongodb:27017/edgev3?authSource=admin
2026-06-16 14:39:24 [32minfo[39m: 	HTTP production server up and running on port 5000 !
2026-06-16 14:39:26 [32minfo[39m: 	Successfully connected to database mongodb://edgev3_app:edgev3_mongodb_pass@mongodb:27017/edgev3?authSource=admin
2026-06-16 14:39:26 [32minfo[39m: 	HTTP production server up and running on port 5000 !
2026-06-16 14:39:51 [32minfo[39m: 	Successfully connected to database mongodb://edgev3_app:edgev3_mongodb_pass@mongodb:27017/edgev3?authSource=admin
2026-06-16 14:39:51 [32minfo[39m: 	HTTP production server up and running on port 5000 !
2026-06-16 14:39:52 [32minfo[39m: 	Successfully connected to database mongodb://edgev3_app:edgev3_mongodb_pass@mongodb:27017/edgev3?authSource=admin
2026-06-16 14:39:52 [32minfo[39m: 	HTTP CRON server up and running on port 5555 !
2026-06-16 14:39:53 [32minfo[39m: 	Successfully connected to database mongodb://edgev3_app:edgev3_mongodb_pass@mongodb:27017/edgev3?authSource=admin
2026-06-16 14:39:53 [32minfo[39m: 	HTTP production server up and running on port 5000 !
2026-06-16 14:39:54 [32minfo[39m: 	Successfully connected to database mongodb://edgev3_app:edgev3_mongodb_pass@mongodb:27017/edgev3?authSource=admin
2026-06-16 14:39:54 [32minfo[39m: 	HTTP production server up and running on port 5000 !
2026-06-16 14:39:56 [32minfo[39m: 	Successfully connected to database mongodb://edgev3_app:edgev3_mongodb_pass@mongodb:27017/edgev3?authSource=admin
2026-06-16 14:39:56 [32minfo[39m: 	HTTP production server up and running on port 5000 !
2026-06-16 14:40:10 [31merror[39m: 	localMonitor failed:MongooseError: Operation `jobs.find()` buffering timed out after 10000ms
2026-06-16 14:40:10 [31merror[39m: 	localJobMonitor failed:MongooseError: Operation `jobs.find()` buffering timed out after 10000ms
2026-06-16 14:40:10 [31merror[39m: 	nextflowJobMonitor failed:MongooseError: Operation `jobs.find()` buffering timed out after 10000ms
2026-06-16 14:40:10 [31merror[39m: 	nextflowWorkflowMonitor failed:MongooseError: Operation `jobs.find()` buffering timed out after 10000ms
2026-06-16 14:40:10 [31merror[39m: 	projectRerunMonitor failed:MongooseError: Operation `projects.find()` buffering timed out after 10000ms 
2026-06-16 14:40:10 [31merror[39m: 	bulkSubmissionRerunMonitor failed:MongooseError: Operation `bulksubmissions.find()` buffering timed out after 10000ms 
2026-06-16 14:40:21 [32minfo[39m: 	Successfully connected to database mongodb://edgev3_app:edgev3_mongodb_pass@mongodb:27017/edgev3?authSource=admin
2026-06-16 14:40:21 [32minfo[39m: 	HTTP production server up and running on port 5000 !
2026-06-16 14:40:22 [32minfo[39m: 	Successfully connected to database mongodb://edgev3_app:edgev3_mongodb_pass@mongodb:27017/edgev3?authSource=admin
2026-06-16 14:40:22 [32minfo[39m: 	HTTP production server up and running on port 5000 !
2026-06-16 14:40:24 [32minfo[39m: 	Successfully connected to database mongodb://edgev3_app:edgev3_mongodb_pass@mongodb:27017/edgev3?authSource=admin
2026-06-16 14:40:24 [32minfo[39m: 	HTTP production server up and running on port 5000 !
2026-06-16 14:40:25 [32minfo[39m: 	Successfully connected to database mongodb://edgev3_app:edgev3_mongodb_pass@mongodb:27017/edgev3?authSource=admin
2026-06-16 14:40:25 [32minfo[39m: 	HTTP production server up and running on port 5000 !
2026-06-16 14:40:51 [32minfo[39m: 	Successfully connected to database mongodb://edgev3_app:edgev3_mongodb_pass@mongodb:27017/edgev3?authSource=admin
2026-06-16 14:40:51 [32minfo[39m: 	HTTP production server up and running on port 5000 !
2026-06-16 14:40:52 [32minfo[39m: 	Successfully connected to database mongodb://edgev3_app:edgev3_mongodb_pass@mongodb:27017/edgev3?authSource=admin
2026-06-16 14:40:52 [32minfo[39m: 	HTTP CRON server up and running on port 5555 !
2026-06-16 14:40:52 [32minfo[39m: 	Successfully connected to database mongodb://edgev3_app:edgev3_mongodb_pass@mongodb:27017/edgev3?authSource=admin
2026-06-16 14:40:52 [32minfo[39m: 	HTTP production server up and running on port 5000 !
2026-06-16 14:40:54 [32minfo[39m: 	Successfully connected to database mongodb://edgev3_app:edgev3_mongodb_pass@mongodb:27017/edgev3?authSource=admin
2026-06-16 14:40:54 [32minfo[39m: 	HTTP production server up and running on port 5000 !
2026-06-16 14:40:55 [32minfo[39m: 	Successfully connected to database mongodb://edgev3_app:edgev3_mongodb_pass@mongodb:27017/edgev3?authSource=admin
2026-06-16 14:40:55 [32minfo[39m: 	HTTP production server up and running on port 5000 !
2026-06-16 14:41:10 [31merror[39m: 	projectRerunMonitor failed:MongooseError: Operation `projects.find()` buffering timed out after 10000ms 
2026-06-16 14:41:10 [31merror[39m: 	bulkSubmissionRerunMonitor failed:MongooseError: Operation `bulksubmissions.find()` buffering timed out after 10000ms 
2026-06-16 14:41:21 [32minfo[39m: 	Successfully connected to database mongodb://edgev3_app:edgev3_mongodb_pass@mongodb:27017/edgev3?authSource=admin
2026-06-16 14:41:21 [32minfo[39m: 	HTTP production server up and running on port 5000 !
2026-06-16 14:41:22 [32minfo[39m: 	Successfully connected to database mongodb://edgev3_app:edgev3_mongodb_pass@mongodb:27017/edgev3?authSource=admin
2026-06-16 14:41:22 [32minfo[39m: 	HTTP CRON server up and running on port 5555 !
2026-06-16 14:41:22 [32minfo[39m: 	Successfully connected to database mongodb://edgev3_app:edgev3_mongodb_pass@mongodb:27017/edgev3?authSource=admin
2026-06-16 14:41:22 [32minfo[39m: 	HTTP production server up and running on port 5000 !
2026-06-16 14:41:24 [32minfo[39m: 	Successfully connected to database mongodb://edgev3_app:edgev3_mongodb_pass@mongodb:27017/edgev3?authSource=admin
2026-06-16 14:41:24 [32minfo[39m: 	HTTP production server up and running on port 5000 !
2026-06-16 14:41:25 [32minfo[39m: 	Successfully connected to database mongodb://edgev3_app:edgev3_mongodb_pass@mongodb:27017/edgev3?authSource=admin
2026-06-16 14:41:25 [32minfo[39m: 	HTTP production server up and running on port 5000 !
2026-06-16 14:41:51 [32minfo[39m: 	Successfully connected to database mongodb://edgev3_app:edgev3_mongodb_pass@mongodb:27017/edgev3?authSource=admin
2026-06-16 14:41:51 [32minfo[39m: 	HTTP production server up and running on port 5000 !
2026-06-16 14:41:52 [32minfo[39m: 	Successfully connected to database mongodb://edgev3_app:edgev3_mongodb_pass@mongodb:27017/edgev3?authSource=admin
2026-06-16 14:41:52 [32minfo[39m: 	HTTP production server up and running on port 5000 !
2026-06-16 14:41:54 [32minfo[39m: 	Successfully connected to database mongodb://edgev3_app:edgev3_mongodb_pass@mongodb:27017/edgev3?authSource=admin
2026-06-16 14:41:54 [32minfo[39m: 	HTTP production server up and running on port 5000 !
2026-06-16 14:41:55 [32minfo[39m: 	Successfully connected to database mongodb://edgev3_app:edgev3_mongodb_pass@mongodb:27017/edgev3?authSource=admin
2026-06-16 14:41:55 [32minfo[39m: 	HTTP production server up and running on port 5000 !
2026-06-16 14:42:10 [31merror[39m: 	localMonitor failed:MongooseError: Operation `jobs.find()` buffering timed out after 10000ms
2026-06-16 14:42:10 [31merror[39m: 	localJobMonitor failed:MongooseError: Operation `jobs.find()` buffering timed out after 10000ms
2026-06-16 14:42:10 [31merror[39m: 	nextflowJobMonitor failed:MongooseError: Operation `jobs.find()` buffering timed out after 10000ms
2026-06-16 14:42:10 [31merror[39m: 	nextflowWorkflowMonitor failed:MongooseError: Operation `jobs.find()` buffering timed out after 10000ms
2026-06-16 14:42:10 [31merror[39m: 	projectRerunMonitor failed:MongooseError: Operation `projects.find()` buffering timed out after 10000ms 
2026-06-16 14:42:10 [31merror[39m: 	Operation `bulksubmissions.find()` buffering timed out after 10000ms
2026-06-16 14:42:10 [31merror[39m: 	bulkSubmissionRerunMonitor failed:MongooseError: Operation `bulksubmissions.find()` buffering timed out after 10000ms 
2026-06-16 14:42:21 [32minfo[39m: 	Successfully connected to database mongodb://edgev3_app:edgev3_mongodb_pass@mongodb:27017/edgev3?authSource=admin
2026-06-16 14:42:21 [32minfo[39m: 	HTTP production server up and running on port 5000 !
2026-06-16 14:42:22 [32minfo[39m: 	Successfully connected to database mongodb://edgev3_app:edgev3_mongodb_pass@mongodb:27017/edgev3?authSource=admin
2026-06-16 14:42:22 [32minfo[39m: 	HTTP production server up and running on port 5000 !
2026-06-16 14:42:24 [32minfo[39m: 	Successfully connected to database mongodb://edgev3_app:edgev3_mongodb_pass@mongodb:27017/edgev3?authSource=admin
2026-06-16 14:42:24 [32minfo[39m: 	HTTP production server up and running on port 5000 !
2026-06-16 14:42:25 [32minfo[39m: 	Successfully connected to database mongodb://edgev3_app:edgev3_mongodb_pass@mongodb:27017/edgev3?authSource=admin
2026-06-16 14:42:25 [32minfo[39m: 	HTTP production server up and running on port 5000 !
2026-06-16 14:42:51 [32minfo[39m: 	Successfully connected to database mongodb://edgev3_app:edgev3_mongodb_pass@mongodb:27017/edgev3?authSource=admin
2026-06-16 14:42:51 [32minfo[39m: 	HTTP production server up and running on port 5000 !
2026-06-16 14:42:52 [32minfo[39m: 	Successfully connected to database mongodb://edgev3_app:edgev3_mongodb_pass@mongodb:27017/edgev3?authSource=admin
2026-06-16 14:42:52 [32minfo[39m: 	HTTP CRON server up and running on port 5555 !
2026-06-16 14:42:52 [32minfo[39m: 	Successfully connected to database mongodb://edgev3_app:edgev3_mongodb_pass@mongodb:27017/edgev3?authSource=admin
2026-06-16 14:42:52 [32minfo[39m: 	HTTP production server up and running on port 5000 !
2026-06-16 14:42:54 [32minfo[39m: 	Successfully connected to database mongodb://edgev3_app:edgev3_mongodb_pass@mongodb:27017/edgev3?authSource=admin
2026-06-16 14:42:54 [32minfo[39m: 	HTTP production server up and running on port 5000 !
2026-06-16 14:42:55 [32minfo[39m: 	Successfully connected to database mongodb://edgev3_app:edgev3_mongodb_pass@mongodb:27017/edgev3?authSource=admin
2026-06-16 14:42:55 [32minfo[39m: 	HTTP production server up and running on port 5000 !
2026-06-16 14:43:10 [31merror[39m: 	projectRerunMonitor failed:MongooseError: Operation `projects.find()` buffering timed out after 10000ms 
2026-06-16 14:43:10 [31merror[39m: 	bulkSubmissionRerunMonitor failed:MongooseError: Operation `bulksubmissions.find()` buffering timed out after 10000ms 
2026-06-16 14:43:21 [32minfo[39m: 	Successfully connected to database mongodb://edgev3_app:edgev3_mongodb_pass@mongodb:27017/edgev3?authSource=admin
2026-06-16 14:43:21 [32minfo[39m: 	HTTP production server up and running on port 5000 !
2026-06-16 14:43:22 [32minfo[39m: 	Successfully connected to database mongodb://edgev3_app:edgev3_mongodb_pass@mongodb:27017/edgev3?authSource=admin
2026-06-16 14:43:22 [32minfo[39m: 	HTTP CRON server up and running on port 5555 !
2026-06-16 14:43:23 [32minfo[39m: 	Successfully connected to database mongodb://edgev3_app:edgev3_mongodb_pass@mongodb:27017/edgev3?authSource=admin
2026-06-16 14:43:23 [32minfo[39m: 	HTTP production server up and running on port 5000 !
2026-06-16 14:43:24 [32minfo[39m: 	Successfully connected to database mongodb://edgev3_app:edgev3_mongodb_pass@mongodb:27017/edgev3?authSource=admin
2026-06-16 14:43:24 [32minfo[39m: 	HTTP production server up and running on port 5000 !
2026-06-16 14:43:26 [32minfo[39m: 	Successfully connected to database mongodb://edgev3_app:edgev3_mongodb_pass@mongodb:27017/edgev3?authSource=admin
2026-06-16 14:43:26 [32minfo[39m: 	HTTP production server up and running on port 5000 !
2026-06-16 14:43:51 [32minfo[39m: 	Successfully connected to database mongodb://edgev3_app:edgev3_mongodb_pass@mongodb:27017/edgev3?authSource=admin
2026-06-16 14:43:51 [32minfo[39m: 	HTTP production server up and running on port 5000 !
2026-06-16 14:43:52 [32minfo[39m: 	Successfully connected to database mongodb://edgev3_app:edgev3_mongodb_pass@mongodb:27017/edgev3?authSource=admin
2026-06-16 14:43:52 [32minfo[39m: 	HTTP CRON server up and running on port 5555 !
2026-06-16 14:43:52 [32minfo[39m: 	Successfully connected to database mongodb://edgev3_app:edgev3_mongodb_pass@mongodb:27017/edgev3?authSource=admin
2026-06-16 14:43:52 [32minfo[39m: 	HTTP production server up and running on port 5000 !
2026-06-16 14:43:54 [32minfo[39m: 	Successfully connected to database mongodb://edgev3_app:edgev3_mongodb_pass@mongodb:27017/edgev3?authSource=admin
2026-06-16 14:43:54 [32minfo[39m: 	HTTP production server up and running on port 5000 !
2026-06-16 14:43:56 [32minfo[39m: 	Successfully connected to database mongodb://edgev3_app:edgev3_mongodb_pass@mongodb:27017/edgev3?authSource=admin
2026-06-16 14:43:56 [32minfo[39m: 	HTTP production server up and running on port 5000 !
2026-06-16 14:44:10 [31merror[39m: 	localMonitor failed:MongooseError: Operation `jobs.find()` buffering timed out after 10000ms
2026-06-16 14:44:10 [31merror[39m: 	localJobMonitor failed:MongooseError: Operation `jobs.find()` buffering timed out after 10000ms
2026-06-16 14:44:10 [31merror[39m: 	nextflowJobMonitor failed:MongooseError: Operation `jobs.find()` buffering timed out after 10000ms
2026-06-16 14:44:10 [31merror[39m: 	nextflowWorkflowMonitor failed:MongooseError: Operation `jobs.find()` buffering timed out after 10000ms
2026-06-16 14:44:10 [31merror[39m: 	projectRerunMonitor failed:MongooseError: Operation `projects.find()` buffering timed out after 10000ms 
2026-06-16 14:44:10 [31merror[39m: 	bulkSubmissionRerunMonitor failed:MongooseError: Operation `bulksubmissions.find()` buffering timed out after 10000ms 
2026-06-16 14:44:21 [32minfo[39m: 	Successfully connected to database mongodb://edgev3_app:edgev3_mongodb_pass@mongodb:27017/edgev3?authSource=admin
2026-06-16 14:44:21 [32minfo[39m: 	HTTP production server up and running on port 5000 !
2026-06-16 14:44:22 [32minfo[39m: 	Successfully connected to database mongodb://edgev3_app:edgev3_mongodb_pass@mongodb:27017/edgev3?authSource=admin
2026-06-16 14:44:22 [32minfo[39m: 	HTTP CRON server up and running on port 5555 !
2026-06-16 14:44:22 [32minfo[39m: 	Successfully connected to database mongodb://edgev3_app:edgev3_mongodb_pass@mongodb:27017/edgev3?authSource=admin
2026-06-16 14:44:22 [32minfo[39m: 	HTTP production server up and running on port 5000 !
2026-06-16 14:44:24 [32minfo[39m: 	Successfully connected to database mongodb://edgev3_app:edgev3_mongodb_pass@mongodb:27017/edgev3?authSource=admin
2026-06-16 14:44:24 [32minfo[39m: 	HTTP production server up and running on port 5000 !
2026-06-16 14:44:26 [32minfo[39m: 	Successfully connected to database mongodb://edgev3_app:edgev3_mongodb_pass@mongodb:27017/edgev3?authSource=admin
2026-06-16 14:44:26 [32minfo[39m: 	HTTP production server up and running on port 5000 !
2026-06-16 14:44:51 [32minfo[39m: 	Successfully connected to database mongodb://edgev3_app:edgev3_mongodb_pass@mongodb:27017/edgev3?authSource=admin
2026-06-16 14:44:51 [32minfo[39m: 	HTTP production server up and running on port 5000 !
2026-06-16 14:44:52 [32minfo[39m: 	Successfully connected to database mongodb://edgev3_app:edgev3_mongodb_pass@mongodb:27017/edgev3?authSource=admin
2026-06-16 14:44:52 [32minfo[39m: 	HTTP CRON server up and running on port 5555 !
2026-06-16 14:44:52 [32minfo[39m: 	Successfully connected to database mongodb://edgev3_app:edgev3_mongodb_pass@mongodb:27017/edgev3?authSource=admin
2026-06-16 14:44:52 [32minfo[39m: 	HTTP production server up and running on port 5000 !
2026-06-16 14:44:54 [32minfo[39m: 	Successfully connected to database mongodb://edgev3_app:edgev3_mongodb_pass@mongodb:27017/edgev3?authSource=admin
2026-06-16 14:44:54 [32minfo[39m: 	HTTP production server up and running on port 5000 !
2026-06-16 14:44:56 [32minfo[39m: 	Successfully connected to database mongodb://edgev3_app:edgev3_mongodb_pass@mongodb:27017/edgev3?authSource=admin
2026-06-16 14:44:56 [32minfo[39m: 	HTTP production server up and running on port 5000 !
2026-06-16 14:45:10 [31merror[39m: 	projectRerunMonitor failed:MongooseError: Operation `projects.find()` buffering timed out after 10000ms 
2026-06-16 14:45:10 [31merror[39m: 	Operation `bulksubmissions.find()` buffering timed out after 10000ms
2026-06-16 14:45:10 [31merror[39m: 	bulkSubmissionRerunMonitor failed:MongooseError: Operation `bulksubmissions.find()` buffering timed out after 10000ms 
2026-06-16 14:45:21 [32minfo[39m: 	Successfully connected to database mongodb://edgev3_app:edgev3_mongodb_pass@mongodb:27017/edgev3?authSource=admin
2026-06-16 14:45:21 [32minfo[39m: 	HTTP production server up and running on port 5000 !
2026-06-16 14:45:22 [32minfo[39m: 	Successfully connected to database mongodb://edgev3_app:edgev3_mongodb_pass@mongodb:27017/edgev3?authSource=admin
2026-06-16 14:45:22 [32minfo[39m: 	HTTP CRON server up and running on port 5555 !
2026-06-16 14:45:22 [32minfo[39m: 	Successfully connected to database mongodb://edgev3_app:edgev3_mongodb_pass@mongodb:27017/edgev3?authSource=admin
2026-06-16 14:45:22 [32minfo[39m: 	HTTP production server up and running on port 5000 !
2026-06-16 14:45:24 [32minfo[39m: 	Successfully connected to database mongodb://edgev3_app:edgev3_mongodb_pass@mongodb:27017/edgev3?authSource=admin
2026-06-16 14:45:24 [32minfo[39m: 	HTTP production server up and running on port 5000 !
2026-06-16 14:45:26 [32minfo[39m: 	Successfully connected to database mongodb://edgev3_app:edgev3_mongodb_pass@mongodb:27017/edgev3?authSource=admin
2026-06-16 14:45:26 [32minfo[39m: 	HTTP production server up and running on port 5000 !
2026-06-16 14:45:51 [32minfo[39m: 	Successfully connected to database mongodb://edgev3_app:edgev3_mongodb_pass@mongodb:27017/edgev3?authSource=admin
2026-06-16 14:45:51 [32minfo[39m: 	HTTP production server up and running on port 5000 !
2026-06-16 14:45:52 [32minfo[39m: 	Successfully connected to database mongodb://edgev3_app:edgev3_mongodb_pass@mongodb:27017/edgev3?authSource=admin
2026-06-16 14:45:52 [32minfo[39m: 	HTTP CRON server up and running on port 5555 !
2026-06-16 14:45:53 [32minfo[39m: 	Successfully connected to database mongodb://edgev3_app:edgev3_mongodb_pass@mongodb:27017/edgev3?authSource=admin
2026-06-16 14:45:53 [32minfo[39m: 	HTTP production server up and running on port 5000 !
2026-06-16 14:45:54 [32minfo[39m: 	Successfully connected to database mongodb://edgev3_app:edgev3_mongodb_pass@mongodb:27017/edgev3?authSource=admin
2026-06-16 14:45:54 [32minfo[39m: 	HTTP production server up and running on port 5000 !
2026-06-16 14:45:56 [32minfo[39m: 	Successfully connected to database mongodb://edgev3_app:edgev3_mongodb_pass@mongodb:27017/edgev3?authSource=admin
2026-06-16 14:45:56 [32minfo[39m: 	HTTP production server up and running on port 5000 !
2026-06-16 14:46:10 [31merror[39m: 	localMonitor failed:MongooseError: Operation `jobs.find()` buffering timed out after 10000ms
2026-06-16 14:46:10 [31merror[39m: 	localJobMonitor failed:MongooseError: Operation `jobs.find()` buffering timed out after 10000ms
2026-06-16 14:46:10 [31merror[39m: 	nextflowJobMonitor failed:MongooseError: Operation `jobs.find()` buffering timed out after 10000ms
2026-06-16 14:46:10 [31merror[39m: 	nextflowWorkflowMonitor failed:MongooseError: Operation `jobs.find()` buffering timed out after 10000ms
2026-06-16 14:46:10 [31merror[39m: 	projectRerunMonitor failed:MongooseError: Operation `projects.find()` buffering timed out after 10000ms 
2026-06-16 14:46:10 [31merror[39m: 	bulkSubmissionRerunMonitor failed:MongooseError: Operation `bulksubmissions.find()` buffering timed out after 10000ms 
2026-06-16 14:46:21 [32minfo[39m: 	Successfully connected to database mongodb://edgev3_app:edgev3_mongodb_pass@mongodb:27017/edgev3?authSource=admin
2026-06-16 14:46:21 [32minfo[39m: 	HTTP production server up and running on port 5000 !
2026-06-16 14:46:22 [32minfo[39m: 	Successfully connected to database mongodb://edgev3_app:edgev3_mongodb_pass@mongodb:27017/edgev3?authSource=admin
2026-06-16 14:46:22 [32minfo[39m: 	HTTP CRON server up and running on port 5555 !
2026-06-16 14:46:22 [32minfo[39m: 	Successfully connected to database mongodb://edgev3_app:edgev3_mongodb_pass@mongodb:27017/edgev3?authSource=admin
2026-06-16 14:46:22 [32minfo[39m: 	HTTP production server up and running on port 5000 !
2026-06-16 14:46:24 [32minfo[39m: 	Successfully connected to database mongodb://edgev3_app:edgev3_mongodb_pass@mongodb:27017/edgev3?authSource=admin
2026-06-16 14:46:24 [32minfo[39m: 	HTTP production server up and running on port 5000 !
2026-06-16 14:46:26 [32minfo[39m: 	Successfully connected to database mongodb://edgev3_app:edgev3_mongodb_pass@mongodb:27017/edgev3?authSource=admin
2026-06-16 14:46:26 [32minfo[39m: 	HTTP production server up and running on port 5000 !
2026-06-16 14:46:51 [32minfo[39m: 	Successfully connected to database mongodb://edgev3_app:edgev3_mongodb_pass@mongodb:27017/edgev3?authSource=admin
2026-06-16 14:46:51 [32minfo[39m: 	HTTP production server up and running on port 5000 !
2026-06-16 14:46:52 [32minfo[39m: 	Successfully connected to database mongodb://edgev3_app:edgev3_mongodb_pass@mongodb:27017/edgev3?authSource=admin
2026-06-16 14:46:52 [32minfo[39m: 	HTTP production server up and running on port 5000 !
2026-06-16 14:46:54 [32minfo[39m: 	Successfully connected to database mongodb://edgev3_app:edgev3_mongodb_pass@mongodb:27017/edgev3?authSource=admin
2026-06-16 14:46:54 [32minfo[39m: 	HTTP production server up and running on port 5000 !
2026-06-16 14:46:56 [32minfo[39m: 	Successfully connected to database mongodb://edgev3_app:edgev3_mongodb_pass@mongodb:27017/edgev3?authSource=admin
2026-06-16 14:46:56 [32minfo[39m: 	HTTP production server up and running on port 5000 !
2026-06-16 14:47:10 [31merror[39m: 	projectRerunMonitor failed:MongooseError: Operation `projects.find()` buffering timed out after 10000ms 
2026-06-16 14:47:10 [31merror[39m: 	bulkSubmissionRerunMonitor failed:MongooseError: Operation `bulksubmissions.find()` buffering timed out after 10000ms 
2026-06-16 14:47:21 [32minfo[39m: 	Successfully connected to database mongodb://edgev3_app:edgev3_mongodb_pass@mongodb:27017/edgev3?authSource=admin
2026-06-16 14:47:21 [32minfo[39m: 	HTTP production server up and running on port 5000 !
2026-06-16 14:47:22 [32minfo[39m: 	Successfully connected to database mongodb://edgev3_app:edgev3_mongodb_pass@mongodb:27017/edgev3?authSource=admin
2026-06-16 14:47:22 [32minfo[39m: 	HTTP CRON server up and running on port 5555 !
2026-06-16 14:47:22 [32minfo[39m: 	Successfully connected to database mongodb://edgev3_app:edgev3_mongodb_pass@mongodb:27017/edgev3?authSource=admin
2026-06-16 14:47:22 [32minfo[39m: 	HTTP production server up and running on port 5000 !
2026-06-16 14:47:24 [32minfo[39m: 	Successfully connected to database mongodb://edgev3_app:edgev3_mongodb_pass@mongodb:27017/edgev3?authSource=admin
2026-06-16 14:47:24 [32minfo[39m: 	HTTP production server up and running on port 5000 !
2026-06-16 14:47:26 [32minfo[39m: 	Successfully connected to database mongodb://edgev3_app:edgev3_mongodb_pass@mongodb:27017/edgev3?authSource=admin
2026-06-16 14:47:26 [32minfo[39m: 	HTTP production server up and running on port 5000 !
2026-06-16 14:47:51 [32minfo[39m: 	Successfully connected to database mongodb://edgev3_app:edgev3_mongodb_pass@mongodb:27017/edgev3?authSource=admin
2026-06-16 14:47:51 [32minfo[39m: 	HTTP production server up and running on port 5000 !
2026-06-16 14:47:52 [32minfo[39m: 	Successfully connected to database mongodb://edgev3_app:edgev3_mongodb_pass@mongodb:27017/edgev3?authSource=admin
2026-06-16 14:47:52 [32minfo[39m: 	HTTP CRON server up and running on port 5555 !
2026-06-16 14:47:53 [32minfo[39m: 	Successfully connected to database mongodb://edgev3_app:edgev3_mongodb_pass@mongodb:27017/edgev3?authSource=admin
2026-06-16 14:47:53 [32minfo[39m: 	HTTP production server up and running on port 5000 !
2026-06-16 14:47:54 [32minfo[39m: 	Successfully connected to database mongodb://edgev3_app:edgev3_mongodb_pass@mongodb:27017/edgev3?authSource=admin
2026-06-16 14:47:54 [32minfo[39m: 	HTTP production server up and running on port 5000 !
2026-06-16 14:47:56 [32minfo[39m: 	Successfully connected to database mongodb://edgev3_app:edgev3_mongodb_pass@mongodb:27017/edgev3?authSource=admin
2026-06-16 14:47:56 [32minfo[39m: 	HTTP production server up and running on port 5000 !
2026-06-16 14:48:10 [31merror[39m: 	localMonitor failed:MongooseError: Operation `jobs.find()` buffering timed out after 10000ms
2026-06-16 14:48:10 [31merror[39m: 	localJobMonitor failed:MongooseError: Operation `jobs.find()` buffering timed out after 10000ms
2026-06-16 14:48:10 [31merror[39m: 	nextflowJobMonitor failed:MongooseError: Operation `jobs.find()` buffering timed out after 10000ms
2026-06-16 14:48:10 [31merror[39m: 	nextflowWorkflowMonitor failed:MongooseError: Operation `jobs.find()` buffering timed out after 10000ms
2026-06-16 14:48:10 [31merror[39m: 	projectRerunMonitor failed:MongooseError: Operation `projects.find()` buffering timed out after 10000ms 
2026-06-16 14:48:10 [31merror[39m: 	Operation `bulksubmissions.find()` buffering timed out after 10000ms
2026-06-16 14:48:10 [31merror[39m: 	bulkSubmissionRerunMonitor failed:MongooseError: Operation `bulksubmissions.find()` buffering timed out after 10000ms 
2026-06-16 14:48:21 [32minfo[39m: 	Successfully connected to database mongodb://edgev3_app:edgev3_mongodb_pass@mongodb:27017/edgev3?authSource=admin
2026-06-16 14:48:21 [32minfo[39m: 	HTTP production server up and running on port 5000 !
2026-06-16 14:48:23 [32minfo[39m: 	Successfully connected to database mongodb://edgev3_app:edgev3_mongodb_pass@mongodb:27017/edgev3?authSource=admin
2026-06-16 14:48:23 [32minfo[39m: 	HTTP CRON server up and running on port 5555 !
2026-06-16 14:48:23 [32minfo[39m: 	Successfully connected to database mongodb://edgev3_app:edgev3_mongodb_pass@mongodb:27017/edgev3?authSource=admin
2026-06-16 14:48:23 [32minfo[39m: 	HTTP production server up and running on port 5000 !
2026-06-16 14:48:25 [32minfo[39m: 	Successfully connected to database mongodb://edgev3_app:edgev3_mongodb_pass@mongodb:27017/edgev3?authSource=admin
2026-06-16 14:48:25 [32minfo[39m: 	HTTP production server up and running on port 5000 !
2026-06-16 14:48:26 [32minfo[39m: 	Successfully connected to database mongodb://edgev3_app:edgev3_mongodb_pass@mongodb:27017/edgev3?authSource=admin
2026-06-16 14:48:26 [32minfo[39m: 	HTTP production server up and running on port 5000 !
2026-06-16 14:48:51 [32minfo[39m: 	Successfully connected to database mongodb://edgev3_app:edgev3_mongodb_pass@mongodb:27017/edgev3?authSource=admin
2026-06-16 14:48:51 [32minfo[39m: 	HTTP production server up and running on port 5000 !
2026-06-16 14:48:53 [32minfo[39m: 	Successfully connected to database mongodb://edgev3_app:edgev3_mongodb_pass@mongodb:27017/edgev3?authSource=admin
2026-06-16 14:48:53 [32minfo[39m: 	HTTP production server up and running on port 5000 !
2026-06-16 14:48:54 [32minfo[39m: 	Successfully connected to database mongodb://edgev3_app:edgev3_mongodb_pass@mongodb:27017/edgev3?authSource=admin
2026-06-16 14:48:54 [32minfo[39m: 	HTTP production server up and running on port 5000 !
2026-06-16 14:48:56 [32minfo[39m: 	Successfully connected to database mongodb://edgev3_app:edgev3_mongodb_pass@mongodb:27017/edgev3?authSource=admin
2026-06-16 14:48:56 [32minfo[39m: 	HTTP production server up and running on port 5000 !
2026-06-16 14:49:10 [31merror[39m: 	projectRerunMonitor failed:MongooseError: Operation `projects.find()` buffering timed out after 10000ms 
2026-06-16 14:49:10 [31merror[39m: 	bulkSubmissionRerunMonitor failed:MongooseError: Operation `bulksubmissions.find()` buffering timed out after 10000ms 
2026-06-16 14:49:21 [32minfo[39m: 	Successfully connected to database mongodb://edgev3_app:edgev3_mongodb_pass@mongodb:27017/edgev3?authSource=admin
2026-06-16 14:49:21 [32minfo[39m: 	HTTP production server up and running on port 5000 !
2026-06-16 14:49:23 [32minfo[39m: 	Successfully connected to database mongodb://edgev3_app:edgev3_mongodb_pass@mongodb:27017/edgev3?authSource=admin
2026-06-16 14:49:23 [32minfo[39m: 	HTTP CRON server up and running on port 5555 !
2026-06-16 14:49:23 [32minfo[39m: 	Successfully connected to database mongodb://edgev3_app:edgev3_mongodb_pass@mongodb:27017/edgev3?authSource=admin
2026-06-16 14:49:23 [32minfo[39m: 	HTTP production server up and running on port 5000 !
2026-06-16 14:49:24 [32minfo[39m: 	Successfully connected to database mongodb://edgev3_app:edgev3_mongodb_pass@mongodb:27017/edgev3?authSource=admin
2026-06-16 14:49:24 [32minfo[39m: 	HTTP production server up and running on port 5000 !
2026-06-16 14:49:26 [32minfo[39m: 	Successfully connected to database mongodb://edgev3_app:edgev3_mongodb_pass@mongodb:27017/edgev3?authSource=admin
2026-06-16 14:49:26 [32minfo[39m: 	HTTP production server up and running on port 5000 !
2026-06-16 14:49:51 [32minfo[39m: 	Successfully connected to database mongodb://edgev3_app:edgev3_mongodb_pass@mongodb:27017/edgev3?authSource=admin
2026-06-16 14:49:51 [32minfo[39m: 	HTTP production server up and running on port 5000 !
2026-06-16 14:49:53 [32minfo[39m: 	Successfully connected to database mongodb://edgev3_app:edgev3_mongodb_pass@mongodb:27017/edgev3?authSource=admin
2026-06-16 14:49:53 [32minfo[39m: 	HTTP CRON server up and running on port 5555 !
2026-06-16 14:49:53 [32minfo[39m: 	Successfully connected to database mongodb://edgev3_app:edgev3_mongodb_pass@mongodb:27017/edgev3?authSource=admin
2026-06-16 14:49:53 [32minfo[39m: 	HTTP production server up and running on port 5000 !
2026-06-16 14:49:54 [32minfo[39m: 	Successfully connected to database mongodb://edgev3_app:edgev3_mongodb_pass@mongodb:27017/edgev3?authSource=admin
2026-06-16 14:49:54 [32minfo[39m: 	HTTP production server up and running on port 5000 !
2026-06-16 14:49:56 [32minfo[39m: 	Successfully connected to database mongodb://edgev3_app:edgev3_mongodb_pass@mongodb:27017/edgev3?authSource=admin
2026-06-16 14:49:56 [32minfo[39m: 	HTTP production server up and running on port 5000 !
2026-06-16 14:50:10 [31merror[39m: 	localMonitor failed:MongooseError: Operation `jobs.find()` buffering timed out after 10000ms
2026-06-16 14:50:10 [31merror[39m: 	localJobMonitor failed:MongooseError: Operation `jobs.find()` buffering timed out after 10000ms
2026-06-16 14:50:10 [31merror[39m: 	nextflowJobMonitor failed:MongooseError: Operation `jobs.find()` buffering timed out after 10000ms
2026-06-16 14:50:10 [31merror[39m: 	nextflowWorkflowMonitor failed:MongooseError: Operation `jobs.find()` buffering timed out after 10000ms
2026-06-16 14:50:10 [31merror[39m: 	projectRerunMonitor failed:MongooseError: Operation `projects.find()` buffering timed out after 10000ms 
2026-06-16 14:50:10 [31merror[39m: 	bulkSubmissionRerunMonitor failed:MongooseError: Operation `bulksubmissions.find()` buffering timed out after 10000ms 
2026-06-16 14:50:21 [32minfo[39m: 	Successfully connected to database mongodb://edgev3_app:edgev3_mongodb_pass@mongodb:27017/edgev3?authSource=admin
2026-06-16 14:50:21 [32minfo[39m: 	HTTP production server up and running on port 5000 !
2026-06-16 14:50:23 [32minfo[39m: 	Successfully connected to database mongodb://edgev3_app:edgev3_mongodb_pass@mongodb:27017/edgev3?authSource=admin
2026-06-16 14:50:23 [32minfo[39m: 	HTTP CRON server up and running on port 5555 !
2026-06-16 14:50:23 [32minfo[39m: 	Successfully connected to database mongodb://edgev3_app:edgev3_mongodb_pass@mongodb:27017/edgev3?authSource=admin
2026-06-16 14:50:23 [32minfo[39m: 	HTTP production server up and running on port 5000 !
2026-06-16 14:50:25 [32minfo[39m: 	Successfully connected to database mongodb://edgev3_app:edgev3_mongodb_pass@mongodb:27017/edgev3?authSource=admin
2026-06-16 14:50:25 [32minfo[39m: 	HTTP production server up and running on port 5000 !
2026-06-16 14:50:26 [32minfo[39m: 	Successfully connected to database mongodb://edgev3_app:edgev3_mongodb_pass@mongodb:27017/edgev3?authSource=admin
2026-06-16 14:50:26 [32minfo[39m: 	HTTP production server up and running on port 5000 !
2026-06-16 14:50:51 [32minfo[39m: 	Successfully connected to database mongodb://edgev3_app:edgev3_mongodb_pass@mongodb:27017/edgev3?authSource=admin
2026-06-16 14:50:51 [32minfo[39m: 	HTTP production server up and running on port 5000 !
2026-06-16 14:50:53 [32minfo[39m: 	Successfully connected to database mongodb://edgev3_app:edgev3_mongodb_pass@mongodb:27017/edgev3?authSource=admin
2026-06-16 14:50:53 [32minfo[39m: 	HTTP production server up and running on port 5000 !
2026-06-16 14:50:54 [32minfo[39m: 	Successfully connected to database mongodb://edgev3_app:edgev3_mongodb_pass@mongodb:27017/edgev3?authSource=admin
2026-06-16 14:50:54 [32minfo[39m: 	HTTP production server up and running on port 5000 !
2026-06-16 14:50:56 [32minfo[39m: 	Successfully connected to database mongodb://edgev3_app:edgev3_mongodb_pass@mongodb:27017/edgev3?authSource=admin
2026-06-16 14:50:56 [32minfo[39m: 	HTTP production server up and running on port 5000 !
2026-06-16 14:51:10 [31merror[39m: 	projectRerunMonitor failed:MongooseError: Operation `projects.find()` buffering timed out after 10000ms 
2026-06-16 14:51:10 [31merror[39m: 	Operation `bulksubmissions.find()` buffering timed out after 10000ms
2026-06-16 14:51:10 [31merror[39m: 	bulkSubmissionRerunMonitor failed:MongooseError: Operation `bulksubmissions.find()` buffering timed out after 10000ms 
2026-06-16 14:51:21 [32minfo[39m: 	Successfully connected to database mongodb://edgev3_app:edgev3_mongodb_pass@mongodb:27017/edgev3?authSource=admin
2026-06-16 14:51:21 [32minfo[39m: 	HTTP production server up and running on port 5000 !
2026-06-16 14:51:23 [32minfo[39m: 	Successfully connected to database mongodb://edgev3_app:edgev3_mongodb_pass@mongodb:27017/edgev3?authSource=admin
2026-06-16 14:51:23 [32minfo[39m: 	HTTP production server up and running on port 5000 !
2026-06-16 14:51:24 [32minfo[39m: 	Successfully connected to database mongodb://edgev3_app:edgev3_mongodb_pass@mongodb:27017/edgev3?authSource=admin
2026-06-16 14:51:24 [32minfo[39m: 	HTTP production server up and running on port 5000 !
2026-06-16 14:51:26 [32minfo[39m: 	Successfully connected to database mongodb://edgev3_app:edgev3_mongodb_pass@mongodb:27017/edgev3?authSource=admin
2026-06-16 14:51:26 [32minfo[39m: 	HTTP production server up and running on port 5000 !
2026-06-16 14:51:51 [32minfo[39m: 	Successfully connected to database mongodb://edgev3_app:edgev3_mongodb_pass@mongodb:27017/edgev3?authSource=admin
2026-06-16 14:51:51 [32minfo[39m: 	HTTP production server up and running on port 5000 !
2026-06-16 14:51:53 [32minfo[39m: 	Successfully connected to database mongodb://edgev3_app:edgev3_mongodb_pass@mongodb:27017/edgev3?authSource=admin
2026-06-16 14:51:53 [32minfo[39m: 	HTTP CRON server up and running on port 5555 !
2026-06-16 14:51:53 [32minfo[39m: 	Successfully connected to database mongodb://edgev3_app:edgev3_mongodb_pass@mongodb:27017/edgev3?authSource=admin
2026-06-16 14:51:53 [32minfo[39m: 	HTTP production server up and running on port 5000 !
2026-06-16 14:51:54 [32minfo[39m: 	Successfully connected to database mongodb://edgev3_app:edgev3_mongodb_pass@mongodb:27017/edgev3?authSource=admin
2026-06-16 14:51:54 [32minfo[39m: 	HTTP production server up and running on port 5000 !
2026-06-16 14:51:56 [32minfo[39m: 	Successfully connected to database mongodb://edgev3_app:edgev3_mongodb_pass@mongodb:27017/edgev3?authSource=admin
2026-06-16 14:51:56 [32minfo[39m: 	HTTP production server up and running on port 5000 !
2026-06-16 14:52:10 [31merror[39m: 	localMonitor failed:MongooseError: Operation `jobs.find()` buffering timed out after 10000ms
2026-06-16 14:52:10 [31merror[39m: 	localJobMonitor failed:MongooseError: Operation `jobs.find()` buffering timed out after 10000ms
2026-06-16 14:52:10 [31merror[39m: 	nextflowJobMonitor failed:MongooseError: Operation `jobs.find()` buffering timed out after 10000ms
2026-06-16 14:52:10 [31merror[39m: 	nextflowWorkflowMonitor failed:MongooseError: Operation `jobs.find()` buffering timed out after 10000ms
2026-06-16 14:52:10 [31merror[39m: 	projectRerunMonitor failed:MongooseError: Operation `projects.find()` buffering timed out after 10000ms 
2026-06-16 14:52:10 [31merror[39m: 	bulkSubmissionRerunMonitor failed:MongooseError: Operation `bulksubmissions.find()` buffering timed out after 10000ms 
2026-06-16 14:52:21 [32minfo[39m: 	Successfully connected to database mongodb://edgev3_app:edgev3_mongodb_pass@mongodb:27017/edgev3?authSource=admin
2026-06-16 14:52:21 [32minfo[39m: 	HTTP production server up and running on port 5000 !
2026-06-16 14:52:23 [32minfo[39m: 	Successfully connected to database mongodb://edgev3_app:edgev3_mongodb_pass@mongodb:27017/edgev3?authSource=admin
2026-06-16 14:52:23 [32minfo[39m: 	HTTP CRON server up and running on port 5555 !
2026-06-16 14:52:23 [32minfo[39m: 	Successfully connected to database mongodb://edgev3_app:edgev3_mongodb_pass@mongodb:27017/edgev3?authSource=admin
2026-06-16 14:52:23 [32minfo[39m: 	HTTP production server up and running on port 5000 !
2026-06-16 14:52:25 [32minfo[39m: 	Successfully connected to database mongodb://edgev3_app:edgev3_mongodb_pass@mongodb:27017/edgev3?authSource=admin
2026-06-16 14:52:25 [32minfo[39m: 	HTTP production server up and running on port 5000 !
2026-06-16 14:52:27 [32minfo[39m: 	Successfully connected to database mongodb://edgev3_app:edgev3_mongodb_pass@mongodb:27017/edgev3?authSource=admin
2026-06-16 14:52:27 [32minfo[39m: 	HTTP production server up and running on port 5000 !
2026-06-16 14:52:51 [32minfo[39m: 	Successfully connected to database mongodb://edgev3_app:edgev3_mongodb_pass@mongodb:27017/edgev3?authSource=admin
2026-06-16 14:52:51 [32minfo[39m: 	HTTP production server up and running on port 5000 !
2026-06-16 14:52:53 [32minfo[39m: 	Successfully connected to database mongodb://edgev3_app:edgev3_mongodb_pass@mongodb:27017/edgev3?authSource=admin
2026-06-16 14:52:53 [32minfo[39m: 	HTTP production server up and running on port 5000 !
2026-06-16 14:52:54 [32minfo[39m: 	Successfully connected to database mongodb://edgev3_app:edgev3_mongodb_pass@mongodb:27017/edgev3?authSource=admin
2026-06-16 14:52:54 [32minfo[39m: 	HTTP production server up and running on port 5000 !
2026-06-16 14:52:56 [32minfo[39m: 	Successfully connected to database mongodb://edgev3_app:edgev3_mongodb_pass@mongodb:27017/edgev3?authSource=admin
2026-06-16 14:52:56 [32minfo[39m: 	HTTP production server up and running on port 5000 !
2026-06-16 14:53:10 [31merror[39m: 	projectRerunMonitor failed:MongooseError: Operation `projects.find()` buffering timed out after 10000ms 
2026-06-16 14:53:10 [31merror[39m: 	bulkSubmissionRerunMonitor failed:MongooseError: Operation `bulksubmissions.find()` buffering timed out after 10000ms 
2026-06-16 14:53:21 [32minfo[39m: 	Successfully connected to database mongodb://edgev3_app:edgev3_mongodb_pass@mongodb:27017/edgev3?authSource=admin
2026-06-16 14:53:21 [32minfo[39m: 	HTTP production server up and running on port 5000 !
2026-06-16 14:53:23 [32minfo[39m: 	Successfully connected to database mongodb://edgev3_app:edgev3_mongodb_pass@mongodb:27017/edgev3?authSource=admin
2026-06-16 14:53:23 [32minfo[39m: 	HTTP CRON server up and running on port 5555 !
2026-06-16 14:53:23 [32minfo[39m: 	Successfully connected to database mongodb://edgev3_app:edgev3_mongodb_pass@mongodb:27017/edgev3?authSource=admin
2026-06-16 14:53:23 [32minfo[39m: 	HTTP production server up and running on port 5000 !
2026-06-16 14:53:25 [32minfo[39m: 	Successfully connected to database mongodb://edgev3_app:edgev3_mongodb_pass@mongodb:27017/edgev3?authSource=admin
2026-06-16 14:53:25 [32minfo[39m: 	HTTP production server up and running on port 5000 !
2026-06-16 14:53:26 [32minfo[39m: 	Successfully connected to database mongodb://edgev3_app:edgev3_mongodb_pass@mongodb:27017/edgev3?authSource=admin
2026-06-16 14:53:26 [32minfo[39m: 	HTTP production server up and running on port 5000 !
2026-06-16 14:53:51 [32minfo[39m: 	Successfully connected to database mongodb://edgev3_app:edgev3_mongodb_pass@mongodb:27017/edgev3?authSource=admin
2026-06-16 14:53:51 [32minfo[39m: 	HTTP production server up and running on port 5000 !
2026-06-16 14:53:53 [32minfo[39m: 	Successfully connected to database mongodb://edgev3_app:edgev3_mongodb_pass@mongodb:27017/edgev3?authSource=admin
2026-06-16 14:53:53 [32minfo[39m: 	HTTP CRON server up and running on port 5555 !
2026-06-16 14:53:53 [32minfo[39m: 	Successfully connected to database mongodb://edgev3_app:edgev3_mongodb_pass@mongodb:27017/edgev3?authSource=admin
2026-06-16 14:53:53 [32minfo[39m: 	HTTP production server up and running on port 5000 !
2026-06-16 14:53:54 [32minfo[39m: 	Successfully connected to database mongodb://edgev3_app:edgev3_mongodb_pass@mongodb:27017/edgev3?authSource=admin
2026-06-16 14:53:54 [32minfo[39m: 	HTTP production server up and running on port 5000 !
2026-06-16 14:53:56 [32minfo[39m: 	Successfully connected to database mongodb://edgev3_app:edgev3_mongodb_pass@mongodb:27017/edgev3?authSource=admin
2026-06-16 14:53:56 [32minfo[39m: 	HTTP production server up and running on port 5000 !
2026-06-16 14:54:10 [31merror[39m: 	localMonitor failed:MongooseError: Operation `jobs.find()` buffering timed out after 10000ms
2026-06-16 14:54:10 [31merror[39m: 	localJobMonitor failed:MongooseError: Operation `jobs.find()` buffering timed out after 10000ms
2026-06-16 14:54:10 [31merror[39m: 	nextflowJobMonitor failed:MongooseError: Operation `jobs.find()` buffering timed out after 10000ms
2026-06-16 14:54:10 [31merror[39m: 	nextflowWorkflowMonitor failed:MongooseError: Operation `jobs.find()` buffering timed out after 10000ms
2026-06-16 14:54:10 [31merror[39m: 	projectRerunMonitor failed:MongooseError: Operation `projects.find()` buffering timed out after 10000ms 
2026-06-16 14:54:10 [31merror[39m: 	Operation `bulksubmissions.find()` buffering timed out after 10000ms
2026-06-16 14:54:10 [31merror[39m: 	bulkSubmissionRerunMonitor failed:MongooseError: Operation `bulksubmissions.find()` buffering timed out after 10000ms 
2026-06-16 14:54:21 [32minfo[39m: 	Successfully connected to database mongodb://edgev3_app:edgev3_mongodb_pass@mongodb:27017/edgev3?authSource=admin
2026-06-16 14:54:21 [32minfo[39m: 	HTTP production server up and running on port 5000 !
2026-06-16 14:54:23 [32minfo[39m: 	Successfully connected to database mongodb://edgev3_app:edgev3_mongodb_pass@mongodb:27017/edgev3?authSource=admin
2026-06-16 14:54:23 [32minfo[39m: 	HTTP CRON server up and running on port 5555 !
2026-06-16 14:54:23 [32minfo[39m: 	Successfully connected to database mongodb://edgev3_app:edgev3_mongodb_pass@mongodb:27017/edgev3?authSource=admin
2026-06-16 14:54:23 [32minfo[39m: 	HTTP production server up and running on port 5000 !
2026-06-16 14:54:25 [32minfo[39m: 	Successfully connected to database mongodb://edgev3_app:edgev3_mongodb_pass@mongodb:27017/edgev3?authSource=admin
2026-06-16 14:54:25 [32minfo[39m: 	HTTP production server up and running on port 5000 !
2026-06-16 14:54:26 [32minfo[39m: 	Successfully connected to database mongodb://edgev3_app:edgev3_mongodb_pass@mongodb:27017/edgev3?authSource=admin
2026-06-16 14:54:26 [32minfo[39m: 	HTTP production server up and running on port 5000 !
2026-06-16 14:54:51 [32minfo[39m: 	Successfully connected to database mongodb://edgev3_app:edgev3_mongodb_pass@mongodb:27017/edgev3?authSource=admin
2026-06-16 14:54:51 [32minfo[39m: 	HTTP production server up and running on port 5000 !
2026-06-16 14:54:53 [32minfo[39m: 	Successfully connected to database mongodb://edgev3_app:edgev3_mongodb_pass@mongodb:27017/edgev3?authSource=admin
2026-06-16 14:54:53 [32minfo[39m: 	HTTP CRON server up and running on port 5555 !
2026-06-16 14:54:53 [32minfo[39m: 	Successfully connected to database mongodb://edgev3_app:edgev3_mongodb_pass@mongodb:27017/edgev3?authSource=admin
2026-06-16 14:54:53 [32minfo[39m: 	HTTP production server up and running on port 5000 !
2026-06-16 14:54:55 [32minfo[39m: 	Successfully connected to database mongodb://edgev3_app:edgev3_mongodb_pass@mongodb:27017/edgev3?authSource=admin
2026-06-16 14:54:55 [32minfo[39m: 	HTTP production server up and running on port 5000 !
2026-06-16 14:54:57 [32minfo[39m: 	Successfully connected to database mongodb://edgev3_app:edgev3_mongodb_pass@mongodb:27017/edgev3?authSource=admin
2026-06-16 14:54:57 [32minfo[39m: 	HTTP production server up and running on port 5000 !
2026-06-16 14:55:10 [31merror[39m: 	projectRerunMonitor failed:MongooseError: Operation `projects.find()` buffering timed out after 10000ms 
2026-06-16 14:55:10 [31merror[39m: 	bulkSubmissionRerunMonitor failed:MongooseError: Operation `bulksubmissions.find()` buffering timed out after 10000ms 
2026-06-16 14:55:21 [32minfo[39m: 	Successfully connected to database mongodb://edgev3_app:edgev3_mongodb_pass@mongodb:27017/edgev3?authSource=admin
2026-06-16 14:55:21 [32minfo[39m: 	HTTP production server up and running on port 5000 !
2026-06-16 14:55:23 [32minfo[39m: 	Successfully connected to database mongodb://edgev3_app:edgev3_mongodb_pass@mongodb:27017/edgev3?authSource=admin
2026-06-16 14:55:23 [32minfo[39m: 	HTTP CRON server up and running on port 5555 !
2026-06-16 14:55:23 [32minfo[39m: 	Successfully connected to database mongodb://edgev3_app:edgev3_mongodb_pass@mongodb:27017/edgev3?authSource=admin
2026-06-16 14:55:23 [32minfo[39m: 	HTTP production server up and running on port 5000 !
2026-06-16 14:55:25 [32minfo[39m: 	Successfully connected to database mongodb://edgev3_app:edgev3_mongodb_pass@mongodb:27017/edgev3?authSource=admin
2026-06-16 14:55:25 [32minfo[39m: 	HTTP production server up and running on port 5000 !
2026-06-16 14:55:26 [32minfo[39m: 	Successfully connected to database mongodb://edgev3_app:edgev3_mongodb_pass@mongodb:27017/edgev3?authSource=admin
2026-06-16 14:55:26 [32minfo[39m: 	HTTP production server up and running on port 5000 !
2026-06-16 14:55:51 [32minfo[39m: 	Successfully connected to database mongodb://edgev3_app:edgev3_mongodb_pass@mongodb:27017/edgev3?authSource=admin
2026-06-16 14:55:51 [32minfo[39m: 	HTTP production server up and running on port 5000 !
2026-06-16 14:55:53 [32minfo[39m: 	Successfully connected to database mongodb://edgev3_app:edgev3_mongodb_pass@mongodb:27017/edgev3?authSource=admin
2026-06-16 14:55:53 [32minfo[39m: 	HTTP CRON server up and running on port 5555 !
2026-06-16 14:55:53 [32minfo[39m: 	Successfully connected to database mongodb://edgev3_app:edgev3_mongodb_pass@mongodb:27017/edgev3?authSource=admin
2026-06-16 14:55:53 [32minfo[39m: 	HTTP production server up and running on port 5000 !
2026-06-16 14:55:55 [32minfo[39m: 	Successfully connected to database mongodb://edgev3_app:edgev3_mongodb_pass@mongodb:27017/edgev3?authSource=admin
2026-06-16 14:55:55 [32minfo[39m: 	HTTP production server up and running on port 5000 !
2026-06-16 14:55:56 [32minfo[39m: 	Successfully connected to database mongodb://edgev3_app:edgev3_mongodb_pass@mongodb:27017/edgev3?authSource=admin
2026-06-16 14:55:56 [32minfo[39m: 	HTTP production server up and running on port 5000 !
2026-06-16 14:56:10 [31merror[39m: 	localMonitor failed:MongooseError: Operation `jobs.find()` buffering timed out after 10000ms
2026-06-16 14:56:10 [31merror[39m: 	localJobMonitor failed:MongooseError: Operation `jobs.find()` buffering timed out after 10000ms
2026-06-16 14:56:10 [31merror[39m: 	nextflowJobMonitor failed:MongooseError: Operation `jobs.find()` buffering timed out after 10000ms
2026-06-16 14:56:10 [31merror[39m: 	nextflowWorkflowMonitor failed:MongooseError: Operation `jobs.find()` buffering timed out after 10000ms
2026-06-16 14:56:10 [31merror[39m: 	projectRerunMonitor failed:MongooseError: Operation `projects.find()` buffering timed out after 10000ms 
2026-06-16 14:56:10 [31merror[39m: 	bulkSubmissionRerunMonitor failed:MongooseError: Operation `bulksubmissions.find()` buffering timed out after 10000ms 
2026-06-16 14:56:21 [32minfo[39m: 	Successfully connected to database mongodb://edgev3_app:edgev3_mongodb_pass@mongodb:27017/edgev3?authSource=admin
2026-06-16 14:56:21 [32minfo[39m: 	HTTP production server up and running on port 5000 !
2026-06-16 14:56:23 [32minfo[39m: 	Successfully connected to database mongodb://edgev3_app:edgev3_mongodb_pass@mongodb:27017/edgev3?authSource=admin
2026-06-16 14:56:23 [32minfo[39m: 	HTTP CRON server up and running on port 5555 !
2026-06-16 14:56:23 [32minfo[39m: 	Successfully connected to database mongodb://edgev3_app:edgev3_mongodb_pass@mongodb:27017/edgev3?authSource=admin
2026-06-16 14:56:23 [32minfo[39m: 	HTTP production server up and running on port 5000 !
2026-06-16 14:56:25 [32minfo[39m: 	Successfully connected to database mongodb://edgev3_app:edgev3_mongodb_pass@mongodb:27017/edgev3?authSource=admin
2026-06-16 14:56:25 [32minfo[39m: 	HTTP production server up and running on port 5000 !
2026-06-16 14:56:27 [32minfo[39m: 	Successfully connected to database mongodb://edgev3_app:edgev3_mongodb_pass@mongodb:27017/edgev3?authSource=admin
2026-06-16 14:56:27 [32minfo[39m: 	HTTP production server up and running on port 5000 !
2026-06-16 14:56:51 [32minfo[39m: 	Successfully connected to database mongodb://edgev3_app:edgev3_mongodb_pass@mongodb:27017/edgev3?authSource=admin
2026-06-16 14:56:51 [32minfo[39m: 	HTTP production server up and running on port 5000 !
2026-06-16 14:56:53 [32minfo[39m: 	Successfully connected to database mongodb://edgev3_app:edgev3_mongodb_pass@mongodb:27017/edgev3?authSource=admin
2026-06-16 14:56:53 [32minfo[39m: 	HTTP production server up and running on port 5000 !
2026-06-16 14:56:55 [32minfo[39m: 	Successfully connected to database mongodb://edgev3_app:edgev3_mongodb_pass@mongodb:27017/edgev3?authSource=admin
2026-06-16 14:56:55 [32minfo[39m: 	HTTP production server up and running on port 5000 !
2026-06-16 14:56:56 [32minfo[39m: 	Successfully connected to database mongodb://edgev3_app:edgev3_mongodb_pass@mongodb:27017/edgev3?authSource=admin
2026-06-16 14:56:56 [32minfo[39m: 	HTTP production server up and running on port 5000 !
2026-06-16 14:57:10 [31merror[39m: 	projectRerunMonitor failed:MongooseError: Operation `projects.find()` buffering timed out after 10000ms 
2026-06-16 14:57:10 [31merror[39m: 	Operation `bulksubmissions.find()` buffering timed out after 10000ms
2026-06-16 14:57:10 [31merror[39m: 	bulkSubmissionRerunMonitor failed:MongooseError: Operation `bulksubmissions.find()` buffering timed out after 10000ms 
2026-06-16 14:57:21 [32minfo[39m: 	Successfully connected to database mongodb://edgev3_app:edgev3_mongodb_pass@mongodb:27017/edgev3?authSource=admin
2026-06-16 14:57:21 [32minfo[39m: 	HTTP production server up and running on port 5000 !
2026-06-16 14:57:23 [32minfo[39m: 	Successfully connected to database mongodb://edgev3_app:edgev3_mongodb_pass@mongodb:27017/edgev3?authSource=admin
2026-06-16 14:57:23 [32minfo[39m: 	HTTP CRON server up and running on port 5555 !
2026-06-16 14:57:23 [32minfo[39m: 	Successfully connected to database mongodb://edgev3_app:edgev3_mongodb_pass@mongodb:27017/edgev3?authSource=admin
2026-06-16 14:57:23 [32minfo[39m: 	HTTP production server up and running on port 5000 !
2026-06-16 14:57:25 [32minfo[39m: 	Successfully connected to database mongodb://edgev3_app:edgev3_mongodb_pass@mongodb:27017/edgev3?authSource=admin
2026-06-16 14:57:25 [32minfo[39m: 	HTTP production server up and running on port 5000 !
2026-06-16 14:57:27 [32minfo[39m: 	Successfully connected to database mongodb://edgev3_app:edgev3_mongodb_pass@mongodb:27017/edgev3?authSource=admin
2026-06-16 14:57:27 [32minfo[39m: 	HTTP production server up and running on port 5000 !
2026-06-16 14:57:51 [32minfo[39m: 	Successfully connected to database mongodb://edgev3_app:edgev3_mongodb_pass@mongodb:27017/edgev3?authSource=admin
2026-06-16 14:57:51 [32minfo[39m: 	HTTP production server up and running on port 5000 !
2026-06-16 14:57:53 [32minfo[39m: 	Successfully connected to database mongodb://edgev3_app:edgev3_mongodb_pass@mongodb:27017/edgev3?authSource=admin
2026-06-16 14:57:53 [32minfo[39m: 	HTTP CRON server up and running on port 5555 !
2026-06-16 14:57:53 [32minfo[39m: 	Successfully connected to database mongodb://edgev3_app:edgev3_mongodb_pass@mongodb:27017/edgev3?authSource=admin
2026-06-16 14:57:53 [32minfo[39m: 	HTTP production server up and running on port 5000 !
2026-06-16 14:57:55 [32minfo[39m: 	Successfully connected to database mongodb://edgev3_app:edgev3_mongodb_pass@mongodb:27017/edgev3?authSource=admin
2026-06-16 14:57:55 [32minfo[39m: 	HTTP production server up and running on port 5000 !
2026-06-16 14:57:57 [32minfo[39m: 	Successfully connected to database mongodb://edgev3_app:edgev3_mongodb_pass@mongodb:27017/edgev3?authSource=admin
2026-06-16 14:57:57 [32minfo[39m: 	HTTP production server up and running on port 5000 !
2026-06-16 14:58:10 [31merror[39m: 	localMonitor failed:MongooseError: Operation `jobs.find()` buffering timed out after 10000ms
2026-06-16 14:58:10 [31merror[39m: 	localJobMonitor failed:MongooseError: Operation `jobs.find()` buffering timed out after 10000ms
2026-06-16 14:58:10 [31merror[39m: 	nextflowJobMonitor failed:MongooseError: Operation `jobs.find()` buffering timed out after 10000ms
2026-06-16 14:58:10 [31merror[39m: 	nextflowWorkflowMonitor failed:MongooseError: Operation `jobs.find()` buffering timed out after 10000ms
2026-06-16 14:58:10 [31merror[39m: 	projectRerunMonitor failed:MongooseError: Operation `projects.find()` buffering timed out after 10000ms 
2026-06-16 14:58:10 [31merror[39m: 	bulkSubmissionRerunMonitor failed:MongooseError: Operation `bulksubmissions.find()` buffering timed out after 10000ms 
2026-06-16 14:58:21 [32minfo[39m: 	Successfully connected to database mongodb://edgev3_app:edgev3_mongodb_pass@mongodb:27017/edgev3?authSource=admin
2026-06-16 14:58:21 [32minfo[39m: 	HTTP production server up and running on port 5000 !
2026-06-16 14:58:23 [32minfo[39m: 	Successfully connected to database mongodb://edgev3_app:edgev3_mongodb_pass@mongodb:27017/edgev3?authSource=admin
2026-06-16 14:58:23 [32minfo[39m: 	HTTP CRON server up and running on port 5555 !
2026-06-16 14:58:23 [32minfo[39m: 	Successfully connected to database mongodb://edgev3_app:edgev3_mongodb_pass@mongodb:27017/edgev3?authSource=admin
2026-06-16 14:58:23 [32minfo[39m: 	HTTP production server up and running on port 5000 !
2026-06-16 14:58:25 [32minfo[39m: 	Successfully connected to database mongodb://edgev3_app:edgev3_mongodb_pass@mongodb:27017/edgev3?authSource=admin
2026-06-16 14:58:25 [32minfo[39m: 	HTTP production server up and running on port 5000 !
2026-06-16 14:58:27 [32minfo[39m: 	Successfully connected to database mongodb://edgev3_app:edgev3_mongodb_pass@mongodb:27017/edgev3?authSource=admin
2026-06-16 14:58:27 [32minfo[39m: 	HTTP production server up and running on port 5000 !
2026-06-16 14:58:51 [32minfo[39m: 	Successfully connected to database mongodb://edgev3_app:edgev3_mongodb_pass@mongodb:27017/edgev3?authSource=admin
2026-06-16 14:58:51 [32minfo[39m: 	HTTP production server up and running on port 5000 !
2026-06-16 14:58:53 [32minfo[39m: 	Successfully connected to database mongodb://edgev3_app:edgev3_mongodb_pass@mongodb:27017/edgev3?authSource=admin
2026-06-16 14:58:53 [32minfo[39m: 	HTTP production server up and running on port 5000 !
2026-06-16 14:58:55 [32minfo[39m: 	Successfully connected to database mongodb://edgev3_app:edgev3_mongodb_pass@mongodb:27017/edgev3?authSource=admin
2026-06-16 14:58:55 [32minfo[39m: 	HTTP production server up and running on port 5000 !
2026-06-16 14:58:56 [32minfo[39m: 	Successfully connected to database mongodb://edgev3_app:edgev3_mongodb_pass@mongodb:27017/edgev3?authSource=admin
2026-06-16 14:58:56 [32minfo[39m: 	HTTP production server up and running on port 5000 !
2026-06-16 14:59:10 [31merror[39m: 	projectRerunMonitor failed:MongooseError: Operation `projects.find()` buffering timed out after 10000ms 
2026-06-16 14:59:10 [31merror[39m: 	bulkSubmissionRerunMonitor failed:MongooseError: Operation `bulksubmissions.find()` buffering timed out after 10000ms 
2026-06-16 14:59:21 [32minfo[39m: 	Successfully connected to database mongodb://edgev3_app:edgev3_mongodb_pass@mongodb:27017/edgev3?authSource=admin
2026-06-16 14:59:21 [32minfo[39m: 	HTTP production server up and running on port 5000 !
2026-06-16 14:59:23 [32minfo[39m: 	Successfully connected to database mongodb://edgev3_app:edgev3_mongodb_pass@mongodb:27017/edgev3?authSource=admin
2026-06-16 14:59:23 [32minfo[39m: 	HTTP production server up and running on port 5000 !
2026-06-16 14:59:24 [32minfo[39m: 	Successfully connected to database mongodb://edgev3_app:edgev3_mongodb_pass@mongodb:27017/edgev3?authSource=admin
2026-06-16 14:59:24 [32minfo[39m: 	HTTP production server up and running on port 5000 !
2026-06-16 14:59:26 [32minfo[39m: 	Successfully connected to database mongodb://edgev3_app:edgev3_mongodb_pass@mongodb:27017/edgev3?authSource=admin
2026-06-16 14:59:26 [32minfo[39m: 	HTTP production server up and running on port 5000 !
2026-06-16 14:59:51 [32minfo[39m: 	Successfully connected to database mongodb://edgev3_app:edgev3_mongodb_pass@mongodb:27017/edgev3?authSource=admin
2026-06-16 14:59:51 [32minfo[39m: 	HTTP production server up and running on port 5000 !
2026-06-16 14:59:53 [32minfo[39m: 	Successfully connected to database mongodb://edgev3_app:edgev3_mongodb_pass@mongodb:27017/edgev3?authSource=admin
2026-06-16 14:59:53 [32minfo[39m: 	HTTP production server up and running on port 5000 !
2026-06-16 14:59:54 [32minfo[39m: 	Successfully connected to database mongodb://edgev3_app:edgev3_mongodb_pass@mongodb:27017/edgev3?authSource=admin
2026-06-16 14:59:54 [32minfo[39m: 	HTTP production server up and running on port 5000 !
2026-06-16 14:59:56 [32minfo[39m: 	Successfully connected to database mongodb://edgev3_app:edgev3_mongodb_pass@mongodb:27017/edgev3?authSource=admin
2026-06-16 14:59:56 [32minfo[39m: 	HTTP production server up and running on port 5000 !
2026-06-16 15:00:10 [31merror[39m: 	localMonitor failed:MongooseError: Operation `jobs.find()` buffering timed out after 10000ms
2026-06-16 15:00:10 [31merror[39m: 	localJobMonitor failed:MongooseError: Operation `jobs.find()` buffering timed out after 10000ms
2026-06-16 15:00:10 [31merror[39m: 	nextflowWorkflowMonitor failed:MongooseError: Operation `jobs.find()` buffering timed out after 10000ms
2026-06-16 15:00:10 [31merror[39m: 	projectRerunMonitor failed:MongooseError: Operation `projects.find()` buffering timed out after 10000ms 
2026-06-16 15:00:10 [31merror[39m: 	Operation `bulksubmissions.find()` buffering timed out after 10000ms
2026-06-16 15:00:10 [31merror[39m: 	bulkSubmissionRerunMonitor failed:MongooseError: Operation `bulksubmissions.find()` buffering timed out after 10000ms 
2026-06-16 15:00:21 [32minfo[39m: 	Successfully connected to database mongodb://edgev3_app:edgev3_mongodb_pass@mongodb:27017/edgev3?authSource=admin
2026-06-16 15:00:21 [32minfo[39m: 	HTTP production server up and running on port 5000 !
2026-06-16 15:00:23 [32minfo[39m: 	Successfully connected to database mongodb://edgev3_app:edgev3_mongodb_pass@mongodb:27017/edgev3?authSource=admin
2026-06-16 15:00:23 [32minfo[39m: 	HTTP production server up and running on port 5000 !
2026-06-16 15:00:25 [32minfo[39m: 	Successfully connected to database mongodb://edgev3_app:edgev3_mongodb_pass@mongodb:27017/edgev3?authSource=admin
2026-06-16 15:00:25 [32minfo[39m: 	HTTP production server up and running on port 5000 !
2026-06-16 15:00:26 [32minfo[39m: 	Successfully connected to database mongodb://edgev3_app:edgev3_mongodb_pass@mongodb:27017/edgev3?authSource=admin
2026-06-16 15:00:26 [32minfo[39m: 	HTTP production server up and running on port 5000 !
2026-06-16 15:00:51 [32minfo[39m: 	Successfully connected to database mongodb://edgev3_app:edgev3_mongodb_pass@mongodb:27017/edgev3?authSource=admin
2026-06-16 15:00:51 [32minfo[39m: 	HTTP production server up and running on port 5000 !
2026-06-16 15:00:53 [32minfo[39m: 	Successfully connected to database mongodb://edgev3_app:edgev3_mongodb_pass@mongodb:27017/edgev3?authSource=admin
2026-06-16 15:00:53 [32minfo[39m: 	HTTP production server up and running on port 5000 !
2026-06-16 15:00:55 [32minfo[39m: 	Successfully connected to database mongodb://edgev3_app:edgev3_mongodb_pass@mongodb:27017/edgev3?authSource=admin
2026-06-16 15:00:55 [32minfo[39m: 	HTTP production server up and running on port 5000 !
2026-06-16 15:00:57 [32minfo[39m: 	Successfully connected to database mongodb://edgev3_app:edgev3_mongodb_pass@mongodb:27017/edgev3?authSource=admin
2026-06-16 15:00:57 [32minfo[39m: 	HTTP production server up and running on port 5000 !
2026-06-16 15:01:10 [31merror[39m: 	projectRerunMonitor failed:MongooseError: Operation `projects.find()` buffering timed out after 10000ms 
2026-06-16 15:01:10 [31merror[39m: 	bulkSubmissionRerunMonitor failed:MongooseError: Operation `bulksubmissions.find()` buffering timed out after 10000ms 
2026-06-16 15:01:21 [32minfo[39m: 	Successfully connected to database mongodb://edgev3_app:edgev3_mongodb_pass@mongodb:27017/edgev3?authSource=admin
2026-06-16 15:01:21 [32minfo[39m: 	HTTP production server up and running on port 5000 !
2026-06-16 15:01:23 [32minfo[39m: 	Successfully connected to database mongodb://edgev3_app:edgev3_mongodb_pass@mongodb:27017/edgev3?authSource=admin
2026-06-16 15:01:23 [32minfo[39m: 	HTTP CRON server up and running on port 5555 !
2026-06-16 15:01:23 [32minfo[39m: 	Successfully connected to database mongodb://edgev3_app:edgev3_mongodb_pass@mongodb:27017/edgev3?authSource=admin
2026-06-16 15:01:23 [32minfo[39m: 	HTTP production server up and running on port 5000 !
2026-06-16 15:01:25 [32minfo[39m: 	Successfully connected to database mongodb://edgev3_app:edgev3_mongodb_pass@mongodb:27017/edgev3?authSource=admin
2026-06-16 15:01:25 [32minfo[39m: 	HTTP production server up and running on port 5000 !
2026-06-16 15:01:26 [32minfo[39m: 	Successfully connected to database mongodb://edgev3_app:edgev3_mongodb_pass@mongodb:27017/edgev3?authSource=admin
2026-06-16 15:01:26 [32minfo[39m: 	HTTP production server up and running on port 5000 !
2026-06-16 15:01:51 [32minfo[39m: 	Successfully connected to database mongodb://edgev3_app:edgev3_mongodb_pass@mongodb:27017/edgev3?authSource=admin
2026-06-16 15:01:51 [32minfo[39m: 	HTTP production server up and running on port 5000 !
2026-06-16 15:01:53 [32minfo[39m: 	Successfully connected to database mongodb://edgev3_app:edgev3_mongodb_pass@mongodb:27017/edgev3?authSource=admin
2026-06-16 15:01:53 [32minfo[39m: 	HTTP CRON server up and running on port 5555 !
2026-06-16 15:01:53 [32minfo[39m: 	Successfully connected to database mongodb://edgev3_app:edgev3_mongodb_pass@mongodb:27017/edgev3?authSource=admin
2026-06-16 15:01:53 [32minfo[39m: 	HTTP production server up and running on port 5000 !
2026-06-16 15:01:55 [32minfo[39m: 	Successfully connected to database mongodb://edgev3_app:edgev3_mongodb_pass@mongodb:27017/edgev3?authSource=admin
2026-06-16 15:01:55 [32minfo[39m: 	HTTP production server up and running on port 5000 !
2026-06-16 15:01:56 [32minfo[39m: 	Successfully connected to database mongodb://edgev3_app:edgev3_mongodb_pass@mongodb:27017/edgev3?authSource=admin
2026-06-16 15:01:56 [32minfo[39m: 	HTTP production server up and running on port 5000 !
2026-06-16 15:02:10 [31merror[39m: 	localMonitor failed:MongooseError: Operation `jobs.find()` buffering timed out after 10000ms
2026-06-16 15:02:10 [31merror[39m: 	localJobMonitor failed:MongooseError: Operation `jobs.find()` buffering timed out after 10000ms
2026-06-16 15:02:10 [31merror[39m: 	nextflowJobMonitor failed:MongooseError: Operation `jobs.find()` buffering timed out after 10000ms
2026-06-16 15:02:10 [31merror[39m: 	nextflowWorkflowMonitor failed:MongooseError: Operation `jobs.find()` buffering timed out after 10000ms
2026-06-16 15:02:10 [31merror[39m: 	projectRerunMonitor failed:MongooseError: Operation `projects.find()` buffering timed out after 10000ms 
2026-06-16 15:02:10 [31merror[39m: 	bulkSubmissionRerunMonitor failed:MongooseError: Operation `bulksubmissions.find()` buffering timed out after 10000ms 
2026-06-16 15:33:07 [32minfo[39m: 	Successfully connected to database mongodb://edgev3_app:edgev3_mongodb_pass@mongodb:27017/edgev3?authSource=admin
2026-06-16 15:33:07 [32minfo[39m: 	Successfully connected to database mongodb://edgev3_app:edgev3_mongodb_pass@mongodb:27017/edgev3?authSource=admin
2026-06-16 15:33:07 [32minfo[39m: 	HTTP production server up and running on port 5000 !
2026-06-16 15:33:07 [32minfo[39m: 	Successfully connected to database mongodb://edgev3_app:edgev3_mongodb_pass@mongodb:27017/edgev3?authSource=admin
2026-06-16 15:33:07 [32minfo[39m: 	HTTP production server up and running on port 5000 !
2026-06-16 15:33:07 [32minfo[39m: 	Successfully connected to database mongodb://edgev3_app:edgev3_mongodb_pass@mongodb:27017/edgev3?authSource=admin
2026-06-16 15:33:07 [32minfo[39m: 	HTTP production server up and running on port 5000 !
2026-06-16 15:33:07 [32minfo[39m: 	HTTP production server up and running on port 5000 !
2026-06-16 15:33:07 [32minfo[39m: 	Successfully connected to database mongodb://edgev3_app:edgev3_mongodb_pass@mongodb:27017/edgev3?authSource=admin
2026-06-16 15:33:07 [32minfo[39m: 	HTTP CRON server up and running on port 5555 !
2026-06-16 15:33:07 [32minfo[39m: 	Successfully connected to database mongodb://edgev3_app:edgev3_mongodb_pass@mongodb:27017/edgev3?authSource=admin
2026-06-16 15:33:07 [32minfo[39m: 	HTTP production server up and running on port 5000 !
2026-06-16 15:33:08 [32minfo[39m: 	Successfully connected to database mongodb://edgev3_app:edgev3_mongodb_pass@mongodb:27017/edgev3?authSource=admin
2026-06-16 15:33:08 [32minfo[39m: 	HTTP production server up and running on port 5000 !
2026-06-16 15:33:09 [32minfo[39m: 	Successfully connected to database mongodb://edgev3_app:edgev3_mongodb_pass@mongodb:27017/edgev3?authSource=admin
2026-06-16 15:33:09 [32minfo[39m: 	HTTP production server up and running on port 5000 !
2026-06-16 15:33:09 [32minfo[39m: 	Successfully connected to database mongodb://edgev3_app:edgev3_mongodb_pass@mongodb:27017/edgev3?authSource=admin
2026-06-16 15:33:09 [32minfo[39m: 	HTTP production server up and running on port 5000 !
2026-06-16 15:33:36 [32minfo[39m: 	Successfully connected to database mongodb://edgev3_app:edgev3_mongodb_pass@mongodb:27017/edgev3?authSource=admin
2026-06-16 15:33:36 [32minfo[39m: 	HTTP production server up and running on port 5000 !
2026-06-16 15:33:38 [32minfo[39m: 	Successfully connected to database mongodb://edgev3_app:edgev3_mongodb_pass@mongodb:27017/edgev3?authSource=admin
2026-06-16 15:33:38 [32minfo[39m: 	HTTP CRON server up and running on port 5555 !
2026-06-16 15:33:38 [32minfo[39m: 	Successfully connected to database mongodb://edgev3_app:edgev3_mongodb_pass@mongodb:27017/edgev3?authSource=admin
2026-06-16 15:33:38 [32minfo[39m: 	HTTP production server up and running on port 5000 !
2026-06-16 15:33:40 [32minfo[39m: 	Successfully connected to database mongodb://edgev3_app:edgev3_mongodb_pass@mongodb:27017/edgev3?authSource=admin
2026-06-16 15:33:40 [32minfo[39m: 	HTTP production server up and running on port 5000 !
2026-06-16 15:33:41 [32minfo[39m: 	Successfully connected to database mongodb://edgev3_app:edgev3_mongodb_pass@mongodb:27017/edgev3?authSource=admin
2026-06-16 15:33:41 [32minfo[39m: 	HTTP production server up and running on port 5000 !
2026-06-16 15:34:06 [32minfo[39m: 	Successfully connected to database mongodb://edgev3_app:edgev3_mongodb_pass@mongodb:27017/edgev3?authSource=admin
2026-06-16 15:34:06 [32minfo[39m: 	HTTP production server up and running on port 5000 !
2026-06-16 15:34:08 [32minfo[39m: 	Successfully connected to database mongodb://edgev3_app:edgev3_mongodb_pass@mongodb:27017/edgev3?authSource=admin
2026-06-16 15:34:08 [32minfo[39m: 	HTTP CRON server up and running on port 5555 !
2026-06-16 15:34:08 [32minfo[39m: 	Successfully connected to database mongodb://edgev3_app:edgev3_mongodb_pass@mongodb:27017/edgev3?authSource=admin
2026-06-16 15:34:08 [32minfo[39m: 	HTTP production server up and running on port 5000 !
2026-06-16 15:34:10 [32minfo[39m: 	Successfully connected to database mongodb://edgev3_app:edgev3_mongodb_pass@mongodb:27017/edgev3?authSource=admin
2026-06-16 15:34:10 [32minfo[39m: 	HTTP production server up and running on port 5000 !
2026-06-16 15:34:11 [32minfo[39m: 	Successfully connected to database mongodb://edgev3_app:edgev3_mongodb_pass@mongodb:27017/edgev3?authSource=admin
2026-06-16 15:34:11 [32minfo[39m: 	HTTP production server up and running on port 5000 !
2026-06-16 15:34:36 [32minfo[39m: 	Successfully connected to database mongodb://edgev3_app:edgev3_mongodb_pass@mongodb:27017/edgev3?authSource=admin
2026-06-16 15:34:36 [32minfo[39m: 	HTTP production server up and running on port 5000 !
2026-06-16 15:34:38 [32minfo[39m: 	Successfully connected to database mongodb://edgev3_app:edgev3_mongodb_pass@mongodb:27017/edgev3?authSource=admin
2026-06-16 15:34:38 [32minfo[39m: 	HTTP CRON server up and running on port 5555 !
2026-06-16 15:34:38 [32minfo[39m: 	Successfully connected to database mongodb://edgev3_app:edgev3_mongodb_pass@mongodb:27017/edgev3?authSource=admin
2026-06-16 15:34:38 [32minfo[39m: 	HTTP production server up and running on port 5000 !
2026-06-16 15:34:40 [32minfo[39m: 	Successfully connected to database mongodb://edgev3_app:edgev3_mongodb_pass@mongodb:27017/edgev3?authSource=admin
2026-06-16 15:34:40 [32minfo[39m: 	HTTP production server up and running on port 5000 !
2026-06-16 15:34:41 [32minfo[39m: 	Successfully connected to database mongodb://edgev3_app:edgev3_mongodb_pass@mongodb:27017/edgev3?authSource=admin
2026-06-16 15:34:41 [32minfo[39m: 	HTTP production server up and running on port 5000 !
2026-06-16 15:35:06 [32minfo[39m: 	Successfully connected to database mongodb://edgev3_app:edgev3_mongodb_pass@mongodb:27017/edgev3?authSource=admin
2026-06-16 15:35:06 [32minfo[39m: 	HTTP production server up and running on port 5000 !
2026-06-16 15:35:08 [32minfo[39m: 	Successfully connected to database mongodb://edgev3_app:edgev3_mongodb_pass@mongodb:27017/edgev3?authSource=admin
2026-06-16 15:35:08 [32minfo[39m: 	HTTP CRON server up and running on port 5555 !
2026-06-16 15:35:08 [32minfo[39m: 	Successfully connected to database mongodb://edgev3_app:edgev3_mongodb_pass@mongodb:27017/edgev3?authSource=admin
2026-06-16 15:35:08 [32minfo[39m: 	HTTP production server up and running on port 5000 !
2026-06-16 15:35:10 [32minfo[39m: 	Successfully connected to database mongodb://edgev3_app:edgev3_mongodb_pass@mongodb:27017/edgev3?authSource=admin
2026-06-16 15:35:10 [32minfo[39m: 	HTTP production server up and running on port 5000 !
2026-06-16 15:35:11 [32minfo[39m: 	Successfully connected to database mongodb://edgev3_app:edgev3_mongodb_pass@mongodb:27017/edgev3?authSource=admin
2026-06-16 15:35:11 [32minfo[39m: 	HTTP production server up and running on port 5000 !
2026-06-16 15:35:36 [32minfo[39m: 	Successfully connected to database mongodb://edgev3_app:edgev3_mongodb_pass@mongodb:27017/edgev3?authSource=admin
2026-06-16 15:35:37 [32minfo[39m: 	HTTP production server up and running on port 5000 !
2026-06-16 15:35:38 [32minfo[39m: 	Successfully connected to database mongodb://edgev3_app:edgev3_mongodb_pass@mongodb:27017/edgev3?authSource=admin
2026-06-16 15:35:38 [32minfo[39m: 	HTTP CRON server up and running on port 5555 !
2026-06-16 15:35:38 [32minfo[39m: 	Successfully connected to database mongodb://edgev3_app:edgev3_mongodb_pass@mongodb:27017/edgev3?authSource=admin
2026-06-16 15:35:38 [32minfo[39m: 	HTTP production server up and running on port 5000 !
2026-06-16 15:35:40 [32minfo[39m: 	Successfully connected to database mongodb://edgev3_app:edgev3_mongodb_pass@mongodb:27017/edgev3?authSource=admin
2026-06-16 15:35:40 [32minfo[39m: 	HTTP production server up and running on port 5000 !
2026-06-16 15:35:42 [32minfo[39m: 	Successfully connected to database mongodb://edgev3_app:edgev3_mongodb_pass@mongodb:27017/edgev3?authSource=admin
2026-06-16 15:35:42 [32minfo[39m: 	HTTP production server up and running on port 5000 !
2026-06-16 15:36:06 [32minfo[39m: 	Successfully connected to database mongodb://edgev3_app:edgev3_mongodb_pass@mongodb:27017/edgev3?authSource=admin
2026-06-16 15:36:06 [32minfo[39m: 	HTTP production server up and running on port 5000 !
2026-06-16 15:36:08 [32minfo[39m: 	Successfully connected to database mongodb://edgev3_app:edgev3_mongodb_pass@mongodb:27017/edgev3?authSource=admin
2026-06-16 15:36:08 [32minfo[39m: 	HTTP CRON server up and running on port 5555 !
2026-06-16 15:36:08 [32minfo[39m: 	Successfully connected to database mongodb://edgev3_app:edgev3_mongodb_pass@mongodb:27017/edgev3?authSource=admin
2026-06-16 15:36:08 [32minfo[39m: 	HTTP production server up and running on port 5000 !
2026-06-16 15:36:10 [32minfo[39m: 	Successfully connected to database mongodb://edgev3_app:edgev3_mongodb_pass@mongodb:27017/edgev3?authSource=admin
2026-06-16 15:36:10 [32minfo[39m: 	HTTP production server up and running on port 5000 !
2026-06-16 15:36:12 [32minfo[39m: 	Successfully connected to database mongodb://edgev3_app:edgev3_mongodb_pass@mongodb:27017/edgev3?authSource=admin
2026-06-16 15:36:12 [32minfo[39m: 	HTTP production server up and running on port 5000 !
2026-06-16 15:40:29 [32minfo[39m: 	Successfully connected to database mongodb://edgev3_app:edgev3_mongodb_pass@mongodb:27017/edgev3?authSource=admin
2026-06-16 15:40:29 [32minfo[39m: 	Successfully connected to database mongodb://edgev3_app:edgev3_mongodb_pass@mongodb:27017/edgev3?authSource=admin
2026-06-16 15:40:29 [32minfo[39m: 	HTTP production server up and running on port 5000 !
2026-06-16 15:40:29 [32minfo[39m: 	HTTP production server up and running on port 5000 !
2026-06-16 15:40:29 [32minfo[39m: 	Successfully connected to database mongodb://edgev3_app:edgev3_mongodb_pass@mongodb:27017/edgev3?authSource=admin
2026-06-16 15:40:29 [32minfo[39m: 	HTTP production server up and running on port 5000 !
2026-06-16 15:40:29 [32minfo[39m: 	Successfully connected to database mongodb://edgev3_app:edgev3_mongodb_pass@mongodb:27017/edgev3?authSource=admin
2026-06-16 15:40:29 [32minfo[39m: 	HTTP production server up and running on port 5000 !
2026-06-16 15:40:29 [32minfo[39m: 	Successfully connected to database mongodb://edgev3_app:edgev3_mongodb_pass@mongodb:27017/edgev3?authSource=admin
2026-06-16 15:40:29 [32minfo[39m: 	HTTP CRON server up and running on port 5555 !
2026-06-16 15:40:29 [32minfo[39m: 	Successfully connected to database mongodb://edgev3_app:edgev3_mongodb_pass@mongodb:27017/edgev3?authSource=admin
2026-06-16 15:40:29 [32minfo[39m: 	HTTP production server up and running on port 5000 !
2026-06-16 15:40:30 [32minfo[39m: 	Successfully connected to database mongodb://edgev3_app:edgev3_mongodb_pass@mongodb:27017/edgev3?authSource=admin
2026-06-16 15:40:30 [32minfo[39m: 	HTTP production server up and running on port 5000 !
2026-06-16 15:40:31 [32minfo[39m: 	Successfully connected to database mongodb://edgev3_app:edgev3_mongodb_pass@mongodb:27017/edgev3?authSource=admin
2026-06-16 15:40:31 [32minfo[39m: 	HTTP production server up and running on port 5000 !
2026-06-16 15:40:31 [32minfo[39m: 	Successfully connected to database mongodb://edgev3_app:edgev3_mongodb_pass@mongodb:27017/edgev3?authSource=admin
2026-06-16 15:40:31 [32minfo[39m: 	HTTP production server up and running on port 5000 !
2026-06-16 15:40:59 [32minfo[39m: 	Successfully connected to database mongodb://edgev3_app:edgev3_mongodb_pass@mongodb:27017/edgev3?authSource=admin
2026-06-16 15:40:59 [32minfo[39m: 	HTTP production server up and running on port 5000 !
2026-06-16 15:41:01 [32minfo[39m: 	Successfully connected to database mongodb://edgev3_app:edgev3_mongodb_pass@mongodb:27017/edgev3?authSource=admin
2026-06-16 15:41:01 [32minfo[39m: 	HTTP CRON server up and running on port 5555 !
2026-06-16 15:41:01 [32minfo[39m: 	Successfully connected to database mongodb://edgev3_app:edgev3_mongodb_pass@mongodb:27017/edgev3?authSource=admin
2026-06-16 15:41:01 [32minfo[39m: 	HTTP production server up and running on port 5000 !
2026-06-16 15:41:02 [32minfo[39m: 	Successfully connected to database mongodb://edgev3_app:edgev3_mongodb_pass@mongodb:27017/edgev3?authSource=admin
2026-06-16 15:41:03 [32minfo[39m: 	HTTP production server up and running on port 5000 !
2026-06-16 15:41:04 [32minfo[39m: 	Successfully connected to database mongodb://edgev3_app:edgev3_mongodb_pass@mongodb:27017/edgev3?authSource=admin
2026-06-16 15:41:04 [32minfo[39m: 	HTTP production server up and running on port 5000 !
2026-06-16 15:41:29 [32minfo[39m: 	Successfully connected to database mongodb://edgev3_app:edgev3_mongodb_pass@mongodb:27017/edgev3?authSource=admin
2026-06-16 15:41:29 [32minfo[39m: 	HTTP production server up and running on port 5000 !
2026-06-16 15:41:31 [32minfo[39m: 	Successfully connected to database mongodb://edgev3_app:edgev3_mongodb_pass@mongodb:27017/edgev3?authSource=admin
2026-06-16 15:41:31 [32minfo[39m: 	HTTP CRON server up and running on port 5555 !
2026-06-16 15:41:31 [32minfo[39m: 	Successfully connected to database mongodb://edgev3_app:edgev3_mongodb_pass@mongodb:27017/edgev3?authSource=admin
2026-06-16 15:41:31 [32minfo[39m: 	HTTP production server up and running on port 5000 !
2026-06-16 15:41:33 [32minfo[39m: 	Successfully connected to database mongodb://edgev3_app:edgev3_mongodb_pass@mongodb:27017/edgev3?authSource=admin
2026-06-16 15:41:33 [32minfo[39m: 	HTTP production server up and running on port 5000 !
2026-06-16 15:41:34 [32minfo[39m: 	Successfully connected to database mongodb://edgev3_app:edgev3_mongodb_pass@mongodb:27017/edgev3?authSource=admin
2026-06-16 15:41:34 [32minfo[39m: 	HTTP production server up and running on port 5000 !
2026-06-16 15:41:59 [32minfo[39m: 	Successfully connected to database mongodb://edgev3_app:edgev3_mongodb_pass@mongodb:27017/edgev3?authSource=admin
2026-06-16 15:41:59 [32minfo[39m: 	HTTP production server up and running on port 5000 !
2026-06-16 15:42:00 [32minfo[39m: 	Successfully connected to database mongodb://edgev3_app:edgev3_mongodb_pass@mongodb:27017/edgev3?authSource=admin
2026-06-16 15:42:00 [32minfo[39m: 	HTTP CRON server up and running on port 5555 !
2026-06-16 15:42:01 [32minfo[39m: 	Successfully connected to database mongodb://edgev3_app:edgev3_mongodb_pass@mongodb:27017/edgev3?authSource=admin
2026-06-16 15:42:01 [32minfo[39m: 	HTTP production server up and running on port 5000 !
2026-06-16 15:42:02 [32minfo[39m: 	Successfully connected to database mongodb://edgev3_app:edgev3_mongodb_pass@mongodb:27017/edgev3?authSource=admin
2026-06-16 15:42:02 [32minfo[39m: 	HTTP production server up and running on port 5000 !
2026-06-16 15:42:04 [32minfo[39m: 	Successfully connected to database mongodb://edgev3_app:edgev3_mongodb_pass@mongodb:27017/edgev3?authSource=admin
2026-06-16 15:42:04 [32minfo[39m: 	HTTP production server up and running on port 5000 !
2026-06-16 15:42:29 [32minfo[39m: 	Successfully connected to database mongodb://edgev3_app:edgev3_mongodb_pass@mongodb:27017/edgev3?authSource=admin
2026-06-16 15:42:29 [32minfo[39m: 	HTTP production server up and running on port 5000 !
2026-06-16 15:42:30 [32minfo[39m: 	Successfully connected to database mongodb://edgev3_app:edgev3_mongodb_pass@mongodb:27017/edgev3?authSource=admin
2026-06-16 15:42:30 [32minfo[39m: 	HTTP CRON server up and running on port 5555 !
2026-06-16 15:42:31 [32minfo[39m: 	Successfully connected to database mongodb://edgev3_app:edgev3_mongodb_pass@mongodb:27017/edgev3?authSource=admin
2026-06-16 15:42:31 [32minfo[39m: 	HTTP production server up and running on port 5000 !
2026-06-16 15:42:32 [32minfo[39m: 	Successfully connected to database mongodb://edgev3_app:edgev3_mongodb_pass@mongodb:27017/edgev3?authSource=admin
2026-06-16 15:42:32 [32minfo[39m: 	HTTP production server up and running on port 5000 !
2026-06-16 15:42:34 [32minfo[39m: 	Successfully connected to database mongodb://edgev3_app:edgev3_mongodb_pass@mongodb:27017/edgev3?authSource=admin
2026-06-16 15:42:34 [32minfo[39m: 	HTTP production server up and running on port 5000 !
2026-06-16 15:42:59 [32minfo[39m: 	Successfully connected to database mongodb://edgev3_app:edgev3_mongodb_pass@mongodb:27017/edgev3?authSource=admin
2026-06-16 15:42:59 [32minfo[39m: 	HTTP production server up and running on port 5000 !
2026-06-16 15:43:00 [32minfo[39m: 	Successfully connected to database mongodb://edgev3_app:edgev3_mongodb_pass@mongodb:27017/edgev3?authSource=admin
2026-06-16 15:43:00 [32minfo[39m: 	HTTP CRON server up and running on port 5555 !
2026-06-16 15:43:01 [32minfo[39m: 	Successfully connected to database mongodb://edgev3_app:edgev3_mongodb_pass@mongodb:27017/edgev3?authSource=admin
2026-06-16 15:43:01 [32minfo[39m: 	HTTP production server up and running on port 5000 !
2026-06-16 15:43:02 [32minfo[39m: 	Successfully connected to database mongodb://edgev3_app:edgev3_mongodb_pass@mongodb:27017/edgev3?authSource=admin
2026-06-16 15:43:02 [32minfo[39m: 	HTTP production server up and running on port 5000 !
2026-06-16 15:43:04 [32minfo[39m: 	Successfully connected to database mongodb://edgev3_app:edgev3_mongodb_pass@mongodb:27017/edgev3?authSource=admin
2026-06-16 15:43:04 [32minfo[39m: 	HTTP production server up and running on port 5000 !
2026-06-16 15:43:29 [32minfo[39m: 	Successfully connected to database mongodb://edgev3_app:edgev3_mongodb_pass@mongodb:27017/edgev3?authSource=admin
2026-06-16 15:43:29 [32minfo[39m: 	HTTP production server up and running on port 5000 !
2026-06-16 15:43:30 [32minfo[39m: 	Successfully connected to database mongodb://edgev3_app:edgev3_mongodb_pass@mongodb:27017/edgev3?authSource=admin
2026-06-16 15:43:30 [32minfo[39m: 	HTTP CRON server up and running on port 5555 !
2026-06-16 15:43:31 [32minfo[39m: 	Successfully connected to database mongodb://edgev3_app:edgev3_mongodb_pass@mongodb:27017/edgev3?authSource=admin
2026-06-16 15:43:31 [32minfo[39m: 	HTTP production server up and running on port 5000 !
2026-06-16 15:43:32 [32minfo[39m: 	Successfully connected to database mongodb://edgev3_app:edgev3_mongodb_pass@mongodb:27017/edgev3?authSource=admin
2026-06-16 15:43:32 [32minfo[39m: 	HTTP production server up and running on port 5000 !
2026-06-16 15:43:34 [32minfo[39m: 	Successfully connected to database mongodb://edgev3_app:edgev3_mongodb_pass@mongodb:27017/edgev3?authSource=admin
2026-06-16 15:43:34 [32minfo[39m: 	HTTP production server up and running on port 5000 !
2026-06-16 15:43:59 [32minfo[39m: 	Successfully connected to database mongodb://edgev3_app:edgev3_mongodb_pass@mongodb:27017/edgev3?authSource=admin
2026-06-16 15:43:59 [32minfo[39m: 	HTTP production server up and running on port 5000 !
2026-06-16 15:44:00 [32minfo[39m: 	Successfully connected to database mongodb://edgev3_app:edgev3_mongodb_pass@mongodb:27017/edgev3?authSource=admin
2026-06-16 15:44:00 [32minfo[39m: 	HTTP CRON server up and running on port 5555 !
2026-06-16 15:44:01 [32minfo[39m: 	Successfully connected to database mongodb://edgev3_app:edgev3_mongodb_pass@mongodb:27017/edgev3?authSource=admin
2026-06-16 15:44:01 [32minfo[39m: 	HTTP production server up and running on port 5000 !
2026-06-16 15:44:02 [32minfo[39m: 	Successfully connected to database mongodb://edgev3_app:edgev3_mongodb_pass@mongodb:27017/edgev3?authSource=admin
2026-06-16 15:44:02 [32minfo[39m: 	HTTP production server up and running on port 5000 !
2026-06-16 15:44:04 [32minfo[39m: 	Successfully connected to database mongodb://edgev3_app:edgev3_mongodb_pass@mongodb:27017/edgev3?authSource=admin
2026-06-16 15:44:04 [32minfo[39m: 	HTTP production server up and running on port 5000 !
2026-06-16 15:44:29 [32minfo[39m: 	Successfully connected to database mongodb://edgev3_app:edgev3_mongodb_pass@mongodb:27017/edgev3?authSource=admin
2026-06-16 15:44:29 [32minfo[39m: 	HTTP production server up and running on port 5000 !
2026-06-16 15:44:30 [32minfo[39m: 	Successfully connected to database mongodb://edgev3_app:edgev3_mongodb_pass@mongodb:27017/edgev3?authSource=admin
2026-06-16 15:44:30 [32minfo[39m: 	HTTP CRON server up and running on port 5555 !
2026-06-16 15:44:31 [32minfo[39m: 	Successfully connected to database mongodb://edgev3_app:edgev3_mongodb_pass@mongodb:27017/edgev3?authSource=admin
2026-06-16 15:44:31 [32minfo[39m: 	HTTP production server up and running on port 5000 !
2026-06-16 15:44:32 [32minfo[39m: 	Successfully connected to database mongodb://edgev3_app:edgev3_mongodb_pass@mongodb:27017/edgev3?authSource=admin
2026-06-16 15:44:32 [32minfo[39m: 	HTTP production server up and running on port 5000 !
2026-06-16 15:44:34 [32minfo[39m: 	Successfully connected to database mongodb://edgev3_app:edgev3_mongodb_pass@mongodb:27017/edgev3?authSource=admin
2026-06-16 15:44:34 [32minfo[39m: 	HTTP production server up and running on port 5000 !
2026-06-16 15:44:59 [32minfo[39m: 	Successfully connected to database mongodb://edgev3_app:edgev3_mongodb_pass@mongodb:27017/edgev3?authSource=admin
2026-06-16 15:44:59 [32minfo[39m: 	HTTP production server up and running on port 5000 !
2026-06-16 15:45:00 [32minfo[39m: 	Successfully connected to database mongodb://edgev3_app:edgev3_mongodb_pass@mongodb:27017/edgev3?authSource=admin
2026-06-16 15:45:00 [32minfo[39m: 	HTTP CRON server up and running on port 5555 !
2026-06-16 15:45:01 [32minfo[39m: 	Successfully connected to database mongodb://edgev3_app:edgev3_mongodb_pass@mongodb:27017/edgev3?authSource=admin
2026-06-16 15:45:01 [32minfo[39m: 	HTTP production server up and running on port 5000 !
2026-06-16 15:45:02 [32minfo[39m: 	Successfully connected to database mongodb://edgev3_app:edgev3_mongodb_pass@mongodb:27017/edgev3?authSource=admin
2026-06-16 15:45:02 [32minfo[39m: 	HTTP production server up and running on port 5000 !
2026-06-16 15:45:04 [32minfo[39m: 	Successfully connected to database mongodb://edgev3_app:edgev3_mongodb_pass@mongodb:27017/edgev3?authSource=admin
2026-06-16 15:45:04 [32minfo[39m: 	HTTP production server up and running on port 5000 !
2026-06-16 15:45:29 [32minfo[39m: 	Successfully connected to database mongodb://edgev3_app:edgev3_mongodb_pass@mongodb:27017/edgev3?authSource=admin
2026-06-16 15:45:29 [32minfo[39m: 	HTTP production server up and running on port 5000 !
2026-06-16 15:45:31 [32minfo[39m: 	Successfully connected to database mongodb://edgev3_app:edgev3_mongodb_pass@mongodb:27017/edgev3?authSource=admin
2026-06-16 15:45:31 [32minfo[39m: 	HTTP CRON server up and running on port 5555 !
2026-06-16 15:45:31 [32minfo[39m: 	Successfully connected to database mongodb://edgev3_app:edgev3_mongodb_pass@mongodb:27017/edgev3?authSource=admin
2026-06-16 15:45:31 [32minfo[39m: 	HTTP production server up and running on port 5000 !
2026-06-16 15:45:32 [32minfo[39m: 	Successfully connected to database mongodb://edgev3_app:edgev3_mongodb_pass@mongodb:27017/edgev3?authSource=admin
2026-06-16 15:45:32 [32minfo[39m: 	HTTP production server up and running on port 5000 !
2026-06-16 15:45:34 [32minfo[39m: 	Successfully connected to database mongodb://edgev3_app:edgev3_mongodb_pass@mongodb:27017/edgev3?authSource=admin
2026-06-16 15:45:34 [32minfo[39m: 	HTTP production server up and running on port 5000 !
2026-06-16 15:45:59 [32minfo[39m: 	Successfully connected to database mongodb://edgev3_app:edgev3_mongodb_pass@mongodb:27017/edgev3?authSource=admin
2026-06-16 15:45:59 [32minfo[39m: 	HTTP production server up and running on port 5000 !
2026-06-16 15:46:01 [32minfo[39m: 	Successfully connected to database mongodb://edgev3_app:edgev3_mongodb_pass@mongodb:27017/edgev3?authSource=admin
2026-06-16 15:46:01 [32minfo[39m: 	HTTP CRON server up and running on port 5555 !
2026-06-16 15:46:01 [32minfo[39m: 	Successfully connected to database mongodb://edgev3_app:edgev3_mongodb_pass@mongodb:27017/edgev3?authSource=admin
2026-06-16 15:46:01 [32minfo[39m: 	HTTP production server up and running on port 5000 !
2026-06-16 15:46:03 [32minfo[39m: 	Successfully connected to database mongodb://edgev3_app:edgev3_mongodb_pass@mongodb:27017/edgev3?authSource=admin
2026-06-16 15:46:03 [32minfo[39m: 	HTTP production server up and running on port 5000 !
2026-06-16 15:46:04 [32minfo[39m: 	Successfully connected to database mongodb://edgev3_app:edgev3_mongodb_pass@mongodb:27017/edgev3?authSource=admin
2026-06-16 15:46:04 [32minfo[39m: 	HTTP production server up and running on port 5000 !
2026-06-16 15:46:29 [32minfo[39m: 	Successfully connected to database mongodb://edgev3_app:edgev3_mongodb_pass@mongodb:27017/edgev3?authSource=admin
2026-06-16 15:46:29 [32minfo[39m: 	HTTP production server up and running on port 5000 !
2026-06-16 15:46:30 [32minfo[39m: 	Successfully connected to database mongodb://edgev3_app:edgev3_mongodb_pass@mongodb:27017/edgev3?authSource=admin
2026-06-16 15:46:30 [32minfo[39m: 	HTTP production server up and running on port 5000 !
2026-06-16 15:46:32 [32minfo[39m: 	Successfully connected to database mongodb://edgev3_app:edgev3_mongodb_pass@mongodb:27017/edgev3?authSource=admin
2026-06-16 15:46:32 [32minfo[39m: 	HTTP production server up and running on port 5000 !
2026-06-16 15:46:34 [32minfo[39m: 	Successfully connected to database mongodb://edgev3_app:edgev3_mongodb_pass@mongodb:27017/edgev3?authSource=admin
2026-06-16 15:46:34 [32minfo[39m: 	HTTP production server up and running on port 5000 !
2026-06-16 15:46:59 [32minfo[39m: 	Successfully connected to database mongodb://edgev3_app:edgev3_mongodb_pass@mongodb:27017/edgev3?authSource=admin
2026-06-16 15:46:59 [32minfo[39m: 	HTTP production server up and running on port 5000 !
2026-06-16 15:47:01 [32minfo[39m: 	Successfully connected to database mongodb://edgev3_app:edgev3_mongodb_pass@mongodb:27017/edgev3?authSource=admin
2026-06-16 15:47:01 [32minfo[39m: 	HTTP CRON server up and running on port 5555 !
2026-06-16 15:47:01 [32minfo[39m: 	Successfully connected to database mongodb://edgev3_app:edgev3_mongodb_pass@mongodb:27017/edgev3?authSource=admin
2026-06-16 15:47:01 [32minfo[39m: 	HTTP production server up and running on port 5000 !
2026-06-16 15:47:02 [32minfo[39m: 	Successfully connected to database mongodb://edgev3_app:edgev3_mongodb_pass@mongodb:27017/edgev3?authSource=admin
2026-06-16 15:47:02 [32minfo[39m: 	HTTP production server up and running on port 5000 !
2026-06-16 15:47:04 [32minfo[39m: 	Successfully connected to database mongodb://edgev3_app:edgev3_mongodb_pass@mongodb:27017/edgev3?authSource=admin
2026-06-16 15:47:04 [32minfo[39m: 	HTTP production server up and running on port 5000 !
2026-06-16 15:47:29 [32minfo[39m: 	Successfully connected to database mongodb://edgev3_app:edgev3_mongodb_pass@mongodb:27017/edgev3?authSource=admin
2026-06-16 15:47:29 [32minfo[39m: 	HTTP production server up and running on port 5000 !
2026-06-16 15:47:30 [32minfo[39m: 	Successfully connected to database mongodb://edgev3_app:edgev3_mongodb_pass@mongodb:27017/edgev3?authSource=admin
2026-06-16 15:47:30 [32minfo[39m: 	HTTP CRON server up and running on port 5555 !
2026-06-16 15:47:31 [32minfo[39m: 	Successfully connected to database mongodb://edgev3_app:edgev3_mongodb_pass@mongodb:27017/edgev3?authSource=admin
2026-06-16 15:47:31 [32minfo[39m: 	HTTP production server up and running on port 5000 !
2026-06-16 15:47:32 [32minfo[39m: 	Successfully connected to database mongodb://edgev3_app:edgev3_mongodb_pass@mongodb:27017/edgev3?authSource=admin
2026-06-16 15:47:32 [32minfo[39m: 	HTTP production server up and running on port 5000 !
2026-06-16 15:47:34 [32minfo[39m: 	Successfully connected to database mongodb://edgev3_app:edgev3_mongodb_pass@mongodb:27017/edgev3?authSource=admin
2026-06-16 15:47:34 [32minfo[39m: 	HTTP production server up and running on port 5000 !
2026-06-16 15:47:59 [32minfo[39m: 	Successfully connected to database mongodb://edgev3_app:edgev3_mongodb_pass@mongodb:27017/edgev3?authSource=admin
2026-06-16 15:47:59 [32minfo[39m: 	HTTP production server up and running on port 5000 !
2026-06-16 15:48:00 [32minfo[39m: 	Successfully connected to database mongodb://edgev3_app:edgev3_mongodb_pass@mongodb:27017/edgev3?authSource=admin
2026-06-16 15:48:01 [32minfo[39m: 	HTTP CRON server up and running on port 5555 !
2026-06-16 15:48:01 [32minfo[39m: 	Successfully connected to database mongodb://edgev3_app:edgev3_mongodb_pass@mongodb:27017/edgev3?authSource=admin
2026-06-16 15:48:01 [32minfo[39m: 	HTTP production server up and running on port 5000 !
2026-06-16 15:48:02 [32minfo[39m: 	Successfully connected to database mongodb://edgev3_app:edgev3_mongodb_pass@mongodb:27017/edgev3?authSource=admin
2026-06-16 15:48:02 [32minfo[39m: 	HTTP production server up and running on port 5000 !
2026-06-16 15:48:04 [32minfo[39m: 	Successfully connected to database mongodb://edgev3_app:edgev3_mongodb_pass@mongodb:27017/edgev3?authSource=admin
2026-06-16 15:48:04 [32minfo[39m: 	HTTP production server up and running on port 5000 !
2026-06-16 15:48:29 [32minfo[39m: 	Successfully connected to database mongodb://edgev3_app:edgev3_mongodb_pass@mongodb:27017/edgev3?authSource=admin
2026-06-16 15:48:29 [32minfo[39m: 	HTTP production server up and running on port 5000 !
2026-06-16 15:48:30 [32minfo[39m: 	Successfully connected to database mongodb://edgev3_app:edgev3_mongodb_pass@mongodb:27017/edgev3?authSource=admin
2026-06-16 15:48:30 [32minfo[39m: 	HTTP CRON server up and running on port 5555 !
2026-06-16 15:48:31 [32minfo[39m: 	Successfully connected to database mongodb://edgev3_app:edgev3_mongodb_pass@mongodb:27017/edgev3?authSource=admin
2026-06-16 15:48:31 [32minfo[39m: 	HTTP production server up and running on port 5000 !
2026-06-16 15:48:33 [32minfo[39m: 	Successfully connected to database mongodb://edgev3_app:edgev3_mongodb_pass@mongodb:27017/edgev3?authSource=admin
2026-06-16 15:48:33 [32minfo[39m: 	HTTP production server up and running on port 5000 !
2026-06-16 15:48:34 [32minfo[39m: 	Successfully connected to database mongodb://edgev3_app:edgev3_mongodb_pass@mongodb:27017/edgev3?authSource=admin
2026-06-16 15:48:34 [32minfo[39m: 	HTTP production server up and running on port 5000 !
2026-06-16 15:48:59 [32minfo[39m: 	Successfully connected to database mongodb://edgev3_app:edgev3_mongodb_pass@mongodb:27017/edgev3?authSource=admin
2026-06-16 15:48:59 [32minfo[39m: 	HTTP production server up and running on port 5000 !
2026-06-16 15:49:00 [32minfo[39m: 	Successfully connected to database mongodb://edgev3_app:edgev3_mongodb_pass@mongodb:27017/edgev3?authSource=admin
2026-06-16 15:49:00 [32minfo[39m: 	HTTP CRON server up and running on port 5555 !
2026-06-16 15:49:01 [32minfo[39m: 	Successfully connected to database mongodb://edgev3_app:edgev3_mongodb_pass@mongodb:27017/edgev3?authSource=admin
2026-06-16 15:49:01 [32minfo[39m: 	HTTP production server up and running on port 5000 !
2026-06-16 15:49:02 [32minfo[39m: 	Successfully connected to database mongodb://edgev3_app:edgev3_mongodb_pass@mongodb:27017/edgev3?authSource=admin
2026-06-16 15:49:02 [32minfo[39m: 	HTTP production server up and running on port 5000 !
2026-06-16 15:49:04 [32minfo[39m: 	Successfully connected to database mongodb://edgev3_app:edgev3_mongodb_pass@mongodb:27017/edgev3?authSource=admin
2026-06-16 15:49:04 [32minfo[39m: 	HTTP production server up and running on port 5000 !
2026-06-16 15:49:29 [32minfo[39m: 	Successfully connected to database mongodb://edgev3_app:edgev3_mongodb_pass@mongodb:27017/edgev3?authSource=admin
2026-06-16 15:49:29 [32minfo[39m: 	HTTP production server up and running on port 5000 !
2026-06-16 15:49:30 [32minfo[39m: 	Successfully connected to database mongodb://edgev3_app:edgev3_mongodb_pass@mongodb:27017/edgev3?authSource=admin
2026-06-16 15:49:30 [32minfo[39m: 	HTTP CRON server up and running on port 5555 !
2026-06-16 15:49:31 [32minfo[39m: 	Successfully connected to database mongodb://edgev3_app:edgev3_mongodb_pass@mongodb:27017/edgev3?authSource=admin
2026-06-16 15:49:31 [32minfo[39m: 	HTTP production server up and running on port 5000 !
2026-06-16 15:49:32 [32minfo[39m: 	Successfully connected to database mongodb://edgev3_app:edgev3_mongodb_pass@mongodb:27017/edgev3?authSource=admin
2026-06-16 15:49:32 [32minfo[39m: 	HTTP production server up and running on port 5000 !
2026-06-16 15:49:34 [32minfo[39m: 	Successfully connected to database mongodb://edgev3_app:edgev3_mongodb_pass@mongodb:27017/edgev3?authSource=admin
2026-06-16 15:49:34 [32minfo[39m: 	HTTP production server up and running on port 5000 !
2026-06-16 15:49:59 [32minfo[39m: 	Successfully connected to database mongodb://edgev3_app:edgev3_mongodb_pass@mongodb:27017/edgev3?authSource=admin
2026-06-16 15:49:59 [32minfo[39m: 	HTTP production server up and running on port 5000 !
2026-06-16 15:50:00 [32minfo[39m: 	Successfully connected to database mongodb://edgev3_app:edgev3_mongodb_pass@mongodb:27017/edgev3?authSource=admin
2026-06-16 15:50:00 [32minfo[39m: 	HTTP CRON server up and running on port 5555 !
2026-06-16 15:50:01 [32minfo[39m: 	Successfully connected to database mongodb://edgev3_app:edgev3_mongodb_pass@mongodb:27017/edgev3?authSource=admin
2026-06-16 15:50:01 [32minfo[39m: 	HTTP production server up and running on port 5000 !
2026-06-16 15:50:02 [32minfo[39m: 	Successfully connected to database mongodb://edgev3_app:edgev3_mongodb_pass@mongodb:27017/edgev3?authSource=admin
2026-06-16 15:50:02 [32minfo[39m: 	HTTP production server up and running on port 5000 !
2026-06-16 15:50:04 [32minfo[39m: 	Successfully connected to database mongodb://edgev3_app:edgev3_mongodb_pass@mongodb:27017/edgev3?authSource=admin
2026-06-16 15:50:04 [32minfo[39m: 	HTTP production server up and running on port 5000 !
2026-06-16 15:50:29 [32minfo[39m: 	Successfully connected to database mongodb://edgev3_app:edgev3_mongodb_pass@mongodb:27017/edgev3?authSource=admin
2026-06-16 15:50:29 [32minfo[39m: 	HTTP production server up and running on port 5000 !
2026-06-16 15:50:31 [32minfo[39m: 	Successfully connected to database mongodb://edgev3_app:edgev3_mongodb_pass@mongodb:27017/edgev3?authSource=admin
2026-06-16 15:50:31 [32minfo[39m: 	HTTP CRON server up and running on port 5555 !
2026-06-16 15:50:31 [32minfo[39m: 	Successfully connected to database mongodb://edgev3_app:edgev3_mongodb_pass@mongodb:27017/edgev3?authSource=admin
2026-06-16 15:50:31 [32minfo[39m: 	HTTP production server up and running on port 5000 !
2026-06-16 15:50:33 [32minfo[39m: 	Successfully connected to database mongodb://edgev3_app:edgev3_mongodb_pass@mongodb:27017/edgev3?authSource=admin
2026-06-16 15:50:33 [32minfo[39m: 	HTTP production server up and running on port 5000 !
2026-06-16 15:50:34 [32minfo[39m: 	Successfully connected to database mongodb://edgev3_app:edgev3_mongodb_pass@mongodb:27017/edgev3?authSource=admin
2026-06-16 15:50:34 [32minfo[39m: 	HTTP production server up and running on port 5000 !
2026-06-16 15:50:59 [32minfo[39m: 	Successfully connected to database mongodb://edgev3_app:edgev3_mongodb_pass@mongodb:27017/edgev3?authSource=admin
2026-06-16 15:50:59 [32minfo[39m: 	HTTP production server up and running on port 5000 !
2026-06-16 15:51:00 [32minfo[39m: 	Successfully connected to database mongodb://edgev3_app:edgev3_mongodb_pass@mongodb:27017/edgev3?authSource=admin
2026-06-16 15:51:00 [32minfo[39m: 	HTTP CRON server up and running on port 5555 !
2026-06-16 15:51:01 [32minfo[39m: 	Successfully connected to database mongodb://edgev3_app:edgev3_mongodb_pass@mongodb:27017/edgev3?authSource=admin
2026-06-16 15:51:01 [32minfo[39m: 	HTTP production server up and running on port 5000 !
2026-06-16 15:51:02 [32minfo[39m: 	Successfully connected to database mongodb://edgev3_app:edgev3_mongodb_pass@mongodb:27017/edgev3?authSource=admin
2026-06-16 15:51:02 [32minfo[39m: 	HTTP production server up and running on port 5000 !
2026-06-16 15:51:04 [32minfo[39m: 	Successfully connected to database mongodb://edgev3_app:edgev3_mongodb_pass@mongodb:27017/edgev3?authSource=admin
2026-06-16 15:51:04 [32minfo[39m: 	HTTP production server up and running on port 5000 !
2026-06-16 15:51:29 [32minfo[39m: 	Successfully connected to database mongodb://edgev3_app:edgev3_mongodb_pass@mongodb:27017/edgev3?authSource=admin
2026-06-16 15:51:29 [32minfo[39m: 	HTTP production server up and running on port 5000 !
2026-06-16 15:51:30 [32minfo[39m: 	Successfully connected to database mongodb://edgev3_app:edgev3_mongodb_pass@mongodb:27017/edgev3?authSource=admin
2026-06-16 15:51:30 [32minfo[39m: 	HTTP CRON server up and running on port 5555 !
2026-06-16 15:51:31 [32minfo[39m: 	Successfully connected to database mongodb://edgev3_app:edgev3_mongodb_pass@mongodb:27017/edgev3?authSource=admin
2026-06-16 15:51:31 [32minfo[39m: 	HTTP production server up and running on port 5000 !
2026-06-16 15:51:32 [32minfo[39m: 	Successfully connected to database mongodb://edgev3_app:edgev3_mongodb_pass@mongodb:27017/edgev3?authSource=admin
2026-06-16 15:51:32 [32minfo[39m: 	HTTP production server up and running on port 5000 !
2026-06-16 15:51:34 [32minfo[39m: 	Successfully connected to database mongodb://edgev3_app:edgev3_mongodb_pass@mongodb:27017/edgev3?authSource=admin
2026-06-16 15:51:34 [32minfo[39m: 	HTTP production server up and running on port 5000 !
2026-06-16 15:51:59 [32minfo[39m: 	Successfully connected to database mongodb://edgev3_app:edgev3_mongodb_pass@mongodb:27017/edgev3?authSource=admin
2026-06-16 15:51:59 [32minfo[39m: 	HTTP production server up and running on port 5000 !
2026-06-16 15:52:01 [32minfo[39m: 	Successfully connected to database mongodb://edgev3_app:edgev3_mongodb_pass@mongodb:27017/edgev3?authSource=admin
2026-06-16 15:52:01 [32minfo[39m: 	HTTP CRON server up and running on port 5555 !
2026-06-16 15:52:01 [32minfo[39m: 	Successfully connected to database mongodb://edgev3_app:edgev3_mongodb_pass@mongodb:27017/edgev3?authSource=admin
2026-06-16 15:52:01 [32minfo[39m: 	HTTP production server up and running on port 5000 !
2026-06-16 15:52:02 [32minfo[39m: 	Successfully connected to database mongodb://edgev3_app:edgev3_mongodb_pass@mongodb:27017/edgev3?authSource=admin
2026-06-16 15:52:02 [32minfo[39m: 	HTTP production server up and running on port 5000 !
2026-06-16 15:52:04 [32minfo[39m: 	Successfully connected to database mongodb://edgev3_app:edgev3_mongodb_pass@mongodb:27017/edgev3?authSource=admin
2026-06-16 15:52:04 [32minfo[39m: 	HTTP production server up and running on port 5000 !
2026-06-16 15:52:29 [32minfo[39m: 	Successfully connected to database mongodb://edgev3_app:edgev3_mongodb_pass@mongodb:27017/edgev3?authSource=admin
2026-06-16 15:52:29 [32minfo[39m: 	HTTP production server up and running on port 5000 !
2026-06-16 15:52:30 [32minfo[39m: 	Successfully connected to database mongodb://edgev3_app:edgev3_mongodb_pass@mongodb:27017/edgev3?authSource=admin
2026-06-16 15:52:30 [32minfo[39m: 	HTTP CRON server up and running on port 5555 !
2026-06-16 15:52:31 [32minfo[39m: 	Successfully connected to database mongodb://edgev3_app:edgev3_mongodb_pass@mongodb:27017/edgev3?authSource=admin
2026-06-16 15:52:31 [32minfo[39m: 	HTTP production server up and running on port 5000 !
2026-06-16 15:52:32 [32minfo[39m: 	Successfully connected to database mongodb://edgev3_app:edgev3_mongodb_pass@mongodb:27017/edgev3?authSource=admin
2026-06-16 15:52:32 [32minfo[39m: 	HTTP production server up and running on port 5000 !
2026-06-16 15:52:34 [32minfo[39m: 	Successfully connected to database mongodb://edgev3_app:edgev3_mongodb_pass@mongodb:27017/edgev3?authSource=admin
2026-06-16 15:52:34 [32minfo[39m: 	HTTP production server up and running on port 5000 !
2026-06-16 15:52:59 [32minfo[39m: 	Successfully connected to database mongodb://edgev3_app:edgev3_mongodb_pass@mongodb:27017/edgev3?authSource=admin
2026-06-16 15:52:59 [32minfo[39m: 	HTTP production server up and running on port 5000 !
2026-06-16 15:53:00 [32minfo[39m: 	Successfully connected to database mongodb://edgev3_app:edgev3_mongodb_pass@mongodb:27017/edgev3?authSource=admin
2026-06-16 15:53:00 [32minfo[39m: 	HTTP CRON server up and running on port 5555 !
2026-06-16 15:53:01 [32minfo[39m: 	Successfully connected to database mongodb://edgev3_app:edgev3_mongodb_pass@mongodb:27017/edgev3?authSource=admin
2026-06-16 15:53:01 [32minfo[39m: 	HTTP production server up and running on port 5000 !
2026-06-16 15:53:02 [32minfo[39m: 	Successfully connected to database mongodb://edgev3_app:edgev3_mongodb_pass@mongodb:27017/edgev3?authSource=admin
2026-06-16 15:53:02 [32minfo[39m: 	HTTP production server up and running on port 5000 !
2026-06-16 15:53:04 [32minfo[39m: 	Successfully connected to database mongodb://edgev3_app:edgev3_mongodb_pass@mongodb:27017/edgev3?authSource=admin
2026-06-16 15:53:04 [32minfo[39m: 	HTTP production server up and running on port 5000 !
2026-06-16 15:53:29 [32minfo[39m: 	Successfully connected to database mongodb://edgev3_app:edgev3_mongodb_pass@mongodb:27017/edgev3?authSource=admin
2026-06-16 15:53:29 [32minfo[39m: 	HTTP production server up and running on port 5000 !
2026-06-16 15:53:31 [32minfo[39m: 	Successfully connected to database mongodb://edgev3_app:edgev3_mongodb_pass@mongodb:27017/edgev3?authSource=admin
2026-06-16 15:53:31 [32minfo[39m: 	HTTP CRON server up and running on port 5555 !
2026-06-16 15:53:31 [32minfo[39m: 	Successfully connected to database mongodb://edgev3_app:edgev3_mongodb_pass@mongodb:27017/edgev3?authSource=admin
2026-06-16 15:53:31 [32minfo[39m: 	HTTP production server up and running on port 5000 !
2026-06-16 15:53:33 [32minfo[39m: 	Successfully connected to database mongodb://edgev3_app:edgev3_mongodb_pass@mongodb:27017/edgev3?authSource=admin
2026-06-16 15:53:33 [32minfo[39m: 	HTTP production server up and running on port 5000 !
2026-06-16 15:53:35 [32minfo[39m: 	Successfully connected to database mongodb://edgev3_app:edgev3_mongodb_pass@mongodb:27017/edgev3?authSource=admin
2026-06-16 15:53:35 [32minfo[39m: 	HTTP production server up and running on port 5000 !
2026-06-16 15:53:59 [32minfo[39m: 	Successfully connected to database mongodb://edgev3_app:edgev3_mongodb_pass@mongodb:27017/edgev3?authSource=admin
2026-06-16 15:53:59 [32minfo[39m: 	HTTP production server up and running on port 5000 !
2026-06-16 15:54:01 [32minfo[39m: 	Successfully connected to database mongodb://edgev3_app:edgev3_mongodb_pass@mongodb:27017/edgev3?authSource=admin
2026-06-16 15:54:01 [32minfo[39m: 	HTTP CRON server up and running on port 5555 !
2026-06-16 15:54:01 [32minfo[39m: 	Successfully connected to database mongodb://edgev3_app:edgev3_mongodb_pass@mongodb:27017/edgev3?authSource=admin
2026-06-16 15:54:01 [32minfo[39m: 	HTTP production server up and running on port 5000 !
2026-06-16 15:54:02 [32minfo[39m: 	Successfully connected to database mongodb://edgev3_app:edgev3_mongodb_pass@mongodb:27017/edgev3?authSource=admin
2026-06-16 15:54:02 [32minfo[39m: 	HTTP production server up and running on port 5000 !
2026-06-16 15:54:04 [32minfo[39m: 	Successfully connected to database mongodb://edgev3_app:edgev3_mongodb_pass@mongodb:27017/edgev3?authSource=admin
2026-06-16 15:54:04 [32minfo[39m: 	HTTP production server up and running on port 5000 !
2026-06-16 15:54:29 [32minfo[39m: 	Successfully connected to database mongodb://edgev3_app:edgev3_mongodb_pass@mongodb:27017/edgev3?authSource=admin
2026-06-16 15:54:29 [32minfo[39m: 	HTTP production server up and running on port 5000 !
2026-06-16 15:54:31 [32minfo[39m: 	Successfully connected to database mongodb://edgev3_app:edgev3_mongodb_pass@mongodb:27017/edgev3?authSource=admin
2026-06-16 15:54:31 [32minfo[39m: 	HTTP CRON server up and running on port 5555 !
2026-06-16 15:54:31 [32minfo[39m: 	Successfully connected to database mongodb://edgev3_app:edgev3_mongodb_pass@mongodb:27017/edgev3?authSource=admin
2026-06-16 15:54:31 [32minfo[39m: 	HTTP production server up and running on port 5000 !
2026-06-16 15:54:32 [32minfo[39m: 	Successfully connected to database mongodb://edgev3_app:edgev3_mongodb_pass@mongodb:27017/edgev3?authSource=admin
2026-06-16 15:54:32 [32minfo[39m: 	HTTP production server up and running on port 5000 !
2026-06-16 15:54:34 [32minfo[39m: 	Successfully connected to database mongodb://edgev3_app:edgev3_mongodb_pass@mongodb:27017/edgev3?authSource=admin
2026-06-16 15:54:34 [32minfo[39m: 	HTTP production server up and running on port 5000 !
2026-06-16 15:54:59 [32minfo[39m: 	Successfully connected to database mongodb://edgev3_app:edgev3_mongodb_pass@mongodb:27017/edgev3?authSource=admin
2026-06-16 15:54:59 [32minfo[39m: 	HTTP production server up and running on port 5000 !
2026-06-16 15:55:01 [32minfo[39m: 	Successfully connected to database mongodb://edgev3_app:edgev3_mongodb_pass@mongodb:27017/edgev3?authSource=admin
2026-06-16 15:55:01 [32minfo[39m: 	HTTP CRON server up and running on port 5555 !
2026-06-16 15:55:01 [32minfo[39m: 	Successfully connected to database mongodb://edgev3_app:edgev3_mongodb_pass@mongodb:27017/edgev3?authSource=admin
2026-06-16 15:55:01 [32minfo[39m: 	HTTP production server up and running on port 5000 !
2026-06-16 15:55:03 [32minfo[39m: 	Successfully connected to database mongodb://edgev3_app:edgev3_mongodb_pass@mongodb:27017/edgev3?authSource=admin
2026-06-16 15:55:03 [32minfo[39m: 	HTTP production server up and running on port 5000 !
2026-06-16 15:55:04 [32minfo[39m: 	Successfully connected to database mongodb://edgev3_app:edgev3_mongodb_pass@mongodb:27017/edgev3?authSource=admin
2026-06-16 15:55:04 [32minfo[39m: 	HTTP production server up and running on port 5000 !
2026-06-16 15:55:29 [32minfo[39m: 	Successfully connected to database mongodb://edgev3_app:edgev3_mongodb_pass@mongodb:27017/edgev3?authSource=admin
2026-06-16 15:55:29 [32minfo[39m: 	HTTP production server up and running on port 5000 !
2026-06-16 15:55:30 [32minfo[39m: 	Successfully connected to database mongodb://edgev3_app:edgev3_mongodb_pass@mongodb:27017/edgev3?authSource=admin
2026-06-16 15:55:31 [32minfo[39m: 	HTTP CRON server up and running on port 5555 !
2026-06-16 15:55:31 [32minfo[39m: 	Successfully connected to database mongodb://edgev3_app:edgev3_mongodb_pass@mongodb:27017/edgev3?authSource=admin
2026-06-16 15:55:31 [32minfo[39m: 	HTTP production server up and running on port 5000 !
2026-06-16 15:55:32 [32minfo[39m: 	Successfully connected to database mongodb://edgev3_app:edgev3_mongodb_pass@mongodb:27017/edgev3?authSource=admin
2026-06-16 15:55:32 [32minfo[39m: 	HTTP production server up and running on port 5000 !
2026-06-16 15:55:34 [32minfo[39m: 	Successfully connected to database mongodb://edgev3_app:edgev3_mongodb_pass@mongodb:27017/edgev3?authSource=admin
2026-06-16 15:55:34 [32minfo[39m: 	HTTP production server up and running on port 5000 !
2026-06-16 15:55:59 [32minfo[39m: 	Successfully connected to database mongodb://edgev3_app:edgev3_mongodb_pass@mongodb:27017/edgev3?authSource=admin
2026-06-16 15:55:59 [32minfo[39m: 	HTTP production server up and running on port 5000 !
2026-06-16 15:56:01 [32minfo[39m: 	Successfully connected to database mongodb://edgev3_app:edgev3_mongodb_pass@mongodb:27017/edgev3?authSource=admin
2026-06-16 15:56:01 [32minfo[39m: 	HTTP CRON server up and running on port 5555 !
2026-06-16 15:56:01 [32minfo[39m: 	Successfully connected to database mongodb://edgev3_app:edgev3_mongodb_pass@mongodb:27017/edgev3?authSource=admin
2026-06-16 15:56:01 [32minfo[39m: 	HTTP production server up and running on port 5000 !
2026-06-16 15:56:02 [32minfo[39m: 	Successfully connected to database mongodb://edgev3_app:edgev3_mongodb_pass@mongodb:27017/edgev3?authSource=admin
2026-06-16 15:56:02 [32minfo[39m: 	HTTP production server up and running on port 5000 !
2026-06-16 15:56:04 [32minfo[39m: 	Successfully connected to database mongodb://edgev3_app:edgev3_mongodb_pass@mongodb:27017/edgev3?authSource=admin
2026-06-16 15:56:04 [32minfo[39m: 	HTTP production server up and running on port 5000 !
2026-06-16 15:56:29 [32minfo[39m: 	Successfully connected to database mongodb://edgev3_app:edgev3_mongodb_pass@mongodb:27017/edgev3?authSource=admin
2026-06-16 15:56:29 [32minfo[39m: 	HTTP production server up and running on port 5000 !
2026-06-16 15:56:31 [32minfo[39m: 	Successfully connected to database mongodb://edgev3_app:edgev3_mongodb_pass@mongodb:27017/edgev3?authSource=admin
2026-06-16 15:56:31 [32minfo[39m: 	HTTP CRON server up and running on port 5555 !
2026-06-16 15:56:31 [32minfo[39m: 	Successfully connected to database mongodb://edgev3_app:edgev3_mongodb_pass@mongodb:27017/edgev3?authSource=admin
2026-06-16 15:56:31 [32minfo[39m: 	HTTP production server up and running on port 5000 !
2026-06-16 15:56:33 [32minfo[39m: 	Successfully connected to database mongodb://edgev3_app:edgev3_mongodb_pass@mongodb:27017/edgev3?authSource=admin
2026-06-16 15:56:33 [32minfo[39m: 	HTTP production server up and running on port 5000 !
2026-06-16 15:56:34 [32minfo[39m: 	Successfully connected to database mongodb://edgev3_app:edgev3_mongodb_pass@mongodb:27017/edgev3?authSource=admin
2026-06-16 15:56:34 [32minfo[39m: 	HTTP production server up and running on port 5000 !
2026-06-16 15:56:59 [32minfo[39m: 	Successfully connected to database mongodb://edgev3_app:edgev3_mongodb_pass@mongodb:27017/edgev3?authSource=admin
2026-06-16 15:56:59 [32minfo[39m: 	HTTP production server up and running on port 5000 !
2026-06-16 15:57:01 [32minfo[39m: 	Successfully connected to database mongodb://edgev3_app:edgev3_mongodb_pass@mongodb:27017/edgev3?authSource=admin
2026-06-16 15:57:01 [32minfo[39m: 	HTTP CRON server up and running on port 5555 !
2026-06-16 15:57:01 [32minfo[39m: 	Successfully connected to database mongodb://edgev3_app:edgev3_mongodb_pass@mongodb:27017/edgev3?authSource=admin
2026-06-16 15:57:01 [32minfo[39m: 	HTTP production server up and running on port 5000 !
2026-06-16 15:57:02 [32minfo[39m: 	Successfully connected to database mongodb://edgev3_app:edgev3_mongodb_pass@mongodb:27017/edgev3?authSource=admin
2026-06-16 15:57:02 [32minfo[39m: 	HTTP production server up and running on port 5000 !
2026-06-16 15:57:04 [32minfo[39m: 	Successfully connected to database mongodb://edgev3_app:edgev3_mongodb_pass@mongodb:27017/edgev3?authSource=admin
2026-06-16 15:57:04 [32minfo[39m: 	HTTP production server up and running on port 5000 !
2026-06-16 18:53:43 [32minfo[39m: 	Successfully connected to database mongodb://edgev3_app:edgev3_mongodb_pass@mongodb:27017/edgev3?authSource=admin
2026-06-16 18:53:43 [32minfo[39m: 	Successfully connected to database mongodb://edgev3_app:edgev3_mongodb_pass@mongodb:27017/edgev3?authSource=admin
2026-06-16 18:53:43 [32minfo[39m: 	HTTP production server up and running on port 5000 !
2026-06-16 18:53:43 [32minfo[39m: 	HTTP production server up and running on port 5000 !
2026-06-16 18:53:43 [32minfo[39m: 	Successfully connected to database mongodb://edgev3_app:edgev3_mongodb_pass@mongodb:27017/edgev3?authSource=admin
2026-06-16 18:53:43 [32minfo[39m: 	HTTP production server up and running on port 5000 !
2026-06-16 18:53:43 [32minfo[39m: 	Successfully connected to database mongodb://edgev3_app:edgev3_mongodb_pass@mongodb:27017/edgev3?authSource=admin
2026-06-16 18:53:43 [32minfo[39m: 	HTTP production server up and running on port 5000 !
2026-06-16 18:53:44 [32minfo[39m: 	Successfully connected to database mongodb://edgev3_app:edgev3_mongodb_pass@mongodb:27017/edgev3?authSource=admin
2026-06-16 18:53:44 [32minfo[39m: 	HTTP CRON server up and running on port 5555 !
2026-06-16 18:53:44 [32minfo[39m: 	Successfully connected to database mongodb://edgev3_app:edgev3_mongodb_pass@mongodb:27017/edgev3?authSource=admin
2026-06-16 18:53:44 [32minfo[39m: 	HTTP production server up and running on port 5000 !
2026-06-16 18:53:44 [32minfo[39m: 	Successfully connected to database mongodb://edgev3_app:edgev3_mongodb_pass@mongodb:27017/edgev3?authSource=admin
2026-06-16 18:53:44 [32minfo[39m: 	HTTP production server up and running on port 5000 !
2026-06-16 18:53:46 [32minfo[39m: 	Successfully connected to database mongodb://edgev3_app:edgev3_mongodb_pass@mongodb:27017/edgev3?authSource=admin
2026-06-16 18:53:46 [32minfo[39m: 	HTTP production server up and running on port 5000 !
2026-06-16 18:53:46 [32minfo[39m: 	Successfully connected to database mongodb://edgev3_app:edgev3_mongodb_pass@mongodb:27017/edgev3?authSource=admin
2026-06-16 18:53:46 [32minfo[39m: 	HTTP production server up and running on port 5000 !
2026-06-16 18:54:00 [32minfo[39m: 	Processing workflow request: jSJFTpA1QWmXTvH2
2026-06-16 18:54:00 [32minfo[39m: 	Generate nextflow.config
2026-06-16 18:54:00 [32minfo[39m: 	Submit workflow to nextflow
2026-06-16 18:54:00 [32minfo[39m: 	exec:  NXF_CACHE_DIR=/edgev3/io/projects/jSJFTpA1QWmXTvH2/nextflow/work NXF_PID_FILE=/edgev3/io/projects/jSJFTpA1QWmXTvH2/nextflow/.nextflow.pid NXF_LOG_FILE=/edgev3/io/projects/jSJFTpA1QWmXTvH2/nextflow/.nextflow.log nextflow -C /edgev3/io/projects/jSJFTpA1QWmXTvH2/nextflow/../nextflow.config -bg -q run /edgev3/workflows/Nextflow/metagenomics/nextflow/main.nf -name edge-jSJFTpA1QWmXTvH2
2026-06-16 18:54:00 [32minfo[39m: 	Done workflow submission
2026-06-16 18:54:10 [31merror[39m: 	exec stderr: curl: (60) SSL certificate OpenSSL verify result: unable to get local issuer certificate (20)
More details here: https://curl.se/docs/sslcerts.html

curl failed to verify the legitimacy of the server and therefore could not
establish a secure connection to it. To learn more about this situation and
how to fix it, please visit the webpage mentioned above.

2026-06-16 18:54:10 [32minfo[39m: 	exec stdout: 
Error modules/runAssembly/runAssembly.nf:489:1: Invalid process definition -- check for missing or out-of-order section labels
? 487 | }
? 488 | 
? 489 | process bestIncompleteAssembly {
?     | ^^^^^^^^^^^^^^^^^^^^^^^^^^^^^^^^
? 490 |     label "assembly"
? 491 |     label "tiny"


ERROR ~ Script compilation failed

 -- Check '/edgev3/io/projects/jSJFTpA1QWmXTvH2/nextflow/.nextflow.log' file for details

2026-06-16 18:54:13 [32minfo[39m: 	Successfully connected to database mongodb://edgev3_app:edgev3_mongodb_pass@mongodb:27017/edgev3?authSource=admin
2026-06-16 18:54:13 [32minfo[39m: 	HTTP production server up and running on port 5000 !
2026-06-16 18:54:15 [32minfo[39m: 	Successfully connected to database mongodb://edgev3_app:edgev3_mongodb_pass@mongodb:27017/edgev3?authSource=admin
2026-06-16 18:54:15 [32minfo[39m: 	HTTP CRON server up and running on port 5555 !
2026-06-16 18:54:15 [32minfo[39m: 	Successfully connected to database mongodb://edgev3_app:edgev3_mongodb_pass@mongodb:27017/edgev3?authSource=admin
2026-06-16 18:54:15 [32minfo[39m: 	HTTP production server up and running on port 5000 !
2026-06-16 18:54:17 [32minfo[39m: 	Successfully connected to database mongodb://edgev3_app:edgev3_mongodb_pass@mongodb:27017/edgev3?authSource=admin
2026-06-16 18:54:17 [32minfo[39m: 	HTTP production server up and running on port 5000 !
2026-06-16 18:54:18 [32minfo[39m: 	Successfully connected to database mongodb://edgev3_app:edgev3_mongodb_pass@mongodb:27017/edgev3?authSource=admin
2026-06-16 18:54:18 [32minfo[39m: 	HTTP production server up and running on port 5000 !
2026-06-16 18:54:43 [32minfo[39m: 	Successfully connected to database mongodb://edgev3_app:edgev3_mongodb_pass@mongodb:27017/edgev3?authSource=admin
2026-06-16 18:54:43 [32minfo[39m: 	HTTP production server up and running on port 5000 !
2026-06-16 18:54:45 [32minfo[39m: 	Successfully connected to database mongodb://edgev3_app:edgev3_mongodb_pass@mongodb:27017/edgev3?authSource=admin
2026-06-16 18:54:45 [32minfo[39m: 	HTTP CRON server up and running on port 5555 !
2026-06-16 18:54:45 [32minfo[39m: 	Successfully connected to database mongodb://edgev3_app:edgev3_mongodb_pass@mongodb:27017/edgev3?authSource=admin
2026-06-16 18:54:45 [32minfo[39m: 	HTTP production server up and running on port 5000 !
2026-06-16 18:54:47 [32minfo[39m: 	Successfully connected to database mongodb://edgev3_app:edgev3_mongodb_pass@mongodb:27017/edgev3?authSource=admin
2026-06-16 18:54:47 [32minfo[39m: 	HTTP production server up and running on port 5000 !
2026-06-16 18:54:48 [32minfo[39m: 	Successfully connected to database mongodb://edgev3_app:edgev3_mongodb_pass@mongodb:27017/edgev3?authSource=admin
2026-06-16 18:54:48 [32minfo[39m: 	HTTP production server up and running on port 5000 !
2026-06-16 18:55:13 [32minfo[39m: 	Successfully connected to database mongodb://edgev3_app:edgev3_mongodb_pass@mongodb:27017/edgev3?authSource=admin
2026-06-16 18:55:13 [32minfo[39m: 	HTTP production server up and running on port 5000 !
2026-06-16 18:55:15 [32minfo[39m: 	Successfully connected to database mongodb://edgev3_app:edgev3_mongodb_pass@mongodb:27017/edgev3?authSource=admin
2026-06-16 18:55:15 [32minfo[39m: 	HTTP CRON server up and running on port 5555 !
2026-06-16 18:55:15 [32minfo[39m: 	Successfully connected to database mongodb://edgev3_app:edgev3_mongodb_pass@mongodb:27017/edgev3?authSource=admin
2026-06-16 18:55:15 [32minfo[39m: 	HTTP production server up and running on port 5000 !
2026-06-16 18:55:17 [32minfo[39m: 	Successfully connected to database mongodb://edgev3_app:edgev3_mongodb_pass@mongodb:27017/edgev3?authSource=admin
2026-06-16 18:55:17 [32minfo[39m: 	HTTP production server up and running on port 5000 !
2026-06-16 18:55:18 [32minfo[39m: 	Successfully connected to database mongodb://edgev3_app:edgev3_mongodb_pass@mongodb:27017/edgev3?authSource=admin
2026-06-16 18:55:18 [32minfo[39m: 	HTTP production server up and running on port 5000 !
2026-06-16 18:55:43 [32minfo[39m: 	Successfully connected to database mongodb://edgev3_app:edgev3_mongodb_pass@mongodb:27017/edgev3?authSource=admin
2026-06-16 18:55:43 [32minfo[39m: 	HTTP production server up and running on port 5000 !
2026-06-16 18:55:45 [32minfo[39m: 	Successfully connected to database mongodb://edgev3_app:edgev3_mongodb_pass@mongodb:27017/edgev3?authSource=admin
2026-06-16 18:55:45 [32minfo[39m: 	HTTP CRON server up and running on port 5555 !
2026-06-16 18:55:45 [32minfo[39m: 	Successfully connected to database mongodb://edgev3_app:edgev3_mongodb_pass@mongodb:27017/edgev3?authSource=admin
2026-06-16 18:55:45 [32minfo[39m: 	HTTP production server up and running on port 5000 !
2026-06-16 18:55:47 [32minfo[39m: 	Successfully connected to database mongodb://edgev3_app:edgev3_mongodb_pass@mongodb:27017/edgev3?authSource=admin
2026-06-16 18:55:47 [32minfo[39m: 	HTTP production server up and running on port 5000 !
2026-06-16 18:55:48 [32minfo[39m: 	Successfully connected to database mongodb://edgev3_app:edgev3_mongodb_pass@mongodb:27017/edgev3?authSource=admin
2026-06-16 18:55:48 [32minfo[39m: 	HTTP production server up and running on port 5000 !
2026-06-16 18:56:00 [32minfo[39m: 	exec:  NXF_CACHE_DIR=/edgev3/io/projects/jSJFTpA1QWmXTvH2/nextflow/work nextflow log|awk '/edge-jSJFTpA1QWmXTvH2/ &&(/OK/||/ERR/)'|awk '{split($0,array,/	/); print array[4]}'
2026-06-16 18:56:03 [32minfo[39m: 	exec stdout: 
2026-06-16 18:56:13 [32minfo[39m: 	Successfully connected to database mongodb://edgev3_app:edgev3_mongodb_pass@mongodb:27017/edgev3?authSource=admin
2026-06-16 18:56:13 [32minfo[39m: 	HTTP production server up and running on port 5000 !
2026-06-16 18:56:15 [32minfo[39m: 	Successfully connected to database mongodb://edgev3_app:edgev3_mongodb_pass@mongodb:27017/edgev3?authSource=admin
2026-06-16 18:56:15 [32minfo[39m: 	HTTP CRON server up and running on port 5555 !
2026-06-16 18:56:15 [32minfo[39m: 	Successfully connected to database mongodb://edgev3_app:edgev3_mongodb_pass@mongodb:27017/edgev3?authSource=admin
2026-06-16 18:56:15 [32minfo[39m: 	HTTP production server up and running on port 5000 !
2026-06-16 18:56:17 [32minfo[39m: 	Successfully connected to database mongodb://edgev3_app:edgev3_mongodb_pass@mongodb:27017/edgev3?authSource=admin
2026-06-16 18:56:17 [32minfo[39m: 	HTTP production server up and running on port 5000 !
2026-06-16 18:56:18 [32minfo[39m: 	Successfully connected to database mongodb://edgev3_app:edgev3_mongodb_pass@mongodb:27017/edgev3?authSource=admin
2026-06-16 18:56:18 [32minfo[39m: 	HTTP production server up and running on port 5000 !
2026-06-16 18:56:43 [32minfo[39m: 	Successfully connected to database mongodb://edgev3_app:edgev3_mongodb_pass@mongodb:27017/edgev3?authSource=admin
2026-06-16 18:56:43 [32minfo[39m: 	HTTP production server up and running on port 5000 !
2026-06-16 18:56:45 [32minfo[39m: 	Successfully connected to database mongodb://edgev3_app:edgev3_mongodb_pass@mongodb:27017/edgev3?authSource=admin
2026-06-16 18:56:45 [32minfo[39m: 	HTTP CRON server up and running on port 5555 !
2026-06-16 18:56:45 [32minfo[39m: 	Successfully connected to database mongodb://edgev3_app:edgev3_mongodb_pass@mongodb:27017/edgev3?authSource=admin
2026-06-16 18:56:45 [32minfo[39m: 	HTTP production server up and running on port 5000 !
2026-06-16 18:56:47 [32minfo[39m: 	Successfully connected to database mongodb://edgev3_app:edgev3_mongodb_pass@mongodb:27017/edgev3?authSource=admin
2026-06-16 18:56:47 [32minfo[39m: 	HTTP production server up and running on port 5000 !
2026-06-16 18:56:48 [32minfo[39m: 	Successfully connected to database mongodb://edgev3_app:edgev3_mongodb_pass@mongodb:27017/edgev3?authSource=admin
2026-06-16 18:56:48 [32minfo[39m: 	HTTP production server up and running on port 5000 !
2026-06-16 18:57:13 [32minfo[39m: 	Successfully connected to database mongodb://edgev3_app:edgev3_mongodb_pass@mongodb:27017/edgev3?authSource=admin
2026-06-16 18:57:13 [32minfo[39m: 	HTTP production server up and running on port 5000 !
2026-06-16 18:57:15 [32minfo[39m: 	Successfully connected to database mongodb://edgev3_app:edgev3_mongodb_pass@mongodb:27017/edgev3?authSource=admin
2026-06-16 18:57:15 [32minfo[39m: 	HTTP CRON server up and running on port 5555 !
2026-06-16 18:57:15 [32minfo[39m: 	Successfully connected to database mongodb://edgev3_app:edgev3_mongodb_pass@mongodb:27017/edgev3?authSource=admin
2026-06-16 18:57:15 [32minfo[39m: 	HTTP production server up and running on port 5000 !
2026-06-16 18:57:17 [32minfo[39m: 	Successfully connected to database mongodb://edgev3_app:edgev3_mongodb_pass@mongodb:27017/edgev3?authSource=admin
2026-06-16 18:57:17 [32minfo[39m: 	HTTP production server up and running on port 5000 !
2026-06-16 18:57:18 [32minfo[39m: 	Successfully connected to database mongodb://edgev3_app:edgev3_mongodb_pass@mongodb:27017/edgev3?authSource=admin
2026-06-16 18:57:18 [32minfo[39m: 	HTTP production server up and running on port 5000 !
2026-06-16 18:57:43 [32minfo[39m: 	Successfully connected to database mongodb://edgev3_app:edgev3_mongodb_pass@mongodb:27017/edgev3?authSource=admin
2026-06-16 18:57:43 [32minfo[39m: 	HTTP production server up and running on port 5000 !
2026-06-16 18:57:45 [32minfo[39m: 	Successfully connected to database mongodb://edgev3_app:edgev3_mongodb_pass@mongodb:27017/edgev3?authSource=admin
2026-06-16 18:57:45 [32minfo[39m: 	HTTP CRON server up and running on port 5555 !
2026-06-16 18:57:45 [32minfo[39m: 	Successfully connected to database mongodb://edgev3_app:edgev3_mongodb_pass@mongodb:27017/edgev3?authSource=admin
2026-06-16 18:57:45 [32minfo[39m: 	HTTP production server up and running on port 5000 !
2026-06-16 18:57:47 [32minfo[39m: 	Successfully connected to database mongodb://edgev3_app:edgev3_mongodb_pass@mongodb:27017/edgev3?authSource=admin
2026-06-16 18:57:47 [32minfo[39m: 	HTTP production server up and running on port 5000 !
2026-06-16 18:57:48 [32minfo[39m: 	Successfully connected to database mongodb://edgev3_app:edgev3_mongodb_pass@mongodb:27017/edgev3?authSource=admin
2026-06-16 18:57:48 [32minfo[39m: 	HTTP production server up and running on port 5000 !
2026-06-16 18:58:00 [32minfo[39m: 	exec:  NXF_CACHE_DIR=/edgev3/io/projects/jSJFTpA1QWmXTvH2/nextflow/work nextflow log|awk '/edge-jSJFTpA1QWmXTvH2/ &&(/OK/||/ERR/)'|awk '{split($0,array,/	/); print array[4]}'
2026-06-16 18:58:03 [32minfo[39m: 	exec stdout: 
2026-06-16 18:58:13 [32minfo[39m: 	Successfully connected to database mongodb://edgev3_app:edgev3_mongodb_pass@mongodb:27017/edgev3?authSource=admin
2026-06-16 18:58:13 [32minfo[39m: 	HTTP production server up and running on port 5000 !
2026-06-16 18:58:15 [32minfo[39m: 	Successfully connected to database mongodb://edgev3_app:edgev3_mongodb_pass@mongodb:27017/edgev3?authSource=admin
2026-06-16 18:58:15 [32minfo[39m: 	HTTP CRON server up and running on port 5555 !
2026-06-16 18:58:15 [32minfo[39m: 	Successfully connected to database mongodb://edgev3_app:edgev3_mongodb_pass@mongodb:27017/edgev3?authSource=admin
2026-06-16 18:58:15 [32minfo[39m: 	HTTP production server up and running on port 5000 !
2026-06-16 18:58:17 [32minfo[39m: 	Successfully connected to database mongodb://edgev3_app:edgev3_mongodb_pass@mongodb:27017/edgev3?authSource=admin
2026-06-16 18:58:17 [32minfo[39m: 	HTTP production server up and running on port 5000 !
2026-06-16 18:58:18 [32minfo[39m: 	Successfully connected to database mongodb://edgev3_app:edgev3_mongodb_pass@mongodb:27017/edgev3?authSource=admin
2026-06-16 18:58:18 [32minfo[39m: 	HTTP production server up and running on port 5000 !
2026-06-16 18:58:43 [32minfo[39m: 	Successfully connected to database mongodb://edgev3_app:edgev3_mongodb_pass@mongodb:27017/edgev3?authSource=admin
2026-06-16 18:58:43 [32minfo[39m: 	HTTP production server up and running on port 5000 !
2026-06-16 18:58:45 [32minfo[39m: 	Successfully connected to database mongodb://edgev3_app:edgev3_mongodb_pass@mongodb:27017/edgev3?authSource=admin
2026-06-16 18:58:45 [32minfo[39m: 	HTTP CRON server up and running on port 5555 !
2026-06-16 18:58:45 [32minfo[39m: 	Successfully connected to database mongodb://edgev3_app:edgev3_mongodb_pass@mongodb:27017/edgev3?authSource=admin
2026-06-16 18:58:45 [32minfo[39m: 	HTTP production server up and running on port 5000 !
2026-06-16 18:58:47 [32minfo[39m: 	Successfully connected to database mongodb://edgev3_app:edgev3_mongodb_pass@mongodb:27017/edgev3?authSource=admin
2026-06-16 18:58:47 [32minfo[39m: 	HTTP production server up and running on port 5000 !
2026-06-16 18:58:48 [32minfo[39m: 	Successfully connected to database mongodb://edgev3_app:edgev3_mongodb_pass@mongodb:27017/edgev3?authSource=admin
2026-06-16 18:58:48 [32minfo[39m: 	HTTP production server up and running on port 5000 !
2026-06-16 18:59:13 [32minfo[39m: 	Successfully connected to database mongodb://edgev3_app:edgev3_mongodb_pass@mongodb:27017/edgev3?authSource=admin
2026-06-16 18:59:13 [32minfo[39m: 	HTTP production server up and running on port 5000 !
2026-06-16 18:59:15 [32minfo[39m: 	Successfully connected to database mongodb://edgev3_app:edgev3_mongodb_pass@mongodb:27017/edgev3?authSource=admin
2026-06-16 18:59:15 [32minfo[39m: 	HTTP CRON server up and running on port 5555 !
2026-06-16 18:59:15 [32minfo[39m: 	Successfully connected to database mongodb://edgev3_app:edgev3_mongodb_pass@mongodb:27017/edgev3?authSource=admin
2026-06-16 18:59:15 [32minfo[39m: 	HTTP production server up and running on port 5000 !
2026-06-16 18:59:17 [32minfo[39m: 	Successfully connected to database mongodb://edgev3_app:edgev3_mongodb_pass@mongodb:27017/edgev3?authSource=admin
2026-06-16 18:59:17 [32minfo[39m: 	HTTP production server up and running on port 5000 !
2026-06-16 18:59:18 [32minfo[39m: 	Successfully connected to database mongodb://edgev3_app:edgev3_mongodb_pass@mongodb:27017/edgev3?authSource=admin
2026-06-16 18:59:18 [32minfo[39m: 	HTTP production server up and running on port 5000 !
2026-06-16 18:59:43 [32minfo[39m: 	Successfully connected to database mongodb://edgev3_app:edgev3_mongodb_pass@mongodb:27017/edgev3?authSource=admin
2026-06-16 18:59:43 [32minfo[39m: 	HTTP production server up and running on port 5000 !
2026-06-16 18:59:45 [32minfo[39m: 	Successfully connected to database mongodb://edgev3_app:edgev3_mongodb_pass@mongodb:27017/edgev3?authSource=admin
2026-06-16 18:59:45 [32minfo[39m: 	HTTP CRON server up and running on port 5555 !
2026-06-16 18:59:45 [32minfo[39m: 	Successfully connected to database mongodb://edgev3_app:edgev3_mongodb_pass@mongodb:27017/edgev3?authSource=admin
2026-06-16 18:59:45 [32minfo[39m: 	HTTP production server up and running on port 5000 !
2026-06-16 18:59:47 [32minfo[39m: 	Successfully connected to database mongodb://edgev3_app:edgev3_mongodb_pass@mongodb:27017/edgev3?authSource=admin
2026-06-16 18:59:47 [32minfo[39m: 	HTTP production server up and running on port 5000 !
2026-06-16 18:59:48 [32minfo[39m: 	Successfully connected to database mongodb://edgev3_app:edgev3_mongodb_pass@mongodb:27017/edgev3?authSource=admin
2026-06-16 18:59:48 [32minfo[39m: 	HTTP production server up and running on port 5000 !
2026-06-16 19:00:13 [32minfo[39m: 	Successfully connected to database mongodb://edgev3_app:edgev3_mongodb_pass@mongodb:27017/edgev3?authSource=admin
2026-06-16 19:00:13 [32minfo[39m: 	HTTP production server up and running on port 5000 !
2026-06-16 19:00:15 [32minfo[39m: 	Successfully connected to database mongodb://edgev3_app:edgev3_mongodb_pass@mongodb:27017/edgev3?authSource=admin
2026-06-16 19:00:15 [32minfo[39m: 	HTTP CRON server up and running on port 5555 !
2026-06-16 19:00:15 [32minfo[39m: 	Successfully connected to database mongodb://edgev3_app:edgev3_mongodb_pass@mongodb:27017/edgev3?authSource=admin
2026-06-16 19:00:15 [32minfo[39m: 	HTTP production server up and running on port 5000 !
2026-06-16 19:00:17 [32minfo[39m: 	Successfully connected to database mongodb://edgev3_app:edgev3_mongodb_pass@mongodb:27017/edgev3?authSource=admin
2026-06-16 19:00:17 [32minfo[39m: 	HTTP production server up and running on port 5000 !
2026-06-16 19:00:18 [32minfo[39m: 	Successfully connected to database mongodb://edgev3_app:edgev3_mongodb_pass@mongodb:27017/edgev3?authSource=admin
2026-06-16 19:00:18 [32minfo[39m: 	HTTP production server up and running on port 5000 !
2026-06-16 19:00:43 [32minfo[39m: 	Successfully connected to database mongodb://edgev3_app:edgev3_mongodb_pass@mongodb:27017/edgev3?authSource=admin
2026-06-16 19:00:43 [32minfo[39m: 	HTTP production server up and running on port 5000 !
2026-06-16 19:00:45 [32minfo[39m: 	Successfully connected to database mongodb://edgev3_app:edgev3_mongodb_pass@mongodb:27017/edgev3?authSource=admin
2026-06-16 19:00:45 [32minfo[39m: 	HTTP CRON server up and running on port 5555 !
2026-06-16 19:00:45 [32minfo[39m: 	Successfully connected to database mongodb://edgev3_app:edgev3_mongodb_pass@mongodb:27017/edgev3?authSource=admin
2026-06-16 19:00:45 [32minfo[39m: 	HTTP production server up and running on port 5000 !
2026-06-16 19:00:47 [32minfo[39m: 	Successfully connected to database mongodb://edgev3_app:edgev3_mongodb_pass@mongodb:27017/edgev3?authSource=admin
2026-06-16 19:00:47 [32minfo[39m: 	HTTP production server up and running on port 5000 !
2026-06-16 19:00:48 [32minfo[39m: 	Successfully connected to database mongodb://edgev3_app:edgev3_mongodb_pass@mongodb:27017/edgev3?authSource=admin
2026-06-16 19:00:48 [32minfo[39m: 	HTTP production server up and running on port 5000 !
2026-06-16 19:01:13 [32minfo[39m: 	Successfully connected to database mongodb://edgev3_app:edgev3_mongodb_pass@mongodb:27017/edgev3?authSource=admin
2026-06-16 19:01:13 [32minfo[39m: 	HTTP production server up and running on port 5000 !
2026-06-16 19:01:15 [32minfo[39m: 	Successfully connected to database mongodb://edgev3_app:edgev3_mongodb_pass@mongodb:27017/edgev3?authSource=admin
2026-06-16 19:01:15 [32minfo[39m: 	HTTP CRON server up and running on port 5555 !
2026-06-16 19:01:15 [32minfo[39m: 	Successfully connected to database mongodb://edgev3_app:edgev3_mongodb_pass@mongodb:27017/edgev3?authSource=admin
2026-06-16 19:01:15 [32minfo[39m: 	HTTP production server up and running on port 5000 !
2026-06-16 19:01:17 [32minfo[39m: 	Successfully connected to database mongodb://edgev3_app:edgev3_mongodb_pass@mongodb:27017/edgev3?authSource=admin
2026-06-16 19:01:17 [32minfo[39m: 	HTTP production server up and running on port 5000 !
2026-06-16 19:01:18 [32minfo[39m: 	Successfully connected to database mongodb://edgev3_app:edgev3_mongodb_pass@mongodb:27017/edgev3?authSource=admin
2026-06-16 19:01:18 [32minfo[39m: 	HTTP production server up and running on port 5000 !
2026-06-16 19:01:43 [32minfo[39m: 	Successfully connected to database mongodb://edgev3_app:edgev3_mongodb_pass@mongodb:27017/edgev3?authSource=admin
2026-06-16 19:01:43 [32minfo[39m: 	HTTP production server up and running on port 5000 !
2026-06-16 19:01:45 [32minfo[39m: 	Successfully connected to database mongodb://edgev3_app:edgev3_mongodb_pass@mongodb:27017/edgev3?authSource=admin
2026-06-16 19:01:45 [32minfo[39m: 	HTTP production server up and running on port 5000 !
2026-06-16 19:01:47 [32minfo[39m: 	Successfully connected to database mongodb://edgev3_app:edgev3_mongodb_pass@mongodb:27017/edgev3?authSource=admin
2026-06-16 19:01:47 [32minfo[39m: 	HTTP production server up and running on port 5000 !
2026-06-16 19:01:48 [32minfo[39m: 	Successfully connected to database mongodb://edgev3_app:edgev3_mongodb_pass@mongodb:27017/edgev3?authSource=admin
2026-06-16 19:01:48 [32minfo[39m: 	HTTP production server up and running on port 5000 !
2026-06-16 19:02:00 [32minfo[39m: 	exec:  NXF_CACHE_DIR=/edgev3/io/projects/jSJFTpA1QWmXTvH2/nextflow/work nextflow log|awk '/edge-jSJFTpA1QWmXTvH2/ &&(/OK/||/ERR/)'|awk '{split($0,array,/	/); print array[4]}'
2026-06-16 19:02:03 [32minfo[39m: 	exec stdout: 
2026-06-16 19:02:13 [32minfo[39m: 	Successfully connected to database mongodb://edgev3_app:edgev3_mongodb_pass@mongodb:27017/edgev3?authSource=admin
2026-06-16 19:02:13 [32minfo[39m: 	HTTP production server up and running on port 5000 !
2026-06-16 19:02:15 [32minfo[39m: 	Successfully connected to database mongodb://edgev3_app:edgev3_mongodb_pass@mongodb:27017/edgev3?authSource=admin
2026-06-16 19:02:15 [32minfo[39m: 	HTTP CRON server up and running on port 5555 !
2026-06-16 19:02:15 [32minfo[39m: 	Successfully connected to database mongodb://edgev3_app:edgev3_mongodb_pass@mongodb:27017/edgev3?authSource=admin
2026-06-16 19:02:15 [32minfo[39m: 	HTTP production server up and running on port 5000 !
2026-06-16 19:02:17 [32minfo[39m: 	Successfully connected to database mongodb://edgev3_app:edgev3_mongodb_pass@mongodb:27017/edgev3?authSource=admin
2026-06-16 19:02:17 [32minfo[39m: 	HTTP production server up and running on port 5000 !
2026-06-16 19:02:18 [32minfo[39m: 	Successfully connected to database mongodb://edgev3_app:edgev3_mongodb_pass@mongodb:27017/edgev3?authSource=admin
2026-06-16 19:02:18 [32minfo[39m: 	HTTP production server up and running on port 5000 !
2026-06-16 19:02:43 [32minfo[39m: 	Successfully connected to database mongodb://edgev3_app:edgev3_mongodb_pass@mongodb:27017/edgev3?authSource=admin
2026-06-16 19:02:43 [32minfo[39m: 	HTTP production server up and running on port 5000 !
2026-06-16 19:02:45 [32minfo[39m: 	Successfully connected to database mongodb://edgev3_app:edgev3_mongodb_pass@mongodb:27017/edgev3?authSource=admin
2026-06-16 19:02:45 [32minfo[39m: 	HTTP CRON server up and running on port 5555 !
2026-06-16 19:02:45 [32minfo[39m: 	Successfully connected to database mongodb://edgev3_app:edgev3_mongodb_pass@mongodb:27017/edgev3?authSource=admin
2026-06-16 19:02:45 [32minfo[39m: 	HTTP production server up and running on port 5000 !
2026-06-16 19:02:47 [32minfo[39m: 	Successfully connected to database mongodb://edgev3_app:edgev3_mongodb_pass@mongodb:27017/edgev3?authSource=admin
2026-06-16 19:02:47 [32minfo[39m: 	HTTP production server up and running on port 5000 !
2026-06-16 19:02:48 [32minfo[39m: 	Successfully connected to database mongodb://edgev3_app:edgev3_mongodb_pass@mongodb:27017/edgev3?authSource=admin
2026-06-16 19:02:48 [32minfo[39m: 	HTTP production server up and running on port 5000 !
2026-06-16 19:03:13 [32minfo[39m: 	Successfully connected to database mongodb://edgev3_app:edgev3_mongodb_pass@mongodb:27017/edgev3?authSource=admin
2026-06-16 19:03:13 [32minfo[39m: 	HTTP production server up and running on port 5000 !
2026-06-16 19:03:15 [32minfo[39m: 	Successfully connected to database mongodb://edgev3_app:edgev3_mongodb_pass@mongodb:27017/edgev3?authSource=admin
2026-06-16 19:03:15 [32minfo[39m: 	HTTP CRON server up and running on port 5555 !
2026-06-16 19:03:15 [32minfo[39m: 	Successfully connected to database mongodb://edgev3_app:edgev3_mongodb_pass@mongodb:27017/edgev3?authSource=admin
2026-06-16 19:03:15 [32minfo[39m: 	HTTP production server up and running on port 5000 !
2026-06-16 19:03:17 [32minfo[39m: 	Successfully connected to database mongodb://edgev3_app:edgev3_mongodb_pass@mongodb:27017/edgev3?authSource=admin
2026-06-16 19:03:17 [32minfo[39m: 	HTTP production server up and running on port 5000 !
2026-06-16 19:03:19 [32minfo[39m: 	Successfully connected to database mongodb://edgev3_app:edgev3_mongodb_pass@mongodb:27017/edgev3?authSource=admin
2026-06-16 19:03:19 [32minfo[39m: 	HTTP production server up and running on port 5000 !
2026-06-16 19:03:43 [32minfo[39m: 	Successfully connected to database mongodb://edgev3_app:edgev3_mongodb_pass@mongodb:27017/edgev3?authSource=admin
2026-06-16 19:03:43 [32minfo[39m: 	HTTP production server up and running on port 5000 !
2026-06-16 19:03:45 [32minfo[39m: 	Successfully connected to database mongodb://edgev3_app:edgev3_mongodb_pass@mongodb:27017/edgev3?authSource=admin
2026-06-16 19:03:45 [32minfo[39m: 	HTTP CRON server up and running on port 5555 !
2026-06-16 19:03:45 [32minfo[39m: 	Successfully connected to database mongodb://edgev3_app:edgev3_mongodb_pass@mongodb:27017/edgev3?authSource=admin
2026-06-16 19:03:45 [32minfo[39m: 	HTTP production server up and running on port 5000 !
2026-06-16 19:03:47 [32minfo[39m: 	Successfully connected to database mongodb://edgev3_app:edgev3_mongodb_pass@mongodb:27017/edgev3?authSource=admin
2026-06-16 19:03:47 [32minfo[39m: 	HTTP production server up and running on port 5000 !
2026-06-16 19:03:48 [32minfo[39m: 	Successfully connected to database mongodb://edgev3_app:edgev3_mongodb_pass@mongodb:27017/edgev3?authSource=admin
2026-06-16 19:03:48 [32minfo[39m: 	HTTP production server up and running on port 5000 !
2026-06-16 19:04:00 [32minfo[39m: 	exec:  NXF_CACHE_DIR=/edgev3/io/projects/jSJFTpA1QWmXTvH2/nextflow/work nextflow log|awk '/edge-jSJFTpA1QWmXTvH2/ &&(/OK/||/ERR/)'|awk '{split($0,array,/	/); print array[4]}'
2026-06-16 19:04:03 [32minfo[39m: 	exec stdout: 
2026-06-16 19:04:13 [32minfo[39m: 	Successfully connected to database mongodb://edgev3_app:edgev3_mongodb_pass@mongodb:27017/edgev3?authSource=admin
2026-06-16 19:04:13 [32minfo[39m: 	HTTP production server up and running on port 5000 !
2026-06-16 19:04:15 [32minfo[39m: 	Successfully connected to database mongodb://edgev3_app:edgev3_mongodb_pass@mongodb:27017/edgev3?authSource=admin
2026-06-16 19:04:15 [32minfo[39m: 	HTTP CRON server up and running on port 5555 !
2026-06-16 19:04:15 [32minfo[39m: 	Successfully connected to database mongodb://edgev3_app:edgev3_mongodb_pass@mongodb:27017/edgev3?authSource=admin
2026-06-16 19:04:15 [32minfo[39m: 	HTTP production server up and running on port 5000 !
2026-06-16 19:04:17 [32minfo[39m: 	Successfully connected to database mongodb://edgev3_app:edgev3_mongodb_pass@mongodb:27017/edgev3?authSource=admin
2026-06-16 19:04:17 [32minfo[39m: 	HTTP production server up and running on port 5000 !
2026-06-16 19:04:18 [32minfo[39m: 	Successfully connected to database mongodb://edgev3_app:edgev3_mongodb_pass@mongodb:27017/edgev3?authSource=admin
2026-06-16 19:04:18 [32minfo[39m: 	HTTP production server up and running on port 5000 !
2026-06-16 19:04:43 [32minfo[39m: 	Successfully connected to database mongodb://edgev3_app:edgev3_mongodb_pass@mongodb:27017/edgev3?authSource=admin
2026-06-16 19:04:43 [32minfo[39m: 	HTTP production server up and running on port 5000 !
2026-06-16 19:04:45 [32minfo[39m: 	Successfully connected to database mongodb://edgev3_app:edgev3_mongodb_pass@mongodb:27017/edgev3?authSource=admin
2026-06-16 19:04:45 [32minfo[39m: 	HTTP CRON server up and running on port 5555 !
2026-06-16 19:04:45 [32minfo[39m: 	Successfully connected to database mongodb://edgev3_app:edgev3_mongodb_pass@mongodb:27017/edgev3?authSource=admin
2026-06-16 19:04:45 [32minfo[39m: 	HTTP production server up and running on port 5000 !
2026-06-16 19:04:47 [32minfo[39m: 	Successfully connected to database mongodb://edgev3_app:edgev3_mongodb_pass@mongodb:27017/edgev3?authSource=admin
2026-06-16 19:04:47 [32minfo[39m: 	HTTP production server up and running on port 5000 !
2026-06-16 19:04:48 [32minfo[39m: 	Successfully connected to database mongodb://edgev3_app:edgev3_mongodb_pass@mongodb:27017/edgev3?authSource=admin
2026-06-16 19:04:48 [32minfo[39m: 	HTTP production server up and running on port 5000 !
2026-06-16 19:05:13 [32minfo[39m: 	Successfully connected to database mongodb://edgev3_app:edgev3_mongodb_pass@mongodb:27017/edgev3?authSource=admin
2026-06-16 19:05:13 [32minfo[39m: 	HTTP production server up and running on port 5000 !
2026-06-16 19:05:15 [32minfo[39m: 	Successfully connected to database mongodb://edgev3_app:edgev3_mongodb_pass@mongodb:27017/edgev3?authSource=admin
2026-06-16 19:05:15 [32minfo[39m: 	HTTP CRON server up and running on port 5555 !
2026-06-16 19:05:15 [32minfo[39m: 	Successfully connected to database mongodb://edgev3_app:edgev3_mongodb_pass@mongodb:27017/edgev3?authSource=admin
2026-06-16 19:05:15 [32minfo[39m: 	HTTP production server up and running on port 5000 !
2026-06-16 19:05:17 [32minfo[39m: 	Successfully connected to database mongodb://edgev3_app:edgev3_mongodb_pass@mongodb:27017/edgev3?authSource=admin
2026-06-16 19:05:17 [32minfo[39m: 	HTTP production server up and running on port 5000 !
2026-06-16 19:05:18 [32minfo[39m: 	Successfully connected to database mongodb://edgev3_app:edgev3_mongodb_pass@mongodb:27017/edgev3?authSource=admin
2026-06-16 19:05:18 [32minfo[39m: 	HTTP production server up and running on port 5000 !
2026-06-16 19:05:43 [32minfo[39m: 	Successfully connected to database mongodb://edgev3_app:edgev3_mongodb_pass@mongodb:27017/edgev3?authSource=admin
2026-06-16 19:05:43 [32minfo[39m: 	HTTP production server up and running on port 5000 !
2026-06-16 19:05:45 [32minfo[39m: 	Successfully connected to database mongodb://edgev3_app:edgev3_mongodb_pass@mongodb:27017/edgev3?authSource=admin
2026-06-16 19:05:45 [32minfo[39m: 	HTTP CRON server up and running on port 5555 !
2026-06-16 19:05:45 [32minfo[39m: 	Successfully connected to database mongodb://edgev3_app:edgev3_mongodb_pass@mongodb:27017/edgev3?authSource=admin
2026-06-16 19:05:45 [32minfo[39m: 	HTTP production server up and running on port 5000 !
2026-06-16 19:05:47 [32minfo[39m: 	Successfully connected to database mongodb://edgev3_app:edgev3_mongodb_pass@mongodb:27017/edgev3?authSource=admin
2026-06-16 19:05:47 [32minfo[39m: 	HTTP production server up and running on port 5000 !
2026-06-16 19:05:48 [32minfo[39m: 	Successfully connected to database mongodb://edgev3_app:edgev3_mongodb_pass@mongodb:27017/edgev3?authSource=admin
2026-06-16 19:05:49 [32minfo[39m: 	HTTP production server up and running on port 5000 !
2026-06-16 19:06:00 [32minfo[39m: 	exec:  NXF_CACHE_DIR=/edgev3/io/projects/jSJFTpA1QWmXTvH2/nextflow/work nextflow log|awk '/edge-jSJFTpA1QWmXTvH2/ &&(/OK/||/ERR/)'|awk '{split($0,array,/	/); print array[4]}'
2026-06-16 19:06:03 [32minfo[39m: 	exec stdout: 
2026-06-16 19:06:13 [32minfo[39m: 	Successfully connected to database mongodb://edgev3_app:edgev3_mongodb_pass@mongodb:27017/edgev3?authSource=admin
2026-06-16 19:06:13 [32minfo[39m: 	HTTP production server up and running on port 5000 !
2026-06-16 19:06:15 [32minfo[39m: 	Successfully connected to database mongodb://edgev3_app:edgev3_mongodb_pass@mongodb:27017/edgev3?authSource=admin
2026-06-16 19:06:15 [32minfo[39m: 	HTTP CRON server up and running on port 5555 !
2026-06-16 19:06:15 [32minfo[39m: 	Successfully connected to database mongodb://edgev3_app:edgev3_mongodb_pass@mongodb:27017/edgev3?authSource=admin
2026-06-16 19:06:15 [32minfo[39m: 	HTTP production server up and running on port 5000 !
2026-06-16 19:06:17 [32minfo[39m: 	Successfully connected to database mongodb://edgev3_app:edgev3_mongodb_pass@mongodb:27017/edgev3?authSource=admin
2026-06-16 19:06:17 [32minfo[39m: 	HTTP production server up and running on port 5000 !
2026-06-16 19:06:18 [32minfo[39m: 	Successfully connected to database mongodb://edgev3_app:edgev3_mongodb_pass@mongodb:27017/edgev3?authSource=admin
2026-06-16 19:06:18 [32minfo[39m: 	HTTP production server up and running on port 5000 !
2026-06-16 19:06:43 [32minfo[39m: 	Successfully connected to database mongodb://edgev3_app:edgev3_mongodb_pass@mongodb:27017/edgev3?authSource=admin
2026-06-16 19:06:43 [32minfo[39m: 	HTTP production server up and running on port 5000 !
2026-06-16 19:06:45 [32minfo[39m: 	Successfully connected to database mongodb://edgev3_app:edgev3_mongodb_pass@mongodb:27017/edgev3?authSource=admin
2026-06-16 19:06:45 [32minfo[39m: 	HTTP production server up and running on port 5000 !
2026-06-16 19:06:47 [32minfo[39m: 	Successfully connected to database mongodb://edgev3_app:edgev3_mongodb_pass@mongodb:27017/edgev3?authSource=admin
2026-06-16 19:06:47 [32minfo[39m: 	HTTP production server up and running on port 5000 !
2026-06-16 19:06:48 [32minfo[39m: 	Successfully connected to database mongodb://edgev3_app:edgev3_mongodb_pass@mongodb:27017/edgev3?authSource=admin
2026-06-16 19:06:48 [32minfo[39m: 	HTTP production server up and running on port 5000 !
2026-06-16 19:07:13 [32minfo[39m: 	Successfully connected to database mongodb://edgev3_app:edgev3_mongodb_pass@mongodb:27017/edgev3?authSource=admin
2026-06-16 19:07:13 [32minfo[39m: 	HTTP production server up and running on port 5000 !
2026-06-16 19:07:15 [32minfo[39m: 	Successfully connected to database mongodb://edgev3_app:edgev3_mongodb_pass@mongodb:27017/edgev3?authSource=admin
2026-06-16 19:07:15 [32minfo[39m: 	HTTP CRON server up and running on port 5555 !
2026-06-16 19:07:15 [32minfo[39m: 	Successfully connected to database mongodb://edgev3_app:edgev3_mongodb_pass@mongodb:27017/edgev3?authSource=admin
2026-06-16 19:07:15 [32minfo[39m: 	HTTP production server up and running on port 5000 !
2026-06-16 19:07:17 [32minfo[39m: 	Successfully connected to database mongodb://edgev3_app:edgev3_mongodb_pass@mongodb:27017/edgev3?authSource=admin
2026-06-16 19:07:17 [32minfo[39m: 	HTTP production server up and running on port 5000 !
2026-06-16 19:07:18 [32minfo[39m: 	Successfully connected to database mongodb://edgev3_app:edgev3_mongodb_pass@mongodb:27017/edgev3?authSource=admin
2026-06-16 19:07:18 [32minfo[39m: 	HTTP production server up and running on port 5000 !
2026-06-16 19:07:43 [32minfo[39m: 	Successfully connected to database mongodb://edgev3_app:edgev3_mongodb_pass@mongodb:27017/edgev3?authSource=admin
2026-06-16 19:07:43 [32minfo[39m: 	HTTP production server up and running on port 5000 !
2026-06-16 19:07:45 [32minfo[39m: 	Successfully connected to database mongodb://edgev3_app:edgev3_mongodb_pass@mongodb:27017/edgev3?authSource=admin
2026-06-16 19:07:45 [32minfo[39m: 	HTTP CRON server up and running on port 5555 !
2026-06-16 19:07:45 [32minfo[39m: 	Successfully connected to database mongodb://edgev3_app:edgev3_mongodb_pass@mongodb:27017/edgev3?authSource=admin
2026-06-16 19:07:45 [32minfo[39m: 	HTTP production server up and running on port 5000 !
2026-06-16 19:07:47 [32minfo[39m: 	Successfully connected to database mongodb://edgev3_app:edgev3_mongodb_pass@mongodb:27017/edgev3?authSource=admin
2026-06-16 19:07:47 [32minfo[39m: 	HTTP production server up and running on port 5000 !
2026-06-16 19:07:48 [32minfo[39m: 	Successfully connected to database mongodb://edgev3_app:edgev3_mongodb_pass@mongodb:27017/edgev3?authSource=admin
2026-06-16 19:07:48 [32minfo[39m: 	HTTP production server up and running on port 5000 !
2026-06-16 19:08:00 [32minfo[39m: 	exec:  NXF_CACHE_DIR=/edgev3/io/projects/jSJFTpA1QWmXTvH2/nextflow/work nextflow log|awk '/edge-jSJFTpA1QWmXTvH2/ &&(/OK/||/ERR/)'|awk '{split($0,array,/	/); print array[4]}'
2026-06-16 19:08:03 [32minfo[39m: 	exec stdout: 
2026-06-16 19:08:13 [32minfo[39m: 	Successfully connected to database mongodb://edgev3_app:edgev3_mongodb_pass@mongodb:27017/edgev3?authSource=admin
2026-06-16 19:08:13 [32minfo[39m: 	HTTP production server up and running on port 5000 !
2026-06-16 19:08:15 [32minfo[39m: 	Successfully connected to database mongodb://edgev3_app:edgev3_mongodb_pass@mongodb:27017/edgev3?authSource=admin
2026-06-16 19:08:15 [32minfo[39m: 	HTTP CRON server up and running on port 5555 !
2026-06-16 19:08:15 [32minfo[39m: 	Successfully connected to database mongodb://edgev3_app:edgev3_mongodb_pass@mongodb:27017/edgev3?authSource=admin
2026-06-16 19:08:15 [32minfo[39m: 	HTTP production server up and running on port 5000 !
2026-06-16 19:08:17 [32minfo[39m: 	Successfully connected to database mongodb://edgev3_app:edgev3_mongodb_pass@mongodb:27017/edgev3?authSource=admin
2026-06-16 19:08:17 [32minfo[39m: 	HTTP production server up and running on port 5000 !
2026-06-16 19:08:18 [32minfo[39m: 	Successfully connected to database mongodb://edgev3_app:edgev3_mongodb_pass@mongodb:27017/edgev3?authSource=admin
2026-06-16 19:08:18 [32minfo[39m: 	HTTP production server up and running on port 5000 !
2026-06-16 19:08:43 [32minfo[39m: 	Successfully connected to database mongodb://edgev3_app:edgev3_mongodb_pass@mongodb:27017/edgev3?authSource=admin
2026-06-16 19:08:43 [32minfo[39m: 	HTTP production server up and running on port 5000 !
2026-06-16 19:08:45 [32minfo[39m: 	Successfully connected to database mongodb://edgev3_app:edgev3_mongodb_pass@mongodb:27017/edgev3?authSource=admin
2026-06-16 19:08:45 [32minfo[39m: 	HTTP CRON server up and running on port 5555 !
2026-06-16 19:08:45 [32minfo[39m: 	Successfully connected to database mongodb://edgev3_app:edgev3_mongodb_pass@mongodb:27017/edgev3?authSource=admin
2026-06-16 19:08:45 [32minfo[39m: 	HTTP production server up and running on port 5000 !
2026-06-16 19:08:47 [32minfo[39m: 	Successfully connected to database mongodb://edgev3_app:edgev3_mongodb_pass@mongodb:27017/edgev3?authSource=admin
2026-06-16 19:08:47 [32minfo[39m: 	HTTP production server up and running on port 5000 !
2026-06-16 19:08:49 [32minfo[39m: 	Successfully connected to database mongodb://edgev3_app:edgev3_mongodb_pass@mongodb:27017/edgev3?authSource=admin
2026-06-16 19:08:49 [32minfo[39m: 	HTTP production server up and running on port 5000 !
2026-06-16 19:09:13 [32minfo[39m: 	Successfully connected to database mongodb://edgev3_app:edgev3_mongodb_pass@mongodb:27017/edgev3?authSource=admin
2026-06-16 19:09:13 [32minfo[39m: 	HTTP production server up and running on port 5000 !
2026-06-16 19:09:15 [32minfo[39m: 	Successfully connected to database mongodb://edgev3_app:edgev3_mongodb_pass@mongodb:27017/edgev3?authSource=admin
2026-06-16 19:09:15 [32minfo[39m: 	HTTP CRON server up and running on port 5555 !
2026-06-16 19:09:15 [32minfo[39m: 	Successfully connected to database mongodb://edgev3_app:edgev3_mongodb_pass@mongodb:27017/edgev3?authSource=admin
2026-06-16 19:09:15 [32minfo[39m: 	HTTP production server up and running on port 5000 !
2026-06-16 19:09:17 [32minfo[39m: 	Successfully connected to database mongodb://edgev3_app:edgev3_mongodb_pass@mongodb:27017/edgev3?authSource=admin
2026-06-16 19:09:17 [32minfo[39m: 	HTTP production server up and running on port 5000 !
2026-06-16 19:09:18 [32minfo[39m: 	Successfully connected to database mongodb://edgev3_app:edgev3_mongodb_pass@mongodb:27017/edgev3?authSource=admin
2026-06-16 19:09:18 [32minfo[39m: 	HTTP production server up and running on port 5000 !
2026-06-16 19:09:43 [32minfo[39m: 	Successfully connected to database mongodb://edgev3_app:edgev3_mongodb_pass@mongodb:27017/edgev3?authSource=admin
2026-06-16 19:09:43 [32minfo[39m: 	HTTP production server up and running on port 5000 !
2026-06-16 19:09:45 [32minfo[39m: 	Successfully connected to database mongodb://edgev3_app:edgev3_mongodb_pass@mongodb:27017/edgev3?authSource=admin
2026-06-16 19:09:45 [32minfo[39m: 	HTTP CRON server up and running on port 5555 !
2026-06-16 19:09:45 [32minfo[39m: 	Successfully connected to database mongodb://edgev3_app:edgev3_mongodb_pass@mongodb:27017/edgev3?authSource=admin
2026-06-16 19:09:45 [32minfo[39m: 	HTTP production server up and running on port 5000 !
2026-06-16 19:09:47 [32minfo[39m: 	Successfully connected to database mongodb://edgev3_app:edgev3_mongodb_pass@mongodb:27017/edgev3?authSource=admin
2026-06-16 19:09:47 [32minfo[39m: 	HTTP production server up and running on port 5000 !
2026-06-16 19:09:48 [32minfo[39m: 	Successfully connected to database mongodb://edgev3_app:edgev3_mongodb_pass@mongodb:27017/edgev3?authSource=admin
2026-06-16 19:09:48 [32minfo[39m: 	HTTP production server up and running on port 5000 !
2026-06-16 19:10:00 [32minfo[39m: 	exec:  NXF_CACHE_DIR=/edgev3/io/projects/jSJFTpA1QWmXTvH2/nextflow/work nextflow log|awk '/edge-jSJFTpA1QWmXTvH2/ &&(/OK/||/ERR/)'|awk '{split($0,array,/	/); print array[4]}'
2026-06-16 19:10:03 [32minfo[39m: 	exec stdout: 
2026-06-16 19:10:13 [32minfo[39m: 	Successfully connected to database mongodb://edgev3_app:edgev3_mongodb_pass@mongodb:27017/edgev3?authSource=admin
2026-06-16 19:10:13 [32minfo[39m: 	HTTP production server up and running on port 5000 !
2026-06-16 19:10:15 [32minfo[39m: 	Successfully connected to database mongodb://edgev3_app:edgev3_mongodb_pass@mongodb:27017/edgev3?authSource=admin
2026-06-16 19:10:15 [32minfo[39m: 	HTTP CRON server up and running on port 5555 !
2026-06-16 19:10:15 [32minfo[39m: 	Successfully connected to database mongodb://edgev3_app:edgev3_mongodb_pass@mongodb:27017/edgev3?authSource=admin
2026-06-16 19:10:15 [32minfo[39m: 	HTTP production server up and running on port 5000 !
2026-06-16 19:10:17 [32minfo[39m: 	Successfully connected to database mongodb://edgev3_app:edgev3_mongodb_pass@mongodb:27017/edgev3?authSource=admin
2026-06-16 19:10:17 [32minfo[39m: 	HTTP production server up and running on port 5000 !
2026-06-16 19:10:18 [32minfo[39m: 	Successfully connected to database mongodb://edgev3_app:edgev3_mongodb_pass@mongodb:27017/edgev3?authSource=admin
2026-06-16 19:10:18 [32minfo[39m: 	HTTP production server up and running on port 5000 !
2026-06-16 19:10:43 [32minfo[39m: 	Successfully connected to database mongodb://edgev3_app:edgev3_mongodb_pass@mongodb:27017/edgev3?authSource=admin
2026-06-16 19:10:43 [32minfo[39m: 	HTTP production server up and running on port 5000 !
2026-06-16 19:10:45 [32minfo[39m: 	Successfully connected to database mongodb://edgev3_app:edgev3_mongodb_pass@mongodb:27017/edgev3?authSource=admin
2026-06-16 19:10:45 [32minfo[39m: 	HTTP CRON server up and running on port 5555 !
2026-06-16 19:10:45 [32minfo[39m: 	Successfully connected to database mongodb://edgev3_app:edgev3_mongodb_pass@mongodb:27017/edgev3?authSource=admin
2026-06-16 19:10:45 [32minfo[39m: 	HTTP production server up and running on port 5000 !
2026-06-16 19:10:47 [32minfo[39m: 	Successfully connected to database mongodb://edgev3_app:edgev3_mongodb_pass@mongodb:27017/edgev3?authSource=admin
2026-06-16 19:10:47 [32minfo[39m: 	HTTP production server up and running on port 5000 !
2026-06-16 19:10:48 [32minfo[39m: 	Successfully connected to database mongodb://edgev3_app:edgev3_mongodb_pass@mongodb:27017/edgev3?authSource=admin
2026-06-16 19:10:48 [32minfo[39m: 	HTTP production server up and running on port 5000 !
2026-06-16 19:11:13 [32minfo[39m: 	Successfully connected to database mongodb://edgev3_app:edgev3_mongodb_pass@mongodb:27017/edgev3?authSource=admin
2026-06-16 19:11:13 [32minfo[39m: 	HTTP production server up and running on port 5000 !
2026-06-16 19:11:15 [32minfo[39m: 	Successfully connected to database mongodb://edgev3_app:edgev3_mongodb_pass@mongodb:27017/edgev3?authSource=admin
2026-06-16 19:11:15 [32minfo[39m: 	HTTP CRON server up and running on port 5555 !
2026-06-16 19:11:15 [32minfo[39m: 	Successfully connected to database mongodb://edgev3_app:edgev3_mongodb_pass@mongodb:27017/edgev3?authSource=admin
2026-06-16 19:11:15 [32minfo[39m: 	HTTP production server up and running on port 5000 !
2026-06-16 19:11:17 [32minfo[39m: 	Successfully connected to database mongodb://edgev3_app:edgev3_mongodb_pass@mongodb:27017/edgev3?authSource=admin
2026-06-16 19:11:17 [32minfo[39m: 	HTTP production server up and running on port 5000 !
2026-06-16 19:11:18 [32minfo[39m: 	Successfully connected to database mongodb://edgev3_app:edgev3_mongodb_pass@mongodb:27017/edgev3?authSource=admin
2026-06-16 19:11:18 [32minfo[39m: 	HTTP production server up and running on port 5000 !
2026-06-16 19:11:43 [32minfo[39m: 	Successfully connected to database mongodb://edgev3_app:edgev3_mongodb_pass@mongodb:27017/edgev3?authSource=admin
2026-06-16 19:11:43 [32minfo[39m: 	HTTP production server up and running on port 5000 !
2026-06-16 19:11:45 [32minfo[39m: 	Successfully connected to database mongodb://edgev3_app:edgev3_mongodb_pass@mongodb:27017/edgev3?authSource=admin
2026-06-16 19:11:45 [32minfo[39m: 	HTTP CRON server up and running on port 5555 !
2026-06-16 19:11:45 [32minfo[39m: 	Successfully connected to database mongodb://edgev3_app:edgev3_mongodb_pass@mongodb:27017/edgev3?authSource=admin
2026-06-16 19:11:45 [32minfo[39m: 	HTTP production server up and running on port 5000 !
2026-06-16 19:11:47 [32minfo[39m: 	Successfully connected to database mongodb://edgev3_app:edgev3_mongodb_pass@mongodb:27017/edgev3?authSource=admin
2026-06-16 19:11:47 [32minfo[39m: 	HTTP production server up and running on port 5000 !
2026-06-16 19:11:48 [32minfo[39m: 	Successfully connected to database mongodb://edgev3_app:edgev3_mongodb_pass@mongodb:27017/edgev3?authSource=admin
2026-06-16 19:11:48 [32minfo[39m: 	HTTP production server up and running on port 5000 !
2026-06-16 19:12:00 [32minfo[39m: 	exec:  NXF_CACHE_DIR=/edgev3/io/projects/jSJFTpA1QWmXTvH2/nextflow/work nextflow log|awk '/edge-jSJFTpA1QWmXTvH2/ &&(/OK/||/ERR/)'|awk '{split($0,array,/	/); print array[4]}'
2026-06-16 19:12:03 [32minfo[39m: 	exec stdout: 
2026-06-16 19:12:14 [32minfo[39m: 	Successfully connected to database mongodb://edgev3_app:edgev3_mongodb_pass@mongodb:27017/edgev3?authSource=admin
2026-06-16 19:12:14 [32minfo[39m: 	HTTP production server up and running on port 5000 !
2026-06-16 19:12:15 [32minfo[39m: 	Successfully connected to database mongodb://edgev3_app:edgev3_mongodb_pass@mongodb:27017/edgev3?authSource=admin
2026-06-16 19:12:15 [32minfo[39m: 	HTTP CRON server up and running on port 5555 !
2026-06-16 19:12:15 [32minfo[39m: 	Successfully connected to database mongodb://edgev3_app:edgev3_mongodb_pass@mongodb:27017/edgev3?authSource=admin
2026-06-16 19:12:15 [32minfo[39m: 	HTTP production server up and running on port 5000 !
2026-06-16 19:12:17 [32minfo[39m: 	Successfully connected to database mongodb://edgev3_app:edgev3_mongodb_pass@mongodb:27017/edgev3?authSource=admin
2026-06-16 19:12:17 [32minfo[39m: 	HTTP production server up and running on port 5000 !
2026-06-16 19:12:18 [32minfo[39m: 	Successfully connected to database mongodb://edgev3_app:edgev3_mongodb_pass@mongodb:27017/edgev3?authSource=admin
2026-06-16 19:12:18 [32minfo[39m: 	HTTP production server up and running on port 5000 !
2026-06-16 19:12:43 [32minfo[39m: 	Successfully connected to database mongodb://edgev3_app:edgev3_mongodb_pass@mongodb:27017/edgev3?authSource=admin
2026-06-16 19:12:43 [32minfo[39m: 	HTTP production server up and running on port 5000 !
2026-06-16 19:12:45 [32minfo[39m: 	Successfully connected to database mongodb://edgev3_app:edgev3_mongodb_pass@mongodb:27017/edgev3?authSource=admin
2026-06-16 19:12:45 [32minfo[39m: 	HTTP CRON server up and running on port 5555 !
2026-06-16 19:12:45 [32minfo[39m: 	Successfully connected to database mongodb://edgev3_app:edgev3_mongodb_pass@mongodb:27017/edgev3?authSource=admin
2026-06-16 19:12:45 [32minfo[39m: 	HTTP production server up and running on port 5000 !
2026-06-16 19:12:47 [32minfo[39m: 	Successfully connected to database mongodb://edgev3_app:edgev3_mongodb_pass@mongodb:27017/edgev3?authSource=admin
2026-06-16 19:12:47 [32minfo[39m: 	HTTP production server up and running on port 5000 !
2026-06-16 19:12:48 [32minfo[39m: 	Successfully connected to database mongodb://edgev3_app:edgev3_mongodb_pass@mongodb:27017/edgev3?authSource=admin
2026-06-16 19:12:48 [32minfo[39m: 	HTTP production server up and running on port 5000 !
2026-06-16 19:13:13 [32minfo[39m: 	Successfully connected to database mongodb://edgev3_app:edgev3_mongodb_pass@mongodb:27017/edgev3?authSource=admin
2026-06-16 19:13:13 [32minfo[39m: 	HTTP production server up and running on port 5000 !
2026-06-16 19:13:15 [32minfo[39m: 	Successfully connected to database mongodb://edgev3_app:edgev3_mongodb_pass@mongodb:27017/edgev3?authSource=admin
2026-06-16 19:13:15 [32minfo[39m: 	HTTP CRON server up and running on port 5555 !
2026-06-16 19:13:15 [32minfo[39m: 	Successfully connected to database mongodb://edgev3_app:edgev3_mongodb_pass@mongodb:27017/edgev3?authSource=admin
2026-06-16 19:13:15 [32minfo[39m: 	HTTP production server up and running on port 5000 !
2026-06-16 19:13:17 [32minfo[39m: 	Successfully connected to database mongodb://edgev3_app:edgev3_mongodb_pass@mongodb:27017/edgev3?authSource=admin
2026-06-16 19:13:17 [32minfo[39m: 	HTTP production server up and running on port 5000 !
2026-06-16 19:13:19 [32minfo[39m: 	Successfully connected to database mongodb://edgev3_app:edgev3_mongodb_pass@mongodb:27017/edgev3?authSource=admin
2026-06-16 19:13:19 [32minfo[39m: 	HTTP production server up and running on port 5000 !
2026-06-16 19:13:43 [32minfo[39m: 	Successfully connected to database mongodb://edgev3_app:edgev3_mongodb_pass@mongodb:27017/edgev3?authSource=admin
2026-06-16 19:13:43 [32minfo[39m: 	HTTP production server up and running on port 5000 !
2026-06-16 19:13:45 [32minfo[39m: 	Successfully connected to database mongodb://edgev3_app:edgev3_mongodb_pass@mongodb:27017/edgev3?authSource=admin
2026-06-16 19:13:45 [32minfo[39m: 	HTTP CRON server up and running on port 5555 !
2026-06-16 19:13:45 [32minfo[39m: 	Successfully connected to database mongodb://edgev3_app:edgev3_mongodb_pass@mongodb:27017/edgev3?authSource=admin
2026-06-16 19:13:45 [32minfo[39m: 	HTTP production server up and running on port 5000 !
2026-06-16 19:13:47 [32minfo[39m: 	Successfully connected to database mongodb://edgev3_app:edgev3_mongodb_pass@mongodb:27017/edgev3?authSource=admin
2026-06-16 19:13:47 [32minfo[39m: 	HTTP production server up and running on port 5000 !
2026-06-16 19:13:49 [32minfo[39m: 	Successfully connected to database mongodb://edgev3_app:edgev3_mongodb_pass@mongodb:27017/edgev3?authSource=admin
2026-06-16 19:13:49 [32minfo[39m: 	HTTP production server up and running on port 5000 !
2026-06-16 19:14:00 [32minfo[39m: 	exec:  NXF_CACHE_DIR=/edgev3/io/projects/jSJFTpA1QWmXTvH2/nextflow/work nextflow log|awk '/edge-jSJFTpA1QWmXTvH2/ &&(/OK/||/ERR/)'|awk '{split($0,array,/	/); print array[4]}'
2026-06-16 19:14:03 [32minfo[39m: 	exec stdout: 
2026-06-16 19:14:13 [32minfo[39m: 	Successfully connected to database mongodb://edgev3_app:edgev3_mongodb_pass@mongodb:27017/edgev3?authSource=admin
2026-06-16 19:14:13 [32minfo[39m: 	HTTP production server up and running on port 5000 !
2026-06-16 19:14:15 [32minfo[39m: 	Successfully connected to database mongodb://edgev3_app:edgev3_mongodb_pass@mongodb:27017/edgev3?authSource=admin
2026-06-16 19:14:15 [32minfo[39m: 	HTTP CRON server up and running on port 5555 !
2026-06-16 19:14:15 [32minfo[39m: 	Successfully connected to database mongodb://edgev3_app:edgev3_mongodb_pass@mongodb:27017/edgev3?authSource=admin
2026-06-16 19:14:15 [32minfo[39m: 	HTTP production server up and running on port 5000 !
2026-06-16 19:14:17 [32minfo[39m: 	Successfully connected to database mongodb://edgev3_app:edgev3_mongodb_pass@mongodb:27017/edgev3?authSource=admin
2026-06-16 19:14:17 [32minfo[39m: 	HTTP production server up and running on port 5000 !
2026-06-16 19:14:18 [32minfo[39m: 	Successfully connected to database mongodb://edgev3_app:edgev3_mongodb_pass@mongodb:27017/edgev3?authSource=admin
2026-06-16 19:14:18 [32minfo[39m: 	HTTP production server up and running on port 5000 !
2026-06-16 19:14:43 [32minfo[39m: 	Successfully connected to database mongodb://edgev3_app:edgev3_mongodb_pass@mongodb:27017/edgev3?authSource=admin
2026-06-16 19:14:43 [32minfo[39m: 	HTTP production server up and running on port 5000 !
2026-06-16 19:14:45 [32minfo[39m: 	Successfully connected to database mongodb://edgev3_app:edgev3_mongodb_pass@mongodb:27017/edgev3?authSource=admin
2026-06-16 19:14:45 [32minfo[39m: 	HTTP CRON server up and running on port 5555 !
2026-06-16 19:14:45 [32minfo[39m: 	Successfully connected to database mongodb://edgev3_app:edgev3_mongodb_pass@mongodb:27017/edgev3?authSource=admin
2026-06-16 19:14:45 [32minfo[39m: 	HTTP production server up and running on port 5000 !
2026-06-16 19:14:47 [32minfo[39m: 	Successfully connected to database mongodb://edgev3_app:edgev3_mongodb_pass@mongodb:27017/edgev3?authSource=admin
2026-06-16 19:14:47 [32minfo[39m: 	HTTP production server up and running on port 5000 !
2026-06-16 19:14:48 [32minfo[39m: 	Successfully connected to database mongodb://edgev3_app:edgev3_mongodb_pass@mongodb:27017/edgev3?authSource=admin
2026-06-16 19:14:48 [32minfo[39m: 	HTTP production server up and running on port 5000 !
2026-06-16 19:15:13 [32minfo[39m: 	Successfully connected to database mongodb://edgev3_app:edgev3_mongodb_pass@mongodb:27017/edgev3?authSource=admin
2026-06-16 19:15:13 [32minfo[39m: 	HTTP production server up and running on port 5000 !
2026-06-16 19:15:15 [32minfo[39m: 	Successfully connected to database mongodb://edgev3_app:edgev3_mongodb_pass@mongodb:27017/edgev3?authSource=admin
2026-06-16 19:15:15 [32minfo[39m: 	HTTP CRON server up and running on port 5555 !
2026-06-16 19:15:15 [32minfo[39m: 	Successfully connected to database mongodb://edgev3_app:edgev3_mongodb_pass@mongodb:27017/edgev3?authSource=admin
2026-06-16 19:15:15 [32minfo[39m: 	HTTP production server up and running on port 5000 !
2026-06-16 19:15:17 [32minfo[39m: 	Successfully connected to database mongodb://edgev3_app:edgev3_mongodb_pass@mongodb:27017/edgev3?authSource=admin
2026-06-16 19:15:17 [32minfo[39m: 	HTTP production server up and running on port 5000 !
2026-06-16 19:15:18 [32minfo[39m: 	Successfully connected to database mongodb://edgev3_app:edgev3_mongodb_pass@mongodb:27017/edgev3?authSource=admin
2026-06-16 19:15:18 [32minfo[39m: 	HTTP production server up and running on port 5000 !
2026-06-16 19:15:43 [32minfo[39m: 	Successfully connected to database mongodb://edgev3_app:edgev3_mongodb_pass@mongodb:27017/edgev3?authSource=admin
2026-06-16 19:15:43 [32minfo[39m: 	HTTP production server up and running on port 5000 !
2026-06-16 19:15:45 [32minfo[39m: 	Successfully connected to database mongodb://edgev3_app:edgev3_mongodb_pass@mongodb:27017/edgev3?authSource=admin
2026-06-16 19:15:45 [32minfo[39m: 	HTTP CRON server up and running on port 5555 !
2026-06-16 19:15:45 [32minfo[39m: 	Successfully connected to database mongodb://edgev3_app:edgev3_mongodb_pass@mongodb:27017/edgev3?authSource=admin
2026-06-16 19:15:45 [32minfo[39m: 	HTTP production server up and running on port 5000 !
2026-06-16 19:15:47 [32minfo[39m: 	Successfully connected to database mongodb://edgev3_app:edgev3_mongodb_pass@mongodb:27017/edgev3?authSource=admin
2026-06-16 19:15:47 [32minfo[39m: 	HTTP production server up and running on port 5000 !
2026-06-16 19:15:48 [32minfo[39m: 	Successfully connected to database mongodb://edgev3_app:edgev3_mongodb_pass@mongodb:27017/edgev3?authSource=admin
2026-06-16 19:15:48 [32minfo[39m: 	HTTP production server up and running on port 5000 !
2026-06-16 19:16:00 [32minfo[39m: 	exec:  NXF_CACHE_DIR=/edgev3/io/projects/jSJFTpA1QWmXTvH2/nextflow/work nextflow log|awk '/edge-jSJFTpA1QWmXTvH2/ &&(/OK/||/ERR/)'|awk '{split($0,array,/	/); print array[4]}'
2026-06-16 19:16:03 [32minfo[39m: 	exec stdout: 
2026-06-16 19:16:13 [32minfo[39m: 	Successfully connected to database mongodb://edgev3_app:edgev3_mongodb_pass@mongodb:27017/edgev3?authSource=admin
2026-06-16 19:16:13 [32minfo[39m: 	HTTP production server up and running on port 5000 !
2026-06-16 19:16:15 [32minfo[39m: 	Successfully connected to database mongodb://edgev3_app:edgev3_mongodb_pass@mongodb:27017/edgev3?authSource=admin
2026-06-16 19:16:15 [32minfo[39m: 	HTTP CRON server up and running on port 5555 !
2026-06-16 19:16:15 [32minfo[39m: 	Successfully connected to database mongodb://edgev3_app:edgev3_mongodb_pass@mongodb:27017/edgev3?authSource=admin
2026-06-16 19:16:15 [32minfo[39m: 	HTTP production server up and running on port 5000 !
2026-06-16 19:16:17 [32minfo[39m: 	Successfully connected to database mongodb://edgev3_app:edgev3_mongodb_pass@mongodb:27017/edgev3?authSource=admin
2026-06-16 19:16:17 [32minfo[39m: 	HTTP production server up and running on port 5000 !
2026-06-16 19:16:18 [32minfo[39m: 	Successfully connected to database mongodb://edgev3_app:edgev3_mongodb_pass@mongodb:27017/edgev3?authSource=admin
2026-06-16 19:16:18 [32minfo[39m: 	HTTP production server up and running on port 5000 !
2026-06-16 19:16:44 [32minfo[39m: 	Successfully connected to database mongodb://edgev3_app:edgev3_mongodb_pass@mongodb:27017/edgev3?authSource=admin
2026-06-16 19:16:44 [32minfo[39m: 	HTTP production server up and running on port 5000 !
2026-06-16 19:16:45 [32minfo[39m: 	Successfully connected to database mongodb://edgev3_app:edgev3_mongodb_pass@mongodb:27017/edgev3?authSource=admin
2026-06-16 19:16:45 [32minfo[39m: 	HTTP CRON server up and running on port 5555 !
2026-06-16 19:16:45 [32minfo[39m: 	Successfully connected to database mongodb://edgev3_app:edgev3_mongodb_pass@mongodb:27017/edgev3?authSource=admin
2026-06-16 19:16:45 [32minfo[39m: 	HTTP production server up and running on port 5000 !
2026-06-16 19:16:47 [32minfo[39m: 	Successfully connected to database mongodb://edgev3_app:edgev3_mongodb_pass@mongodb:27017/edgev3?authSource=admin
2026-06-16 19:16:47 [32minfo[39m: 	HTTP production server up and running on port 5000 !
2026-06-16 19:16:48 [32minfo[39m: 	Successfully connected to database mongodb://edgev3_app:edgev3_mongodb_pass@mongodb:27017/edgev3?authSource=admin
2026-06-16 19:16:48 [32minfo[39m: 	HTTP production server up and running on port 5000 !
2026-06-16 19:17:13 [32minfo[39m: 	Successfully connected to database mongodb://edgev3_app:edgev3_mongodb_pass@mongodb:27017/edgev3?authSource=admin
2026-06-16 19:17:13 [32minfo[39m: 	HTTP production server up and running on port 5000 !
2026-06-16 19:17:15 [32minfo[39m: 	Successfully connected to database mongodb://edgev3_app:edgev3_mongodb_pass@mongodb:27017/edgev3?authSource=admin
2026-06-16 19:17:15 [32minfo[39m: 	HTTP CRON server up and running on port 5555 !
2026-06-16 19:17:15 [32minfo[39m: 	Successfully connected to database mongodb://edgev3_app:edgev3_mongodb_pass@mongodb:27017/edgev3?authSource=admin
2026-06-16 19:17:15 [32minfo[39m: 	HTTP production server up and running on port 5000 !
2026-06-16 19:17:17 [32minfo[39m: 	Successfully connected to database mongodb://edgev3_app:edgev3_mongodb_pass@mongodb:27017/edgev3?authSource=admin
2026-06-16 19:17:17 [32minfo[39m: 	HTTP production server up and running on port 5000 !
2026-06-16 19:17:19 [32minfo[39m: 	Successfully connected to database mongodb://edgev3_app:edgev3_mongodb_pass@mongodb:27017/edgev3?authSource=admin
2026-06-16 19:17:19 [32minfo[39m: 	HTTP production server up and running on port 5000 !
2026-06-16 19:17:43 [32minfo[39m: 	Successfully connected to database mongodb://edgev3_app:edgev3_mongodb_pass@mongodb:27017/edgev3?authSource=admin
2026-06-16 19:17:43 [32minfo[39m: 	HTTP production server up and running on port 5000 !
2026-06-16 19:17:45 [32minfo[39m: 	Successfully connected to database mongodb://edgev3_app:edgev3_mongodb_pass@mongodb:27017/edgev3?authSource=admin
2026-06-16 19:17:45 [32minfo[39m: 	HTTP CRON server up and running on port 5555 !
2026-06-16 19:17:45 [32minfo[39m: 	Successfully connected to database mongodb://edgev3_app:edgev3_mongodb_pass@mongodb:27017/edgev3?authSource=admin
2026-06-16 19:17:45 [32minfo[39m: 	HTTP production server up and running on port 5000 !
2026-06-16 19:17:47 [32minfo[39m: 	Successfully connected to database mongodb://edgev3_app:edgev3_mongodb_pass@mongodb:27017/edgev3?authSource=admin
2026-06-16 19:17:47 [32minfo[39m: 	HTTP production server up and running on port 5000 !
2026-06-16 19:17:49 [32minfo[39m: 	Successfully connected to database mongodb://edgev3_app:edgev3_mongodb_pass@mongodb:27017/edgev3?authSource=admin
2026-06-16 19:17:49 [32minfo[39m: 	HTTP production server up and running on port 5000 !
2026-06-16 19:18:00 [32minfo[39m: 	exec:  NXF_CACHE_DIR=/edgev3/io/projects/jSJFTpA1QWmXTvH2/nextflow/work nextflow log|awk '/edge-jSJFTpA1QWmXTvH2/ &&(/OK/||/ERR/)'|awk '{split($0,array,/	/); print array[4]}'
2026-06-16 19:18:04 [32minfo[39m: 	exec stdout: 
2026-06-16 19:18:13 [32minfo[39m: 	Successfully connected to database mongodb://edgev3_app:edgev3_mongodb_pass@mongodb:27017/edgev3?authSource=admin
2026-06-16 19:18:13 [32minfo[39m: 	HTTP production server up and running on port 5000 !
2026-06-16 19:18:15 [32minfo[39m: 	Successfully connected to database mongodb://edgev3_app:edgev3_mongodb_pass@mongodb:27017/edgev3?authSource=admin
2026-06-16 19:18:15 [32minfo[39m: 	HTTP CRON server up and running on port 5555 !
2026-06-16 19:18:15 [32minfo[39m: 	Successfully connected to database mongodb://edgev3_app:edgev3_mongodb_pass@mongodb:27017/edgev3?authSource=admin
2026-06-16 19:18:15 [32minfo[39m: 	HTTP production server up and running on port 5000 !
2026-06-16 19:18:17 [32minfo[39m: 	Successfully connected to database mongodb://edgev3_app:edgev3_mongodb_pass@mongodb:27017/edgev3?authSource=admin
2026-06-16 19:18:17 [32minfo[39m: 	HTTP production server up and running on port 5000 !
2026-06-16 19:18:18 [32minfo[39m: 	Successfully connected to database mongodb://edgev3_app:edgev3_mongodb_pass@mongodb:27017/edgev3?authSource=admin
2026-06-16 19:18:18 [32minfo[39m: 	HTTP production server up and running on port 5000 !
2026-06-16 19:18:43 [32minfo[39m: 	Successfully connected to database mongodb://edgev3_app:edgev3_mongodb_pass@mongodb:27017/edgev3?authSource=admin
2026-06-16 19:18:43 [32minfo[39m: 	HTTP production server up and running on port 5000 !
2026-06-16 19:18:45 [32minfo[39m: 	Successfully connected to database mongodb://edgev3_app:edgev3_mongodb_pass@mongodb:27017/edgev3?authSource=admin
2026-06-16 19:18:45 [32minfo[39m: 	HTTP CRON server up and running on port 5555 !
2026-06-16 19:18:45 [32minfo[39m: 	Successfully connected to database mongodb://edgev3_app:edgev3_mongodb_pass@mongodb:27017/edgev3?authSource=admin
2026-06-16 19:18:45 [32minfo[39m: 	HTTP production server up and running on port 5000 !
2026-06-16 19:18:47 [32minfo[39m: 	Successfully connected to database mongodb://edgev3_app:edgev3_mongodb_pass@mongodb:27017/edgev3?authSource=admin
2026-06-16 19:18:47 [32minfo[39m: 	HTTP production server up and running on port 5000 !
2026-06-16 19:18:48 [32minfo[39m: 	Successfully connected to database mongodb://edgev3_app:edgev3_mongodb_pass@mongodb:27017/edgev3?authSource=admin
2026-06-16 19:18:48 [32minfo[39m: 	HTTP production server up and running on port 5000 !
2026-06-16 19:19:13 [32minfo[39m: 	Successfully connected to database mongodb://edgev3_app:edgev3_mongodb_pass@mongodb:27017/edgev3?authSource=admin
2026-06-16 19:19:13 [32minfo[39m: 	HTTP production server up and running on port 5000 !
2026-06-16 19:19:15 [32minfo[39m: 	Successfully connected to database mongodb://edgev3_app:edgev3_mongodb_pass@mongodb:27017/edgev3?authSource=admin
2026-06-16 19:19:15 [32minfo[39m: 	HTTP CRON server up and running on port 5555 !
2026-06-16 19:19:15 [32minfo[39m: 	Successfully connected to database mongodb://edgev3_app:edgev3_mongodb_pass@mongodb:27017/edgev3?authSource=admin
2026-06-16 19:19:15 [32minfo[39m: 	HTTP production server up and running on port 5000 !
2026-06-16 19:19:17 [32minfo[39m: 	Successfully connected to database mongodb://edgev3_app:edgev3_mongodb_pass@mongodb:27017/edgev3?authSource=admin
2026-06-16 19:19:17 [32minfo[39m: 	HTTP production server up and running on port 5000 !
2026-06-16 19:19:18 [32minfo[39m: 	Successfully connected to database mongodb://edgev3_app:edgev3_mongodb_pass@mongodb:27017/edgev3?authSource=admin
2026-06-16 19:19:18 [32minfo[39m: 	HTTP production server up and running on port 5000 !
2026-06-16 19:19:43 [32minfo[39m: 	Successfully connected to database mongodb://edgev3_app:edgev3_mongodb_pass@mongodb:27017/edgev3?authSource=admin
2026-06-16 19:19:43 [32minfo[39m: 	HTTP production server up and running on port 5000 !
2026-06-16 19:19:45 [32minfo[39m: 	Successfully connected to database mongodb://edgev3_app:edgev3_mongodb_pass@mongodb:27017/edgev3?authSource=admin
2026-06-16 19:19:45 [32minfo[39m: 	HTTP CRON server up and running on port 5555 !
2026-06-16 19:19:45 [32minfo[39m: 	Successfully connected to database mongodb://edgev3_app:edgev3_mongodb_pass@mongodb:27017/edgev3?authSource=admin
2026-06-16 19:19:45 [32minfo[39m: 	HTTP production server up and running on port 5000 !
2026-06-16 19:19:47 [32minfo[39m: 	Successfully connected to database mongodb://edgev3_app:edgev3_mongodb_pass@mongodb:27017/edgev3?authSource=admin
2026-06-16 19:19:47 [32minfo[39m: 	HTTP production server up and running on port 5000 !
2026-06-16 19:19:48 [32minfo[39m: 	Successfully connected to database mongodb://edgev3_app:edgev3_mongodb_pass@mongodb:27017/edgev3?authSource=admin
2026-06-16 19:19:49 [32minfo[39m: 	HTTP production server up and running on port 5000 !
2026-06-16 19:20:00 [32minfo[39m: 	exec:  NXF_CACHE_DIR=/edgev3/io/projects/jSJFTpA1QWmXTvH2/nextflow/work nextflow log|awk '/edge-jSJFTpA1QWmXTvH2/ &&(/OK/||/ERR/)'|awk '{split($0,array,/	/); print array[4]}'
2026-06-16 19:20:04 [32minfo[39m: 	exec stdout: 
2026-06-16 19:20:13 [32minfo[39m: 	Successfully connected to database mongodb://edgev3_app:edgev3_mongodb_pass@mongodb:27017/edgev3?authSource=admin
2026-06-16 19:20:13 [32minfo[39m: 	HTTP production server up and running on port 5000 !
2026-06-16 19:20:15 [32minfo[39m: 	Successfully connected to database mongodb://edgev3_app:edgev3_mongodb_pass@mongodb:27017/edgev3?authSource=admin
2026-06-16 19:20:15 [32minfo[39m: 	HTTP CRON server up and running on port 5555 !
2026-06-16 19:20:15 [32minfo[39m: 	Successfully connected to database mongodb://edgev3_app:edgev3_mongodb_pass@mongodb:27017/edgev3?authSource=admin
2026-06-16 19:20:15 [32minfo[39m: 	HTTP production server up and running on port 5000 !
2026-06-16 19:20:17 [32minfo[39m: 	Successfully connected to database mongodb://edgev3_app:edgev3_mongodb_pass@mongodb:27017/edgev3?authSource=admin
2026-06-16 19:20:17 [32minfo[39m: 	HTTP production server up and running on port 5000 !
2026-06-16 19:20:18 [32minfo[39m: 	Successfully connected to database mongodb://edgev3_app:edgev3_mongodb_pass@mongodb:27017/edgev3?authSource=admin
2026-06-16 19:20:18 [32minfo[39m: 	HTTP production server up and running on port 5000 !
2026-06-16 19:20:43 [32minfo[39m: 	Successfully connected to database mongodb://edgev3_app:edgev3_mongodb_pass@mongodb:27017/edgev3?authSource=admin
2026-06-16 19:20:44 [32minfo[39m: 	HTTP production server up and running on port 5000 !
2026-06-16 19:20:45 [32minfo[39m: 	Successfully connected to database mongodb://edgev3_app:edgev3_mongodb_pass@mongodb:27017/edgev3?authSource=admin
2026-06-16 19:20:45 [32minfo[39m: 	HTTP CRON server up and running on port 5555 !
2026-06-16 19:20:45 [32minfo[39m: 	Successfully connected to database mongodb://edgev3_app:edgev3_mongodb_pass@mongodb:27017/edgev3?authSource=admin
2026-06-16 19:20:45 [32minfo[39m: 	HTTP production server up and running on port 5000 !
2026-06-16 19:20:47 [32minfo[39m: 	Successfully connected to database mongodb://edgev3_app:edgev3_mongodb_pass@mongodb:27017/edgev3?authSource=admin
2026-06-16 19:20:47 [32minfo[39m: 	HTTP production server up and running on port 5000 !
2026-06-16 19:20:48 [32minfo[39m: 	Successfully connected to database mongodb://edgev3_app:edgev3_mongodb_pass@mongodb:27017/edgev3?authSource=admin
2026-06-16 19:20:48 [32minfo[39m: 	HTTP production server up and running on port 5000 !
2026-06-16 19:21:14 [32minfo[39m: 	Successfully connected to database mongodb://edgev3_app:edgev3_mongodb_pass@mongodb:27017/edgev3?authSource=admin
2026-06-16 19:21:14 [32minfo[39m: 	HTTP production server up and running on port 5000 !
2026-06-16 19:21:15 [32minfo[39m: 	Successfully connected to database mongodb://edgev3_app:edgev3_mongodb_pass@mongodb:27017/edgev3?authSource=admin
2026-06-16 19:21:15 [32minfo[39m: 	HTTP CRON server up and running on port 5555 !
2026-06-16 19:21:15 [32minfo[39m: 	Successfully connected to database mongodb://edgev3_app:edgev3_mongodb_pass@mongodb:27017/edgev3?authSource=admin
2026-06-16 19:21:15 [32minfo[39m: 	HTTP production server up and running on port 5000 !
2026-06-16 19:21:17 [32minfo[39m: 	Successfully connected to database mongodb://edgev3_app:edgev3_mongodb_pass@mongodb:27017/edgev3?authSource=admin
2026-06-16 19:21:17 [32minfo[39m: 	HTTP production server up and running on port 5000 !
2026-06-16 19:21:18 [32minfo[39m: 	Successfully connected to database mongodb://edgev3_app:edgev3_mongodb_pass@mongodb:27017/edgev3?authSource=admin
2026-06-16 19:21:18 [32minfo[39m: 	HTTP production server up and running on port 5000 !
2026-06-16 19:21:43 [32minfo[39m: 	Successfully connected to database mongodb://edgev3_app:edgev3_mongodb_pass@mongodb:27017/edgev3?authSource=admin
2026-06-16 19:21:44 [32minfo[39m: 	HTTP production server up and running on port 5000 !
2026-06-16 19:21:45 [32minfo[39m: 	Successfully connected to database mongodb://edgev3_app:edgev3_mongodb_pass@mongodb:27017/edgev3?authSource=admin
2026-06-16 19:21:45 [32minfo[39m: 	HTTP CRON server up and running on port 5555 !
2026-06-16 19:21:45 [32minfo[39m: 	Successfully connected to database mongodb://edgev3_app:edgev3_mongodb_pass@mongodb:27017/edgev3?authSource=admin
2026-06-16 19:21:45 [32minfo[39m: 	HTTP production server up and running on port 5000 !
2026-06-16 19:21:47 [32minfo[39m: 	Successfully connected to database mongodb://edgev3_app:edgev3_mongodb_pass@mongodb:27017/edgev3?authSource=admin
2026-06-16 19:21:47 [32minfo[39m: 	HTTP production server up and running on port 5000 !
2026-06-16 19:21:48 [32minfo[39m: 	Successfully connected to database mongodb://edgev3_app:edgev3_mongodb_pass@mongodb:27017/edgev3?authSource=admin
2026-06-16 19:21:48 [32minfo[39m: 	HTTP production server up and running on port 5000 !
2026-06-16 19:22:00 [32minfo[39m: 	exec:  NXF_CACHE_DIR=/edgev3/io/projects/jSJFTpA1QWmXTvH2/nextflow/work nextflow log|awk '/edge-jSJFTpA1QWmXTvH2/ &&(/OK/||/ERR/)'|awk '{split($0,array,/	/); print array[4]}'
2026-06-16 19:22:03 [32minfo[39m: 	exec stdout: 
2026-06-16 19:22:13 [32minfo[39m: 	Successfully connected to database mongodb://edgev3_app:edgev3_mongodb_pass@mongodb:27017/edgev3?authSource=admin
2026-06-16 19:22:13 [32minfo[39m: 	HTTP production server up and running on port 5000 !
2026-06-16 19:22:15 [32minfo[39m: 	Successfully connected to database mongodb://edgev3_app:edgev3_mongodb_pass@mongodb:27017/edgev3?authSource=admin
2026-06-16 19:22:15 [32minfo[39m: 	HTTP CRON server up and running on port 5555 !
2026-06-16 19:22:15 [32minfo[39m: 	Successfully connected to database mongodb://edgev3_app:edgev3_mongodb_pass@mongodb:27017/edgev3?authSource=admin
2026-06-16 19:22:15 [32minfo[39m: 	HTTP production server up and running on port 5000 !
2026-06-16 19:22:17 [32minfo[39m: 	Successfully connected to database mongodb://edgev3_app:edgev3_mongodb_pass@mongodb:27017/edgev3?authSource=admin
2026-06-16 19:22:17 [32minfo[39m: 	HTTP production server up and running on port 5000 !
2026-06-16 19:22:18 [32minfo[39m: 	Successfully connected to database mongodb://edgev3_app:edgev3_mongodb_pass@mongodb:27017/edgev3?authSource=admin
2026-06-16 19:22:18 [32minfo[39m: 	HTTP production server up and running on port 5000 !
2026-06-16 19:22:43 [32minfo[39m: 	Successfully connected to database mongodb://edgev3_app:edgev3_mongodb_pass@mongodb:27017/edgev3?authSource=admin
2026-06-16 19:22:44 [32minfo[39m: 	HTTP production server up and running on port 5000 !
2026-06-16 19:22:45 [32minfo[39m: 	Successfully connected to database mongodb://edgev3_app:edgev3_mongodb_pass@mongodb:27017/edgev3?authSource=admin
2026-06-16 19:22:45 [32minfo[39m: 	HTTP CRON server up and running on port 5555 !
2026-06-16 19:22:45 [32minfo[39m: 	Successfully connected to database mongodb://edgev3_app:edgev3_mongodb_pass@mongodb:27017/edgev3?authSource=admin
2026-06-16 19:22:45 [32minfo[39m: 	HTTP production server up and running on port 5000 !
2026-06-16 19:22:47 [32minfo[39m: 	Successfully connected to database mongodb://edgev3_app:edgev3_mongodb_pass@mongodb:27017/edgev3?authSource=admin
2026-06-16 19:22:47 [32minfo[39m: 	HTTP production server up and running on port 5000 !
2026-06-16 19:22:48 [32minfo[39m: 	Successfully connected to database mongodb://edgev3_app:edgev3_mongodb_pass@mongodb:27017/edgev3?authSource=admin
2026-06-16 19:22:48 [32minfo[39m: 	HTTP production server up and running on port 5000 !
2026-06-16 19:23:13 [32minfo[39m: 	Successfully connected to database mongodb://edgev3_app:edgev3_mongodb_pass@mongodb:27017/edgev3?authSource=admin
2026-06-16 19:23:13 [32minfo[39m: 	HTTP production server up and running on port 5000 !
2026-06-16 19:23:15 [32minfo[39m: 	Successfully connected to database mongodb://edgev3_app:edgev3_mongodb_pass@mongodb:27017/edgev3?authSource=admin
2026-06-16 19:23:15 [32minfo[39m: 	HTTP CRON server up and running on port 5555 !
2026-06-16 19:23:15 [32minfo[39m: 	Successfully connected to database mongodb://edgev3_app:edgev3_mongodb_pass@mongodb:27017/edgev3?authSource=admin
2026-06-16 19:23:15 [32minfo[39m: 	HTTP production server up and running on port 5000 !
2026-06-16 19:23:17 [32minfo[39m: 	Successfully connected to database mongodb://edgev3_app:edgev3_mongodb_pass@mongodb:27017/edgev3?authSource=admin
2026-06-16 19:23:17 [32minfo[39m: 	HTTP production server up and running on port 5000 !
2026-06-16 19:23:18 [32minfo[39m: 	Successfully connected to database mongodb://edgev3_app:edgev3_mongodb_pass@mongodb:27017/edgev3?authSource=admin
2026-06-16 19:23:18 [32minfo[39m: 	HTTP production server up and running on port 5000 !
2026-06-16 19:23:43 [32minfo[39m: 	Successfully connected to database mongodb://edgev3_app:edgev3_mongodb_pass@mongodb:27017/edgev3?authSource=admin
2026-06-16 19:23:43 [32minfo[39m: 	HTTP production server up and running on port 5000 !
2026-06-16 19:23:45 [32minfo[39m: 	Successfully connected to database mongodb://edgev3_app:edgev3_mongodb_pass@mongodb:27017/edgev3?authSource=admin
2026-06-16 19:23:45 [32minfo[39m: 	HTTP CRON server up and running on port 5555 !
2026-06-16 19:23:45 [32minfo[39m: 	Successfully connected to database mongodb://edgev3_app:edgev3_mongodb_pass@mongodb:27017/edgev3?authSource=admin
2026-06-16 19:23:45 [32minfo[39m: 	HTTP production server up and running on port 5000 !
2026-06-16 19:23:47 [32minfo[39m: 	Successfully connected to database mongodb://edgev3_app:edgev3_mongodb_pass@mongodb:27017/edgev3?authSource=admin
2026-06-16 19:23:47 [32minfo[39m: 	HTTP production server up and running on port 5000 !
2026-06-16 19:23:48 [32minfo[39m: 	Successfully connected to database mongodb://edgev3_app:edgev3_mongodb_pass@mongodb:27017/edgev3?authSource=admin
2026-06-16 19:23:48 [32minfo[39m: 	HTTP production server up and running on port 5000 !
2026-06-16 19:24:00 [32minfo[39m: 	exec:  NXF_CACHE_DIR=/edgev3/io/projects/jSJFTpA1QWmXTvH2/nextflow/work nextflow log|awk '/edge-jSJFTpA1QWmXTvH2/ &&(/OK/||/ERR/)'|awk '{split($0,array,/	/); print array[4]}'
2026-06-16 19:24:03 [32minfo[39m: 	exec stdout: 
2026-06-16 19:24:13 [32minfo[39m: 	Successfully connected to database mongodb://edgev3_app:edgev3_mongodb_pass@mongodb:27017/edgev3?authSource=admin
2026-06-16 19:24:14 [32minfo[39m: 	HTTP production server up and running on port 5000 !
2026-06-16 19:24:15 [32minfo[39m: 	Successfully connected to database mongodb://edgev3_app:edgev3_mongodb_pass@mongodb:27017/edgev3?authSource=admin
2026-06-16 19:24:15 [32minfo[39m: 	HTTP CRON server up and running on port 5555 !
2026-06-16 19:24:15 [32minfo[39m: 	Successfully connected to database mongodb://edgev3_app:edgev3_mongodb_pass@mongodb:27017/edgev3?authSource=admin
2026-06-16 19:24:15 [32minfo[39m: 	HTTP production server up and running on port 5000 !
2026-06-16 19:24:17 [32minfo[39m: 	Successfully connected to database mongodb://edgev3_app:edgev3_mongodb_pass@mongodb:27017/edgev3?authSource=admin
2026-06-16 19:24:17 [32minfo[39m: 	HTTP production server up and running on port 5000 !
2026-06-16 19:24:18 [32minfo[39m: 	Successfully connected to database mongodb://edgev3_app:edgev3_mongodb_pass@mongodb:27017/edgev3?authSource=admin
2026-06-16 19:24:18 [32minfo[39m: 	HTTP production server up and running on port 5000 !
2026-06-16 19:24:44 [32minfo[39m: 	Successfully connected to database mongodb://edgev3_app:edgev3_mongodb_pass@mongodb:27017/edgev3?authSource=admin
2026-06-16 19:24:44 [32minfo[39m: 	HTTP production server up and running on port 5000 !
2026-06-16 19:24:45 [32minfo[39m: 	Successfully connected to database mongodb://edgev3_app:edgev3_mongodb_pass@mongodb:27017/edgev3?authSource=admin
2026-06-16 19:24:45 [32minfo[39m: 	HTTP CRON server up and running on port 5555 !
2026-06-16 19:24:45 [32minfo[39m: 	Successfully connected to database mongodb://edgev3_app:edgev3_mongodb_pass@mongodb:27017/edgev3?authSource=admin
2026-06-16 19:24:45 [32minfo[39m: 	HTTP production server up and running on port 5000 !
2026-06-16 19:24:47 [32minfo[39m: 	Successfully connected to database mongodb://edgev3_app:edgev3_mongodb_pass@mongodb:27017/edgev3?authSource=admin
2026-06-16 19:24:47 [32minfo[39m: 	HTTP production server up and running on port 5000 !
2026-06-16 19:24:49 [32minfo[39m: 	Successfully connected to database mongodb://edgev3_app:edgev3_mongodb_pass@mongodb:27017/edgev3?authSource=admin
2026-06-16 19:24:49 [32minfo[39m: 	HTTP production server up and running on port 5000 !
2026-06-16 19:25:13 [32minfo[39m: 	Successfully connected to database mongodb://edgev3_app:edgev3_mongodb_pass@mongodb:27017/edgev3?authSource=admin
2026-06-16 19:25:14 [32minfo[39m: 	HTTP production server up and running on port 5000 !
2026-06-16 19:25:15 [32minfo[39m: 	Successfully connected to database mongodb://edgev3_app:edgev3_mongodb_pass@mongodb:27017/edgev3?authSource=admin
2026-06-16 19:25:15 [32minfo[39m: 	HTTP CRON server up and running on port 5555 !
2026-06-16 19:25:15 [32minfo[39m: 	Successfully connected to database mongodb://edgev3_app:edgev3_mongodb_pass@mongodb:27017/edgev3?authSource=admin
2026-06-16 19:25:15 [32minfo[39m: 	HTTP production server up and running on port 5000 !
2026-06-16 19:25:17 [32minfo[39m: 	Successfully connected to database mongodb://edgev3_app:edgev3_mongodb_pass@mongodb:27017/edgev3?authSource=admin
2026-06-16 19:25:17 [32minfo[39m: 	HTTP production server up and running on port 5000 !
2026-06-16 19:25:18 [32minfo[39m: 	Successfully connected to database mongodb://edgev3_app:edgev3_mongodb_pass@mongodb:27017/edgev3?authSource=admin
2026-06-16 19:25:18 [32minfo[39m: 	HTTP production server up and running on port 5000 !
2026-06-16 19:25:44 [32minfo[39m: 	Successfully connected to database mongodb://edgev3_app:edgev3_mongodb_pass@mongodb:27017/edgev3?authSource=admin
2026-06-16 19:25:44 [32minfo[39m: 	HTTP production server up and running on port 5000 !
2026-06-16 19:25:45 [32minfo[39m: 	Successfully connected to database mongodb://edgev3_app:edgev3_mongodb_pass@mongodb:27017/edgev3?authSource=admin
2026-06-16 19:25:45 [32minfo[39m: 	HTTP CRON server up and running on port 5555 !
2026-06-16 19:25:45 [32minfo[39m: 	Successfully connected to database mongodb://edgev3_app:edgev3_mongodb_pass@mongodb:27017/edgev3?authSource=admin
2026-06-16 19:25:45 [32minfo[39m: 	HTTP production server up and running on port 5000 !
2026-06-16 19:25:47 [32minfo[39m: 	Successfully connected to database mongodb://edgev3_app:edgev3_mongodb_pass@mongodb:27017/edgev3?authSource=admin
2026-06-16 19:25:47 [32minfo[39m: 	HTTP production server up and running on port 5000 !
2026-06-16 19:25:49 [32minfo[39m: 	Successfully connected to database mongodb://edgev3_app:edgev3_mongodb_pass@mongodb:27017/edgev3?authSource=admin
2026-06-16 19:25:49 [32minfo[39m: 	HTTP production server up and running on port 5000 !
2026-06-16 19:26:00 [32minfo[39m: 	exec:  NXF_CACHE_DIR=/edgev3/io/projects/jSJFTpA1QWmXTvH2/nextflow/work nextflow log|awk '/edge-jSJFTpA1QWmXTvH2/ &&(/OK/||/ERR/)'|awk '{split($0,array,/	/); print array[4]}'
2026-06-16 19:26:04 [32minfo[39m: 	exec stdout: 
2026-06-16 19:26:14 [32minfo[39m: 	Successfully connected to database mongodb://edgev3_app:edgev3_mongodb_pass@mongodb:27017/edgev3?authSource=admin
2026-06-16 19:26:14 [32minfo[39m: 	HTTP production server up and running on port 5000 !
2026-06-16 19:26:15 [32minfo[39m: 	Successfully connected to database mongodb://edgev3_app:edgev3_mongodb_pass@mongodb:27017/edgev3?authSource=admin
2026-06-16 19:26:15 [32minfo[39m: 	HTTP CRON server up and running on port 5555 !
2026-06-16 19:26:15 [32minfo[39m: 	Successfully connected to database mongodb://edgev3_app:edgev3_mongodb_pass@mongodb:27017/edgev3?authSource=admin
2026-06-16 19:26:15 [32minfo[39m: 	HTTP production server up and running on port 5000 !
2026-06-16 19:26:17 [32minfo[39m: 	Successfully connected to database mongodb://edgev3_app:edgev3_mongodb_pass@mongodb:27017/edgev3?authSource=admin
2026-06-16 19:26:17 [32minfo[39m: 	HTTP production server up and running on port 5000 !
2026-06-16 19:26:19 [32minfo[39m: 	Successfully connected to database mongodb://edgev3_app:edgev3_mongodb_pass@mongodb:27017/edgev3?authSource=admin
2026-06-16 19:26:19 [32minfo[39m: 	HTTP production server up and running on port 5000 !
2026-06-16 19:26:44 [32minfo[39m: 	Successfully connected to database mongodb://edgev3_app:edgev3_mongodb_pass@mongodb:27017/edgev3?authSource=admin
2026-06-16 19:26:44 [32minfo[39m: 	HTTP production server up and running on port 5000 !
2026-06-16 19:26:45 [32minfo[39m: 	Successfully connected to database mongodb://edgev3_app:edgev3_mongodb_pass@mongodb:27017/edgev3?authSource=admin
2026-06-16 19:26:45 [32minfo[39m: 	HTTP CRON server up and running on port 5555 !
2026-06-16 19:26:45 [32minfo[39m: 	Successfully connected to database mongodb://edgev3_app:edgev3_mongodb_pass@mongodb:27017/edgev3?authSource=admin
2026-06-16 19:26:45 [32minfo[39m: 	HTTP production server up and running on port 5000 !
2026-06-16 19:26:47 [32minfo[39m: 	Successfully connected to database mongodb://edgev3_app:edgev3_mongodb_pass@mongodb:27017/edgev3?authSource=admin
2026-06-16 19:26:47 [32minfo[39m: 	HTTP production server up and running on port 5000 !
2026-06-16 19:26:49 [32minfo[39m: 	Successfully connected to database mongodb://edgev3_app:edgev3_mongodb_pass@mongodb:27017/edgev3?authSource=admin
2026-06-16 19:26:49 [32minfo[39m: 	HTTP production server up and running on port 5000 !
2026-06-16 19:27:14 [32minfo[39m: 	Successfully connected to database mongodb://edgev3_app:edgev3_mongodb_pass@mongodb:27017/edgev3?authSource=admin
2026-06-16 19:27:14 [32minfo[39m: 	HTTP production server up and running on port 5000 !
2026-06-16 19:27:15 [32minfo[39m: 	Successfully connected to database mongodb://edgev3_app:edgev3_mongodb_pass@mongodb:27017/edgev3?authSource=admin
2026-06-16 19:27:15 [32minfo[39m: 	HTTP CRON server up and running on port 5555 !
2026-06-16 19:27:16 [32minfo[39m: 	Successfully connected to database mongodb://edgev3_app:edgev3_mongodb_pass@mongodb:27017/edgev3?authSource=admin
2026-06-16 19:27:16 [32minfo[39m: 	HTTP production server up and running on port 5000 !
2026-06-16 19:27:17 [32minfo[39m: 	Successfully connected to database mongodb://edgev3_app:edgev3_mongodb_pass@mongodb:27017/edgev3?authSource=admin
2026-06-16 19:27:17 [32minfo[39m: 	HTTP production server up and running on port 5000 !
2026-06-16 19:27:19 [32minfo[39m: 	Successfully connected to database mongodb://edgev3_app:edgev3_mongodb_pass@mongodb:27017/edgev3?authSource=admin
2026-06-16 19:27:19 [32minfo[39m: 	HTTP production server up and running on port 5000 !
2026-06-16 19:27:44 [32minfo[39m: 	Successfully connected to database mongodb://edgev3_app:edgev3_mongodb_pass@mongodb:27017/edgev3?authSource=admin
2026-06-16 19:27:44 [32minfo[39m: 	HTTP production server up and running on port 5000 !
2026-06-16 19:27:45 [32minfo[39m: 	Successfully connected to database mongodb://edgev3_app:edgev3_mongodb_pass@mongodb:27017/edgev3?authSource=admin
2026-06-16 19:27:45 [32minfo[39m: 	HTTP CRON server up and running on port 5555 !
2026-06-16 19:27:45 [32minfo[39m: 	Successfully connected to database mongodb://edgev3_app:edgev3_mongodb_pass@mongodb:27017/edgev3?authSource=admin
2026-06-16 19:27:45 [32minfo[39m: 	HTTP production server up and running on port 5000 !
2026-06-16 19:27:47 [32minfo[39m: 	Successfully connected to database mongodb://edgev3_app:edgev3_mongodb_pass@mongodb:27017/edgev3?authSource=admin
2026-06-16 19:27:47 [32minfo[39m: 	HTTP production server up and running on port 5000 !
2026-06-16 19:27:48 [32minfo[39m: 	Successfully connected to database mongodb://edgev3_app:edgev3_mongodb_pass@mongodb:27017/edgev3?authSource=admin
2026-06-16 19:27:48 [32minfo[39m: 	HTTP production server up and running on port 5000 !
2026-06-16 19:28:00 [32minfo[39m: 	exec:  NXF_CACHE_DIR=/edgev3/io/projects/jSJFTpA1QWmXTvH2/nextflow/work nextflow log|awk '/edge-jSJFTpA1QWmXTvH2/ &&(/OK/||/ERR/)'|awk '{split($0,array,/	/); print array[4]}'
2026-06-16 19:28:03 [32minfo[39m: 	exec stdout: 
2026-06-16 19:28:14 [32minfo[39m: 	Successfully connected to database mongodb://edgev3_app:edgev3_mongodb_pass@mongodb:27017/edgev3?authSource=admin
2026-06-16 19:28:14 [32minfo[39m: 	HTTP production server up and running on port 5000 !
2026-06-16 19:28:15 [32minfo[39m: 	Successfully connected to database mongodb://edgev3_app:edgev3_mongodb_pass@mongodb:27017/edgev3?authSource=admin
2026-06-16 19:28:15 [32minfo[39m: 	HTTP CRON server up and running on port 5555 !
2026-06-16 19:28:15 [32minfo[39m: 	Successfully connected to database mongodb://edgev3_app:edgev3_mongodb_pass@mongodb:27017/edgev3?authSource=admin
2026-06-16 19:28:15 [32minfo[39m: 	HTTP production server up and running on port 5000 !
2026-06-16 19:28:17 [32minfo[39m: 	Successfully connected to database mongodb://edgev3_app:edgev3_mongodb_pass@mongodb:27017/edgev3?authSource=admin
2026-06-16 19:28:17 [32minfo[39m: 	HTTP production server up and running on port 5000 !
2026-06-16 19:28:19 [32minfo[39m: 	Successfully connected to database mongodb://edgev3_app:edgev3_mongodb_pass@mongodb:27017/edgev3?authSource=admin
2026-06-16 19:28:19 [32minfo[39m: 	HTTP production server up and running on port 5000 !
2026-06-16 19:28:44 [32minfo[39m: 	Successfully connected to database mongodb://edgev3_app:edgev3_mongodb_pass@mongodb:27017/edgev3?authSource=admin
2026-06-16 19:28:44 [32minfo[39m: 	HTTP production server up and running on port 5000 !
2026-06-16 19:28:45 [32minfo[39m: 	Successfully connected to database mongodb://edgev3_app:edgev3_mongodb_pass@mongodb:27017/edgev3?authSource=admin
2026-06-16 19:28:45 [32minfo[39m: 	HTTP CRON server up and running on port 5555 !
2026-06-16 19:28:45 [32minfo[39m: 	Successfully connected to database mongodb://edgev3_app:edgev3_mongodb_pass@mongodb:27017/edgev3?authSource=admin
2026-06-16 19:28:45 [32minfo[39m: 	HTTP production server up and running on port 5000 !
2026-06-16 19:28:47 [32minfo[39m: 	Successfully connected to database mongodb://edgev3_app:edgev3_mongodb_pass@mongodb:27017/edgev3?authSource=admin
2026-06-16 19:28:47 [32minfo[39m: 	HTTP production server up and running on port 5000 !
2026-06-16 19:28:48 [32minfo[39m: 	Successfully connected to database mongodb://edgev3_app:edgev3_mongodb_pass@mongodb:27017/edgev3?authSource=admin
2026-06-16 19:28:49 [32minfo[39m: 	HTTP production server up and running on port 5000 !
2026-06-16 19:29:14 [32minfo[39m: 	Successfully connected to database mongodb://edgev3_app:edgev3_mongodb_pass@mongodb:27017/edgev3?authSource=admin
2026-06-16 19:29:14 [32minfo[39m: 	HTTP production server up and running on port 5000 !
2026-06-16 19:29:15 [32minfo[39m: 	Successfully connected to database mongodb://edgev3_app:edgev3_mongodb_pass@mongodb:27017/edgev3?authSource=admin
2026-06-16 19:29:15 [32minfo[39m: 	HTTP CRON server up and running on port 5555 !
2026-06-16 19:29:15 [32minfo[39m: 	Successfully connected to database mongodb://edgev3_app:edgev3_mongodb_pass@mongodb:27017/edgev3?authSource=admin
2026-06-16 19:29:15 [32minfo[39m: 	HTTP production server up and running on port 5000 !
2026-06-16 19:29:17 [32minfo[39m: 	Successfully connected to database mongodb://edgev3_app:edgev3_mongodb_pass@mongodb:27017/edgev3?authSource=admin
2026-06-16 19:29:17 [32minfo[39m: 	HTTP production server up and running on port 5000 !
2026-06-16 19:29:19 [32minfo[39m: 	Successfully connected to database mongodb://edgev3_app:edgev3_mongodb_pass@mongodb:27017/edgev3?authSource=admin
2026-06-16 19:29:19 [32minfo[39m: 	HTTP production server up and running on port 5000 !
2026-06-16 19:29:44 [32minfo[39m: 	Successfully connected to database mongodb://edgev3_app:edgev3_mongodb_pass@mongodb:27017/edgev3?authSource=admin
2026-06-16 19:29:44 [32minfo[39m: 	HTTP production server up and running on port 5000 !
2026-06-16 19:29:45 [32minfo[39m: 	Successfully connected to database mongodb://edgev3_app:edgev3_mongodb_pass@mongodb:27017/edgev3?authSource=admin
2026-06-16 19:29:45 [32minfo[39m: 	HTTP CRON server up and running on port 5555 !
2026-06-16 19:29:45 [32minfo[39m: 	Successfully connected to database mongodb://edgev3_app:edgev3_mongodb_pass@mongodb:27017/edgev3?authSource=admin
2026-06-16 19:29:45 [32minfo[39m: 	HTTP production server up and running on port 5000 !
2026-06-16 19:29:47 [32minfo[39m: 	Successfully connected to database mongodb://edgev3_app:edgev3_mongodb_pass@mongodb:27017/edgev3?authSource=admin
2026-06-16 19:29:47 [32minfo[39m: 	HTTP production server up and running on port 5000 !
2026-06-16 19:29:49 [32minfo[39m: 	Successfully connected to database mongodb://edgev3_app:edgev3_mongodb_pass@mongodb:27017/edgev3?authSource=admin
2026-06-16 19:29:49 [32minfo[39m: 	HTTP production server up and running on port 5000 !
2026-06-16 19:30:00 [32minfo[39m: 	exec:  NXF_CACHE_DIR=/edgev3/io/projects/jSJFTpA1QWmXTvH2/nextflow/work nextflow log|awk '/edge-jSJFTpA1QWmXTvH2/ &&(/OK/||/ERR/)'|awk '{split($0,array,/	/); print array[4]}'
2026-06-16 19:30:04 [32minfo[39m: 	exec stdout: 
2026-06-16 19:30:14 [32minfo[39m: 	Successfully connected to database mongodb://edgev3_app:edgev3_mongodb_pass@mongodb:27017/edgev3?authSource=admin
2026-06-16 19:30:14 [32minfo[39m: 	HTTP production server up and running on port 5000 !
2026-06-16 19:30:15 [32minfo[39m: 	Successfully connected to database mongodb://edgev3_app:edgev3_mongodb_pass@mongodb:27017/edgev3?authSource=admin
2026-06-16 19:30:15 [32minfo[39m: 	HTTP CRON server up and running on port 5555 !
2026-06-16 19:30:15 [32minfo[39m: 	Successfully connected to database mongodb://edgev3_app:edgev3_mongodb_pass@mongodb:27017/edgev3?authSource=admin
2026-06-16 19:30:15 [32minfo[39m: 	HTTP production server up and running on port 5000 !
2026-06-16 19:30:17 [32minfo[39m: 	Successfully connected to database mongodb://edgev3_app:edgev3_mongodb_pass@mongodb:27017/edgev3?authSource=admin
2026-06-16 19:30:17 [32minfo[39m: 	HTTP production server up and running on port 5000 !
2026-06-16 19:30:19 [32minfo[39m: 	Successfully connected to database mongodb://edgev3_app:edgev3_mongodb_pass@mongodb:27017/edgev3?authSource=admin
2026-06-16 19:30:19 [32minfo[39m: 	HTTP production server up and running on port 5000 !
2026-06-16 19:30:44 [32minfo[39m: 	Successfully connected to database mongodb://edgev3_app:edgev3_mongodb_pass@mongodb:27017/edgev3?authSource=admin
2026-06-16 19:30:44 [32minfo[39m: 	HTTP production server up and running on port 5000 !
2026-06-16 19:30:45 [32minfo[39m: 	Successfully connected to database mongodb://edgev3_app:edgev3_mongodb_pass@mongodb:27017/edgev3?authSource=admin
2026-06-16 19:30:45 [32minfo[39m: 	HTTP CRON server up and running on port 5555 !
2026-06-16 19:30:45 [32minfo[39m: 	Successfully connected to database mongodb://edgev3_app:edgev3_mongodb_pass@mongodb:27017/edgev3?authSource=admin
2026-06-16 19:30:45 [32minfo[39m: 	HTTP production server up and running on port 5000 !
2026-06-16 19:30:47 [32minfo[39m: 	Successfully connected to database mongodb://edgev3_app:edgev3_mongodb_pass@mongodb:27017/edgev3?authSource=admin
2026-06-16 19:30:47 [32minfo[39m: 	HTTP production server up and running on port 5000 !
2026-06-16 19:30:49 [32minfo[39m: 	Successfully connected to database mongodb://edgev3_app:edgev3_mongodb_pass@mongodb:27017/edgev3?authSource=admin
2026-06-16 19:30:49 [32minfo[39m: 	HTTP production server up and running on port 5000 !
2026-06-16 19:31:14 [32minfo[39m: 	Successfully connected to database mongodb://edgev3_app:edgev3_mongodb_pass@mongodb:27017/edgev3?authSource=admin
2026-06-16 19:31:14 [32minfo[39m: 	HTTP production server up and running on port 5000 !
2026-06-16 19:31:15 [32minfo[39m: 	Successfully connected to database mongodb://edgev3_app:edgev3_mongodb_pass@mongodb:27017/edgev3?authSource=admin
2026-06-16 19:31:15 [32minfo[39m: 	HTTP CRON server up and running on port 5555 !
2026-06-16 19:31:15 [32minfo[39m: 	Successfully connected to database mongodb://edgev3_app:edgev3_mongodb_pass@mongodb:27017/edgev3?authSource=admin
2026-06-16 19:31:15 [32minfo[39m: 	HTTP production server up and running on port 5000 !
2026-06-16 19:31:17 [32minfo[39m: 	Successfully connected to database mongodb://edgev3_app:edgev3_mongodb_pass@mongodb:27017/edgev3?authSource=admin
2026-06-16 19:31:17 [32minfo[39m: 	HTTP production server up and running on port 5000 !
2026-06-16 19:31:18 [32minfo[39m: 	Successfully connected to database mongodb://edgev3_app:edgev3_mongodb_pass@mongodb:27017/edgev3?authSource=admin
2026-06-16 19:31:18 [32minfo[39m: 	HTTP production server up and running on port 5000 !
2026-06-16 19:31:44 [32minfo[39m: 	Successfully connected to database mongodb://edgev3_app:edgev3_mongodb_pass@mongodb:27017/edgev3?authSource=admin
2026-06-16 19:31:44 [32minfo[39m: 	HTTP production server up and running on port 5000 !
2026-06-16 19:31:45 [32minfo[39m: 	Successfully connected to database mongodb://edgev3_app:edgev3_mongodb_pass@mongodb:27017/edgev3?authSource=admin
2026-06-16 19:31:45 [32minfo[39m: 	HTTP CRON server up and running on port 5555 !
2026-06-16 19:31:45 [32minfo[39m: 	Successfully connected to database mongodb://edgev3_app:edgev3_mongodb_pass@mongodb:27017/edgev3?authSource=admin
2026-06-16 19:31:45 [32minfo[39m: 	HTTP production server up and running on port 5000 !
2026-06-16 19:31:47 [32minfo[39m: 	Successfully connected to database mongodb://edgev3_app:edgev3_mongodb_pass@mongodb:27017/edgev3?authSource=admin
2026-06-16 19:31:47 [32minfo[39m: 	HTTP production server up and running on port 5000 !
2026-06-16 19:31:48 [32minfo[39m: 	Successfully connected to database mongodb://edgev3_app:edgev3_mongodb_pass@mongodb:27017/edgev3?authSource=admin
2026-06-16 19:31:48 [32minfo[39m: 	HTTP production server up and running on port 5000 !
2026-06-16 19:32:00 [32minfo[39m: 	exec:  NXF_CACHE_DIR=/edgev3/io/projects/jSJFTpA1QWmXTvH2/nextflow/work nextflow log|awk '/edge-jSJFTpA1QWmXTvH2/ &&(/OK/||/ERR/)'|awk '{split($0,array,/	/); print array[4]}'
2026-06-16 19:32:04 [32minfo[39m: 	exec stdout: 
2026-06-16 19:32:14 [32minfo[39m: 	Successfully connected to database mongodb://edgev3_app:edgev3_mongodb_pass@mongodb:27017/edgev3?authSource=admin
2026-06-16 19:32:14 [32minfo[39m: 	HTTP production server up and running on port 5000 !
2026-06-16 19:32:15 [32minfo[39m: 	Successfully connected to database mongodb://edgev3_app:edgev3_mongodb_pass@mongodb:27017/edgev3?authSource=admin
2026-06-16 19:32:15 [32minfo[39m: 	HTTP CRON server up and running on port 5555 !
2026-06-16 19:32:15 [32minfo[39m: 	Successfully connected to database mongodb://edgev3_app:edgev3_mongodb_pass@mongodb:27017/edgev3?authSource=admin
2026-06-16 19:32:15 [32minfo[39m: 	HTTP production server up and running on port 5000 !
2026-06-16 19:32:17 [32minfo[39m: 	Successfully connected to database mongodb://edgev3_app:edgev3_mongodb_pass@mongodb:27017/edgev3?authSource=admin
2026-06-16 19:32:17 [32minfo[39m: 	HTTP production server up and running on port 5000 !
2026-06-16 19:32:19 [32minfo[39m: 	Successfully connected to database mongodb://edgev3_app:edgev3_mongodb_pass@mongodb:27017/edgev3?authSource=admin
2026-06-16 19:32:19 [32minfo[39m: 	HTTP production server up and running on port 5000 !
2026-06-16 19:32:44 [32minfo[39m: 	Successfully connected to database mongodb://edgev3_app:edgev3_mongodb_pass@mongodb:27017/edgev3?authSource=admin
2026-06-16 19:32:44 [32minfo[39m: 	HTTP production server up and running on port 5000 !
2026-06-16 19:32:45 [32minfo[39m: 	Successfully connected to database mongodb://edgev3_app:edgev3_mongodb_pass@mongodb:27017/edgev3?authSource=admin
2026-06-16 19:32:45 [32minfo[39m: 	HTTP CRON server up and running on port 5555 !
2026-06-16 19:32:45 [32minfo[39m: 	Successfully connected to database mongodb://edgev3_app:edgev3_mongodb_pass@mongodb:27017/edgev3?authSource=admin
2026-06-16 19:32:45 [32minfo[39m: 	HTTP production server up and running on port 5000 !
2026-06-16 19:32:47 [32minfo[39m: 	Successfully connected to database mongodb://edgev3_app:edgev3_mongodb_pass@mongodb:27017/edgev3?authSource=admin
2026-06-16 19:32:47 [32minfo[39m: 	HTTP production server up and running on port 5000 !
2026-06-16 19:32:49 [32minfo[39m: 	Successfully connected to database mongodb://edgev3_app:edgev3_mongodb_pass@mongodb:27017/edgev3?authSource=admin
2026-06-16 19:32:49 [32minfo[39m: 	HTTP production server up and running on port 5000 !
2026-06-16 19:33:14 [32minfo[39m: 	Successfully connected to database mongodb://edgev3_app:edgev3_mongodb_pass@mongodb:27017/edgev3?authSource=admin
2026-06-16 19:33:14 [32minfo[39m: 	HTTP production server up and running on port 5000 !
2026-06-16 19:33:15 [32minfo[39m: 	Successfully connected to database mongodb://edgev3_app:edgev3_mongodb_pass@mongodb:27017/edgev3?authSource=admin
2026-06-16 19:33:15 [32minfo[39m: 	HTTP CRON server up and running on port 5555 !
2026-06-16 19:33:15 [32minfo[39m: 	Successfully connected to database mongodb://edgev3_app:edgev3_mongodb_pass@mongodb:27017/edgev3?authSource=admin
2026-06-16 19:33:15 [32minfo[39m: 	HTTP production server up and running on port 5000 !
2026-06-16 19:33:17 [32minfo[39m: 	Successfully connected to database mongodb://edgev3_app:edgev3_mongodb_pass@mongodb:27017/edgev3?authSource=admin
2026-06-16 19:33:17 [32minfo[39m: 	HTTP production server up and running on port 5000 !
2026-06-16 19:33:19 [32minfo[39m: 	Successfully connected to database mongodb://edgev3_app:edgev3_mongodb_pass@mongodb:27017/edgev3?authSource=admin
2026-06-16 19:33:19 [32minfo[39m: 	HTTP production server up and running on port 5000 !
2026-06-16 19:33:44 [32minfo[39m: 	Successfully connected to database mongodb://edgev3_app:edgev3_mongodb_pass@mongodb:27017/edgev3?authSource=admin
2026-06-16 19:33:44 [32minfo[39m: 	HTTP production server up and running on port 5000 !
2026-06-16 19:33:45 [32minfo[39m: 	Successfully connected to database mongodb://edgev3_app:edgev3_mongodb_pass@mongodb:27017/edgev3?authSource=admin
2026-06-16 19:33:45 [32minfo[39m: 	HTTP CRON server up and running on port 5555 !
2026-06-16 19:33:45 [32minfo[39m: 	Successfully connected to database mongodb://edgev3_app:edgev3_mongodb_pass@mongodb:27017/edgev3?authSource=admin
2026-06-16 19:33:45 [32minfo[39m: 	HTTP production server up and running on port 5000 !
2026-06-16 19:33:47 [32minfo[39m: 	Successfully connected to database mongodb://edgev3_app:edgev3_mongodb_pass@mongodb:27017/edgev3?authSource=admin
2026-06-16 19:33:47 [32minfo[39m: 	HTTP production server up and running on port 5000 !
2026-06-16 19:33:49 [32minfo[39m: 	Successfully connected to database mongodb://edgev3_app:edgev3_mongodb_pass@mongodb:27017/edgev3?authSource=admin
2026-06-16 19:33:49 [32minfo[39m: 	HTTP production server up and running on port 5000 !
2026-06-16 19:34:00 [32minfo[39m: 	exec:  NXF_CACHE_DIR=/edgev3/io/projects/jSJFTpA1QWmXTvH2/nextflow/work nextflow log|awk '/edge-jSJFTpA1QWmXTvH2/ &&(/OK/||/ERR/)'|awk '{split($0,array,/	/); print array[4]}'
2026-06-16 19:34:04 [32minfo[39m: 	exec stdout: 
2026-06-16 19:34:14 [32minfo[39m: 	Successfully connected to database mongodb://edgev3_app:edgev3_mongodb_pass@mongodb:27017/edgev3?authSource=admin
2026-06-16 19:34:14 [32minfo[39m: 	HTTP production server up and running on port 5000 !
2026-06-16 19:34:15 [32minfo[39m: 	Successfully connected to database mongodb://edgev3_app:edgev3_mongodb_pass@mongodb:27017/edgev3?authSource=admin
2026-06-16 19:34:15 [32minfo[39m: 	HTTP CRON server up and running on port 5555 !
2026-06-16 19:34:15 [32minfo[39m: 	Successfully connected to database mongodb://edgev3_app:edgev3_mongodb_pass@mongodb:27017/edgev3?authSource=admin
2026-06-16 19:34:15 [32minfo[39m: 	HTTP production server up and running on port 5000 !
2026-06-16 19:34:17 [32minfo[39m: 	Successfully connected to database mongodb://edgev3_app:edgev3_mongodb_pass@mongodb:27017/edgev3?authSource=admin
2026-06-16 19:34:17 [32minfo[39m: 	HTTP production server up and running on port 5000 !
2026-06-16 19:34:19 [32minfo[39m: 	Successfully connected to database mongodb://edgev3_app:edgev3_mongodb_pass@mongodb:27017/edgev3?authSource=admin
2026-06-16 19:34:19 [32minfo[39m: 	HTTP production server up and running on port 5000 !
2026-06-16 19:34:44 [32minfo[39m: 	Successfully connected to database mongodb://edgev3_app:edgev3_mongodb_pass@mongodb:27017/edgev3?authSource=admin
2026-06-16 19:34:44 [32minfo[39m: 	HTTP production server up and running on port 5000 !
2026-06-16 19:34:45 [32minfo[39m: 	Successfully connected to database mongodb://edgev3_app:edgev3_mongodb_pass@mongodb:27017/edgev3?authSource=admin
2026-06-16 19:34:45 [32minfo[39m: 	HTTP CRON server up and running on port 5555 !
2026-06-16 19:34:45 [32minfo[39m: 	Successfully connected to database mongodb://edgev3_app:edgev3_mongodb_pass@mongodb:27017/edgev3?authSource=admin
2026-06-16 19:34:45 [32minfo[39m: 	HTTP production server up and running on port 5000 !
2026-06-16 19:34:47 [32minfo[39m: 	Successfully connected to database mongodb://edgev3_app:edgev3_mongodb_pass@mongodb:27017/edgev3?authSource=admin
2026-06-16 19:34:47 [32minfo[39m: 	HTTP production server up and running on port 5000 !
2026-06-16 19:34:49 [32minfo[39m: 	Successfully connected to database mongodb://edgev3_app:edgev3_mongodb_pass@mongodb:27017/edgev3?authSource=admin
2026-06-16 19:34:49 [32minfo[39m: 	HTTP production server up and running on port 5000 !
2026-06-16 19:35:14 [32minfo[39m: 	Successfully connected to database mongodb://edgev3_app:edgev3_mongodb_pass@mongodb:27017/edgev3?authSource=admin
2026-06-16 19:35:14 [32minfo[39m: 	HTTP production server up and running on port 5000 !
2026-06-16 19:35:15 [32minfo[39m: 	Successfully connected to database mongodb://edgev3_app:edgev3_mongodb_pass@mongodb:27017/edgev3?authSource=admin
2026-06-16 19:35:15 [32minfo[39m: 	HTTP CRON server up and running on port 5555 !
2026-06-16 19:35:15 [32minfo[39m: 	Successfully connected to database mongodb://edgev3_app:edgev3_mongodb_pass@mongodb:27017/edgev3?authSource=admin
2026-06-16 19:35:15 [32minfo[39m: 	HTTP production server up and running on port 5000 !
2026-06-16 19:35:17 [32minfo[39m: 	Successfully connected to database mongodb://edgev3_app:edgev3_mongodb_pass@mongodb:27017/edgev3?authSource=admin
2026-06-16 19:35:17 [32minfo[39m: 	HTTP production server up and running on port 5000 !
2026-06-16 19:35:19 [32minfo[39m: 	Successfully connected to database mongodb://edgev3_app:edgev3_mongodb_pass@mongodb:27017/edgev3?authSource=admin
2026-06-16 19:35:19 [32minfo[39m: 	HTTP production server up and running on port 5000 !
2026-06-16 19:35:44 [32minfo[39m: 	Successfully connected to database mongodb://edgev3_app:edgev3_mongodb_pass@mongodb:27017/edgev3?authSource=admin
2026-06-16 19:35:44 [32minfo[39m: 	HTTP production server up and running on port 5000 !
2026-06-16 19:35:45 [32minfo[39m: 	Successfully connected to database mongodb://edgev3_app:edgev3_mongodb_pass@mongodb:27017/edgev3?authSource=admin
2026-06-16 19:35:45 [32minfo[39m: 	HTTP CRON server up and running on port 5555 !
2026-06-16 19:35:45 [32minfo[39m: 	Successfully connected to database mongodb://edgev3_app:edgev3_mongodb_pass@mongodb:27017/edgev3?authSource=admin
2026-06-16 19:35:46 [32minfo[39m: 	HTTP production server up and running on port 5000 !
2026-06-16 19:35:47 [32minfo[39m: 	Successfully connected to database mongodb://edgev3_app:edgev3_mongodb_pass@mongodb:27017/edgev3?authSource=admin
2026-06-16 19:35:47 [32minfo[39m: 	HTTP production server up and running on port 5000 !
2026-06-16 19:35:49 [32minfo[39m: 	Successfully connected to database mongodb://edgev3_app:edgev3_mongodb_pass@mongodb:27017/edgev3?authSource=admin
2026-06-16 19:35:49 [32minfo[39m: 	HTTP production server up and running on port 5000 !
2026-06-16 19:36:00 [32minfo[39m: 	exec:  NXF_CACHE_DIR=/edgev3/io/projects/jSJFTpA1QWmXTvH2/nextflow/work nextflow log|awk '/edge-jSJFTpA1QWmXTvH2/ &&(/OK/||/ERR/)'|awk '{split($0,array,/	/); print array[4]}'
2026-06-16 19:36:04 [32minfo[39m: 	exec stdout: 
2026-06-16 19:36:14 [32minfo[39m: 	Successfully connected to database mongodb://edgev3_app:edgev3_mongodb_pass@mongodb:27017/edgev3?authSource=admin
2026-06-16 19:36:14 [32minfo[39m: 	HTTP production server up and running on port 5000 !
2026-06-16 19:36:15 [32minfo[39m: 	Successfully connected to database mongodb://edgev3_app:edgev3_mongodb_pass@mongodb:27017/edgev3?authSource=admin
2026-06-16 19:36:15 [32minfo[39m: 	HTTP CRON server up and running on port 5555 !
2026-06-16 19:36:15 [32minfo[39m: 	Successfully connected to database mongodb://edgev3_app:edgev3_mongodb_pass@mongodb:27017/edgev3?authSource=admin
2026-06-16 19:36:15 [32minfo[39m: 	HTTP production server up and running on port 5000 !
2026-06-16 19:36:17 [32minfo[39m: 	Successfully connected to database mongodb://edgev3_app:edgev3_mongodb_pass@mongodb:27017/edgev3?authSource=admin
2026-06-16 19:36:17 [32minfo[39m: 	HTTP production server up and running on port 5000 !
2026-06-16 19:36:19 [32minfo[39m: 	Successfully connected to database mongodb://edgev3_app:edgev3_mongodb_pass@mongodb:27017/edgev3?authSource=admin
2026-06-16 19:36:19 [32minfo[39m: 	HTTP production server up and running on port 5000 !
2026-06-16 19:36:44 [32minfo[39m: 	Successfully connected to database mongodb://edgev3_app:edgev3_mongodb_pass@mongodb:27017/edgev3?authSource=admin
2026-06-16 19:36:44 [32minfo[39m: 	HTTP production server up and running on port 5000 !
2026-06-16 19:36:45 [32minfo[39m: 	Successfully connected to database mongodb://edgev3_app:edgev3_mongodb_pass@mongodb:27017/edgev3?authSource=admin
2026-06-16 19:36:45 [32minfo[39m: 	HTTP CRON server up and running on port 5555 !
2026-06-16 19:36:45 [32minfo[39m: 	Successfully connected to database mongodb://edgev3_app:edgev3_mongodb_pass@mongodb:27017/edgev3?authSource=admin
2026-06-16 19:36:45 [32minfo[39m: 	HTTP production server up and running on port 5000 !
2026-06-16 19:36:47 [32minfo[39m: 	Successfully connected to database mongodb://edgev3_app:edgev3_mongodb_pass@mongodb:27017/edgev3?authSource=admin
2026-06-16 19:36:47 [32minfo[39m: 	HTTP production server up and running on port 5000 !
2026-06-16 19:36:49 [32minfo[39m: 	Successfully connected to database mongodb://edgev3_app:edgev3_mongodb_pass@mongodb:27017/edgev3?authSource=admin
2026-06-16 19:36:49 [32minfo[39m: 	HTTP production server up and running on port 5000 !
2026-06-16 19:37:14 [32minfo[39m: 	Successfully connected to database mongodb://edgev3_app:edgev3_mongodb_pass@mongodb:27017/edgev3?authSource=admin
2026-06-16 19:37:14 [32minfo[39m: 	HTTP production server up and running on port 5000 !
2026-06-16 19:37:15 [32minfo[39m: 	Successfully connected to database mongodb://edgev3_app:edgev3_mongodb_pass@mongodb:27017/edgev3?authSource=admin
2026-06-16 19:37:15 [32minfo[39m: 	HTTP CRON server up and running on port 5555 !
2026-06-16 19:37:15 [32minfo[39m: 	Successfully connected to database mongodb://edgev3_app:edgev3_mongodb_pass@mongodb:27017/edgev3?authSource=admin
2026-06-16 19:37:15 [32minfo[39m: 	HTTP production server up and running on port 5000 !
2026-06-16 19:37:17 [32minfo[39m: 	Successfully connected to database mongodb://edgev3_app:edgev3_mongodb_pass@mongodb:27017/edgev3?authSource=admin
2026-06-16 19:37:17 [32minfo[39m: 	HTTP production server up and running on port 5000 !
2026-06-16 19:37:19 [32minfo[39m: 	Successfully connected to database mongodb://edgev3_app:edgev3_mongodb_pass@mongodb:27017/edgev3?authSource=admin
2026-06-16 19:37:19 [32minfo[39m: 	HTTP production server up and running on port 5000 !
2026-06-16 19:37:44 [32minfo[39m: 	Successfully connected to database mongodb://edgev3_app:edgev3_mongodb_pass@mongodb:27017/edgev3?authSource=admin
2026-06-16 19:37:44 [32minfo[39m: 	HTTP production server up and running on port 5000 !
2026-06-16 19:37:45 [32minfo[39m: 	Successfully connected to database mongodb://edgev3_app:edgev3_mongodb_pass@mongodb:27017/edgev3?authSource=admin
2026-06-16 19:37:45 [32minfo[39m: 	HTTP CRON server up and running on port 5555 !
2026-06-16 19:37:45 [32minfo[39m: 	Successfully connected to database mongodb://edgev3_app:edgev3_mongodb_pass@mongodb:27017/edgev3?authSource=admin
2026-06-16 19:37:45 [32minfo[39m: 	HTTP production server up and running on port 5000 !
2026-06-16 19:37:47 [32minfo[39m: 	Successfully connected to database mongodb://edgev3_app:edgev3_mongodb_pass@mongodb:27017/edgev3?authSource=admin
2026-06-16 19:37:47 [32minfo[39m: 	HTTP production server up and running on port 5000 !
2026-06-16 19:37:49 [32minfo[39m: 	Successfully connected to database mongodb://edgev3_app:edgev3_mongodb_pass@mongodb:27017/edgev3?authSource=admin
2026-06-16 19:37:49 [32minfo[39m: 	HTTP production server up and running on port 5000 !
2026-06-16 19:38:00 [32minfo[39m: 	exec:  NXF_CACHE_DIR=/edgev3/io/projects/jSJFTpA1QWmXTvH2/nextflow/work nextflow log|awk '/edge-jSJFTpA1QWmXTvH2/ &&(/OK/||/ERR/)'|awk '{split($0,array,/	/); print array[4]}'
2026-06-16 19:38:04 [32minfo[39m: 	exec stdout: 
2026-06-16 19:38:14 [32minfo[39m: 	Successfully connected to database mongodb://edgev3_app:edgev3_mongodb_pass@mongodb:27017/edgev3?authSource=admin
2026-06-16 19:38:14 [32minfo[39m: 	HTTP production server up and running on port 5000 !
2026-06-16 19:38:15 [32minfo[39m: 	Successfully connected to database mongodb://edgev3_app:edgev3_mongodb_pass@mongodb:27017/edgev3?authSource=admin
2026-06-16 19:38:15 [32minfo[39m: 	HTTP CRON server up and running on port 5555 !
2026-06-16 19:38:16 [32minfo[39m: 	Successfully connected to database mongodb://edgev3_app:edgev3_mongodb_pass@mongodb:27017/edgev3?authSource=admin
2026-06-16 19:38:16 [32minfo[39m: 	HTTP production server up and running on port 5000 !
2026-06-16 19:38:17 [32minfo[39m: 	Successfully connected to database mongodb://edgev3_app:edgev3_mongodb_pass@mongodb:27017/edgev3?authSource=admin
2026-06-16 19:38:17 [32minfo[39m: 	HTTP production server up and running on port 5000 !
2026-06-16 19:38:19 [32minfo[39m: 	Successfully connected to database mongodb://edgev3_app:edgev3_mongodb_pass@mongodb:27017/edgev3?authSource=admin
2026-06-16 19:38:19 [32minfo[39m: 	HTTP production server up and running on port 5000 !
2026-06-16 19:38:44 [32minfo[39m: 	Successfully connected to database mongodb://edgev3_app:edgev3_mongodb_pass@mongodb:27017/edgev3?authSource=admin
2026-06-16 19:38:44 [32minfo[39m: 	HTTP production server up and running on port 5000 !
2026-06-16 19:38:45 [32minfo[39m: 	Successfully connected to database mongodb://edgev3_app:edgev3_mongodb_pass@mongodb:27017/edgev3?authSource=admin
2026-06-16 19:38:45 [32minfo[39m: 	HTTP CRON server up and running on port 5555 !
2026-06-16 19:38:46 [32minfo[39m: 	Successfully connected to database mongodb://edgev3_app:edgev3_mongodb_pass@mongodb:27017/edgev3?authSource=admin
2026-06-16 19:38:46 [32minfo[39m: 	HTTP production server up and running on port 5000 !
2026-06-16 19:38:47 [32minfo[39m: 	Successfully connected to database mongodb://edgev3_app:edgev3_mongodb_pass@mongodb:27017/edgev3?authSource=admin
2026-06-16 19:38:47 [32minfo[39m: 	HTTP production server up and running on port 5000 !
2026-06-16 19:38:49 [32minfo[39m: 	Successfully connected to database mongodb://edgev3_app:edgev3_mongodb_pass@mongodb:27017/edgev3?authSource=admin
2026-06-16 19:38:49 [32minfo[39m: 	HTTP production server up and running on port 5000 !
2026-06-16 19:39:14 [32minfo[39m: 	Successfully connected to database mongodb://edgev3_app:edgev3_mongodb_pass@mongodb:27017/edgev3?authSource=admin
2026-06-16 19:39:14 [32minfo[39m: 	HTTP production server up and running on port 5000 !
2026-06-16 19:39:15 [32minfo[39m: 	Successfully connected to database mongodb://edgev3_app:edgev3_mongodb_pass@mongodb:27017/edgev3?authSource=admin
2026-06-16 19:39:15 [32minfo[39m: 	HTTP CRON server up and running on port 5555 !
2026-06-16 19:39:15 [32minfo[39m: 	Successfully connected to database mongodb://edgev3_app:edgev3_mongodb_pass@mongodb:27017/edgev3?authSource=admin
2026-06-16 19:39:15 [32minfo[39m: 	HTTP production server up and running on port 5000 !
2026-06-16 19:39:17 [32minfo[39m: 	Successfully connected to database mongodb://edgev3_app:edgev3_mongodb_pass@mongodb:27017/edgev3?authSource=admin
2026-06-16 19:39:17 [32minfo[39m: 	HTTP production server up and running on port 5000 !
2026-06-16 19:39:19 [32minfo[39m: 	Successfully connected to database mongodb://edgev3_app:edgev3_mongodb_pass@mongodb:27017/edgev3?authSource=admin
2026-06-16 19:39:19 [32minfo[39m: 	HTTP production server up and running on port 5000 !
2026-06-16 19:39:44 [32minfo[39m: 	Successfully connected to database mongodb://edgev3_app:edgev3_mongodb_pass@mongodb:27017/edgev3?authSource=admin
2026-06-16 19:39:44 [32minfo[39m: 	HTTP production server up and running on port 5000 !
2026-06-16 19:39:45 [32minfo[39m: 	Successfully connected to database mongodb://edgev3_app:edgev3_mongodb_pass@mongodb:27017/edgev3?authSource=admin
2026-06-16 19:39:45 [32minfo[39m: 	HTTP CRON server up and running on port 5555 !
2026-06-16 19:39:45 [32minfo[39m: 	Successfully connected to database mongodb://edgev3_app:edgev3_mongodb_pass@mongodb:27017/edgev3?authSource=admin
2026-06-16 19:39:45 [32minfo[39m: 	HTTP production server up and running on port 5000 !
2026-06-16 19:39:47 [32minfo[39m: 	Successfully connected to database mongodb://edgev3_app:edgev3_mongodb_pass@mongodb:27017/edgev3?authSource=admin
2026-06-16 19:39:47 [32minfo[39m: 	HTTP production server up and running on port 5000 !
2026-06-16 19:39:49 [32minfo[39m: 	Successfully connected to database mongodb://edgev3_app:edgev3_mongodb_pass@mongodb:27017/edgev3?authSource=admin
2026-06-16 19:39:49 [32minfo[39m: 	HTTP production server up and running on port 5000 !
2026-06-16 19:40:00 [32minfo[39m: 	exec:  NXF_CACHE_DIR=/edgev3/io/projects/jSJFTpA1QWmXTvH2/nextflow/work nextflow log|awk '/edge-jSJFTpA1QWmXTvH2/ &&(/OK/||/ERR/)'|awk '{split($0,array,/	/); print array[4]}'
2026-06-16 19:40:04 [32minfo[39m: 	exec stdout: 
2026-06-16 19:40:14 [32minfo[39m: 	Successfully connected to database mongodb://edgev3_app:edgev3_mongodb_pass@mongodb:27017/edgev3?authSource=admin
2026-06-16 19:40:14 [32minfo[39m: 	HTTP production server up and running on port 5000 !
2026-06-16 19:40:15 [32minfo[39m: 	Successfully connected to database mongodb://edgev3_app:edgev3_mongodb_pass@mongodb:27017/edgev3?authSource=admin
2026-06-16 19:40:15 [32minfo[39m: 	HTTP CRON server up and running on port 5555 !
2026-06-16 19:40:15 [32minfo[39m: 	Successfully connected to database mongodb://edgev3_app:edgev3_mongodb_pass@mongodb:27017/edgev3?authSource=admin
2026-06-16 19:40:15 [32minfo[39m: 	HTTP production server up and running on port 5000 !
2026-06-16 19:40:17 [32minfo[39m: 	Successfully connected to database mongodb://edgev3_app:edgev3_mongodb_pass@mongodb:27017/edgev3?authSource=admin
2026-06-16 19:40:17 [32minfo[39m: 	HTTP production server up and running on port 5000 !
2026-06-16 19:40:19 [32minfo[39m: 	Successfully connected to database mongodb://edgev3_app:edgev3_mongodb_pass@mongodb:27017/edgev3?authSource=admin
2026-06-16 19:40:19 [32minfo[39m: 	HTTP production server up and running on port 5000 !
2026-06-16 19:40:44 [32minfo[39m: 	Successfully connected to database mongodb://edgev3_app:edgev3_mongodb_pass@mongodb:27017/edgev3?authSource=admin
2026-06-16 19:40:44 [32minfo[39m: 	HTTP production server up and running on port 5000 !
2026-06-16 19:40:45 [32minfo[39m: 	Successfully connected to database mongodb://edgev3_app:edgev3_mongodb_pass@mongodb:27017/edgev3?authSource=admin
2026-06-16 19:40:45 [32minfo[39m: 	HTTP CRON server up and running on port 5555 !
2026-06-16 19:40:45 [32minfo[39m: 	Successfully connected to database mongodb://edgev3_app:edgev3_mongodb_pass@mongodb:27017/edgev3?authSource=admin
2026-06-16 19:40:45 [32minfo[39m: 	HTTP production server up and running on port 5000 !
2026-06-16 19:40:47 [32minfo[39m: 	Successfully connected to database mongodb://edgev3_app:edgev3_mongodb_pass@mongodb:27017/edgev3?authSource=admin
2026-06-16 19:40:47 [32minfo[39m: 	HTTP production server up and running on port 5000 !
2026-06-16 19:40:49 [32minfo[39m: 	Successfully connected to database mongodb://edgev3_app:edgev3_mongodb_pass@mongodb:27017/edgev3?authSource=admin
2026-06-16 19:40:49 [32minfo[39m: 	HTTP production server up and running on port 5000 !
2026-06-16 19:41:14 [32minfo[39m: 	Successfully connected to database mongodb://edgev3_app:edgev3_mongodb_pass@mongodb:27017/edgev3?authSource=admin
2026-06-16 19:41:14 [32minfo[39m: 	HTTP production server up and running on port 5000 !
2026-06-16 19:41:15 [32minfo[39m: 	Successfully connected to database mongodb://edgev3_app:edgev3_mongodb_pass@mongodb:27017/edgev3?authSource=admin
2026-06-16 19:41:15 [32minfo[39m: 	HTTP CRON server up and running on port 5555 !
2026-06-16 19:41:15 [32minfo[39m: 	Successfully connected to database mongodb://edgev3_app:edgev3_mongodb_pass@mongodb:27017/edgev3?authSource=admin
2026-06-16 19:41:16 [32minfo[39m: 	HTTP production server up and running on port 5000 !
2026-06-16 19:41:17 [32minfo[39m: 	Successfully connected to database mongodb://edgev3_app:edgev3_mongodb_pass@mongodb:27017/edgev3?authSource=admin
2026-06-16 19:41:17 [32minfo[39m: 	HTTP production server up and running on port 5000 !
2026-06-16 19:41:19 [32minfo[39m: 	Successfully connected to database mongodb://edgev3_app:edgev3_mongodb_pass@mongodb:27017/edgev3?authSource=admin
2026-06-16 19:41:19 [32minfo[39m: 	HTTP production server up and running on port 5000 !
2026-06-16 19:41:44 [32minfo[39m: 	Successfully connected to database mongodb://edgev3_app:edgev3_mongodb_pass@mongodb:27017/edgev3?authSource=admin
2026-06-16 19:41:44 [32minfo[39m: 	HTTP production server up and running on port 5000 !
2026-06-16 19:41:45 [32minfo[39m: 	Successfully connected to database mongodb://edgev3_app:edgev3_mongodb_pass@mongodb:27017/edgev3?authSource=admin
2026-06-16 19:41:45 [32minfo[39m: 	HTTP CRON server up and running on port 5555 !
2026-06-16 19:41:45 [32minfo[39m: 	Successfully connected to database mongodb://edgev3_app:edgev3_mongodb_pass@mongodb:27017/edgev3?authSource=admin
2026-06-16 19:41:45 [32minfo[39m: 	HTTP production server up and running on port 5000 !
2026-06-16 19:41:47 [32minfo[39m: 	Successfully connected to database mongodb://edgev3_app:edgev3_mongodb_pass@mongodb:27017/edgev3?authSource=admin
2026-06-16 19:41:47 [32minfo[39m: 	HTTP production server up and running on port 5000 !
2026-06-16 19:41:49 [32minfo[39m: 	Successfully connected to database mongodb://edgev3_app:edgev3_mongodb_pass@mongodb:27017/edgev3?authSource=admin
2026-06-16 19:41:49 [32minfo[39m: 	HTTP production server up and running on port 5000 !
2026-06-16 19:42:00 [32minfo[39m: 	exec:  NXF_CACHE_DIR=/edgev3/io/projects/jSJFTpA1QWmXTvH2/nextflow/work nextflow log|awk '/edge-jSJFTpA1QWmXTvH2/ &&(/OK/||/ERR/)'|awk '{split($0,array,/	/); print array[4]}'
2026-06-16 19:42:04 [32minfo[39m: 	exec stdout: 
2026-06-16 19:42:14 [32minfo[39m: 	Successfully connected to database mongodb://edgev3_app:edgev3_mongodb_pass@mongodb:27017/edgev3?authSource=admin
2026-06-16 19:42:14 [32minfo[39m: 	HTTP production server up and running on port 5000 !
2026-06-16 19:42:15 [32minfo[39m: 	Successfully connected to database mongodb://edgev3_app:edgev3_mongodb_pass@mongodb:27017/edgev3?authSource=admin
2026-06-16 19:42:15 [32minfo[39m: 	HTTP CRON server up and running on port 5555 !
2026-06-16 19:42:15 [32minfo[39m: 	Successfully connected to database mongodb://edgev3_app:edgev3_mongodb_pass@mongodb:27017/edgev3?authSource=admin
2026-06-16 19:42:15 [32minfo[39m: 	HTTP production server up and running on port 5000 !
2026-06-16 19:42:17 [32minfo[39m: 	Successfully connected to database mongodb://edgev3_app:edgev3_mongodb_pass@mongodb:27017/edgev3?authSource=admin
2026-06-16 19:42:17 [32minfo[39m: 	HTTP production server up and running on port 5000 !
2026-06-16 19:42:19 [32minfo[39m: 	Successfully connected to database mongodb://edgev3_app:edgev3_mongodb_pass@mongodb:27017/edgev3?authSource=admin
2026-06-16 19:42:19 [32minfo[39m: 	HTTP production server up and running on port 5000 !
2026-06-16 19:42:44 [32minfo[39m: 	Successfully connected to database mongodb://edgev3_app:edgev3_mongodb_pass@mongodb:27017/edgev3?authSource=admin
2026-06-16 19:42:44 [32minfo[39m: 	HTTP production server up and running on port 5000 !
2026-06-16 19:42:45 [32minfo[39m: 	Successfully connected to database mongodb://edgev3_app:edgev3_mongodb_pass@mongodb:27017/edgev3?authSource=admin
2026-06-16 19:42:45 [32minfo[39m: 	HTTP CRON server up and running on port 5555 !
2026-06-16 19:42:45 [32minfo[39m: 	Successfully connected to database mongodb://edgev3_app:edgev3_mongodb_pass@mongodb:27017/edgev3?authSource=admin
2026-06-16 19:42:45 [32minfo[39m: 	HTTP production server up and running on port 5000 !
2026-06-16 19:42:47 [32minfo[39m: 	Successfully connected to database mongodb://edgev3_app:edgev3_mongodb_pass@mongodb:27017/edgev3?authSource=admin
2026-06-16 19:42:47 [32minfo[39m: 	HTTP production server up and running on port 5000 !
2026-06-16 19:42:49 [32minfo[39m: 	Successfully connected to database mongodb://edgev3_app:edgev3_mongodb_pass@mongodb:27017/edgev3?authSource=admin
2026-06-16 19:42:49 [32minfo[39m: 	HTTP production server up and running on port 5000 !
2026-06-16 19:43:14 [32minfo[39m: 	Successfully connected to database mongodb://edgev3_app:edgev3_mongodb_pass@mongodb:27017/edgev3?authSource=admin
2026-06-16 19:43:14 [32minfo[39m: 	HTTP production server up and running on port 5000 !
2026-06-16 19:43:15 [32minfo[39m: 	Successfully connected to database mongodb://edgev3_app:edgev3_mongodb_pass@mongodb:27017/edgev3?authSource=admin
2026-06-16 19:43:15 [32minfo[39m: 	HTTP CRON server up and running on port 5555 !
2026-06-16 19:43:16 [32minfo[39m: 	Successfully connected to database mongodb://edgev3_app:edgev3_mongodb_pass@mongodb:27017/edgev3?authSource=admin
2026-06-16 19:43:16 [32minfo[39m: 	HTTP production server up and running on port 5000 !
2026-06-16 19:43:17 [32minfo[39m: 	Successfully connected to database mongodb://edgev3_app:edgev3_mongodb_pass@mongodb:27017/edgev3?authSource=admin
2026-06-16 19:43:17 [32minfo[39m: 	HTTP production server up and running on port 5000 !
2026-06-16 19:43:19 [32minfo[39m: 	Successfully connected to database mongodb://edgev3_app:edgev3_mongodb_pass@mongodb:27017/edgev3?authSource=admin
2026-06-16 19:43:19 [32minfo[39m: 	HTTP production server up and running on port 5000 !
2026-06-16 19:43:44 [32minfo[39m: 	Successfully connected to database mongodb://edgev3_app:edgev3_mongodb_pass@mongodb:27017/edgev3?authSource=admin
2026-06-16 19:43:44 [32minfo[39m: 	HTTP production server up and running on port 5000 !
2026-06-16 19:43:45 [32minfo[39m: 	Successfully connected to database mongodb://edgev3_app:edgev3_mongodb_pass@mongodb:27017/edgev3?authSource=admin
2026-06-16 19:43:45 [32minfo[39m: 	HTTP CRON server up and running on port 5555 !
2026-06-16 19:43:45 [32minfo[39m: 	Successfully connected to database mongodb://edgev3_app:edgev3_mongodb_pass@mongodb:27017/edgev3?authSource=admin
2026-06-16 19:43:45 [32minfo[39m: 	HTTP production server up and running on port 5000 !
2026-06-16 19:43:47 [32minfo[39m: 	Successfully connected to database mongodb://edgev3_app:edgev3_mongodb_pass@mongodb:27017/edgev3?authSource=admin
2026-06-16 19:43:47 [32minfo[39m: 	HTTP production server up and running on port 5000 !
2026-06-16 19:43:49 [32minfo[39m: 	Successfully connected to database mongodb://edgev3_app:edgev3_mongodb_pass@mongodb:27017/edgev3?authSource=admin
2026-06-16 19:43:49 [32minfo[39m: 	HTTP production server up and running on port 5000 !
2026-06-16 19:44:00 [32minfo[39m: 	exec:  NXF_CACHE_DIR=/edgev3/io/projects/jSJFTpA1QWmXTvH2/nextflow/work nextflow log|awk '/edge-jSJFTpA1QWmXTvH2/ &&(/OK/||/ERR/)'|awk '{split($0,array,/	/); print array[4]}'
2026-06-16 19:44:04 [32minfo[39m: 	exec stdout: 
2026-06-16 19:44:14 [32minfo[39m: 	Successfully connected to database mongodb://edgev3_app:edgev3_mongodb_pass@mongodb:27017/edgev3?authSource=admin
2026-06-16 19:44:14 [32minfo[39m: 	HTTP production server up and running on port 5000 !
2026-06-16 19:44:15 [32minfo[39m: 	Successfully connected to database mongodb://edgev3_app:edgev3_mongodb_pass@mongodb:27017/edgev3?authSource=admin
2026-06-16 19:44:15 [32minfo[39m: 	HTTP CRON server up and running on port 5555 !
2026-06-16 19:44:15 [32minfo[39m: 	Successfully connected to database mongodb://edgev3_app:edgev3_mongodb_pass@mongodb:27017/edgev3?authSource=admin
2026-06-16 19:44:16 [32minfo[39m: 	HTTP production server up and running on port 5000 !
2026-06-16 19:44:17 [32minfo[39m: 	Successfully connected to database mongodb://edgev3_app:edgev3_mongodb_pass@mongodb:27017/edgev3?authSource=admin
2026-06-16 19:44:17 [32minfo[39m: 	HTTP production server up and running on port 5000 !
2026-06-16 19:44:19 [32minfo[39m: 	Successfully connected to database mongodb://edgev3_app:edgev3_mongodb_pass@mongodb:27017/edgev3?authSource=admin
2026-06-16 19:44:19 [32minfo[39m: 	HTTP production server up and running on port 5000 !
2026-06-16 19:44:44 [32minfo[39m: 	Successfully connected to database mongodb://edgev3_app:edgev3_mongodb_pass@mongodb:27017/edgev3?authSource=admin
2026-06-16 19:44:44 [32minfo[39m: 	HTTP production server up and running on port 5000 !
2026-06-16 19:44:45 [32minfo[39m: 	Successfully connected to database mongodb://edgev3_app:edgev3_mongodb_pass@mongodb:27017/edgev3?authSource=admin
2026-06-16 19:44:45 [32minfo[39m: 	HTTP CRON server up and running on port 5555 !
2026-06-16 19:44:45 [32minfo[39m: 	Successfully connected to database mongodb://edgev3_app:edgev3_mongodb_pass@mongodb:27017/edgev3?authSource=admin
2026-06-16 19:44:45 [32minfo[39m: 	HTTP production server up and running on port 5000 !
2026-06-16 19:44:47 [32minfo[39m: 	Successfully connected to database mongodb://edgev3_app:edgev3_mongodb_pass@mongodb:27017/edgev3?authSource=admin
2026-06-16 19:44:47 [32minfo[39m: 	HTTP production server up and running on port 5000 !
2026-06-16 19:44:49 [32minfo[39m: 	Successfully connected to database mongodb://edgev3_app:edgev3_mongodb_pass@mongodb:27017/edgev3?authSource=admin
2026-06-16 19:44:49 [32minfo[39m: 	HTTP production server up and running on port 5000 !
2026-06-16 19:45:14 [32minfo[39m: 	Successfully connected to database mongodb://edgev3_app:edgev3_mongodb_pass@mongodb:27017/edgev3?authSource=admin
2026-06-16 19:45:14 [32minfo[39m: 	HTTP production server up and running on port 5000 !
2026-06-16 19:45:15 [32minfo[39m: 	Successfully connected to database mongodb://edgev3_app:edgev3_mongodb_pass@mongodb:27017/edgev3?authSource=admin
2026-06-16 19:45:15 [32minfo[39m: 	HTTP CRON server up and running on port 5555 !
2026-06-16 19:45:16 [32minfo[39m: 	Successfully connected to database mongodb://edgev3_app:edgev3_mongodb_pass@mongodb:27017/edgev3?authSource=admin
2026-06-16 19:45:16 [32minfo[39m: 	HTTP production server up and running on port 5000 !
2026-06-16 19:45:17 [32minfo[39m: 	Successfully connected to database mongodb://edgev3_app:edgev3_mongodb_pass@mongodb:27017/edgev3?authSource=admin
2026-06-16 19:45:17 [32minfo[39m: 	HTTP production server up and running on port 5000 !
2026-06-16 19:45:19 [32minfo[39m: 	Successfully connected to database mongodb://edgev3_app:edgev3_mongodb_pass@mongodb:27017/edgev3?authSource=admin
2026-06-16 19:45:19 [32minfo[39m: 	HTTP production server up and running on port 5000 !
2026-06-16 19:45:44 [32minfo[39m: 	Successfully connected to database mongodb://edgev3_app:edgev3_mongodb_pass@mongodb:27017/edgev3?authSource=admin
2026-06-16 19:45:44 [32minfo[39m: 	HTTP production server up and running on port 5000 !
2026-06-16 19:45:45 [32minfo[39m: 	Successfully connected to database mongodb://edgev3_app:edgev3_mongodb_pass@mongodb:27017/edgev3?authSource=admin
2026-06-16 19:45:45 [32minfo[39m: 	HTTP CRON server up and running on port 5555 !
2026-06-16 19:45:45 [32minfo[39m: 	Successfully connected to database mongodb://edgev3_app:edgev3_mongodb_pass@mongodb:27017/edgev3?authSource=admin
2026-06-16 19:45:46 [32minfo[39m: 	HTTP production server up and running on port 5000 !
2026-06-16 19:45:47 [32minfo[39m: 	Successfully connected to database mongodb://edgev3_app:edgev3_mongodb_pass@mongodb:27017/edgev3?authSource=admin
2026-06-16 19:45:47 [32minfo[39m: 	HTTP production server up and running on port 5000 !
2026-06-16 19:45:49 [32minfo[39m: 	Successfully connected to database mongodb://edgev3_app:edgev3_mongodb_pass@mongodb:27017/edgev3?authSource=admin
2026-06-16 19:45:49 [32minfo[39m: 	HTTP production server up and running on port 5000 !
2026-06-16 19:46:00 [32minfo[39m: 	exec:  NXF_CACHE_DIR=/edgev3/io/projects/jSJFTpA1QWmXTvH2/nextflow/work nextflow log|awk '/edge-jSJFTpA1QWmXTvH2/ &&(/OK/||/ERR/)'|awk '{split($0,array,/	/); print array[4]}'
2026-06-16 19:46:04 [32minfo[39m: 	exec stdout: 
2026-06-16 19:46:14 [32minfo[39m: 	Successfully connected to database mongodb://edgev3_app:edgev3_mongodb_pass@mongodb:27017/edgev3?authSource=admin
2026-06-16 19:46:14 [32minfo[39m: 	HTTP production server up and running on port 5000 !
2026-06-16 19:46:15 [32minfo[39m: 	Successfully connected to database mongodb://edgev3_app:edgev3_mongodb_pass@mongodb:27017/edgev3?authSource=admin
2026-06-16 19:46:15 [32minfo[39m: 	HTTP CRON server up and running on port 5555 !
2026-06-16 19:46:15 [32minfo[39m: 	Successfully connected to database mongodb://edgev3_app:edgev3_mongodb_pass@mongodb:27017/edgev3?authSource=admin
2026-06-16 19:46:16 [32minfo[39m: 	HTTP production server up and running on port 5000 !
2026-06-16 19:46:17 [32minfo[39m: 	Successfully connected to database mongodb://edgev3_app:edgev3_mongodb_pass@mongodb:27017/edgev3?authSource=admin
2026-06-16 19:46:17 [32minfo[39m: 	HTTP production server up and running on port 5000 !
2026-06-16 19:46:19 [32minfo[39m: 	Successfully connected to database mongodb://edgev3_app:edgev3_mongodb_pass@mongodb:27017/edgev3?authSource=admin
2026-06-16 19:46:19 [32minfo[39m: 	HTTP production server up and running on port 5000 !
2026-06-16 19:46:44 [32minfo[39m: 	Successfully connected to database mongodb://edgev3_app:edgev3_mongodb_pass@mongodb:27017/edgev3?authSource=admin
2026-06-16 19:46:44 [32minfo[39m: 	HTTP production server up and running on port 5000 !
2026-06-16 19:46:45 [32minfo[39m: 	Successfully connected to database mongodb://edgev3_app:edgev3_mongodb_pass@mongodb:27017/edgev3?authSource=admin
2026-06-16 19:46:45 [32minfo[39m: 	HTTP CRON server up and running on port 5555 !
2026-06-16 19:46:46 [32minfo[39m: 	Successfully connected to database mongodb://edgev3_app:edgev3_mongodb_pass@mongodb:27017/edgev3?authSource=admin
2026-06-16 19:46:46 [32minfo[39m: 	HTTP production server up and running on port 5000 !
2026-06-16 19:46:47 [32minfo[39m: 	Successfully connected to database mongodb://edgev3_app:edgev3_mongodb_pass@mongodb:27017/edgev3?authSource=admin
2026-06-16 19:46:47 [32minfo[39m: 	HTTP production server up and running on port 5000 !
2026-06-16 19:46:49 [32minfo[39m: 	Successfully connected to database mongodb://edgev3_app:edgev3_mongodb_pass@mongodb:27017/edgev3?authSource=admin
2026-06-16 19:46:49 [32minfo[39m: 	HTTP production server up and running on port 5000 !
2026-06-16 19:47:14 [32minfo[39m: 	Successfully connected to database mongodb://edgev3_app:edgev3_mongodb_pass@mongodb:27017/edgev3?authSource=admin
2026-06-16 19:47:14 [32minfo[39m: 	HTTP production server up and running on port 5000 !
2026-06-16 19:47:15 [32minfo[39m: 	Successfully connected to database mongodb://edgev3_app:edgev3_mongodb_pass@mongodb:27017/edgev3?authSource=admin
2026-06-16 19:47:15 [32minfo[39m: 	HTTP CRON server up and running on port 5555 !
2026-06-16 19:47:15 [32minfo[39m: 	Successfully connected to database mongodb://edgev3_app:edgev3_mongodb_pass@mongodb:27017/edgev3?authSource=admin
2026-06-16 19:47:16 [32minfo[39m: 	HTTP production server up and running on port 5000 !
2026-06-16 19:47:17 [32minfo[39m: 	Successfully connected to database mongodb://edgev3_app:edgev3_mongodb_pass@mongodb:27017/edgev3?authSource=admin
2026-06-16 19:47:17 [32minfo[39m: 	HTTP production server up and running on port 5000 !
2026-06-16 19:47:19 [32minfo[39m: 	Successfully connected to database mongodb://edgev3_app:edgev3_mongodb_pass@mongodb:27017/edgev3?authSource=admin
2026-06-16 19:47:19 [32minfo[39m: 	HTTP production server up and running on port 5000 !
2026-06-16 19:47:44 [32minfo[39m: 	Successfully connected to database mongodb://edgev3_app:edgev3_mongodb_pass@mongodb:27017/edgev3?authSource=admin
2026-06-16 19:47:44 [32minfo[39m: 	HTTP production server up and running on port 5000 !
2026-06-16 19:47:45 [32minfo[39m: 	Successfully connected to database mongodb://edgev3_app:edgev3_mongodb_pass@mongodb:27017/edgev3?authSource=admin
2026-06-16 19:47:45 [32minfo[39m: 	HTTP CRON server up and running on port 5555 !
2026-06-16 19:47:46 [32minfo[39m: 	Successfully connected to database mongodb://edgev3_app:edgev3_mongodb_pass@mongodb:27017/edgev3?authSource=admin
2026-06-16 19:47:46 [32minfo[39m: 	HTTP production server up and running on port 5000 !
2026-06-16 19:47:47 [32minfo[39m: 	Successfully connected to database mongodb://edgev3_app:edgev3_mongodb_pass@mongodb:27017/edgev3?authSource=admin
2026-06-16 19:47:47 [32minfo[39m: 	HTTP production server up and running on port 5000 !
2026-06-16 19:47:49 [32minfo[39m: 	Successfully connected to database mongodb://edgev3_app:edgev3_mongodb_pass@mongodb:27017/edgev3?authSource=admin
2026-06-16 19:47:49 [32minfo[39m: 	HTTP production server up and running on port 5000 !
2026-06-16 19:48:00 [32minfo[39m: 	exec:  NXF_CACHE_DIR=/edgev3/io/projects/jSJFTpA1QWmXTvH2/nextflow/work nextflow log|awk '/edge-jSJFTpA1QWmXTvH2/ &&(/OK/||/ERR/)'|awk '{split($0,array,/	/); print array[4]}'
2026-06-16 19:48:04 [32minfo[39m: 	exec stdout: 
2026-06-16 19:48:14 [32minfo[39m: 	Successfully connected to database mongodb://edgev3_app:edgev3_mongodb_pass@mongodb:27017/edgev3?authSource=admin
2026-06-16 19:48:14 [32minfo[39m: 	HTTP production server up and running on port 5000 !
2026-06-16 19:48:15 [32minfo[39m: 	Successfully connected to database mongodb://edgev3_app:edgev3_mongodb_pass@mongodb:27017/edgev3?authSource=admin
2026-06-16 19:48:15 [32minfo[39m: 	HTTP CRON server up and running on port 5555 !
2026-06-16 19:48:16 [32minfo[39m: 	Successfully connected to database mongodb://edgev3_app:edgev3_mongodb_pass@mongodb:27017/edgev3?authSource=admin
2026-06-16 19:48:16 [32minfo[39m: 	HTTP production server up and running on port 5000 !
2026-06-16 19:48:17 [32minfo[39m: 	Successfully connected to database mongodb://edgev3_app:edgev3_mongodb_pass@mongodb:27017/edgev3?authSource=admin
2026-06-16 19:48:17 [32minfo[39m: 	HTTP production server up and running on port 5000 !
2026-06-16 19:48:19 [32minfo[39m: 	Successfully connected to database mongodb://edgev3_app:edgev3_mongodb_pass@mongodb:27017/edgev3?authSource=admin
2026-06-16 19:48:19 [32minfo[39m: 	HTTP production server up and running on port 5000 !
2026-06-16 19:48:44 [32minfo[39m: 	Successfully connected to database mongodb://edgev3_app:edgev3_mongodb_pass@mongodb:27017/edgev3?authSource=admin
2026-06-16 19:48:44 [32minfo[39m: 	HTTP production server up and running on port 5000 !
2026-06-16 19:48:45 [32minfo[39m: 	Successfully connected to database mongodb://edgev3_app:edgev3_mongodb_pass@mongodb:27017/edgev3?authSource=admin
2026-06-16 19:48:45 [32minfo[39m: 	HTTP CRON server up and running on port 5555 !
2026-06-16 19:48:46 [32minfo[39m: 	Successfully connected to database mongodb://edgev3_app:edgev3_mongodb_pass@mongodb:27017/edgev3?authSource=admin
2026-06-16 19:48:46 [32minfo[39m: 	HTTP production server up and running on port 5000 !
2026-06-16 19:48:47 [32minfo[39m: 	Successfully connected to database mongodb://edgev3_app:edgev3_mongodb_pass@mongodb:27017/edgev3?authSource=admin
2026-06-16 19:48:47 [32minfo[39m: 	HTTP production server up and running on port 5000 !
2026-06-16 19:48:49 [32minfo[39m: 	Successfully connected to database mongodb://edgev3_app:edgev3_mongodb_pass@mongodb:27017/edgev3?authSource=admin
2026-06-16 19:48:49 [32minfo[39m: 	HTTP production server up and running on port 5000 !
2026-06-16 19:49:14 [32minfo[39m: 	Successfully connected to database mongodb://edgev3_app:edgev3_mongodb_pass@mongodb:27017/edgev3?authSource=admin
2026-06-16 19:49:14 [32minfo[39m: 	HTTP production server up and running on port 5000 !
2026-06-16 19:49:15 [32minfo[39m: 	Successfully connected to database mongodb://edgev3_app:edgev3_mongodb_pass@mongodb:27017/edgev3?authSource=admin
2026-06-16 19:49:15 [32minfo[39m: 	HTTP CRON server up and running on port 5555 !
2026-06-16 19:49:16 [32minfo[39m: 	Successfully connected to database mongodb://edgev3_app:edgev3_mongodb_pass@mongodb:27017/edgev3?authSource=admin
2026-06-16 19:49:16 [32minfo[39m: 	HTTP production server up and running on port 5000 !
2026-06-16 19:49:17 [32minfo[39m: 	Successfully connected to database mongodb://edgev3_app:edgev3_mongodb_pass@mongodb:27017/edgev3?authSource=admin
2026-06-16 19:49:17 [32minfo[39m: 	HTTP production server up and running on port 5000 !
2026-06-16 19:49:19 [32minfo[39m: 	Successfully connected to database mongodb://edgev3_app:edgev3_mongodb_pass@mongodb:27017/edgev3?authSource=admin
2026-06-16 19:49:19 [32minfo[39m: 	HTTP production server up and running on port 5000 !
2026-06-16 19:49:44 [32minfo[39m: 	Successfully connected to database mongodb://edgev3_app:edgev3_mongodb_pass@mongodb:27017/edgev3?authSource=admin
2026-06-16 19:49:44 [32minfo[39m: 	HTTP production server up and running on port 5000 !
2026-06-16 19:49:45 [32minfo[39m: 	Successfully connected to database mongodb://edgev3_app:edgev3_mongodb_pass@mongodb:27017/edgev3?authSource=admin
2026-06-16 19:49:45 [32minfo[39m: 	HTTP CRON server up and running on port 5555 !
2026-06-16 19:49:46 [32minfo[39m: 	Successfully connected to database mongodb://edgev3_app:edgev3_mongodb_pass@mongodb:27017/edgev3?authSource=admin
2026-06-16 19:49:46 [32minfo[39m: 	HTTP production server up and running on port 5000 !
2026-06-16 19:49:47 [32minfo[39m: 	Successfully connected to database mongodb://edgev3_app:edgev3_mongodb_pass@mongodb:27017/edgev3?authSource=admin
2026-06-16 19:49:47 [32minfo[39m: 	HTTP production server up and running on port 5000 !
2026-06-16 19:49:49 [32minfo[39m: 	Successfully connected to database mongodb://edgev3_app:edgev3_mongodb_pass@mongodb:27017/edgev3?authSource=admin
2026-06-16 19:49:49 [32minfo[39m: 	HTTP production server up and running on port 5000 !
2026-06-16 19:50:01 [32minfo[39m: 	exec:  NXF_CACHE_DIR=/edgev3/io/projects/jSJFTpA1QWmXTvH2/nextflow/work nextflow log|awk '/edge-jSJFTpA1QWmXTvH2/ &&(/OK/||/ERR/)'|awk '{split($0,array,/	/); print array[4]}'
2026-06-16 19:50:04 [32minfo[39m: 	exec stdout: 
2026-06-16 19:50:14 [32minfo[39m: 	Successfully connected to database mongodb://edgev3_app:edgev3_mongodb_pass@mongodb:27017/edgev3?authSource=admin
2026-06-16 19:50:14 [32minfo[39m: 	HTTP production server up and running on port 5000 !
2026-06-16 19:50:15 [32minfo[39m: 	Successfully connected to database mongodb://edgev3_app:edgev3_mongodb_pass@mongodb:27017/edgev3?authSource=admin
2026-06-16 19:50:15 [32minfo[39m: 	HTTP CRON server up and running on port 5555 !
2026-06-16 19:50:16 [32minfo[39m: 	Successfully connected to database mongodb://edgev3_app:edgev3_mongodb_pass@mongodb:27017/edgev3?authSource=admin
2026-06-16 19:50:16 [32minfo[39m: 	HTTP production server up and running on port 5000 !
2026-06-16 19:50:17 [32minfo[39m: 	Successfully connected to database mongodb://edgev3_app:edgev3_mongodb_pass@mongodb:27017/edgev3?authSource=admin
2026-06-16 19:50:17 [32minfo[39m: 	HTTP production server up and running on port 5000 !
2026-06-16 19:50:19 [32minfo[39m: 	Successfully connected to database mongodb://edgev3_app:edgev3_mongodb_pass@mongodb:27017/edgev3?authSource=admin
2026-06-16 19:50:19 [32minfo[39m: 	HTTP production server up and running on port 5000 !
2026-06-16 19:50:44 [32minfo[39m: 	Successfully connected to database mongodb://edgev3_app:edgev3_mongodb_pass@mongodb:27017/edgev3?authSource=admin
2026-06-16 19:50:44 [32minfo[39m: 	HTTP production server up and running on port 5000 !
2026-06-16 19:50:45 [32minfo[39m: 	Successfully connected to database mongodb://edgev3_app:edgev3_mongodb_pass@mongodb:27017/edgev3?authSource=admin
2026-06-16 19:50:45 [32minfo[39m: 	HTTP CRON server up and running on port 5555 !
2026-06-16 19:50:45 [32minfo[39m: 	Successfully connected to database mongodb://edgev3_app:edgev3_mongodb_pass@mongodb:27017/edgev3?authSource=admin
2026-06-16 19:50:46 [32minfo[39m: 	HTTP production server up and running on port 5000 !
2026-06-16 19:50:47 [32minfo[39m: 	Successfully connected to database mongodb://edgev3_app:edgev3_mongodb_pass@mongodb:27017/edgev3?authSource=admin
2026-06-16 19:50:47 [32minfo[39m: 	HTTP production server up and running on port 5000 !
2026-06-16 19:50:49 [32minfo[39m: 	Successfully connected to database mongodb://edgev3_app:edgev3_mongodb_pass@mongodb:27017/edgev3?authSource=admin
2026-06-16 19:50:49 [32minfo[39m: 	HTTP production server up and running on port 5000 !
2026-06-16 19:51:14 [32minfo[39m: 	Successfully connected to database mongodb://edgev3_app:edgev3_mongodb_pass@mongodb:27017/edgev3?authSource=admin
2026-06-16 19:51:14 [32minfo[39m: 	HTTP production server up and running on port 5000 !
2026-06-16 19:51:15 [32minfo[39m: 	Successfully connected to database mongodb://edgev3_app:edgev3_mongodb_pass@mongodb:27017/edgev3?authSource=admin
2026-06-16 19:51:15 [32minfo[39m: 	HTTP CRON server up and running on port 5555 !
2026-06-16 19:51:16 [32minfo[39m: 	Successfully connected to database mongodb://edgev3_app:edgev3_mongodb_pass@mongodb:27017/edgev3?authSource=admin
2026-06-16 19:51:16 [32minfo[39m: 	HTTP production server up and running on port 5000 !
2026-06-16 19:51:17 [32minfo[39m: 	Successfully connected to database mongodb://edgev3_app:edgev3_mongodb_pass@mongodb:27017/edgev3?authSource=admin
2026-06-16 19:51:17 [32minfo[39m: 	HTTP production server up and running on port 5000 !
2026-06-16 19:51:19 [32minfo[39m: 	Successfully connected to database mongodb://edgev3_app:edgev3_mongodb_pass@mongodb:27017/edgev3?authSource=admin
2026-06-16 19:51:19 [32minfo[39m: 	HTTP production server up and running on port 5000 !
2026-06-16 19:51:44 [32minfo[39m: 	Successfully connected to database mongodb://edgev3_app:edgev3_mongodb_pass@mongodb:27017/edgev3?authSource=admin
2026-06-16 19:51:44 [32minfo[39m: 	HTTP production server up and running on port 5000 !
2026-06-16 19:51:45 [32minfo[39m: 	Successfully connected to database mongodb://edgev3_app:edgev3_mongodb_pass@mongodb:27017/edgev3?authSource=admin
2026-06-16 19:51:45 [32minfo[39m: 	HTTP production server up and running on port 5000 !
2026-06-16 19:51:47 [32minfo[39m: 	Successfully connected to database mongodb://edgev3_app:edgev3_mongodb_pass@mongodb:27017/edgev3?authSource=admin
2026-06-16 19:51:47 [32minfo[39m: 	HTTP production server up and running on port 5000 !
2026-06-16 19:51:48 [32minfo[39m: 	Successfully connected to database mongodb://edgev3_app:edgev3_mongodb_pass@mongodb:27017/edgev3?authSource=admin
2026-06-16 19:51:48 [32minfo[39m: 	HTTP production server up and running on port 5000 !
2026-06-16 19:52:00 [32minfo[39m: 	exec:  NXF_CACHE_DIR=/edgev3/io/projects/jSJFTpA1QWmXTvH2/nextflow/work nextflow log|awk '/edge-jSJFTpA1QWmXTvH2/ &&(/OK/||/ERR/)'|awk '{split($0,array,/	/); print array[4]}'
2026-06-16 19:52:03 [32minfo[39m: 	exec stdout: 
2026-06-16 19:52:14 [32minfo[39m: 	Successfully connected to database mongodb://edgev3_app:edgev3_mongodb_pass@mongodb:27017/edgev3?authSource=admin
2026-06-16 19:52:14 [32minfo[39m: 	HTTP production server up and running on port 5000 !
2026-06-16 19:52:15 [32minfo[39m: 	Successfully connected to database mongodb://edgev3_app:edgev3_mongodb_pass@mongodb:27017/edgev3?authSource=admin
2026-06-16 19:52:15 [32minfo[39m: 	HTTP CRON server up and running on port 5555 !
2026-06-16 19:52:16 [32minfo[39m: 	Successfully connected to database mongodb://edgev3_app:edgev3_mongodb_pass@mongodb:27017/edgev3?authSource=admin
2026-06-16 19:52:16 [32minfo[39m: 	HTTP production server up and running on port 5000 !
2026-06-16 19:52:17 [32minfo[39m: 	Successfully connected to database mongodb://edgev3_app:edgev3_mongodb_pass@mongodb:27017/edgev3?authSource=admin
2026-06-16 19:52:17 [32minfo[39m: 	HTTP production server up and running on port 5000 !
2026-06-16 19:52:19 [32minfo[39m: 	Successfully connected to database mongodb://edgev3_app:edgev3_mongodb_pass@mongodb:27017/edgev3?authSource=admin
2026-06-16 19:52:19 [32minfo[39m: 	HTTP production server up and running on port 5000 !
2026-06-16 19:52:44 [32minfo[39m: 	Successfully connected to database mongodb://edgev3_app:edgev3_mongodb_pass@mongodb:27017/edgev3?authSource=admin
2026-06-16 19:52:44 [32minfo[39m: 	HTTP production server up and running on port 5000 !
2026-06-16 19:52:45 [32minfo[39m: 	Successfully connected to database mongodb://edgev3_app:edgev3_mongodb_pass@mongodb:27017/edgev3?authSource=admin
2026-06-16 19:52:45 [32minfo[39m: 	HTTP CRON server up and running on port 5555 !
2026-06-16 19:52:46 [32minfo[39m: 	Successfully connected to database mongodb://edgev3_app:edgev3_mongodb_pass@mongodb:27017/edgev3?authSource=admin
2026-06-16 19:52:46 [32minfo[39m: 	HTTP production server up and running on port 5000 !
2026-06-16 19:52:47 [32minfo[39m: 	Successfully connected to database mongodb://edgev3_app:edgev3_mongodb_pass@mongodb:27017/edgev3?authSource=admin
2026-06-16 19:52:47 [32minfo[39m: 	HTTP production server up and running on port 5000 !
2026-06-16 19:52:49 [32minfo[39m: 	Successfully connected to database mongodb://edgev3_app:edgev3_mongodb_pass@mongodb:27017/edgev3?authSource=admin
2026-06-16 19:52:49 [32minfo[39m: 	HTTP production server up and running on port 5000 !
2026-06-16 19:53:14 [32minfo[39m: 	Successfully connected to database mongodb://edgev3_app:edgev3_mongodb_pass@mongodb:27017/edgev3?authSource=admin
2026-06-16 19:53:14 [32minfo[39m: 	HTTP production server up and running on port 5000 !
2026-06-16 19:53:15 [32minfo[39m: 	Successfully connected to database mongodb://edgev3_app:edgev3_mongodb_pass@mongodb:27017/edgev3?authSource=admin
2026-06-16 19:53:15 [32minfo[39m: 	HTTP CRON server up and running on port 5555 !
2026-06-16 19:53:16 [32minfo[39m: 	Successfully connected to database mongodb://edgev3_app:edgev3_mongodb_pass@mongodb:27017/edgev3?authSource=admin
2026-06-16 19:53:16 [32minfo[39m: 	HTTP production server up and running on port 5000 !
2026-06-16 19:53:17 [32minfo[39m: 	Successfully connected to database mongodb://edgev3_app:edgev3_mongodb_pass@mongodb:27017/edgev3?authSource=admin
2026-06-16 19:53:17 [32minfo[39m: 	HTTP production server up and running on port 5000 !
2026-06-16 19:53:19 [32minfo[39m: 	Successfully connected to database mongodb://edgev3_app:edgev3_mongodb_pass@mongodb:27017/edgev3?authSource=admin
2026-06-16 19:53:19 [32minfo[39m: 	HTTP production server up and running on port 5000 !
2026-06-16 19:53:44 [32minfo[39m: 	Successfully connected to database mongodb://edgev3_app:edgev3_mongodb_pass@mongodb:27017/edgev3?authSource=admin
2026-06-16 19:53:44 [32minfo[39m: 	HTTP production server up and running on port 5000 !
2026-06-16 19:53:45 [32minfo[39m: 	Successfully connected to database mongodb://edgev3_app:edgev3_mongodb_pass@mongodb:27017/edgev3?authSource=admin
2026-06-16 19:53:45 [32minfo[39m: 	HTTP CRON server up and running on port 5555 !
2026-06-16 19:53:46 [32minfo[39m: 	Successfully connected to database mongodb://edgev3_app:edgev3_mongodb_pass@mongodb:27017/edgev3?authSource=admin
2026-06-16 19:53:46 [32minfo[39m: 	HTTP production server up and running on port 5000 !
2026-06-16 19:53:47 [32minfo[39m: 	Successfully connected to database mongodb://edgev3_app:edgev3_mongodb_pass@mongodb:27017/edgev3?authSource=admin
2026-06-16 19:53:47 [32minfo[39m: 	HTTP production server up and running on port 5000 !
2026-06-16 19:53:49 [32minfo[39m: 	Successfully connected to database mongodb://edgev3_app:edgev3_mongodb_pass@mongodb:27017/edgev3?authSource=admin
2026-06-16 19:53:49 [32minfo[39m: 	HTTP production server up and running on port 5000 !
2026-06-16 19:54:00 [32minfo[39m: 	exec:  NXF_CACHE_DIR=/edgev3/io/projects/jSJFTpA1QWmXTvH2/nextflow/work nextflow log|awk '/edge-jSJFTpA1QWmXTvH2/ &&(/OK/||/ERR/)'|awk '{split($0,array,/	/); print array[4]}'
2026-06-16 19:54:04 [32minfo[39m: 	exec stdout: 
2026-06-16 19:54:14 [32minfo[39m: 	Successfully connected to database mongodb://edgev3_app:edgev3_mongodb_pass@mongodb:27017/edgev3?authSource=admin
2026-06-16 19:54:14 [32minfo[39m: 	HTTP production server up and running on port 5000 !
2026-06-16 19:54:15 [32minfo[39m: 	Successfully connected to database mongodb://edgev3_app:edgev3_mongodb_pass@mongodb:27017/edgev3?authSource=admin
2026-06-16 19:54:15 [32minfo[39m: 	HTTP CRON server up and running on port 5555 !
2026-06-16 19:54:16 [32minfo[39m: 	Successfully connected to database mongodb://edgev3_app:edgev3_mongodb_pass@mongodb:27017/edgev3?authSource=admin
2026-06-16 19:54:16 [32minfo[39m: 	HTTP production server up and running on port 5000 !
2026-06-16 19:54:17 [32minfo[39m: 	Successfully connected to database mongodb://edgev3_app:edgev3_mongodb_pass@mongodb:27017/edgev3?authSource=admin
2026-06-16 19:54:17 [32minfo[39m: 	HTTP production server up and running on port 5000 !
2026-06-16 19:54:19 [32minfo[39m: 	Successfully connected to database mongodb://edgev3_app:edgev3_mongodb_pass@mongodb:27017/edgev3?authSource=admin
2026-06-16 19:54:19 [32minfo[39m: 	HTTP production server up and running on port 5000 !
2026-06-16 19:54:44 [32minfo[39m: 	Successfully connected to database mongodb://edgev3_app:edgev3_mongodb_pass@mongodb:27017/edgev3?authSource=admin
2026-06-16 19:54:44 [32minfo[39m: 	HTTP production server up and running on port 5000 !
2026-06-16 19:54:45 [32minfo[39m: 	Successfully connected to database mongodb://edgev3_app:edgev3_mongodb_pass@mongodb:27017/edgev3?authSource=admin
2026-06-16 19:54:45 [32minfo[39m: 	HTTP CRON server up and running on port 5555 !
2026-06-16 19:54:46 [32minfo[39m: 	Successfully connected to database mongodb://edgev3_app:edgev3_mongodb_pass@mongodb:27017/edgev3?authSource=admin
2026-06-16 19:54:46 [32minfo[39m: 	HTTP production server up and running on port 5000 !
2026-06-16 19:54:47 [32minfo[39m: 	Successfully connected to database mongodb://edgev3_app:edgev3_mongodb_pass@mongodb:27017/edgev3?authSource=admin
2026-06-16 19:54:47 [32minfo[39m: 	HTTP production server up and running on port 5000 !
2026-06-16 19:54:49 [32minfo[39m: 	Successfully connected to database mongodb://edgev3_app:edgev3_mongodb_pass@mongodb:27017/edgev3?authSource=admin
2026-06-16 19:54:49 [32minfo[39m: 	HTTP production server up and running on port 5000 !
2026-06-16 19:55:14 [32minfo[39m: 	Successfully connected to database mongodb://edgev3_app:edgev3_mongodb_pass@mongodb:27017/edgev3?authSource=admin
2026-06-16 19:55:14 [32minfo[39m: 	HTTP production server up and running on port 5000 !
2026-06-16 19:55:15 [32minfo[39m: 	Successfully connected to database mongodb://edgev3_app:edgev3_mongodb_pass@mongodb:27017/edgev3?authSource=admin
2026-06-16 19:55:15 [32minfo[39m: 	HTTP CRON server up and running on port 5555 !
2026-06-16 19:55:16 [32minfo[39m: 	Successfully connected to database mongodb://edgev3_app:edgev3_mongodb_pass@mongodb:27017/edgev3?authSource=admin
2026-06-16 19:55:16 [32minfo[39m: 	HTTP production server up and running on port 5000 !
2026-06-16 19:55:17 [32minfo[39m: 	Successfully connected to database mongodb://edgev3_app:edgev3_mongodb_pass@mongodb:27017/edgev3?authSource=admin
2026-06-16 19:55:17 [32minfo[39m: 	HTTP production server up and running on port 5000 !
2026-06-16 19:55:19 [32minfo[39m: 	Successfully connected to database mongodb://edgev3_app:edgev3_mongodb_pass@mongodb:27017/edgev3?authSource=admin
2026-06-16 19:55:19 [32minfo[39m: 	HTTP production server up and running on port 5000 !
2026-06-16 19:55:44 [32minfo[39m: 	Successfully connected to database mongodb://edgev3_app:edgev3_mongodb_pass@mongodb:27017/edgev3?authSource=admin
2026-06-16 19:55:44 [32minfo[39m: 	HTTP production server up and running on port 5000 !
2026-06-16 19:55:45 [32minfo[39m: 	Successfully connected to database mongodb://edgev3_app:edgev3_mongodb_pass@mongodb:27017/edgev3?authSource=admin
2026-06-16 19:55:45 [32minfo[39m: 	HTTP CRON server up and running on port 5555 !
2026-06-16 19:55:46 [32minfo[39m: 	Successfully connected to database mongodb://edgev3_app:edgev3_mongodb_pass@mongodb:27017/edgev3?authSource=admin
2026-06-16 19:55:46 [32minfo[39m: 	HTTP production server up and running on port 5000 !
2026-06-16 19:55:47 [32minfo[39m: 	Successfully connected to database mongodb://edgev3_app:edgev3_mongodb_pass@mongodb:27017/edgev3?authSource=admin
2026-06-16 19:55:47 [32minfo[39m: 	HTTP production server up and running on port 5000 !
2026-06-16 19:55:49 [32minfo[39m: 	Successfully connected to database mongodb://edgev3_app:edgev3_mongodb_pass@mongodb:27017/edgev3?authSource=admin
2026-06-16 19:55:49 [32minfo[39m: 	HTTP production server up and running on port 5000 !
2026-06-16 19:56:01 [32minfo[39m: 	exec:  NXF_CACHE_DIR=/edgev3/io/projects/jSJFTpA1QWmXTvH2/nextflow/work nextflow log|awk '/edge-jSJFTpA1QWmXTvH2/ &&(/OK/||/ERR/)'|awk '{split($0,array,/	/); print array[4]}'
2026-06-16 19:56:04 [32minfo[39m: 	exec stdout: 
2026-06-16 19:56:14 [32minfo[39m: 	Successfully connected to database mongodb://edgev3_app:edgev3_mongodb_pass@mongodb:27017/edgev3?authSource=admin
2026-06-16 19:56:14 [32minfo[39m: 	HTTP production server up and running on port 5000 !
2026-06-16 19:56:16 [32minfo[39m: 	Successfully connected to database mongodb://edgev3_app:edgev3_mongodb_pass@mongodb:27017/edgev3?authSource=admin
2026-06-16 19:56:16 [32minfo[39m: 	HTTP CRON server up and running on port 5555 !
2026-06-16 19:56:16 [32minfo[39m: 	Successfully connected to database mongodb://edgev3_app:edgev3_mongodb_pass@mongodb:27017/edgev3?authSource=admin
2026-06-16 19:56:16 [32minfo[39m: 	HTTP production server up and running on port 5000 !
2026-06-16 19:56:17 [32minfo[39m: 	Successfully connected to database mongodb://edgev3_app:edgev3_mongodb_pass@mongodb:27017/edgev3?authSource=admin
2026-06-16 19:56:17 [32minfo[39m: 	HTTP production server up and running on port 5000 !
2026-06-16 19:56:19 [32minfo[39m: 	Successfully connected to database mongodb://edgev3_app:edgev3_mongodb_pass@mongodb:27017/edgev3?authSource=admin
2026-06-16 19:56:19 [32minfo[39m: 	HTTP production server up and running on port 5000 !
2026-06-16 19:56:44 [32minfo[39m: 	Successfully connected to database mongodb://edgev3_app:edgev3_mongodb_pass@mongodb:27017/edgev3?authSource=admin
2026-06-16 19:56:44 [32minfo[39m: 	HTTP production server up and running on port 5000 !
2026-06-16 19:56:45 [32minfo[39m: 	Successfully connected to database mongodb://edgev3_app:edgev3_mongodb_pass@mongodb:27017/edgev3?authSource=admin
2026-06-16 19:56:45 [32minfo[39m: 	HTTP CRON server up and running on port 5555 !
2026-06-16 19:56:46 [32minfo[39m: 	Successfully connected to database mongodb://edgev3_app:edgev3_mongodb_pass@mongodb:27017/edgev3?authSource=admin
2026-06-16 19:56:46 [32minfo[39m: 	HTTP production server up and running on port 5000 !
2026-06-16 19:56:47 [32minfo[39m: 	Successfully connected to database mongodb://edgev3_app:edgev3_mongodb_pass@mongodb:27017/edgev3?authSource=admin
2026-06-16 19:56:47 [32minfo[39m: 	HTTP production server up and running on port 5000 !
2026-06-16 19:56:49 [32minfo[39m: 	Successfully connected to database mongodb://edgev3_app:edgev3_mongodb_pass@mongodb:27017/edgev3?authSource=admin
2026-06-16 19:56:49 [32minfo[39m: 	HTTP production server up and running on port 5000 !
2026-06-16 19:57:14 [32minfo[39m: 	Successfully connected to database mongodb://edgev3_app:edgev3_mongodb_pass@mongodb:27017/edgev3?authSource=admin
2026-06-16 19:57:14 [32minfo[39m: 	HTTP production server up and running on port 5000 !
2026-06-16 19:57:15 [32minfo[39m: 	Successfully connected to database mongodb://edgev3_app:edgev3_mongodb_pass@mongodb:27017/edgev3?authSource=admin
2026-06-16 19:57:15 [32minfo[39m: 	HTTP CRON server up and running on port 5555 !
2026-06-16 19:57:16 [32minfo[39m: 	Successfully connected to database mongodb://edgev3_app:edgev3_mongodb_pass@mongodb:27017/edgev3?authSource=admin
2026-06-16 19:57:16 [32minfo[39m: 	HTTP production server up and running on port 5000 !
2026-06-16 19:57:17 [32minfo[39m: 	Successfully connected to database mongodb://edgev3_app:edgev3_mongodb_pass@mongodb:27017/edgev3?authSource=admin
2026-06-16 19:57:17 [32minfo[39m: 	HTTP production server up and running on port 5000 !
2026-06-16 19:57:19 [32minfo[39m: 	Successfully connected to database mongodb://edgev3_app:edgev3_mongodb_pass@mongodb:27017/edgev3?authSource=admin
2026-06-16 19:57:19 [32minfo[39m: 	HTTP production server up and running on port 5000 !
2026-06-16 19:57:44 [32minfo[39m: 	Successfully connected to database mongodb://edgev3_app:edgev3_mongodb_pass@mongodb:27017/edgev3?authSource=admin
2026-06-16 19:57:44 [32minfo[39m: 	HTTP production server up and running on port 5000 !
2026-06-16 19:57:45 [32minfo[39m: 	Successfully connected to database mongodb://edgev3_app:edgev3_mongodb_pass@mongodb:27017/edgev3?authSource=admin
2026-06-16 19:57:45 [32minfo[39m: 	HTTP CRON server up and running on port 5555 !
2026-06-16 19:57:46 [32minfo[39m: 	Successfully connected to database mongodb://edgev3_app:edgev3_mongodb_pass@mongodb:27017/edgev3?authSource=admin
2026-06-16 19:57:46 [32minfo[39m: 	HTTP production server up and running on port 5000 !
2026-06-16 19:57:47 [32minfo[39m: 	Successfully connected to database mongodb://edgev3_app:edgev3_mongodb_pass@mongodb:27017/edgev3?authSource=admin
2026-06-16 19:57:47 [32minfo[39m: 	HTTP production server up and running on port 5000 !
2026-06-16 19:57:49 [32minfo[39m: 	Successfully connected to database mongodb://edgev3_app:edgev3_mongodb_pass@mongodb:27017/edgev3?authSource=admin
2026-06-16 19:57:49 [32minfo[39m: 	HTTP production server up and running on port 5000 !
2026-06-16 19:58:00 [32minfo[39m: 	exec:  NXF_CACHE_DIR=/edgev3/io/projects/jSJFTpA1QWmXTvH2/nextflow/work nextflow log|awk '/edge-jSJFTpA1QWmXTvH2/ &&(/OK/||/ERR/)'|awk '{split($0,array,/	/); print array[4]}'
2026-06-16 19:58:04 [32minfo[39m: 	exec stdout: 
2026-06-16 19:58:14 [32minfo[39m: 	Successfully connected to database mongodb://edgev3_app:edgev3_mongodb_pass@mongodb:27017/edgev3?authSource=admin
2026-06-16 19:58:14 [32minfo[39m: 	HTTP production server up and running on port 5000 !
2026-06-16 19:58:15 [32minfo[39m: 	Successfully connected to database mongodb://edgev3_app:edgev3_mongodb_pass@mongodb:27017/edgev3?authSource=admin
2026-06-16 19:58:15 [32minfo[39m: 	HTTP CRON server up and running on port 5555 !
2026-06-16 19:58:16 [32minfo[39m: 	Successfully connected to database mongodb://edgev3_app:edgev3_mongodb_pass@mongodb:27017/edgev3?authSource=admin
2026-06-16 19:58:16 [32minfo[39m: 	HTTP production server up and running on port 5000 !
2026-06-16 19:58:17 [32minfo[39m: 	Successfully connected to database mongodb://edgev3_app:edgev3_mongodb_pass@mongodb:27017/edgev3?authSource=admin
2026-06-16 19:58:17 [32minfo[39m: 	HTTP production server up and running on port 5000 !
2026-06-16 19:58:19 [32minfo[39m: 	Successfully connected to database mongodb://edgev3_app:edgev3_mongodb_pass@mongodb:27017/edgev3?authSource=admin
2026-06-16 19:58:19 [32minfo[39m: 	HTTP production server up and running on port 5000 !
2026-06-16 19:58:44 [32minfo[39m: 	Successfully connected to database mongodb://edgev3_app:edgev3_mongodb_pass@mongodb:27017/edgev3?authSource=admin
2026-06-16 19:58:44 [32minfo[39m: 	HTTP production server up and running on port 5000 !
2026-06-16 19:58:45 [32minfo[39m: 	Successfully connected to database mongodb://edgev3_app:edgev3_mongodb_pass@mongodb:27017/edgev3?authSource=admin
2026-06-16 19:58:45 [32minfo[39m: 	HTTP CRON server up and running on port 5555 !
2026-06-16 19:58:46 [32minfo[39m: 	Successfully connected to database mongodb://edgev3_app:edgev3_mongodb_pass@mongodb:27017/edgev3?authSource=admin
2026-06-16 19:58:46 [32minfo[39m: 	HTTP production server up and running on port 5000 !
2026-06-16 19:58:47 [32minfo[39m: 	Successfully connected to database mongodb://edgev3_app:edgev3_mongodb_pass@mongodb:27017/edgev3?authSource=admin
2026-06-16 19:58:47 [32minfo[39m: 	HTTP production server up and running on port 5000 !
2026-06-16 19:58:49 [32minfo[39m: 	Successfully connected to database mongodb://edgev3_app:edgev3_mongodb_pass@mongodb:27017/edgev3?authSource=admin
2026-06-16 19:58:49 [32minfo[39m: 	HTTP production server up and running on port 5000 !
2026-06-16 19:59:14 [32minfo[39m: 	Successfully connected to database mongodb://edgev3_app:edgev3_mongodb_pass@mongodb:27017/edgev3?authSource=admin
2026-06-16 19:59:14 [32minfo[39m: 	HTTP production server up and running on port 5000 !
2026-06-16 19:59:15 [32minfo[39m: 	Successfully connected to database mongodb://edgev3_app:edgev3_mongodb_pass@mongodb:27017/edgev3?authSource=admin
2026-06-16 19:59:15 [32minfo[39m: 	HTTP CRON server up and running on port 5555 !
2026-06-16 19:59:16 [32minfo[39m: 	Successfully connected to database mongodb://edgev3_app:edgev3_mongodb_pass@mongodb:27017/edgev3?authSource=admin
2026-06-16 19:59:16 [32minfo[39m: 	HTTP production server up and running on port 5000 !
2026-06-16 19:59:17 [32minfo[39m: 	Successfully connected to database mongodb://edgev3_app:edgev3_mongodb_pass@mongodb:27017/edgev3?authSource=admin
2026-06-16 19:59:17 [32minfo[39m: 	HTTP production server up and running on port 5000 !
2026-06-16 19:59:19 [32minfo[39m: 	Successfully connected to database mongodb://edgev3_app:edgev3_mongodb_pass@mongodb:27017/edgev3?authSource=admin
2026-06-16 19:59:19 [32minfo[39m: 	HTTP production server up and running on port 5000 !
2026-06-16 19:59:44 [32minfo[39m: 	Successfully connected to database mongodb://edgev3_app:edgev3_mongodb_pass@mongodb:27017/edgev3?authSource=admin
2026-06-16 19:59:44 [32minfo[39m: 	HTTP production server up and running on port 5000 !
2026-06-16 19:59:45 [32minfo[39m: 	Successfully connected to database mongodb://edgev3_app:edgev3_mongodb_pass@mongodb:27017/edgev3?authSource=admin
2026-06-16 19:59:45 [32minfo[39m: 	HTTP CRON server up and running on port 5555 !
2026-06-16 19:59:46 [32minfo[39m: 	Successfully connected to database mongodb://edgev3_app:edgev3_mongodb_pass@mongodb:27017/edgev3?authSource=admin
2026-06-16 19:59:46 [32minfo[39m: 	HTTP production server up and running on port 5000 !
2026-06-16 19:59:47 [32minfo[39m: 	Successfully connected to database mongodb://edgev3_app:edgev3_mongodb_pass@mongodb:27017/edgev3?authSource=admin
2026-06-16 19:59:47 [32minfo[39m: 	HTTP production server up and running on port 5000 !
2026-06-16 19:59:49 [32minfo[39m: 	Successfully connected to database mongodb://edgev3_app:edgev3_mongodb_pass@mongodb:27017/edgev3?authSource=admin
2026-06-16 19:59:49 [32minfo[39m: 	HTTP production server up and running on port 5000 !
2026-06-16 20:00:14 [32minfo[39m: 	Successfully connected to database mongodb://edgev3_app:edgev3_mongodb_pass@mongodb:27017/edgev3?authSource=admin
2026-06-16 20:00:14 [32minfo[39m: 	HTTP production server up and running on port 5000 !
2026-06-16 20:00:15 [32minfo[39m: 	Successfully connected to database mongodb://edgev3_app:edgev3_mongodb_pass@mongodb:27017/edgev3?authSource=admin
2026-06-16 20:00:15 [32minfo[39m: 	HTTP CRON server up and running on port 5555 !
2026-06-16 20:00:16 [32minfo[39m: 	Successfully connected to database mongodb://edgev3_app:edgev3_mongodb_pass@mongodb:27017/edgev3?authSource=admin
2026-06-16 20:00:16 [32minfo[39m: 	HTTP production server up and running on port 5000 !
2026-06-16 20:00:17 [32minfo[39m: 	Successfully connected to database mongodb://edgev3_app:edgev3_mongodb_pass@mongodb:27017/edgev3?authSource=admin
2026-06-16 20:00:17 [32minfo[39m: 	HTTP production server up and running on port 5000 !
2026-06-16 20:00:19 [32minfo[39m: 	Successfully connected to database mongodb://edgev3_app:edgev3_mongodb_pass@mongodb:27017/edgev3?authSource=admin
2026-06-16 20:00:19 [32minfo[39m: 	HTTP production server up and running on port 5000 !
2026-06-16 20:00:44 [32minfo[39m: 	Successfully connected to database mongodb://edgev3_app:edgev3_mongodb_pass@mongodb:27017/edgev3?authSource=admin
2026-06-16 20:00:44 [32minfo[39m: 	HTTP production server up and running on port 5000 !
2026-06-16 20:00:45 [32minfo[39m: 	Successfully connected to database mongodb://edgev3_app:edgev3_mongodb_pass@mongodb:27017/edgev3?authSource=admin
2026-06-16 20:00:45 [32minfo[39m: 	HTTP CRON server up and running on port 5555 !
2026-06-16 20:00:46 [32minfo[39m: 	Successfully connected to database mongodb://edgev3_app:edgev3_mongodb_pass@mongodb:27017/edgev3?authSource=admin
2026-06-16 20:00:46 [32minfo[39m: 	HTTP production server up and running on port 5000 !
2026-06-16 20:00:47 [32minfo[39m: 	Successfully connected to database mongodb://edgev3_app:edgev3_mongodb_pass@mongodb:27017/edgev3?authSource=admin
2026-06-16 20:00:47 [32minfo[39m: 	HTTP production server up and running on port 5000 !
2026-06-16 20:00:49 [32minfo[39m: 	Successfully connected to database mongodb://edgev3_app:edgev3_mongodb_pass@mongodb:27017/edgev3?authSource=admin
2026-06-16 20:00:49 [32minfo[39m: 	HTTP production server up and running on port 5000 !
2026-06-16 20:01:14 [32minfo[39m: 	Successfully connected to database mongodb://edgev3_app:edgev3_mongodb_pass@mongodb:27017/edgev3?authSource=admin
2026-06-16 20:01:14 [32minfo[39m: 	HTTP production server up and running on port 5000 !
2026-06-16 20:01:15 [32minfo[39m: 	Successfully connected to database mongodb://edgev3_app:edgev3_mongodb_pass@mongodb:27017/edgev3?authSource=admin
2026-06-16 20:01:15 [32minfo[39m: 	HTTP CRON server up and running on port 5555 !
2026-06-16 20:01:16 [32minfo[39m: 	Successfully connected to database mongodb://edgev3_app:edgev3_mongodb_pass@mongodb:27017/edgev3?authSource=admin
2026-06-16 20:01:16 [32minfo[39m: 	HTTP production server up and running on port 5000 !
2026-06-16 20:01:17 [32minfo[39m: 	Successfully connected to database mongodb://edgev3_app:edgev3_mongodb_pass@mongodb:27017/edgev3?authSource=admin
2026-06-16 20:01:17 [32minfo[39m: 	HTTP production server up and running on port 5000 !
2026-06-16 20:01:19 [32minfo[39m: 	Successfully connected to database mongodb://edgev3_app:edgev3_mongodb_pass@mongodb:27017/edgev3?authSource=admin
2026-06-16 20:01:19 [32minfo[39m: 	HTTP production server up and running on port 5000 !
2026-06-16 20:01:44 [32minfo[39m: 	Successfully connected to database mongodb://edgev3_app:edgev3_mongodb_pass@mongodb:27017/edgev3?authSource=admin
2026-06-16 20:01:44 [32minfo[39m: 	HTTP production server up and running on port 5000 !
2026-06-16 20:01:45 [32minfo[39m: 	Successfully connected to database mongodb://edgev3_app:edgev3_mongodb_pass@mongodb:27017/edgev3?authSource=admin
2026-06-16 20:01:45 [32minfo[39m: 	HTTP CRON server up and running on port 5555 !
2026-06-16 20:01:46 [32minfo[39m: 	Successfully connected to database mongodb://edgev3_app:edgev3_mongodb_pass@mongodb:27017/edgev3?authSource=admin
2026-06-16 20:01:46 [32minfo[39m: 	HTTP production server up and running on port 5000 !
2026-06-16 20:01:47 [32minfo[39m: 	Successfully connected to database mongodb://edgev3_app:edgev3_mongodb_pass@mongodb:27017/edgev3?authSource=admin
2026-06-16 20:01:47 [32minfo[39m: 	HTTP production server up and running on port 5000 !
2026-06-16 20:01:49 [32minfo[39m: 	Successfully connected to database mongodb://edgev3_app:edgev3_mongodb_pass@mongodb:27017/edgev3?authSource=admin
2026-06-16 20:01:49 [32minfo[39m: 	HTTP production server up and running on port 5000 !
2026-06-16 20:02:01 [32minfo[39m: 	exec:  NXF_CACHE_DIR=/edgev3/io/projects/jSJFTpA1QWmXTvH2/nextflow/work nextflow log|awk '/edge-jSJFTpA1QWmXTvH2/ &&(/OK/||/ERR/)'|awk '{split($0,array,/	/); print array[4]}'
2026-06-16 20:02:04 [32minfo[39m: 	exec stdout: 
2026-06-16 20:02:14 [32minfo[39m: 	Successfully connected to database mongodb://edgev3_app:edgev3_mongodb_pass@mongodb:27017/edgev3?authSource=admin
2026-06-16 20:02:14 [32minfo[39m: 	HTTP production server up and running on port 5000 !
2026-06-16 20:02:16 [32minfo[39m: 	Successfully connected to database mongodb://edgev3_app:edgev3_mongodb_pass@mongodb:27017/edgev3?authSource=admin
2026-06-16 20:02:16 [32minfo[39m: 	HTTP CRON server up and running on port 5555 !
2026-06-16 20:02:16 [32minfo[39m: 	Successfully connected to database mongodb://edgev3_app:edgev3_mongodb_pass@mongodb:27017/edgev3?authSource=admin
2026-06-16 20:02:16 [32minfo[39m: 	HTTP production server up and running on port 5000 !
2026-06-16 20:02:17 [32minfo[39m: 	Successfully connected to database mongodb://edgev3_app:edgev3_mongodb_pass@mongodb:27017/edgev3?authSource=admin
2026-06-16 20:02:17 [32minfo[39m: 	HTTP production server up and running on port 5000 !
2026-06-16 20:02:19 [32minfo[39m: 	Successfully connected to database mongodb://edgev3_app:edgev3_mongodb_pass@mongodb:27017/edgev3?authSource=admin
2026-06-16 20:02:19 [32minfo[39m: 	HTTP production server up and running on port 5000 !
2026-06-16 20:02:44 [32minfo[39m: 	Successfully connected to database mongodb://edgev3_app:edgev3_mongodb_pass@mongodb:27017/edgev3?authSource=admin
2026-06-16 20:02:44 [32minfo[39m: 	HTTP production server up and running on port 5000 !
2026-06-16 20:02:46 [32minfo[39m: 	Successfully connected to database mongodb://edgev3_app:edgev3_mongodb_pass@mongodb:27017/edgev3?authSource=admin
2026-06-16 20:02:46 [32minfo[39m: 	HTTP CRON server up and running on port 5555 !
2026-06-16 20:02:46 [32minfo[39m: 	Successfully connected to database mongodb://edgev3_app:edgev3_mongodb_pass@mongodb:27017/edgev3?authSource=admin
2026-06-16 20:02:46 [32minfo[39m: 	HTTP production server up and running on port 5000 !
2026-06-16 20:02:48 [32minfo[39m: 	Successfully connected to database mongodb://edgev3_app:edgev3_mongodb_pass@mongodb:27017/edgev3?authSource=admin
2026-06-16 20:02:48 [32minfo[39m: 	HTTP production server up and running on port 5000 !
2026-06-16 20:02:49 [32minfo[39m: 	Successfully connected to database mongodb://edgev3_app:edgev3_mongodb_pass@mongodb:27017/edgev3?authSource=admin
2026-06-16 20:02:49 [32minfo[39m: 	HTTP production server up and running on port 5000 !
2026-06-16 20:03:14 [32minfo[39m: 	Successfully connected to database mongodb://edgev3_app:edgev3_mongodb_pass@mongodb:27017/edgev3?authSource=admin
2026-06-16 20:03:14 [32minfo[39m: 	HTTP production server up and running on port 5000 !
2026-06-16 20:03:16 [32minfo[39m: 	Successfully connected to database mongodb://edgev3_app:edgev3_mongodb_pass@mongodb:27017/edgev3?authSource=admin
2026-06-16 20:03:16 [32minfo[39m: 	HTTP CRON server up and running on port 5555 !
2026-06-16 20:03:16 [32minfo[39m: 	Successfully connected to database mongodb://edgev3_app:edgev3_mongodb_pass@mongodb:27017/edgev3?authSource=admin
2026-06-16 20:03:16 [32minfo[39m: 	HTTP production server up and running on port 5000 !
2026-06-16 20:03:17 [32minfo[39m: 	Successfully connected to database mongodb://edgev3_app:edgev3_mongodb_pass@mongodb:27017/edgev3?authSource=admin
2026-06-16 20:03:17 [32minfo[39m: 	HTTP production server up and running on port 5000 !
2026-06-16 20:03:19 [32minfo[39m: 	Successfully connected to database mongodb://edgev3_app:edgev3_mongodb_pass@mongodb:27017/edgev3?authSource=admin
2026-06-16 20:03:19 [32minfo[39m: 	HTTP production server up and running on port 5000 !
2026-06-16 20:03:44 [32minfo[39m: 	Successfully connected to database mongodb://edgev3_app:edgev3_mongodb_pass@mongodb:27017/edgev3?authSource=admin
2026-06-16 20:03:44 [32minfo[39m: 	HTTP production server up and running on port 5000 !
2026-06-16 20:03:45 [32minfo[39m: 	Successfully connected to database mongodb://edgev3_app:edgev3_mongodb_pass@mongodb:27017/edgev3?authSource=admin
2026-06-16 20:03:45 [32minfo[39m: 	HTTP CRON server up and running on port 5555 !
2026-06-16 20:03:46 [32minfo[39m: 	Successfully connected to database mongodb://edgev3_app:edgev3_mongodb_pass@mongodb:27017/edgev3?authSource=admin
2026-06-16 20:03:46 [32minfo[39m: 	HTTP production server up and running on port 5000 !
2026-06-16 20:03:47 [32minfo[39m: 	Successfully connected to database mongodb://edgev3_app:edgev3_mongodb_pass@mongodb:27017/edgev3?authSource=admin
2026-06-16 20:03:47 [32minfo[39m: 	HTTP production server up and running on port 5000 !
2026-06-16 20:03:49 [32minfo[39m: 	Successfully connected to database mongodb://edgev3_app:edgev3_mongodb_pass@mongodb:27017/edgev3?authSource=admin
2026-06-16 20:03:49 [32minfo[39m: 	HTTP production server up and running on port 5000 !
2026-06-16 20:04:00 [32minfo[39m: 	exec:  NXF_CACHE_DIR=/edgev3/io/projects/jSJFTpA1QWmXTvH2/nextflow/work nextflow log|awk '/edge-jSJFTpA1QWmXTvH2/ &&(/OK/||/ERR/)'|awk '{split($0,array,/	/); print array[4]}'
2026-06-16 20:04:03 [32minfo[39m: 	exec stdout: 
2026-06-16 20:04:14 [32minfo[39m: 	Successfully connected to database mongodb://edgev3_app:edgev3_mongodb_pass@mongodb:27017/edgev3?authSource=admin
2026-06-16 20:04:14 [32minfo[39m: 	HTTP production server up and running on port 5000 !
2026-06-16 20:04:15 [32minfo[39m: 	Successfully connected to database mongodb://edgev3_app:edgev3_mongodb_pass@mongodb:27017/edgev3?authSource=admin
2026-06-16 20:04:15 [32minfo[39m: 	HTTP CRON server up and running on port 5555 !
2026-06-16 20:04:16 [32minfo[39m: 	Successfully connected to database mongodb://edgev3_app:edgev3_mongodb_pass@mongodb:27017/edgev3?authSource=admin
2026-06-16 20:04:16 [32minfo[39m: 	HTTP production server up and running on port 5000 !
2026-06-16 20:04:17 [32minfo[39m: 	Successfully connected to database mongodb://edgev3_app:edgev3_mongodb_pass@mongodb:27017/edgev3?authSource=admin
2026-06-16 20:04:17 [32minfo[39m: 	HTTP production server up and running on port 5000 !
2026-06-16 20:04:19 [32minfo[39m: 	Successfully connected to database mongodb://edgev3_app:edgev3_mongodb_pass@mongodb:27017/edgev3?authSource=admin
2026-06-16 20:04:19 [32minfo[39m: 	HTTP production server up and running on port 5000 !
2026-06-16 20:04:44 [32minfo[39m: 	Successfully connected to database mongodb://edgev3_app:edgev3_mongodb_pass@mongodb:27017/edgev3?authSource=admin
2026-06-16 20:04:44 [32minfo[39m: 	HTTP production server up and running on port 5000 !
2026-06-16 20:04:45 [32minfo[39m: 	Successfully connected to database mongodb://edgev3_app:edgev3_mongodb_pass@mongodb:27017/edgev3?authSource=admin
2026-06-16 20:04:45 [32minfo[39m: 	HTTP CRON server up and running on port 5555 !
2026-06-16 20:04:46 [32minfo[39m: 	Successfully connected to database mongodb://edgev3_app:edgev3_mongodb_pass@mongodb:27017/edgev3?authSource=admin
2026-06-16 20:04:46 [32minfo[39m: 	HTTP production server up and running on port 5000 !
2026-06-16 20:04:47 [32minfo[39m: 	Successfully connected to database mongodb://edgev3_app:edgev3_mongodb_pass@mongodb:27017/edgev3?authSource=admin
2026-06-16 20:04:47 [32minfo[39m: 	HTTP production server up and running on port 5000 !
2026-06-16 20:04:49 [32minfo[39m: 	Successfully connected to database mongodb://edgev3_app:edgev3_mongodb_pass@mongodb:27017/edgev3?authSource=admin
2026-06-16 20:04:49 [32minfo[39m: 	HTTP production server up and running on port 5000 !
2026-06-16 20:05:14 [32minfo[39m: 	Successfully connected to database mongodb://edgev3_app:edgev3_mongodb_pass@mongodb:27017/edgev3?authSource=admin
2026-06-16 20:05:14 [32minfo[39m: 	HTTP production server up and running on port 5000 !
2026-06-16 20:05:15 [32minfo[39m: 	Successfully connected to database mongodb://edgev3_app:edgev3_mongodb_pass@mongodb:27017/edgev3?authSource=admin
2026-06-16 20:05:15 [32minfo[39m: 	HTTP CRON server up and running on port 5555 !
2026-06-16 20:05:16 [32minfo[39m: 	Successfully connected to database mongodb://edgev3_app:edgev3_mongodb_pass@mongodb:27017/edgev3?authSource=admin
2026-06-16 20:05:16 [32minfo[39m: 	HTTP production server up and running on port 5000 !
2026-06-16 20:05:17 [32minfo[39m: 	Successfully connected to database mongodb://edgev3_app:edgev3_mongodb_pass@mongodb:27017/edgev3?authSource=admin
2026-06-16 20:05:17 [32minfo[39m: 	HTTP production server up and running on port 5000 !
2026-06-16 20:05:19 [32minfo[39m: 	Successfully connected to database mongodb://edgev3_app:edgev3_mongodb_pass@mongodb:27017/edgev3?authSource=admin
2026-06-16 20:05:19 [32minfo[39m: 	HTTP production server up and running on port 5000 !
2026-06-16 20:05:44 [32minfo[39m: 	Successfully connected to database mongodb://edgev3_app:edgev3_mongodb_pass@mongodb:27017/edgev3?authSource=admin
2026-06-16 20:05:44 [32minfo[39m: 	HTTP production server up and running on port 5000 !
2026-06-16 20:05:45 [32minfo[39m: 	Successfully connected to database mongodb://edgev3_app:edgev3_mongodb_pass@mongodb:27017/edgev3?authSource=admin
2026-06-16 20:05:45 [32minfo[39m: 	HTTP CRON server up and running on port 5555 !
2026-06-16 20:05:46 [32minfo[39m: 	Successfully connected to database mongodb://edgev3_app:edgev3_mongodb_pass@mongodb:27017/edgev3?authSource=admin
2026-06-16 20:05:46 [32minfo[39m: 	HTTP production server up and running on port 5000 !
2026-06-16 20:05:47 [32minfo[39m: 	Successfully connected to database mongodb://edgev3_app:edgev3_mongodb_pass@mongodb:27017/edgev3?authSource=admin
2026-06-16 20:05:47 [32minfo[39m: 	HTTP production server up and running on port 5000 !
2026-06-16 20:05:49 [32minfo[39m: 	Successfully connected to database mongodb://edgev3_app:edgev3_mongodb_pass@mongodb:27017/edgev3?authSource=admin
2026-06-16 20:05:49 [32minfo[39m: 	HTTP production server up and running on port 5000 !
2026-06-16 20:06:14 [32minfo[39m: 	Successfully connected to database mongodb://edgev3_app:edgev3_mongodb_pass@mongodb:27017/edgev3?authSource=admin
2026-06-16 20:06:14 [32minfo[39m: 	HTTP production server up and running on port 5000 !
2026-06-16 20:06:15 [32minfo[39m: 	Successfully connected to database mongodb://edgev3_app:edgev3_mongodb_pass@mongodb:27017/edgev3?authSource=admin
2026-06-16 20:06:15 [32minfo[39m: 	HTTP CRON server up and running on port 5555 !
2026-06-16 20:06:16 [32minfo[39m: 	Successfully connected to database mongodb://edgev3_app:edgev3_mongodb_pass@mongodb:27017/edgev3?authSource=admin
2026-06-16 20:06:16 [32minfo[39m: 	HTTP production server up and running on port 5000 !
2026-06-16 20:06:17 [32minfo[39m: 	Successfully connected to database mongodb://edgev3_app:edgev3_mongodb_pass@mongodb:27017/edgev3?authSource=admin
2026-06-16 20:06:17 [32minfo[39m: 	HTTP production server up and running on port 5000 !
2026-06-16 20:06:19 [32minfo[39m: 	Successfully connected to database mongodb://edgev3_app:edgev3_mongodb_pass@mongodb:27017/edgev3?authSource=admin
2026-06-16 20:06:19 [32minfo[39m: 	HTTP production server up and running on port 5000 !
2026-06-16 20:06:44 [32minfo[39m: 	Successfully connected to database mongodb://edgev3_app:edgev3_mongodb_pass@mongodb:27017/edgev3?authSource=admin
2026-06-16 20:06:44 [32minfo[39m: 	HTTP production server up and running on port 5000 !
2026-06-16 20:06:46 [32minfo[39m: 	Successfully connected to database mongodb://edgev3_app:edgev3_mongodb_pass@mongodb:27017/edgev3?authSource=admin
2026-06-16 20:06:46 [32minfo[39m: 	HTTP CRON server up and running on port 5555 !
2026-06-16 20:06:46 [32minfo[39m: 	Successfully connected to database mongodb://edgev3_app:edgev3_mongodb_pass@mongodb:27017/edgev3?authSource=admin
2026-06-16 20:06:46 [32minfo[39m: 	HTTP production server up and running on port 5000 !
2026-06-16 20:06:47 [32minfo[39m: 	Successfully connected to database mongodb://edgev3_app:edgev3_mongodb_pass@mongodb:27017/edgev3?authSource=admin
2026-06-16 20:06:47 [32minfo[39m: 	HTTP production server up and running on port 5000 !
2026-06-16 20:06:49 [32minfo[39m: 	Successfully connected to database mongodb://edgev3_app:edgev3_mongodb_pass@mongodb:27017/edgev3?authSource=admin
2026-06-16 20:06:49 [32minfo[39m: 	HTTP production server up and running on port 5000 !
2026-06-16 20:07:14 [32minfo[39m: 	Successfully connected to database mongodb://edgev3_app:edgev3_mongodb_pass@mongodb:27017/edgev3?authSource=admin
2026-06-16 20:07:14 [32minfo[39m: 	HTTP production server up and running on port 5000 !
2026-06-16 20:07:16 [32minfo[39m: 	Successfully connected to database mongodb://edgev3_app:edgev3_mongodb_pass@mongodb:27017/edgev3?authSource=admin
2026-06-16 20:07:16 [32minfo[39m: 	HTTP CRON server up and running on port 5555 !
2026-06-16 20:07:16 [32minfo[39m: 	Successfully connected to database mongodb://edgev3_app:edgev3_mongodb_pass@mongodb:27017/edgev3?authSource=admin
2026-06-16 20:07:16 [32minfo[39m: 	HTTP production server up and running on port 5000 !
2026-06-16 20:07:18 [32minfo[39m: 	Successfully connected to database mongodb://edgev3_app:edgev3_mongodb_pass@mongodb:27017/edgev3?authSource=admin
2026-06-16 20:07:18 [32minfo[39m: 	HTTP production server up and running on port 5000 !
2026-06-16 20:07:19 [32minfo[39m: 	Successfully connected to database mongodb://edgev3_app:edgev3_mongodb_pass@mongodb:27017/edgev3?authSource=admin
2026-06-16 20:07:19 [32minfo[39m: 	HTTP production server up and running on port 5000 !
2026-06-16 20:07:44 [32minfo[39m: 	Successfully connected to database mongodb://edgev3_app:edgev3_mongodb_pass@mongodb:27017/edgev3?authSource=admin
2026-06-16 20:07:44 [32minfo[39m: 	HTTP production server up and running on port 5000 !
2026-06-16 20:07:45 [32minfo[39m: 	Successfully connected to database mongodb://edgev3_app:edgev3_mongodb_pass@mongodb:27017/edgev3?authSource=admin
2026-06-16 20:07:46 [32minfo[39m: 	HTTP CRON server up and running on port 5555 !
2026-06-16 20:07:46 [32minfo[39m: 	Successfully connected to database mongodb://edgev3_app:edgev3_mongodb_pass@mongodb:27017/edgev3?authSource=admin
2026-06-16 20:07:46 [32minfo[39m: 	HTTP production server up and running on port 5000 !
2026-06-16 20:07:47 [32minfo[39m: 	Successfully connected to database mongodb://edgev3_app:edgev3_mongodb_pass@mongodb:27017/edgev3?authSource=admin
2026-06-16 20:07:47 [32minfo[39m: 	HTTP production server up and running on port 5000 !
2026-06-16 20:07:49 [32minfo[39m: 	Successfully connected to database mongodb://edgev3_app:edgev3_mongodb_pass@mongodb:27017/edgev3?authSource=admin
2026-06-16 20:07:49 [32minfo[39m: 	HTTP production server up and running on port 5000 !
2026-06-16 20:08:00 [32minfo[39m: 	exec:  NXF_CACHE_DIR=/edgev3/io/projects/jSJFTpA1QWmXTvH2/nextflow/work nextflow log|awk '/edge-jSJFTpA1QWmXTvH2/ &&(/OK/||/ERR/)'|awk '{split($0,array,/	/); print array[4]}'
2026-06-16 20:08:03 [32minfo[39m: 	exec stdout: 
2026-06-16 20:08:14 [32minfo[39m: 	Successfully connected to database mongodb://edgev3_app:edgev3_mongodb_pass@mongodb:27017/edgev3?authSource=admin
2026-06-16 20:08:14 [32minfo[39m: 	HTTP production server up and running on port 5000 !
2026-06-16 20:08:16 [32minfo[39m: 	Successfully connected to database mongodb://edgev3_app:edgev3_mongodb_pass@mongodb:27017/edgev3?authSource=admin
2026-06-16 20:08:16 [32minfo[39m: 	HTTP CRON server up and running on port 5555 !
2026-06-16 20:08:16 [32minfo[39m: 	Successfully connected to database mongodb://edgev3_app:edgev3_mongodb_pass@mongodb:27017/edgev3?authSource=admin
2026-06-16 20:08:16 [32minfo[39m: 	HTTP production server up and running on port 5000 !
2026-06-16 20:08:17 [32minfo[39m: 	Successfully connected to database mongodb://edgev3_app:edgev3_mongodb_pass@mongodb:27017/edgev3?authSource=admin
2026-06-16 20:08:17 [32minfo[39m: 	HTTP production server up and running on port 5000 !
2026-06-16 20:08:19 [32minfo[39m: 	Successfully connected to database mongodb://edgev3_app:edgev3_mongodb_pass@mongodb:27017/edgev3?authSource=admin
2026-06-16 20:08:19 [32minfo[39m: 	HTTP production server up and running on port 5000 !
2026-06-16 20:08:44 [32minfo[39m: 	Successfully connected to database mongodb://edgev3_app:edgev3_mongodb_pass@mongodb:27017/edgev3?authSource=admin
2026-06-16 20:08:44 [32minfo[39m: 	HTTP production server up and running on port 5000 !
2026-06-16 20:08:46 [32minfo[39m: 	Successfully connected to database mongodb://edgev3_app:edgev3_mongodb_pass@mongodb:27017/edgev3?authSource=admin
2026-06-16 20:08:46 [32minfo[39m: 	HTTP CRON server up and running on port 5555 !
2026-06-16 20:08:46 [32minfo[39m: 	Successfully connected to database mongodb://edgev3_app:edgev3_mongodb_pass@mongodb:27017/edgev3?authSource=admin
2026-06-16 20:08:46 [32minfo[39m: 	HTTP production server up and running on port 5000 !
2026-06-16 20:08:47 [32minfo[39m: 	Successfully connected to database mongodb://edgev3_app:edgev3_mongodb_pass@mongodb:27017/edgev3?authSource=admin
2026-06-16 20:08:47 [32minfo[39m: 	HTTP production server up and running on port 5000 !
2026-06-16 20:08:49 [32minfo[39m: 	Successfully connected to database mongodb://edgev3_app:edgev3_mongodb_pass@mongodb:27017/edgev3?authSource=admin
2026-06-16 20:08:49 [32minfo[39m: 	HTTP production server up and running on port 5000 !
2026-06-16 20:09:14 [32minfo[39m: 	Successfully connected to database mongodb://edgev3_app:edgev3_mongodb_pass@mongodb:27017/edgev3?authSource=admin
2026-06-16 20:09:14 [32minfo[39m: 	HTTP production server up and running on port 5000 !
2026-06-16 20:09:16 [32minfo[39m: 	Successfully connected to database mongodb://edgev3_app:edgev3_mongodb_pass@mongodb:27017/edgev3?authSource=admin
2026-06-16 20:09:16 [32minfo[39m: 	HTTP CRON server up and running on port 5555 !
2026-06-16 20:09:16 [32minfo[39m: 	Successfully connected to database mongodb://edgev3_app:edgev3_mongodb_pass@mongodb:27017/edgev3?authSource=admin
2026-06-16 20:09:16 [32minfo[39m: 	HTTP production server up and running on port 5000 !
2026-06-16 20:09:17 [32minfo[39m: 	Successfully connected to database mongodb://edgev3_app:edgev3_mongodb_pass@mongodb:27017/edgev3?authSource=admin
2026-06-16 20:09:17 [32minfo[39m: 	HTTP production server up and running on port 5000 !
2026-06-16 20:09:19 [32minfo[39m: 	Successfully connected to database mongodb://edgev3_app:edgev3_mongodb_pass@mongodb:27017/edgev3?authSource=admin
2026-06-16 20:09:19 [32minfo[39m: 	HTTP production server up and running on port 5000 !
2026-06-16 20:09:44 [32minfo[39m: 	Successfully connected to database mongodb://edgev3_app:edgev3_mongodb_pass@mongodb:27017/edgev3?authSource=admin
2026-06-16 20:09:44 [32minfo[39m: 	HTTP production server up and running on port 5000 !
2026-06-16 20:09:46 [32minfo[39m: 	Successfully connected to database mongodb://edgev3_app:edgev3_mongodb_pass@mongodb:27017/edgev3?authSource=admin
2026-06-16 20:09:46 [32minfo[39m: 	HTTP CRON server up and running on port 5555 !
2026-06-16 20:09:46 [32minfo[39m: 	Successfully connected to database mongodb://edgev3_app:edgev3_mongodb_pass@mongodb:27017/edgev3?authSource=admin
2026-06-16 20:09:46 [32minfo[39m: 	HTTP production server up and running on port 5000 !
2026-06-16 20:09:47 [32minfo[39m: 	Successfully connected to database mongodb://edgev3_app:edgev3_mongodb_pass@mongodb:27017/edgev3?authSource=admin
2026-06-16 20:09:47 [32minfo[39m: 	HTTP production server up and running on port 5000 !
2026-06-16 20:09:49 [32minfo[39m: 	Successfully connected to database mongodb://edgev3_app:edgev3_mongodb_pass@mongodb:27017/edgev3?authSource=admin
2026-06-16 20:09:49 [32minfo[39m: 	HTTP production server up and running on port 5000 !
2026-06-16 20:10:00 [32minfo[39m: 	exec:  NXF_CACHE_DIR=/edgev3/io/projects/jSJFTpA1QWmXTvH2/nextflow/work nextflow log|awk '/edge-jSJFTpA1QWmXTvH2/ &&(/OK/||/ERR/)'|awk '{split($0,array,/	/); print array[4]}'
2026-06-16 20:10:03 [32minfo[39m: 	exec stdout: 
2026-06-16 20:10:14 [32minfo[39m: 	Successfully connected to database mongodb://edgev3_app:edgev3_mongodb_pass@mongodb:27017/edgev3?authSource=admin
2026-06-16 20:10:14 [32minfo[39m: 	HTTP production server up and running on port 5000 !
2026-06-16 20:10:15 [32minfo[39m: 	Successfully connected to database mongodb://edgev3_app:edgev3_mongodb_pass@mongodb:27017/edgev3?authSource=admin
2026-06-16 20:10:15 [32minfo[39m: 	HTTP CRON server up and running on port 5555 !
2026-06-16 20:10:16 [32minfo[39m: 	Successfully connected to database mongodb://edgev3_app:edgev3_mongodb_pass@mongodb:27017/edgev3?authSource=admin
2026-06-16 20:10:16 [32minfo[39m: 	HTTP production server up and running on port 5000 !
2026-06-16 20:10:17 [32minfo[39m: 	Successfully connected to database mongodb://edgev3_app:edgev3_mongodb_pass@mongodb:27017/edgev3?authSource=admin
2026-06-16 20:10:17 [32minfo[39m: 	HTTP production server up and running on port 5000 !
2026-06-16 20:10:19 [32minfo[39m: 	Successfully connected to database mongodb://edgev3_app:edgev3_mongodb_pass@mongodb:27017/edgev3?authSource=admin
2026-06-16 20:10:19 [32minfo[39m: 	HTTP production server up and running on port 5000 !
2026-06-16 20:10:44 [32minfo[39m: 	Successfully connected to database mongodb://edgev3_app:edgev3_mongodb_pass@mongodb:27017/edgev3?authSource=admin
2026-06-16 20:10:44 [32minfo[39m: 	HTTP production server up and running on port 5000 !
2026-06-16 20:10:45 [32minfo[39m: 	Successfully connected to database mongodb://edgev3_app:edgev3_mongodb_pass@mongodb:27017/edgev3?authSource=admin
2026-06-16 20:10:45 [32minfo[39m: 	HTTP CRON server up and running on port 5555 !
2026-06-16 20:10:46 [32minfo[39m: 	Successfully connected to database mongodb://edgev3_app:edgev3_mongodb_pass@mongodb:27017/edgev3?authSource=admin
2026-06-16 20:10:46 [32minfo[39m: 	HTTP production server up and running on port 5000 !
2026-06-16 20:10:47 [32minfo[39m: 	Successfully connected to database mongodb://edgev3_app:edgev3_mongodb_pass@mongodb:27017/edgev3?authSource=admin
2026-06-16 20:10:47 [32minfo[39m: 	HTTP production server up and running on port 5000 !
2026-06-16 20:10:49 [32minfo[39m: 	Successfully connected to database mongodb://edgev3_app:edgev3_mongodb_pass@mongodb:27017/edgev3?authSource=admin
2026-06-16 20:10:49 [32minfo[39m: 	HTTP production server up and running on port 5000 !
2026-06-16 20:11:14 [32minfo[39m: 	Successfully connected to database mongodb://edgev3_app:edgev3_mongodb_pass@mongodb:27017/edgev3?authSource=admin
2026-06-16 20:11:14 [32minfo[39m: 	HTTP production server up and running on port 5000 !
2026-06-16 20:11:16 [32minfo[39m: 	Successfully connected to database mongodb://edgev3_app:edgev3_mongodb_pass@mongodb:27017/edgev3?authSource=admin
2026-06-16 20:11:16 [32minfo[39m: 	HTTP CRON server up and running on port 5555 !
2026-06-16 20:11:16 [32minfo[39m: 	Successfully connected to database mongodb://edgev3_app:edgev3_mongodb_pass@mongodb:27017/edgev3?authSource=admin
2026-06-16 20:11:16 [32minfo[39m: 	HTTP production server up and running on port 5000 !
2026-06-16 20:11:17 [32minfo[39m: 	Successfully connected to database mongodb://edgev3_app:edgev3_mongodb_pass@mongodb:27017/edgev3?authSource=admin
2026-06-16 20:11:17 [32minfo[39m: 	HTTP production server up and running on port 5000 !
2026-06-16 20:11:19 [32minfo[39m: 	Successfully connected to database mongodb://edgev3_app:edgev3_mongodb_pass@mongodb:27017/edgev3?authSource=admin
2026-06-16 20:11:19 [32minfo[39m: 	HTTP production server up and running on port 5000 !
2026-06-16 20:11:44 [32minfo[39m: 	Successfully connected to database mongodb://edgev3_app:edgev3_mongodb_pass@mongodb:27017/edgev3?authSource=admin
2026-06-16 20:11:44 [32minfo[39m: 	HTTP production server up and running on port 5000 !
2026-06-16 20:11:46 [32minfo[39m: 	Successfully connected to database mongodb://edgev3_app:edgev3_mongodb_pass@mongodb:27017/edgev3?authSource=admin
2026-06-16 20:11:46 [32minfo[39m: 	HTTP CRON server up and running on port 5555 !
2026-06-16 20:11:46 [32minfo[39m: 	Successfully connected to database mongodb://edgev3_app:edgev3_mongodb_pass@mongodb:27017/edgev3?authSource=admin
2026-06-16 20:11:46 [32minfo[39m: 	HTTP production server up and running on port 5000 !
2026-06-16 20:11:47 [32minfo[39m: 	Successfully connected to database mongodb://edgev3_app:edgev3_mongodb_pass@mongodb:27017/edgev3?authSource=admin
2026-06-16 20:11:47 [32minfo[39m: 	HTTP production server up and running on port 5000 !
2026-06-16 20:11:49 [32minfo[39m: 	Successfully connected to database mongodb://edgev3_app:edgev3_mongodb_pass@mongodb:27017/edgev3?authSource=admin
2026-06-16 20:11:49 [32minfo[39m: 	HTTP production server up and running on port 5000 !
2026-06-16 20:12:00 [32minfo[39m: 	exec:  NXF_CACHE_DIR=/edgev3/io/projects/jSJFTpA1QWmXTvH2/nextflow/work nextflow log|awk '/edge-jSJFTpA1QWmXTvH2/ &&(/OK/||/ERR/)'|awk '{split($0,array,/	/); print array[4]}'
2026-06-16 20:12:03 [32minfo[39m: 	exec stdout: 
2026-06-16 20:12:14 [32minfo[39m: 	Successfully connected to database mongodb://edgev3_app:edgev3_mongodb_pass@mongodb:27017/edgev3?authSource=admin
2026-06-16 20:12:14 [32minfo[39m: 	HTTP production server up and running on port 5000 !
2026-06-16 20:12:16 [32minfo[39m: 	Successfully connected to database mongodb://edgev3_app:edgev3_mongodb_pass@mongodb:27017/edgev3?authSource=admin
2026-06-16 20:12:16 [32minfo[39m: 	HTTP CRON server up and running on port 5555 !
2026-06-16 20:12:16 [32minfo[39m: 	Successfully connected to database mongodb://edgev3_app:edgev3_mongodb_pass@mongodb:27017/edgev3?authSource=admin
2026-06-16 20:12:16 [32minfo[39m: 	HTTP production server up and running on port 5000 !
2026-06-16 20:12:17 [32minfo[39m: 	Successfully connected to database mongodb://edgev3_app:edgev3_mongodb_pass@mongodb:27017/edgev3?authSource=admin
2026-06-16 20:12:17 [32minfo[39m: 	HTTP production server up and running on port 5000 !
2026-06-16 20:12:19 [32minfo[39m: 	Successfully connected to database mongodb://edgev3_app:edgev3_mongodb_pass@mongodb:27017/edgev3?authSource=admin
2026-06-16 20:12:19 [32minfo[39m: 	HTTP production server up and running on port 5000 !
2026-06-16 20:12:44 [32minfo[39m: 	Successfully connected to database mongodb://edgev3_app:edgev3_mongodb_pass@mongodb:27017/edgev3?authSource=admin
2026-06-16 20:12:44 [32minfo[39m: 	HTTP production server up and running on port 5000 !
2026-06-16 20:12:46 [32minfo[39m: 	Successfully connected to database mongodb://edgev3_app:edgev3_mongodb_pass@mongodb:27017/edgev3?authSource=admin
2026-06-16 20:12:46 [32minfo[39m: 	HTTP CRON server up and running on port 5555 !
2026-06-16 20:12:46 [32minfo[39m: 	Successfully connected to database mongodb://edgev3_app:edgev3_mongodb_pass@mongodb:27017/edgev3?authSource=admin
2026-06-16 20:12:46 [32minfo[39m: 	HTTP production server up and running on port 5000 !
2026-06-16 20:12:47 [32minfo[39m: 	Successfully connected to database mongodb://edgev3_app:edgev3_mongodb_pass@mongodb:27017/edgev3?authSource=admin
2026-06-16 20:12:47 [32minfo[39m: 	HTTP production server up and running on port 5000 !
2026-06-16 20:12:49 [32minfo[39m: 	Successfully connected to database mongodb://edgev3_app:edgev3_mongodb_pass@mongodb:27017/edgev3?authSource=admin
2026-06-16 20:12:49 [32minfo[39m: 	HTTP production server up and running on port 5000 !
2026-06-16 20:13:14 [32minfo[39m: 	Successfully connected to database mongodb://edgev3_app:edgev3_mongodb_pass@mongodb:27017/edgev3?authSource=admin
2026-06-16 20:13:14 [32minfo[39m: 	HTTP production server up and running on port 5000 !
2026-06-16 20:13:16 [32minfo[39m: 	Successfully connected to database mongodb://edgev3_app:edgev3_mongodb_pass@mongodb:27017/edgev3?authSource=admin
2026-06-16 20:13:16 [32minfo[39m: 	HTTP CRON server up and running on port 5555 !
2026-06-16 20:13:16 [32minfo[39m: 	Successfully connected to database mongodb://edgev3_app:edgev3_mongodb_pass@mongodb:27017/edgev3?authSource=admin
2026-06-16 20:13:16 [32minfo[39m: 	HTTP production server up and running on port 5000 !
2026-06-16 20:13:17 [32minfo[39m: 	Successfully connected to database mongodb://edgev3_app:edgev3_mongodb_pass@mongodb:27017/edgev3?authSource=admin
2026-06-16 20:13:17 [32minfo[39m: 	HTTP production server up and running on port 5000 !
2026-06-16 20:13:19 [32minfo[39m: 	Successfully connected to database mongodb://edgev3_app:edgev3_mongodb_pass@mongodb:27017/edgev3?authSource=admin
2026-06-16 20:13:19 [32minfo[39m: 	HTTP production server up and running on port 5000 !
2026-06-16 20:13:44 [32minfo[39m: 	Successfully connected to database mongodb://edgev3_app:edgev3_mongodb_pass@mongodb:27017/edgev3?authSource=admin
2026-06-16 20:13:44 [32minfo[39m: 	HTTP production server up and running on port 5000 !
2026-06-16 20:13:46 [32minfo[39m: 	Successfully connected to database mongodb://edgev3_app:edgev3_mongodb_pass@mongodb:27017/edgev3?authSource=admin
2026-06-16 20:13:46 [32minfo[39m: 	HTTP CRON server up and running on port 5555 !
2026-06-16 20:13:46 [32minfo[39m: 	Successfully connected to database mongodb://edgev3_app:edgev3_mongodb_pass@mongodb:27017/edgev3?authSource=admin
2026-06-16 20:13:46 [32minfo[39m: 	HTTP production server up and running on port 5000 !
2026-06-16 20:13:47 [32minfo[39m: 	Successfully connected to database mongodb://edgev3_app:edgev3_mongodb_pass@mongodb:27017/edgev3?authSource=admin
2026-06-16 20:13:47 [32minfo[39m: 	HTTP production server up and running on port 5000 !
2026-06-16 20:13:49 [32minfo[39m: 	Successfully connected to database mongodb://edgev3_app:edgev3_mongodb_pass@mongodb:27017/edgev3?authSource=admin
2026-06-16 20:13:49 [32minfo[39m: 	HTTP production server up and running on port 5000 !
2026-06-16 20:14:00 [32minfo[39m: 	exec:  NXF_CACHE_DIR=/edgev3/io/projects/jSJFTpA1QWmXTvH2/nextflow/work nextflow log|awk '/edge-jSJFTpA1QWmXTvH2/ &&(/OK/||/ERR/)'|awk '{split($0,array,/	/); print array[4]}'
2026-06-16 20:14:03 [32minfo[39m: 	exec stdout: 
2026-06-16 20:14:14 [32minfo[39m: 	Successfully connected to database mongodb://edgev3_app:edgev3_mongodb_pass@mongodb:27017/edgev3?authSource=admin
2026-06-16 20:14:14 [32minfo[39m: 	HTTP production server up and running on port 5000 !
2026-06-16 20:14:16 [32minfo[39m: 	Successfully connected to database mongodb://edgev3_app:edgev3_mongodb_pass@mongodb:27017/edgev3?authSource=admin
2026-06-16 20:14:16 [32minfo[39m: 	HTTP CRON server up and running on port 5555 !
2026-06-16 20:14:16 [32minfo[39m: 	Successfully connected to database mongodb://edgev3_app:edgev3_mongodb_pass@mongodb:27017/edgev3?authSource=admin
2026-06-16 20:14:16 [32minfo[39m: 	HTTP production server up and running on port 5000 !
2026-06-16 20:14:17 [32minfo[39m: 	Successfully connected to database mongodb://edgev3_app:edgev3_mongodb_pass@mongodb:27017/edgev3?authSource=admin
2026-06-16 20:14:17 [32minfo[39m: 	HTTP production server up and running on port 5000 !
2026-06-16 20:14:19 [32minfo[39m: 	Successfully connected to database mongodb://edgev3_app:edgev3_mongodb_pass@mongodb:27017/edgev3?authSource=admin
2026-06-16 20:14:19 [32minfo[39m: 	HTTP production server up and running on port 5000 !
2026-06-16 20:14:44 [32minfo[39m: 	Successfully connected to database mongodb://edgev3_app:edgev3_mongodb_pass@mongodb:27017/edgev3?authSource=admin
2026-06-16 20:14:44 [32minfo[39m: 	HTTP production server up and running on port 5000 !
2026-06-16 20:14:46 [32minfo[39m: 	Successfully connected to database mongodb://edgev3_app:edgev3_mongodb_pass@mongodb:27017/edgev3?authSource=admin
2026-06-16 20:14:46 [32minfo[39m: 	HTTP CRON server up and running on port 5555 !
2026-06-16 20:14:46 [32minfo[39m: 	Successfully connected to database mongodb://edgev3_app:edgev3_mongodb_pass@mongodb:27017/edgev3?authSource=admin
2026-06-16 20:14:46 [32minfo[39m: 	HTTP production server up and running on port 5000 !
2026-06-16 20:14:47 [32minfo[39m: 	Successfully connected to database mongodb://edgev3_app:edgev3_mongodb_pass@mongodb:27017/edgev3?authSource=admin
2026-06-16 20:14:47 [32minfo[39m: 	HTTP production server up and running on port 5000 !
2026-06-16 20:14:49 [32minfo[39m: 	Successfully connected to database mongodb://edgev3_app:edgev3_mongodb_pass@mongodb:27017/edgev3?authSource=admin
2026-06-16 20:14:49 [32minfo[39m: 	HTTP production server up and running on port 5000 !
2026-06-16 20:15:14 [32minfo[39m: 	Successfully connected to database mongodb://edgev3_app:edgev3_mongodb_pass@mongodb:27017/edgev3?authSource=admin
2026-06-16 20:15:14 [32minfo[39m: 	HTTP production server up and running on port 5000 !
2026-06-16 20:15:16 [32minfo[39m: 	Successfully connected to database mongodb://edgev3_app:edgev3_mongodb_pass@mongodb:27017/edgev3?authSource=admin
2026-06-16 20:15:16 [32minfo[39m: 	HTTP CRON server up and running on port 5555 !
2026-06-16 20:15:16 [32minfo[39m: 	Successfully connected to database mongodb://edgev3_app:edgev3_mongodb_pass@mongodb:27017/edgev3?authSource=admin
2026-06-16 20:15:16 [32minfo[39m: 	HTTP production server up and running on port 5000 !
2026-06-16 20:15:17 [32minfo[39m: 	Successfully connected to database mongodb://edgev3_app:edgev3_mongodb_pass@mongodb:27017/edgev3?authSource=admin
2026-06-16 20:15:17 [32minfo[39m: 	HTTP production server up and running on port 5000 !
2026-06-16 20:15:19 [32minfo[39m: 	Successfully connected to database mongodb://edgev3_app:edgev3_mongodb_pass@mongodb:27017/edgev3?authSource=admin
2026-06-16 20:15:19 [32minfo[39m: 	HTTP production server up and running on port 5000 !
2026-06-16 20:15:44 [32minfo[39m: 	Successfully connected to database mongodb://edgev3_app:edgev3_mongodb_pass@mongodb:27017/edgev3?authSource=admin
2026-06-16 20:15:44 [32minfo[39m: 	HTTP production server up and running on port 5000 !
2026-06-16 20:15:46 [32minfo[39m: 	Successfully connected to database mongodb://edgev3_app:edgev3_mongodb_pass@mongodb:27017/edgev3?authSource=admin
2026-06-16 20:15:46 [32minfo[39m: 	HTTP CRON server up and running on port 5555 !
2026-06-16 20:15:46 [32minfo[39m: 	Successfully connected to database mongodb://edgev3_app:edgev3_mongodb_pass@mongodb:27017/edgev3?authSource=admin
2026-06-16 20:15:46 [32minfo[39m: 	HTTP production server up and running on port 5000 !
2026-06-16 20:15:47 [32minfo[39m: 	Successfully connected to database mongodb://edgev3_app:edgev3_mongodb_pass@mongodb:27017/edgev3?authSource=admin
2026-06-16 20:15:47 [32minfo[39m: 	HTTP production server up and running on port 5000 !
2026-06-16 20:15:49 [32minfo[39m: 	Successfully connected to database mongodb://edgev3_app:edgev3_mongodb_pass@mongodb:27017/edgev3?authSource=admin
2026-06-16 20:15:49 [32minfo[39m: 	HTTP production server up and running on port 5000 !
2026-06-16 20:16:00 [32minfo[39m: 	exec:  NXF_CACHE_DIR=/edgev3/io/projects/jSJFTpA1QWmXTvH2/nextflow/work nextflow log|awk '/edge-jSJFTpA1QWmXTvH2/ &&(/OK/||/ERR/)'|awk '{split($0,array,/	/); print array[4]}'
2026-06-16 20:16:03 [32minfo[39m: 	exec stdout: 
2026-06-16 20:16:14 [32minfo[39m: 	Successfully connected to database mongodb://edgev3_app:edgev3_mongodb_pass@mongodb:27017/edgev3?authSource=admin
2026-06-16 20:16:14 [32minfo[39m: 	HTTP production server up and running on port 5000 !
2026-06-16 20:16:16 [32minfo[39m: 	Successfully connected to database mongodb://edgev3_app:edgev3_mongodb_pass@mongodb:27017/edgev3?authSource=admin
2026-06-16 20:16:16 [32minfo[39m: 	HTTP CRON server up and running on port 5555 !
2026-06-16 20:16:16 [32minfo[39m: 	Successfully connected to database mongodb://edgev3_app:edgev3_mongodb_pass@mongodb:27017/edgev3?authSource=admin
2026-06-16 20:16:16 [32minfo[39m: 	HTTP production server up and running on port 5000 !
2026-06-16 20:16:17 [32minfo[39m: 	Successfully connected to database mongodb://edgev3_app:edgev3_mongodb_pass@mongodb:27017/edgev3?authSource=admin
2026-06-16 20:16:17 [32minfo[39m: 	HTTP production server up and running on port 5000 !
2026-06-16 20:16:19 [32minfo[39m: 	Successfully connected to database mongodb://edgev3_app:edgev3_mongodb_pass@mongodb:27017/edgev3?authSource=admin
2026-06-16 20:16:19 [32minfo[39m: 	HTTP production server up and running on port 5000 !
2026-06-16 20:16:44 [32minfo[39m: 	Successfully connected to database mongodb://edgev3_app:edgev3_mongodb_pass@mongodb:27017/edgev3?authSource=admin
2026-06-16 20:16:44 [32minfo[39m: 	HTTP production server up and running on port 5000 !
2026-06-16 20:16:46 [32minfo[39m: 	Successfully connected to database mongodb://edgev3_app:edgev3_mongodb_pass@mongodb:27017/edgev3?authSource=admin
2026-06-16 20:16:46 [32minfo[39m: 	HTTP CRON server up and running on port 5555 !
2026-06-16 20:16:46 [32minfo[39m: 	Successfully connected to database mongodb://edgev3_app:edgev3_mongodb_pass@mongodb:27017/edgev3?authSource=admin
2026-06-16 20:16:46 [32minfo[39m: 	HTTP production server up and running on port 5000 !
2026-06-16 20:16:47 [32minfo[39m: 	Successfully connected to database mongodb://edgev3_app:edgev3_mongodb_pass@mongodb:27017/edgev3?authSource=admin
2026-06-16 20:16:47 [32minfo[39m: 	HTTP production server up and running on port 5000 !
2026-06-16 20:16:49 [32minfo[39m: 	Successfully connected to database mongodb://edgev3_app:edgev3_mongodb_pass@mongodb:27017/edgev3?authSource=admin
2026-06-16 20:16:49 [32minfo[39m: 	HTTP production server up and running on port 5000 !
2026-06-16 20:17:14 [32minfo[39m: 	Successfully connected to database mongodb://edgev3_app:edgev3_mongodb_pass@mongodb:27017/edgev3?authSource=admin
2026-06-16 20:17:14 [32minfo[39m: 	HTTP production server up and running on port 5000 !
2026-06-16 20:17:16 [32minfo[39m: 	Successfully connected to database mongodb://edgev3_app:edgev3_mongodb_pass@mongodb:27017/edgev3?authSource=admin
2026-06-16 20:17:16 [32minfo[39m: 	HTTP CRON server up and running on port 5555 !
2026-06-16 20:17:16 [32minfo[39m: 	Successfully connected to database mongodb://edgev3_app:edgev3_mongodb_pass@mongodb:27017/edgev3?authSource=admin
2026-06-16 20:17:16 [32minfo[39m: 	HTTP production server up and running on port 5000 !
2026-06-16 20:17:17 [32minfo[39m: 	Successfully connected to database mongodb://edgev3_app:edgev3_mongodb_pass@mongodb:27017/edgev3?authSource=admin
2026-06-16 20:17:17 [32minfo[39m: 	HTTP production server up and running on port 5000 !
2026-06-16 20:17:19 [32minfo[39m: 	Successfully connected to database mongodb://edgev3_app:edgev3_mongodb_pass@mongodb:27017/edgev3?authSource=admin
2026-06-16 20:17:19 [32minfo[39m: 	HTTP production server up and running on port 5000 !
2026-06-16 20:17:44 [32minfo[39m: 	Successfully connected to database mongodb://edgev3_app:edgev3_mongodb_pass@mongodb:27017/edgev3?authSource=admin
2026-06-16 20:17:44 [32minfo[39m: 	HTTP production server up and running on port 5000 !
2026-06-16 20:17:46 [32minfo[39m: 	Successfully connected to database mongodb://edgev3_app:edgev3_mongodb_pass@mongodb:27017/edgev3?authSource=admin
2026-06-16 20:17:46 [32minfo[39m: 	HTTP CRON server up and running on port 5555 !
2026-06-16 20:17:46 [32minfo[39m: 	Successfully connected to database mongodb://edgev3_app:edgev3_mongodb_pass@mongodb:27017/edgev3?authSource=admin
2026-06-16 20:17:46 [32minfo[39m: 	HTTP production server up and running on port 5000 !
2026-06-16 20:17:48 [32minfo[39m: 	Successfully connected to database mongodb://edgev3_app:edgev3_mongodb_pass@mongodb:27017/edgev3?authSource=admin
2026-06-16 20:17:48 [32minfo[39m: 	HTTP production server up and running on port 5000 !
2026-06-16 20:17:49 [32minfo[39m: 	Successfully connected to database mongodb://edgev3_app:edgev3_mongodb_pass@mongodb:27017/edgev3?authSource=admin
2026-06-16 20:17:49 [32minfo[39m: 	HTTP production server up and running on port 5000 !
2026-06-16 20:18:00 [32minfo[39m: 	exec:  NXF_CACHE_DIR=/edgev3/io/projects/jSJFTpA1QWmXTvH2/nextflow/work nextflow log|awk '/edge-jSJFTpA1QWmXTvH2/ &&(/OK/||/ERR/)'|awk '{split($0,array,/	/); print array[4]}'
2026-06-16 20:18:03 [32minfo[39m: 	exec stdout: 
2026-06-16 20:18:14 [32minfo[39m: 	Successfully connected to database mongodb://edgev3_app:edgev3_mongodb_pass@mongodb:27017/edgev3?authSource=admin
2026-06-16 20:18:14 [32minfo[39m: 	HTTP production server up and running on port 5000 !
2026-06-16 20:18:16 [32minfo[39m: 	Successfully connected to database mongodb://edgev3_app:edgev3_mongodb_pass@mongodb:27017/edgev3?authSource=admin
2026-06-16 20:18:16 [32minfo[39m: 	HTTP CRON server up and running on port 5555 !
2026-06-16 20:18:16 [32minfo[39m: 	Successfully connected to database mongodb://edgev3_app:edgev3_mongodb_pass@mongodb:27017/edgev3?authSource=admin
2026-06-16 20:18:16 [32minfo[39m: 	HTTP production server up and running on port 5000 !
2026-06-16 20:18:17 [32minfo[39m: 	Successfully connected to database mongodb://edgev3_app:edgev3_mongodb_pass@mongodb:27017/edgev3?authSource=admin
2026-06-16 20:18:17 [32minfo[39m: 	HTTP production server up and running on port 5000 !
2026-06-16 20:18:19 [32minfo[39m: 	Successfully connected to database mongodb://edgev3_app:edgev3_mongodb_pass@mongodb:27017/edgev3?authSource=admin
2026-06-16 20:18:19 [32minfo[39m: 	HTTP production server up and running on port 5000 !
2026-06-16 20:18:44 [32minfo[39m: 	Successfully connected to database mongodb://edgev3_app:edgev3_mongodb_pass@mongodb:27017/edgev3?authSource=admin
2026-06-16 20:18:44 [32minfo[39m: 	HTTP production server up and running on port 5000 !
2026-06-16 20:18:46 [32minfo[39m: 	Successfully connected to database mongodb://edgev3_app:edgev3_mongodb_pass@mongodb:27017/edgev3?authSource=admin
2026-06-16 20:18:46 [32minfo[39m: 	HTTP CRON server up and running on port 5555 !
2026-06-16 20:18:46 [32minfo[39m: 	Successfully connected to database mongodb://edgev3_app:edgev3_mongodb_pass@mongodb:27017/edgev3?authSource=admin
2026-06-16 20:18:46 [32minfo[39m: 	HTTP production server up and running on port 5000 !
2026-06-16 20:18:48 [32minfo[39m: 	Successfully connected to database mongodb://edgev3_app:edgev3_mongodb_pass@mongodb:27017/edgev3?authSource=admin
2026-06-16 20:18:48 [32minfo[39m: 	HTTP production server up and running on port 5000 !
2026-06-16 20:18:49 [32minfo[39m: 	Successfully connected to database mongodb://edgev3_app:edgev3_mongodb_pass@mongodb:27017/edgev3?authSource=admin
2026-06-16 20:18:49 [32minfo[39m: 	HTTP production server up and running on port 5000 !
2026-06-16 20:19:14 [32minfo[39m: 	Successfully connected to database mongodb://edgev3_app:edgev3_mongodb_pass@mongodb:27017/edgev3?authSource=admin
2026-06-16 20:19:14 [32minfo[39m: 	HTTP production server up and running on port 5000 !
2026-06-16 20:19:16 [32minfo[39m: 	Successfully connected to database mongodb://edgev3_app:edgev3_mongodb_pass@mongodb:27017/edgev3?authSource=admin
2026-06-16 20:19:16 [32minfo[39m: 	HTTP CRON server up and running on port 5555 !
2026-06-16 20:19:16 [32minfo[39m: 	Successfully connected to database mongodb://edgev3_app:edgev3_mongodb_pass@mongodb:27017/edgev3?authSource=admin
2026-06-16 20:19:16 [32minfo[39m: 	HTTP production server up and running on port 5000 !
2026-06-16 20:19:18 [32minfo[39m: 	Successfully connected to database mongodb://edgev3_app:edgev3_mongodb_pass@mongodb:27017/edgev3?authSource=admin
2026-06-16 20:19:18 [32minfo[39m: 	HTTP production server up and running on port 5000 !
2026-06-16 20:19:19 [32minfo[39m: 	Successfully connected to database mongodb://edgev3_app:edgev3_mongodb_pass@mongodb:27017/edgev3?authSource=admin
2026-06-16 20:19:19 [32minfo[39m: 	HTTP production server up and running on port 5000 !
2026-06-16 20:19:44 [32minfo[39m: 	Successfully connected to database mongodb://edgev3_app:edgev3_mongodb_pass@mongodb:27017/edgev3?authSource=admin
2026-06-16 20:19:44 [32minfo[39m: 	HTTP production server up and running on port 5000 !
2026-06-16 20:19:46 [32minfo[39m: 	Successfully connected to database mongodb://edgev3_app:edgev3_mongodb_pass@mongodb:27017/edgev3?authSource=admin
2026-06-16 20:19:46 [32minfo[39m: 	HTTP production server up and running on port 5000 !
2026-06-16 20:19:47 [32minfo[39m: 	Successfully connected to database mongodb://edgev3_app:edgev3_mongodb_pass@mongodb:27017/edgev3?authSource=admin
2026-06-16 20:19:47 [32minfo[39m: 	HTTP production server up and running on port 5000 !
2026-06-16 20:19:49 [32minfo[39m: 	Successfully connected to database mongodb://edgev3_app:edgev3_mongodb_pass@mongodb:27017/edgev3?authSource=admin
2026-06-16 20:19:49 [32minfo[39m: 	HTTP production server up and running on port 5000 !
2026-06-16 20:20:00 [32minfo[39m: 	exec:  NXF_CACHE_DIR=/edgev3/io/projects/jSJFTpA1QWmXTvH2/nextflow/work nextflow log|awk '/edge-jSJFTpA1QWmXTvH2/ &&(/OK/||/ERR/)'|awk '{split($0,array,/	/); print array[4]}'
2026-06-16 20:20:03 [32minfo[39m: 	exec stdout: 
2026-06-16 20:20:14 [32minfo[39m: 	Successfully connected to database mongodb://edgev3_app:edgev3_mongodb_pass@mongodb:27017/edgev3?authSource=admin
2026-06-16 20:20:14 [32minfo[39m: 	HTTP production server up and running on port 5000 !
2026-06-16 20:20:16 [32minfo[39m: 	Successfully connected to database mongodb://edgev3_app:edgev3_mongodb_pass@mongodb:27017/edgev3?authSource=admin
2026-06-16 20:20:16 [32minfo[39m: 	HTTP CRON server up and running on port 5555 !
2026-06-16 20:20:16 [32minfo[39m: 	Successfully connected to database mongodb://edgev3_app:edgev3_mongodb_pass@mongodb:27017/edgev3?authSource=admin
2026-06-16 20:20:16 [32minfo[39m: 	HTTP production server up and running on port 5000 !
2026-06-16 20:20:17 [32minfo[39m: 	Successfully connected to database mongodb://edgev3_app:edgev3_mongodb_pass@mongodb:27017/edgev3?authSource=admin
2026-06-16 20:20:17 [32minfo[39m: 	HTTP production server up and running on port 5000 !
2026-06-16 20:20:19 [32minfo[39m: 	Successfully connected to database mongodb://edgev3_app:edgev3_mongodb_pass@mongodb:27017/edgev3?authSource=admin
2026-06-16 20:20:19 [32minfo[39m: 	HTTP production server up and running on port 5000 !
2026-06-16 20:20:44 [32minfo[39m: 	Successfully connected to database mongodb://edgev3_app:edgev3_mongodb_pass@mongodb:27017/edgev3?authSource=admin
2026-06-16 20:20:44 [32minfo[39m: 	HTTP production server up and running on port 5000 !
2026-06-16 20:20:46 [32minfo[39m: 	Successfully connected to database mongodb://edgev3_app:edgev3_mongodb_pass@mongodb:27017/edgev3?authSource=admin
2026-06-16 20:20:46 [32minfo[39m: 	HTTP CRON server up and running on port 5555 !
2026-06-16 20:20:46 [32minfo[39m: 	Successfully connected to database mongodb://edgev3_app:edgev3_mongodb_pass@mongodb:27017/edgev3?authSource=admin
2026-06-16 20:20:46 [32minfo[39m: 	HTTP production server up and running on port 5000 !
2026-06-16 20:20:47 [32minfo[39m: 	Successfully connected to database mongodb://edgev3_app:edgev3_mongodb_pass@mongodb:27017/edgev3?authSource=admin
2026-06-16 20:20:47 [32minfo[39m: 	HTTP production server up and running on port 5000 !
2026-06-16 20:20:49 [32minfo[39m: 	Successfully connected to database mongodb://edgev3_app:edgev3_mongodb_pass@mongodb:27017/edgev3?authSource=admin
2026-06-16 20:20:49 [32minfo[39m: 	HTTP production server up and running on port 5000 !
2026-06-16 20:21:14 [32minfo[39m: 	Successfully connected to database mongodb://edgev3_app:edgev3_mongodb_pass@mongodb:27017/edgev3?authSource=admin
2026-06-16 20:21:14 [32minfo[39m: 	HTTP production server up and running on port 5000 !
2026-06-16 20:21:16 [32minfo[39m: 	Successfully connected to database mongodb://edgev3_app:edgev3_mongodb_pass@mongodb:27017/edgev3?authSource=admin
2026-06-16 20:21:16 [32minfo[39m: 	HTTP CRON server up and running on port 5555 !
2026-06-16 20:21:16 [32minfo[39m: 	Successfully connected to database mongodb://edgev3_app:edgev3_mongodb_pass@mongodb:27017/edgev3?authSource=admin
2026-06-16 20:21:16 [32minfo[39m: 	HTTP production server up and running on port 5000 !
2026-06-16 20:21:17 [32minfo[39m: 	Successfully connected to database mongodb://edgev3_app:edgev3_mongodb_pass@mongodb:27017/edgev3?authSource=admin
2026-06-16 20:21:17 [32minfo[39m: 	HTTP production server up and running on port 5000 !
2026-06-16 20:21:19 [32minfo[39m: 	Successfully connected to database mongodb://edgev3_app:edgev3_mongodb_pass@mongodb:27017/edgev3?authSource=admin
2026-06-16 20:21:19 [32minfo[39m: 	HTTP production server up and running on port 5000 !
2026-06-16 20:21:44 [32minfo[39m: 	Successfully connected to database mongodb://edgev3_app:edgev3_mongodb_pass@mongodb:27017/edgev3?authSource=admin
2026-06-16 20:21:44 [32minfo[39m: 	HTTP production server up and running on port 5000 !
2026-06-16 20:21:46 [32minfo[39m: 	Successfully connected to database mongodb://edgev3_app:edgev3_mongodb_pass@mongodb:27017/edgev3?authSource=admin
2026-06-16 20:21:46 [32minfo[39m: 	HTTP CRON server up and running on port 5555 !
2026-06-16 20:21:46 [32minfo[39m: 	Successfully connected to database mongodb://edgev3_app:edgev3_mongodb_pass@mongodb:27017/edgev3?authSource=admin
2026-06-16 20:21:46 [32minfo[39m: 	HTTP production server up and running on port 5000 !
2026-06-16 20:21:47 [32minfo[39m: 	Successfully connected to database mongodb://edgev3_app:edgev3_mongodb_pass@mongodb:27017/edgev3?authSource=admin
2026-06-16 20:21:47 [32minfo[39m: 	HTTP production server up and running on port 5000 !
2026-06-16 20:21:49 [32minfo[39m: 	Successfully connected to database mongodb://edgev3_app:edgev3_mongodb_pass@mongodb:27017/edgev3?authSource=admin
2026-06-16 20:21:49 [32minfo[39m: 	HTTP production server up and running on port 5000 !
2026-06-16 20:22:00 [32minfo[39m: 	exec:  NXF_CACHE_DIR=/edgev3/io/projects/jSJFTpA1QWmXTvH2/nextflow/work nextflow log|awk '/edge-jSJFTpA1QWmXTvH2/ &&(/OK/||/ERR/)'|awk '{split($0,array,/	/); print array[4]}'
2026-06-16 20:22:03 [32minfo[39m: 	exec stdout: 
2026-06-16 20:22:14 [32minfo[39m: 	Successfully connected to database mongodb://edgev3_app:edgev3_mongodb_pass@mongodb:27017/edgev3?authSource=admin
2026-06-16 20:22:14 [32minfo[39m: 	HTTP production server up and running on port 5000 !
2026-06-16 20:22:16 [32minfo[39m: 	Successfully connected to database mongodb://edgev3_app:edgev3_mongodb_pass@mongodb:27017/edgev3?authSource=admin
2026-06-16 20:22:16 [32minfo[39m: 	HTTP CRON server up and running on port 5555 !
2026-06-16 20:22:16 [32minfo[39m: 	Successfully connected to database mongodb://edgev3_app:edgev3_mongodb_pass@mongodb:27017/edgev3?authSource=admin
2026-06-16 20:22:16 [32minfo[39m: 	HTTP production server up and running on port 5000 !
2026-06-16 20:22:17 [32minfo[39m: 	Successfully connected to database mongodb://edgev3_app:edgev3_mongodb_pass@mongodb:27017/edgev3?authSource=admin
2026-06-16 20:22:17 [32minfo[39m: 	HTTP production server up and running on port 5000 !
2026-06-16 20:22:19 [32minfo[39m: 	Successfully connected to database mongodb://edgev3_app:edgev3_mongodb_pass@mongodb:27017/edgev3?authSource=admin
2026-06-16 20:22:19 [32minfo[39m: 	HTTP production server up and running on port 5000 !
2026-06-16 20:22:44 [32minfo[39m: 	Successfully connected to database mongodb://edgev3_app:edgev3_mongodb_pass@mongodb:27017/edgev3?authSource=admin
2026-06-16 20:22:44 [32minfo[39m: 	HTTP production server up and running on port 5000 !
2026-06-16 20:22:46 [32minfo[39m: 	Successfully connected to database mongodb://edgev3_app:edgev3_mongodb_pass@mongodb:27017/edgev3?authSource=admin
2026-06-16 20:22:46 [32minfo[39m: 	HTTP CRON server up and running on port 5555 !
2026-06-16 20:22:46 [32minfo[39m: 	Successfully connected to database mongodb://edgev3_app:edgev3_mongodb_pass@mongodb:27017/edgev3?authSource=admin
2026-06-16 20:22:46 [32minfo[39m: 	HTTP production server up and running on port 5000 !
2026-06-16 20:22:47 [32minfo[39m: 	Successfully connected to database mongodb://edgev3_app:edgev3_mongodb_pass@mongodb:27017/edgev3?authSource=admin
2026-06-16 20:22:47 [32minfo[39m: 	HTTP production server up and running on port 5000 !
2026-06-16 20:22:49 [32minfo[39m: 	Successfully connected to database mongodb://edgev3_app:edgev3_mongodb_pass@mongodb:27017/edgev3?authSource=admin
2026-06-16 20:22:49 [32minfo[39m: 	HTTP production server up and running on port 5000 !
2026-06-16 20:23:14 [32minfo[39m: 	Successfully connected to database mongodb://edgev3_app:edgev3_mongodb_pass@mongodb:27017/edgev3?authSource=admin
2026-06-16 20:23:14 [32minfo[39m: 	HTTP production server up and running on port 5000 !
2026-06-16 20:23:16 [32minfo[39m: 	Successfully connected to database mongodb://edgev3_app:edgev3_mongodb_pass@mongodb:27017/edgev3?authSource=admin
2026-06-16 20:23:16 [32minfo[39m: 	HTTP CRON server up and running on port 5555 !
2026-06-16 20:23:16 [32minfo[39m: 	Successfully connected to database mongodb://edgev3_app:edgev3_mongodb_pass@mongodb:27017/edgev3?authSource=admin
2026-06-16 20:23:16 [32minfo[39m: 	HTTP production server up and running on port 5000 !
2026-06-16 20:23:17 [32minfo[39m: 	Successfully connected to database mongodb://edgev3_app:edgev3_mongodb_pass@mongodb:27017/edgev3?authSource=admin
2026-06-16 20:23:17 [32minfo[39m: 	HTTP production server up and running on port 5000 !
2026-06-16 20:23:19 [32minfo[39m: 	Successfully connected to database mongodb://edgev3_app:edgev3_mongodb_pass@mongodb:27017/edgev3?authSource=admin
2026-06-16 20:23:19 [32minfo[39m: 	HTTP production server up and running on port 5000 !
2026-06-16 20:23:44 [32minfo[39m: 	Successfully connected to database mongodb://edgev3_app:edgev3_mongodb_pass@mongodb:27017/edgev3?authSource=admin
2026-06-16 20:23:44 [32minfo[39m: 	HTTP production server up and running on port 5000 !
2026-06-16 20:23:46 [32minfo[39m: 	Successfully connected to database mongodb://edgev3_app:edgev3_mongodb_pass@mongodb:27017/edgev3?authSource=admin
2026-06-16 20:23:46 [32minfo[39m: 	HTTP CRON server up and running on port 5555 !
2026-06-16 20:23:46 [32minfo[39m: 	Successfully connected to database mongodb://edgev3_app:edgev3_mongodb_pass@mongodb:27017/edgev3?authSource=admin
2026-06-16 20:23:46 [32minfo[39m: 	HTTP production server up and running on port 5000 !
2026-06-16 20:23:47 [32minfo[39m: 	Successfully connected to database mongodb://edgev3_app:edgev3_mongodb_pass@mongodb:27017/edgev3?authSource=admin
2026-06-16 20:23:47 [32minfo[39m: 	HTTP production server up and running on port 5000 !
2026-06-16 20:23:49 [32minfo[39m: 	Successfully connected to database mongodb://edgev3_app:edgev3_mongodb_pass@mongodb:27017/edgev3?authSource=admin
2026-06-16 20:23:49 [32minfo[39m: 	HTTP production server up and running on port 5000 !
2026-06-16 20:24:00 [32minfo[39m: 	exec:  NXF_CACHE_DIR=/edgev3/io/projects/jSJFTpA1QWmXTvH2/nextflow/work nextflow log|awk '/edge-jSJFTpA1QWmXTvH2/ &&(/OK/||/ERR/)'|awk '{split($0,array,/	/); print array[4]}'
2026-06-16 20:24:03 [32minfo[39m: 	exec stdout: 
2026-06-16 20:24:14 [32minfo[39m: 	Successfully connected to database mongodb://edgev3_app:edgev3_mongodb_pass@mongodb:27017/edgev3?authSource=admin
2026-06-16 20:24:14 [32minfo[39m: 	HTTP production server up and running on port 5000 !
2026-06-16 20:24:16 [32minfo[39m: 	Successfully connected to database mongodb://edgev3_app:edgev3_mongodb_pass@mongodb:27017/edgev3?authSource=admin
2026-06-16 20:24:16 [32minfo[39m: 	HTTP CRON server up and running on port 5555 !
2026-06-16 20:24:16 [32minfo[39m: 	Successfully connected to database mongodb://edgev3_app:edgev3_mongodb_pass@mongodb:27017/edgev3?authSource=admin
2026-06-16 20:24:16 [32minfo[39m: 	HTTP production server up and running on port 5000 !
2026-06-16 20:24:17 [32minfo[39m: 	Successfully connected to database mongodb://edgev3_app:edgev3_mongodb_pass@mongodb:27017/edgev3?authSource=admin
2026-06-16 20:24:17 [32minfo[39m: 	HTTP production server up and running on port 5000 !
2026-06-16 20:24:19 [32minfo[39m: 	Successfully connected to database mongodb://edgev3_app:edgev3_mongodb_pass@mongodb:27017/edgev3?authSource=admin
2026-06-16 20:24:19 [32minfo[39m: 	HTTP production server up and running on port 5000 !
2026-06-16 20:24:44 [32minfo[39m: 	Successfully connected to database mongodb://edgev3_app:edgev3_mongodb_pass@mongodb:27017/edgev3?authSource=admin
2026-06-16 20:24:44 [32minfo[39m: 	HTTP production server up and running on port 5000 !
2026-06-16 20:24:46 [32minfo[39m: 	Successfully connected to database mongodb://edgev3_app:edgev3_mongodb_pass@mongodb:27017/edgev3?authSource=admin
2026-06-16 20:24:46 [32minfo[39m: 	HTTP CRON server up and running on port 5555 !
2026-06-16 20:24:46 [32minfo[39m: 	Successfully connected to database mongodb://edgev3_app:edgev3_mongodb_pass@mongodb:27017/edgev3?authSource=admin
2026-06-16 20:24:46 [32minfo[39m: 	HTTP production server up and running on port 5000 !
2026-06-16 20:24:47 [32minfo[39m: 	Successfully connected to database mongodb://edgev3_app:edgev3_mongodb_pass@mongodb:27017/edgev3?authSource=admin
2026-06-16 20:24:48 [32minfo[39m: 	HTTP production server up and running on port 5000 !
2026-06-16 20:24:49 [32minfo[39m: 	Successfully connected to database mongodb://edgev3_app:edgev3_mongodb_pass@mongodb:27017/edgev3?authSource=admin
2026-06-16 20:24:49 [32minfo[39m: 	HTTP production server up and running on port 5000 !
2026-06-16 20:25:14 [32minfo[39m: 	Successfully connected to database mongodb://edgev3_app:edgev3_mongodb_pass@mongodb:27017/edgev3?authSource=admin
2026-06-16 20:25:14 [32minfo[39m: 	HTTP production server up and running on port 5000 !
2026-06-16 20:25:16 [32minfo[39m: 	Successfully connected to database mongodb://edgev3_app:edgev3_mongodb_pass@mongodb:27017/edgev3?authSource=admin
2026-06-16 20:25:16 [32minfo[39m: 	HTTP CRON server up and running on port 5555 !
2026-06-16 20:25:16 [32minfo[39m: 	Successfully connected to database mongodb://edgev3_app:edgev3_mongodb_pass@mongodb:27017/edgev3?authSource=admin
2026-06-16 20:25:16 [32minfo[39m: 	HTTP production server up and running on port 5000 !
2026-06-16 20:25:17 [32minfo[39m: 	Successfully connected to database mongodb://edgev3_app:edgev3_mongodb_pass@mongodb:27017/edgev3?authSource=admin
2026-06-16 20:25:17 [32minfo[39m: 	HTTP production server up and running on port 5000 !
2026-06-16 20:25:19 [32minfo[39m: 	Successfully connected to database mongodb://edgev3_app:edgev3_mongodb_pass@mongodb:27017/edgev3?authSource=admin
2026-06-16 20:25:19 [32minfo[39m: 	HTTP production server up and running on port 5000 !
2026-06-16 20:25:44 [32minfo[39m: 	Successfully connected to database mongodb://edgev3_app:edgev3_mongodb_pass@mongodb:27017/edgev3?authSource=admin
2026-06-16 20:25:44 [32minfo[39m: 	HTTP production server up and running on port 5000 !
2026-06-16 20:25:46 [32minfo[39m: 	Successfully connected to database mongodb://edgev3_app:edgev3_mongodb_pass@mongodb:27017/edgev3?authSource=admin
2026-06-16 20:25:46 [32minfo[39m: 	HTTP CRON server up and running on port 5555 !
2026-06-16 20:25:46 [32minfo[39m: 	Successfully connected to database mongodb://edgev3_app:edgev3_mongodb_pass@mongodb:27017/edgev3?authSource=admin
2026-06-16 20:25:46 [32minfo[39m: 	HTTP production server up and running on port 5000 !
2026-06-16 20:25:47 [32minfo[39m: 	Successfully connected to database mongodb://edgev3_app:edgev3_mongodb_pass@mongodb:27017/edgev3?authSource=admin
2026-06-16 20:25:47 [32minfo[39m: 	HTTP production server up and running on port 5000 !
2026-06-16 20:25:49 [32minfo[39m: 	Successfully connected to database mongodb://edgev3_app:edgev3_mongodb_pass@mongodb:27017/edgev3?authSource=admin
2026-06-16 20:25:49 [32minfo[39m: 	HTTP production server up and running on port 5000 !
2026-06-16 20:26:00 [32minfo[39m: 	exec:  NXF_CACHE_DIR=/edgev3/io/projects/jSJFTpA1QWmXTvH2/nextflow/work nextflow log|awk '/edge-jSJFTpA1QWmXTvH2/ &&(/OK/||/ERR/)'|awk '{split($0,array,/	/); print array[4]}'
2026-06-16 20:26:03 [32minfo[39m: 	exec stdout: 
2026-06-16 20:26:14 [32minfo[39m: 	Successfully connected to database mongodb://edgev3_app:edgev3_mongodb_pass@mongodb:27017/edgev3?authSource=admin
2026-06-16 20:26:14 [32minfo[39m: 	HTTP production server up and running on port 5000 !
2026-06-16 20:26:16 [32minfo[39m: 	Successfully connected to database mongodb://edgev3_app:edgev3_mongodb_pass@mongodb:27017/edgev3?authSource=admin
2026-06-16 20:26:16 [32minfo[39m: 	HTTP CRON server up and running on port 5555 !
2026-06-16 20:26:16 [32minfo[39m: 	Successfully connected to database mongodb://edgev3_app:edgev3_mongodb_pass@mongodb:27017/edgev3?authSource=admin
2026-06-16 20:26:16 [32minfo[39m: 	HTTP production server up and running on port 5000 !
2026-06-16 20:26:17 [32minfo[39m: 	Successfully connected to database mongodb://edgev3_app:edgev3_mongodb_pass@mongodb:27017/edgev3?authSource=admin
2026-06-16 20:26:17 [32minfo[39m: 	HTTP production server up and running on port 5000 !
2026-06-16 20:26:19 [32minfo[39m: 	Successfully connected to database mongodb://edgev3_app:edgev3_mongodb_pass@mongodb:27017/edgev3?authSource=admin
2026-06-16 20:26:19 [32minfo[39m: 	HTTP production server up and running on port 5000 !
2026-06-16 20:26:44 [32minfo[39m: 	Successfully connected to database mongodb://edgev3_app:edgev3_mongodb_pass@mongodb:27017/edgev3?authSource=admin
2026-06-16 20:26:44 [32minfo[39m: 	HTTP production server up and running on port 5000 !
2026-06-16 20:26:46 [32minfo[39m: 	Successfully connected to database mongodb://edgev3_app:edgev3_mongodb_pass@mongodb:27017/edgev3?authSource=admin
2026-06-16 20:26:46 [32minfo[39m: 	HTTP CRON server up and running on port 5555 !
2026-06-16 20:26:46 [32minfo[39m: 	Successfully connected to database mongodb://edgev3_app:edgev3_mongodb_pass@mongodb:27017/edgev3?authSource=admin
2026-06-16 20:26:46 [32minfo[39m: 	HTTP production server up and running on port 5000 !
2026-06-16 20:26:48 [32minfo[39m: 	Successfully connected to database mongodb://edgev3_app:edgev3_mongodb_pass@mongodb:27017/edgev3?authSource=admin
2026-06-16 20:26:48 [32minfo[39m: 	HTTP production server up and running on port 5000 !
2026-06-16 20:26:49 [32minfo[39m: 	Successfully connected to database mongodb://edgev3_app:edgev3_mongodb_pass@mongodb:27017/edgev3?authSource=admin
2026-06-16 20:26:49 [32minfo[39m: 	HTTP production server up and running on port 5000 !
2026-06-16 20:27:14 [32minfo[39m: 	Successfully connected to database mongodb://edgev3_app:edgev3_mongodb_pass@mongodb:27017/edgev3?authSource=admin
2026-06-16 20:27:14 [32minfo[39m: 	HTTP production server up and running on port 5000 !
2026-06-16 20:27:16 [32minfo[39m: 	Successfully connected to database mongodb://edgev3_app:edgev3_mongodb_pass@mongodb:27017/edgev3?authSource=admin
2026-06-16 20:27:16 [32minfo[39m: 	HTTP CRON server up and running on port 5555 !
2026-06-16 20:27:16 [32minfo[39m: 	Successfully connected to database mongodb://edgev3_app:edgev3_mongodb_pass@mongodb:27017/edgev3?authSource=admin
2026-06-16 20:27:16 [32minfo[39m: 	HTTP production server up and running on port 5000 !
2026-06-16 20:27:18 [32minfo[39m: 	Successfully connected to database mongodb://edgev3_app:edgev3_mongodb_pass@mongodb:27017/edgev3?authSource=admin
2026-06-16 20:27:18 [32minfo[39m: 	HTTP production server up and running on port 5000 !
2026-06-16 20:27:19 [32minfo[39m: 	Successfully connected to database mongodb://edgev3_app:edgev3_mongodb_pass@mongodb:27017/edgev3?authSource=admin
2026-06-16 20:27:19 [32minfo[39m: 	HTTP production server up and running on port 5000 !
2026-06-16 20:27:44 [32minfo[39m: 	Successfully connected to database mongodb://edgev3_app:edgev3_mongodb_pass@mongodb:27017/edgev3?authSource=admin
2026-06-16 20:27:44 [32minfo[39m: 	HTTP production server up and running on port 5000 !
2026-06-16 20:27:46 [32minfo[39m: 	Successfully connected to database mongodb://edgev3_app:edgev3_mongodb_pass@mongodb:27017/edgev3?authSource=admin
2026-06-16 20:27:46 [32minfo[39m: 	HTTP CRON server up and running on port 5555 !
2026-06-16 20:27:46 [32minfo[39m: 	Successfully connected to database mongodb://edgev3_app:edgev3_mongodb_pass@mongodb:27017/edgev3?authSource=admin
2026-06-16 20:27:46 [32minfo[39m: 	HTTP production server up and running on port 5000 !
2026-06-16 20:27:48 [32minfo[39m: 	Successfully connected to database mongodb://edgev3_app:edgev3_mongodb_pass@mongodb:27017/edgev3?authSource=admin
2026-06-16 20:27:48 [32minfo[39m: 	HTTP production server up and running on port 5000 !
2026-06-16 20:27:49 [32minfo[39m: 	Successfully connected to database mongodb://edgev3_app:edgev3_mongodb_pass@mongodb:27017/edgev3?authSource=admin
2026-06-16 20:27:49 [32minfo[39m: 	HTTP production server up and running on port 5000 !
2026-06-16 20:28:00 [32minfo[39m: 	exec:  NXF_CACHE_DIR=/edgev3/io/projects/jSJFTpA1QWmXTvH2/nextflow/work nextflow log|awk '/edge-jSJFTpA1QWmXTvH2/ &&(/OK/||/ERR/)'|awk '{split($0,array,/	/); print array[4]}'
2026-06-16 20:28:03 [32minfo[39m: 	exec stdout: 
2026-06-16 20:28:14 [32minfo[39m: 	Successfully connected to database mongodb://edgev3_app:edgev3_mongodb_pass@mongodb:27017/edgev3?authSource=admin
2026-06-16 20:28:14 [32minfo[39m: 	HTTP production server up and running on port 5000 !
2026-06-16 20:28:16 [32minfo[39m: 	Successfully connected to database mongodb://edgev3_app:edgev3_mongodb_pass@mongodb:27017/edgev3?authSource=admin
2026-06-16 20:28:16 [32minfo[39m: 	HTTP CRON server up and running on port 5555 !
2026-06-16 20:28:16 [32minfo[39m: 	Successfully connected to database mongodb://edgev3_app:edgev3_mongodb_pass@mongodb:27017/edgev3?authSource=admin
2026-06-16 20:28:16 [32minfo[39m: 	HTTP production server up and running on port 5000 !
2026-06-16 20:28:17 [32minfo[39m: 	Successfully connected to database mongodb://edgev3_app:edgev3_mongodb_pass@mongodb:27017/edgev3?authSource=admin
2026-06-16 20:28:17 [32minfo[39m: 	HTTP production server up and running on port 5000 !
2026-06-16 20:28:19 [32minfo[39m: 	Successfully connected to database mongodb://edgev3_app:edgev3_mongodb_pass@mongodb:27017/edgev3?authSource=admin
2026-06-16 20:28:19 [32minfo[39m: 	HTTP production server up and running on port 5000 !
2026-06-16 20:28:44 [32minfo[39m: 	Successfully connected to database mongodb://edgev3_app:edgev3_mongodb_pass@mongodb:27017/edgev3?authSource=admin
2026-06-16 20:28:44 [32minfo[39m: 	HTTP production server up and running on port 5000 !
2026-06-16 20:28:46 [32minfo[39m: 	Successfully connected to database mongodb://edgev3_app:edgev3_mongodb_pass@mongodb:27017/edgev3?authSource=admin
2026-06-16 20:28:46 [32minfo[39m: 	HTTP CRON server up and running on port 5555 !
2026-06-16 20:28:46 [32minfo[39m: 	Successfully connected to database mongodb://edgev3_app:edgev3_mongodb_pass@mongodb:27017/edgev3?authSource=admin
2026-06-16 20:28:46 [32minfo[39m: 	HTTP production server up and running on port 5000 !
2026-06-16 20:28:47 [32minfo[39m: 	Successfully connected to database mongodb://edgev3_app:edgev3_mongodb_pass@mongodb:27017/edgev3?authSource=admin
2026-06-16 20:28:47 [32minfo[39m: 	HTTP production server up and running on port 5000 !
2026-06-16 20:28:49 [32minfo[39m: 	Successfully connected to database mongodb://edgev3_app:edgev3_mongodb_pass@mongodb:27017/edgev3?authSource=admin
2026-06-16 20:28:49 [32minfo[39m: 	HTTP production server up and running on port 5000 !
2026-06-16 20:29:14 [32minfo[39m: 	Successfully connected to database mongodb://edgev3_app:edgev3_mongodb_pass@mongodb:27017/edgev3?authSource=admin
2026-06-16 20:29:14 [32minfo[39m: 	HTTP production server up and running on port 5000 !
2026-06-16 20:29:16 [32minfo[39m: 	Successfully connected to database mongodb://edgev3_app:edgev3_mongodb_pass@mongodb:27017/edgev3?authSource=admin
2026-06-16 20:29:16 [32minfo[39m: 	HTTP CRON server up and running on port 5555 !
2026-06-16 20:29:16 [32minfo[39m: 	Successfully connected to database mongodb://edgev3_app:edgev3_mongodb_pass@mongodb:27017/edgev3?authSource=admin
2026-06-16 20:29:16 [32minfo[39m: 	HTTP production server up and running on port 5000 !
2026-06-16 20:29:17 [32minfo[39m: 	Successfully connected to database mongodb://edgev3_app:edgev3_mongodb_pass@mongodb:27017/edgev3?authSource=admin
2026-06-16 20:29:17 [32minfo[39m: 	HTTP production server up and running on port 5000 !
2026-06-16 20:29:19 [32minfo[39m: 	Successfully connected to database mongodb://edgev3_app:edgev3_mongodb_pass@mongodb:27017/edgev3?authSource=admin
2026-06-16 20:29:19 [32minfo[39m: 	HTTP production server up and running on port 5000 !
2026-06-16 20:29:44 [32minfo[39m: 	Successfully connected to database mongodb://edgev3_app:edgev3_mongodb_pass@mongodb:27017/edgev3?authSource=admin
2026-06-16 20:29:44 [32minfo[39m: 	HTTP production server up and running on port 5000 !
2026-06-16 20:29:46 [32minfo[39m: 	Successfully connected to database mongodb://edgev3_app:edgev3_mongodb_pass@mongodb:27017/edgev3?authSource=admin
2026-06-16 20:29:46 [32minfo[39m: 	HTTP CRON server up and running on port 5555 !
2026-06-16 20:29:46 [32minfo[39m: 	Successfully connected to database mongodb://edgev3_app:edgev3_mongodb_pass@mongodb:27017/edgev3?authSource=admin
2026-06-16 20:29:46 [32minfo[39m: 	HTTP production server up and running on port 5000 !
2026-06-16 20:29:48 [32minfo[39m: 	Successfully connected to database mongodb://edgev3_app:edgev3_mongodb_pass@mongodb:27017/edgev3?authSource=admin
2026-06-16 20:29:48 [32minfo[39m: 	HTTP production server up and running on port 5000 !
2026-06-16 20:29:49 [32minfo[39m: 	Successfully connected to database mongodb://edgev3_app:edgev3_mongodb_pass@mongodb:27017/edgev3?authSource=admin
2026-06-16 20:29:49 [32minfo[39m: 	HTTP production server up and running on port 5000 !
2026-06-16 20:30:00 [32minfo[39m: 	exec:  NXF_CACHE_DIR=/edgev3/io/projects/jSJFTpA1QWmXTvH2/nextflow/work nextflow log|awk '/edge-jSJFTpA1QWmXTvH2/ &&(/OK/||/ERR/)'|awk '{split($0,array,/	/); print array[4]}'
2026-06-16 20:30:03 [32minfo[39m: 	exec stdout: 
2026-06-16 20:30:14 [32minfo[39m: 	Successfully connected to database mongodb://edgev3_app:edgev3_mongodb_pass@mongodb:27017/edgev3?authSource=admin
2026-06-16 20:30:14 [32minfo[39m: 	HTTP production server up and running on port 5000 !
2026-06-16 20:30:16 [32minfo[39m: 	Successfully connected to database mongodb://edgev3_app:edgev3_mongodb_pass@mongodb:27017/edgev3?authSource=admin
2026-06-16 20:30:16 [32minfo[39m: 	HTTP CRON server up and running on port 5555 !
2026-06-16 20:30:16 [32minfo[39m: 	Successfully connected to database mongodb://edgev3_app:edgev3_mongodb_pass@mongodb:27017/edgev3?authSource=admin
2026-06-16 20:30:16 [32minfo[39m: 	HTTP production server up and running on port 5000 !
2026-06-16 20:30:17 [32minfo[39m: 	Successfully connected to database mongodb://edgev3_app:edgev3_mongodb_pass@mongodb:27017/edgev3?authSource=admin
2026-06-16 20:30:18 [32minfo[39m: 	HTTP production server up and running on port 5000 !
2026-06-16 20:30:19 [32minfo[39m: 	Successfully connected to database mongodb://edgev3_app:edgev3_mongodb_pass@mongodb:27017/edgev3?authSource=admin
2026-06-16 20:30:19 [32minfo[39m: 	HTTP production server up and running on port 5000 !
2026-06-16 20:30:44 [32minfo[39m: 	Successfully connected to database mongodb://edgev3_app:edgev3_mongodb_pass@mongodb:27017/edgev3?authSource=admin
2026-06-16 20:30:44 [32minfo[39m: 	HTTP production server up and running on port 5000 !
2026-06-16 20:30:46 [32minfo[39m: 	Successfully connected to database mongodb://edgev3_app:edgev3_mongodb_pass@mongodb:27017/edgev3?authSource=admin
2026-06-16 20:30:46 [32minfo[39m: 	HTTP CRON server up and running on port 5555 !
2026-06-16 20:30:46 [32minfo[39m: 	Successfully connected to database mongodb://edgev3_app:edgev3_mongodb_pass@mongodb:27017/edgev3?authSource=admin
2026-06-16 20:30:46 [32minfo[39m: 	HTTP production server up and running on port 5000 !
2026-06-16 20:30:47 [32minfo[39m: 	Successfully connected to database mongodb://edgev3_app:edgev3_mongodb_pass@mongodb:27017/edgev3?authSource=admin
2026-06-16 20:30:47 [32minfo[39m: 	HTTP production server up and running on port 5000 !
2026-06-16 20:30:49 [32minfo[39m: 	Successfully connected to database mongodb://edgev3_app:edgev3_mongodb_pass@mongodb:27017/edgev3?authSource=admin
2026-06-16 20:30:49 [32minfo[39m: 	HTTP production server up and running on port 5000 !
2026-06-16 20:31:14 [32minfo[39m: 	Successfully connected to database mongodb://edgev3_app:edgev3_mongodb_pass@mongodb:27017/edgev3?authSource=admin
2026-06-16 20:31:14 [32minfo[39m: 	HTTP production server up and running on port 5000 !
2026-06-16 20:31:16 [32minfo[39m: 	Successfully connected to database mongodb://edgev3_app:edgev3_mongodb_pass@mongodb:27017/edgev3?authSource=admin
2026-06-16 20:31:16 [32minfo[39m: 	HTTP CRON server up and running on port 5555 !
2026-06-16 20:31:16 [32minfo[39m: 	Successfully connected to database mongodb://edgev3_app:edgev3_mongodb_pass@mongodb:27017/edgev3?authSource=admin
2026-06-16 20:31:16 [32minfo[39m: 	HTTP production server up and running on port 5000 !
2026-06-16 20:31:18 [32minfo[39m: 	Successfully connected to database mongodb://edgev3_app:edgev3_mongodb_pass@mongodb:27017/edgev3?authSource=admin
2026-06-16 20:31:18 [32minfo[39m: 	HTTP production server up and running on port 5000 !
2026-06-16 20:31:19 [32minfo[39m: 	Successfully connected to database mongodb://edgev3_app:edgev3_mongodb_pass@mongodb:27017/edgev3?authSource=admin
2026-06-16 20:31:19 [32minfo[39m: 	HTTP production server up and running on port 5000 !
2026-06-16 20:31:44 [32minfo[39m: 	Successfully connected to database mongodb://edgev3_app:edgev3_mongodb_pass@mongodb:27017/edgev3?authSource=admin
2026-06-16 20:31:44 [32minfo[39m: 	HTTP production server up and running on port 5000 !
2026-06-16 20:31:46 [32minfo[39m: 	Successfully connected to database mongodb://edgev3_app:edgev3_mongodb_pass@mongodb:27017/edgev3?authSource=admin
2026-06-16 20:31:46 [32minfo[39m: 	HTTP CRON server up and running on port 5555 !
2026-06-16 20:31:46 [32minfo[39m: 	Successfully connected to database mongodb://edgev3_app:edgev3_mongodb_pass@mongodb:27017/edgev3?authSource=admin
2026-06-16 20:31:46 [32minfo[39m: 	HTTP production server up and running on port 5000 !
2026-06-16 20:31:48 [32minfo[39m: 	Successfully connected to database mongodb://edgev3_app:edgev3_mongodb_pass@mongodb:27017/edgev3?authSource=admin
2026-06-16 20:31:48 [32minfo[39m: 	HTTP production server up and running on port 5000 !
2026-06-16 20:31:49 [32minfo[39m: 	Successfully connected to database mongodb://edgev3_app:edgev3_mongodb_pass@mongodb:27017/edgev3?authSource=admin
2026-06-16 20:31:49 [32minfo[39m: 	HTTP production server up and running on port 5000 !
2026-06-16 20:32:00 [32minfo[39m: 	exec:  NXF_CACHE_DIR=/edgev3/io/projects/jSJFTpA1QWmXTvH2/nextflow/work nextflow log|awk '/edge-jSJFTpA1QWmXTvH2/ &&(/OK/||/ERR/)'|awk '{split($0,array,/	/); print array[4]}'
2026-06-16 20:32:03 [32minfo[39m: 	exec stdout: 
2026-06-16 20:32:14 [32minfo[39m: 	Successfully connected to database mongodb://edgev3_app:edgev3_mongodb_pass@mongodb:27017/edgev3?authSource=admin
2026-06-16 20:32:14 [32minfo[39m: 	HTTP production server up and running on port 5000 !
2026-06-16 20:32:16 [32minfo[39m: 	Successfully connected to database mongodb://edgev3_app:edgev3_mongodb_pass@mongodb:27017/edgev3?authSource=admin
2026-06-16 20:32:16 [32minfo[39m: 	HTTP CRON server up and running on port 5555 !
2026-06-16 20:32:16 [32minfo[39m: 	Successfully connected to database mongodb://edgev3_app:edgev3_mongodb_pass@mongodb:27017/edgev3?authSource=admin
2026-06-16 20:32:16 [32minfo[39m: 	HTTP production server up and running on port 5000 !
2026-06-16 20:32:18 [32minfo[39m: 	Successfully connected to database mongodb://edgev3_app:edgev3_mongodb_pass@mongodb:27017/edgev3?authSource=admin
2026-06-16 20:32:18 [32minfo[39m: 	HTTP production server up and running on port 5000 !
2026-06-16 20:32:19 [32minfo[39m: 	Successfully connected to database mongodb://edgev3_app:edgev3_mongodb_pass@mongodb:27017/edgev3?authSource=admin
2026-06-16 20:32:19 [32minfo[39m: 	HTTP production server up and running on port 5000 !
2026-06-16 20:32:44 [32minfo[39m: 	Successfully connected to database mongodb://edgev3_app:edgev3_mongodb_pass@mongodb:27017/edgev3?authSource=admin
2026-06-16 20:32:44 [32minfo[39m: 	HTTP production server up and running on port 5000 !
2026-06-16 20:32:46 [32minfo[39m: 	Successfully connected to database mongodb://edgev3_app:edgev3_mongodb_pass@mongodb:27017/edgev3?authSource=admin
2026-06-16 20:32:46 [32minfo[39m: 	HTTP production server up and running on port 5000 !
2026-06-16 20:32:47 [32minfo[39m: 	Successfully connected to database mongodb://edgev3_app:edgev3_mongodb_pass@mongodb:27017/edgev3?authSource=admin
2026-06-16 20:32:47 [32minfo[39m: 	HTTP production server up and running on port 5000 !
2026-06-16 20:32:49 [32minfo[39m: 	Successfully connected to database mongodb://edgev3_app:edgev3_mongodb_pass@mongodb:27017/edgev3?authSource=admin
2026-06-16 20:32:49 [32minfo[39m: 	HTTP production server up and running on port 5000 !
2026-06-16 20:33:14 [32minfo[39m: 	Successfully connected to database mongodb://edgev3_app:edgev3_mongodb_pass@mongodb:27017/edgev3?authSource=admin
2026-06-16 20:33:14 [32minfo[39m: 	HTTP production server up and running on port 5000 !
2026-06-16 20:33:16 [32minfo[39m: 	Successfully connected to database mongodb://edgev3_app:edgev3_mongodb_pass@mongodb:27017/edgev3?authSource=admin
2026-06-16 20:33:16 [32minfo[39m: 	HTTP CRON server up and running on port 5555 !
2026-06-16 20:33:16 [32minfo[39m: 	Successfully connected to database mongodb://edgev3_app:edgev3_mongodb_pass@mongodb:27017/edgev3?authSource=admin
2026-06-16 20:33:16 [32minfo[39m: 	HTTP production server up and running on port 5000 !
2026-06-16 20:33:18 [32minfo[39m: 	Successfully connected to database mongodb://edgev3_app:edgev3_mongodb_pass@mongodb:27017/edgev3?authSource=admin
2026-06-16 20:33:18 [32minfo[39m: 	HTTP production server up and running on port 5000 !
2026-06-16 20:33:19 [32minfo[39m: 	Successfully connected to database mongodb://edgev3_app:edgev3_mongodb_pass@mongodb:27017/edgev3?authSource=admin
2026-06-16 20:33:19 [32minfo[39m: 	HTTP production server up and running on port 5000 !
2026-06-16 20:33:44 [32minfo[39m: 	Successfully connected to database mongodb://edgev3_app:edgev3_mongodb_pass@mongodb:27017/edgev3?authSource=admin
2026-06-16 20:33:44 [32minfo[39m: 	HTTP production server up and running on port 5000 !
2026-06-16 20:33:46 [32minfo[39m: 	Successfully connected to database mongodb://edgev3_app:edgev3_mongodb_pass@mongodb:27017/edgev3?authSource=admin
2026-06-16 20:33:46 [32minfo[39m: 	HTTP CRON server up and running on port 5555 !
2026-06-16 20:33:46 [32minfo[39m: 	Successfully connected to database mongodb://edgev3_app:edgev3_mongodb_pass@mongodb:27017/edgev3?authSource=admin
2026-06-16 20:33:46 [32minfo[39m: 	HTTP production server up and running on port 5000 !
2026-06-16 20:33:48 [32minfo[39m: 	Successfully connected to database mongodb://edgev3_app:edgev3_mongodb_pass@mongodb:27017/edgev3?authSource=admin
2026-06-16 20:33:48 [32minfo[39m: 	HTTP production server up and running on port 5000 !
2026-06-16 20:33:49 [32minfo[39m: 	Successfully connected to database mongodb://edgev3_app:edgev3_mongodb_pass@mongodb:27017/edgev3?authSource=admin
2026-06-16 20:33:49 [32minfo[39m: 	HTTP production server up and running on port 5000 !
2026-06-16 20:34:00 [32minfo[39m: 	exec:  NXF_CACHE_DIR=/edgev3/io/projects/jSJFTpA1QWmXTvH2/nextflow/work nextflow log|awk '/edge-jSJFTpA1QWmXTvH2/ &&(/OK/||/ERR/)'|awk '{split($0,array,/	/); print array[4]}'
2026-06-16 20:34:03 [32minfo[39m: 	exec stdout: 
2026-06-16 20:34:14 [32minfo[39m: 	Successfully connected to database mongodb://edgev3_app:edgev3_mongodb_pass@mongodb:27017/edgev3?authSource=admin
2026-06-16 20:34:14 [32minfo[39m: 	HTTP production server up and running on port 5000 !
2026-06-16 20:34:16 [32minfo[39m: 	Successfully connected to database mongodb://edgev3_app:edgev3_mongodb_pass@mongodb:27017/edgev3?authSource=admin
2026-06-16 20:34:16 [32minfo[39m: 	HTTP CRON server up and running on port 5555 !
2026-06-16 20:34:16 [32minfo[39m: 	Successfully connected to database mongodb://edgev3_app:edgev3_mongodb_pass@mongodb:27017/edgev3?authSource=admin
2026-06-16 20:34:16 [32minfo[39m: 	HTTP production server up and running on port 5000 !
2026-06-16 20:34:17 [32minfo[39m: 	Successfully connected to database mongodb://edgev3_app:edgev3_mongodb_pass@mongodb:27017/edgev3?authSource=admin
2026-06-16 20:34:18 [32minfo[39m: 	HTTP production server up and running on port 5000 !
2026-06-16 20:34:19 [32minfo[39m: 	Successfully connected to database mongodb://edgev3_app:edgev3_mongodb_pass@mongodb:27017/edgev3?authSource=admin
2026-06-16 20:34:19 [32minfo[39m: 	HTTP production server up and running on port 5000 !
2026-06-16 20:34:44 [32minfo[39m: 	Successfully connected to database mongodb://edgev3_app:edgev3_mongodb_pass@mongodb:27017/edgev3?authSource=admin
2026-06-16 20:34:44 [32minfo[39m: 	HTTP production server up and running on port 5000 !
2026-06-16 20:34:46 [32minfo[39m: 	Successfully connected to database mongodb://edgev3_app:edgev3_mongodb_pass@mongodb:27017/edgev3?authSource=admin
2026-06-16 20:34:46 [32minfo[39m: 	HTTP CRON server up and running on port 5555 !
2026-06-16 20:34:46 [32minfo[39m: 	Successfully connected to database mongodb://edgev3_app:edgev3_mongodb_pass@mongodb:27017/edgev3?authSource=admin
2026-06-16 20:34:46 [32minfo[39m: 	HTTP production server up and running on port 5000 !
2026-06-16 20:34:47 [32minfo[39m: 	Successfully connected to database mongodb://edgev3_app:edgev3_mongodb_pass@mongodb:27017/edgev3?authSource=admin
2026-06-16 20:34:48 [32minfo[39m: 	HTTP production server up and running on port 5000 !
2026-06-16 20:34:49 [32minfo[39m: 	Successfully connected to database mongodb://edgev3_app:edgev3_mongodb_pass@mongodb:27017/edgev3?authSource=admin
2026-06-16 20:34:49 [32minfo[39m: 	HTTP production server up and running on port 5000 !
2026-06-16 20:35:14 [32minfo[39m: 	Successfully connected to database mongodb://edgev3_app:edgev3_mongodb_pass@mongodb:27017/edgev3?authSource=admin
2026-06-16 20:35:14 [32minfo[39m: 	HTTP production server up and running on port 5000 !
2026-06-16 20:35:16 [32minfo[39m: 	Successfully connected to database mongodb://edgev3_app:edgev3_mongodb_pass@mongodb:27017/edgev3?authSource=admin
2026-06-16 20:35:16 [32minfo[39m: 	HTTP CRON server up and running on port 5555 !
2026-06-16 20:35:16 [32minfo[39m: 	Successfully connected to database mongodb://edgev3_app:edgev3_mongodb_pass@mongodb:27017/edgev3?authSource=admin
2026-06-16 20:35:16 [32minfo[39m: 	HTTP production server up and running on port 5000 !
2026-06-16 20:35:18 [32minfo[39m: 	Successfully connected to database mongodb://edgev3_app:edgev3_mongodb_pass@mongodb:27017/edgev3?authSource=admin
2026-06-16 20:35:18 [32minfo[39m: 	HTTP production server up and running on port 5000 !
2026-06-16 20:35:19 [32minfo[39m: 	Successfully connected to database mongodb://edgev3_app:edgev3_mongodb_pass@mongodb:27017/edgev3?authSource=admin
2026-06-16 20:35:19 [32minfo[39m: 	HTTP production server up and running on port 5000 !
2026-06-16 20:35:44 [32minfo[39m: 	Successfully connected to database mongodb://edgev3_app:edgev3_mongodb_pass@mongodb:27017/edgev3?authSource=admin
2026-06-16 20:35:44 [32minfo[39m: 	HTTP production server up and running on port 5000 !
2026-06-16 20:35:46 [32minfo[39m: 	Successfully connected to database mongodb://edgev3_app:edgev3_mongodb_pass@mongodb:27017/edgev3?authSource=admin
2026-06-16 20:35:46 [32minfo[39m: 	HTTP CRON server up and running on port 5555 !
2026-06-16 20:35:46 [32minfo[39m: 	Successfully connected to database mongodb://edgev3_app:edgev3_mongodb_pass@mongodb:27017/edgev3?authSource=admin
2026-06-16 20:35:46 [32minfo[39m: 	HTTP production server up and running on port 5000 !
2026-06-16 20:35:48 [32minfo[39m: 	Successfully connected to database mongodb://edgev3_app:edgev3_mongodb_pass@mongodb:27017/edgev3?authSource=admin
2026-06-16 20:35:48 [32minfo[39m: 	HTTP production server up and running on port 5000 !
2026-06-16 20:35:49 [32minfo[39m: 	Successfully connected to database mongodb://edgev3_app:edgev3_mongodb_pass@mongodb:27017/edgev3?authSource=admin
2026-06-16 20:35:49 [32minfo[39m: 	HTTP production server up and running on port 5000 !
2026-06-16 20:36:00 [32minfo[39m: 	exec:  NXF_CACHE_DIR=/edgev3/io/projects/jSJFTpA1QWmXTvH2/nextflow/work nextflow log|awk '/edge-jSJFTpA1QWmXTvH2/ &&(/OK/||/ERR/)'|awk '{split($0,array,/	/); print array[4]}'
2026-06-16 20:36:03 [32minfo[39m: 	exec stdout: 
2026-06-16 20:36:14 [32minfo[39m: 	Successfully connected to database mongodb://edgev3_app:edgev3_mongodb_pass@mongodb:27017/edgev3?authSource=admin
2026-06-16 20:36:14 [32minfo[39m: 	HTTP production server up and running on port 5000 !
2026-06-16 20:36:16 [32minfo[39m: 	Successfully connected to database mongodb://edgev3_app:edgev3_mongodb_pass@mongodb:27017/edgev3?authSource=admin
2026-06-16 20:36:16 [32minfo[39m: 	HTTP CRON server up and running on port 5555 !
2026-06-16 20:36:16 [32minfo[39m: 	Successfully connected to database mongodb://edgev3_app:edgev3_mongodb_pass@mongodb:27017/edgev3?authSource=admin
2026-06-16 20:36:16 [32minfo[39m: 	HTTP production server up and running on port 5000 !
2026-06-16 20:36:18 [32minfo[39m: 	Successfully connected to database mongodb://edgev3_app:edgev3_mongodb_pass@mongodb:27017/edgev3?authSource=admin
2026-06-16 20:36:18 [32minfo[39m: 	HTTP production server up and running on port 5000 !
2026-06-16 20:36:19 [32minfo[39m: 	Successfully connected to database mongodb://edgev3_app:edgev3_mongodb_pass@mongodb:27017/edgev3?authSource=admin
2026-06-16 20:36:19 [32minfo[39m: 	HTTP production server up and running on port 5000 !
2026-06-16 20:36:44 [32minfo[39m: 	Successfully connected to database mongodb://edgev3_app:edgev3_mongodb_pass@mongodb:27017/edgev3?authSource=admin
2026-06-16 20:36:44 [32minfo[39m: 	HTTP production server up and running on port 5000 !
2026-06-16 20:36:46 [32minfo[39m: 	Successfully connected to database mongodb://edgev3_app:edgev3_mongodb_pass@mongodb:27017/edgev3?authSource=admin
2026-06-16 20:36:46 [32minfo[39m: 	HTTP CRON server up and running on port 5555 !
2026-06-16 20:36:46 [32minfo[39m: 	Successfully connected to database mongodb://edgev3_app:edgev3_mongodb_pass@mongodb:27017/edgev3?authSource=admin
2026-06-16 20:36:46 [32minfo[39m: 	HTTP production server up and running on port 5000 !
2026-06-16 20:36:48 [32minfo[39m: 	Successfully connected to database mongodb://edgev3_app:edgev3_mongodb_pass@mongodb:27017/edgev3?authSource=admin
2026-06-16 20:36:48 [32minfo[39m: 	HTTP production server up and running on port 5000 !
2026-06-16 20:36:49 [32minfo[39m: 	Successfully connected to database mongodb://edgev3_app:edgev3_mongodb_pass@mongodb:27017/edgev3?authSource=admin
2026-06-16 20:36:49 [32minfo[39m: 	HTTP production server up and running on port 5000 !
2026-06-16 20:37:14 [32minfo[39m: 	Successfully connected to database mongodb://edgev3_app:edgev3_mongodb_pass@mongodb:27017/edgev3?authSource=admin
2026-06-16 20:37:14 [32minfo[39m: 	HTTP production server up and running on port 5000 !
2026-06-16 20:37:16 [32minfo[39m: 	Successfully connected to database mongodb://edgev3_app:edgev3_mongodb_pass@mongodb:27017/edgev3?authSource=admin
2026-06-16 20:37:16 [32minfo[39m: 	HTTP CRON server up and running on port 5555 !
2026-06-16 20:37:16 [32minfo[39m: 	Successfully connected to database mongodb://edgev3_app:edgev3_mongodb_pass@mongodb:27017/edgev3?authSource=admin
2026-06-16 20:37:16 [32minfo[39m: 	HTTP production server up and running on port 5000 !
2026-06-16 20:37:18 [32minfo[39m: 	Successfully connected to database mongodb://edgev3_app:edgev3_mongodb_pass@mongodb:27017/edgev3?authSource=admin
2026-06-16 20:37:18 [32minfo[39m: 	HTTP production server up and running on port 5000 !
2026-06-16 20:37:19 [32minfo[39m: 	Successfully connected to database mongodb://edgev3_app:edgev3_mongodb_pass@mongodb:27017/edgev3?authSource=admin
2026-06-16 20:37:19 [32minfo[39m: 	HTTP production server up and running on port 5000 !
2026-06-16 20:37:44 [32minfo[39m: 	Successfully connected to database mongodb://edgev3_app:edgev3_mongodb_pass@mongodb:27017/edgev3?authSource=admin
2026-06-16 20:37:44 [32minfo[39m: 	HTTP production server up and running on port 5000 !
2026-06-16 20:37:46 [32minfo[39m: 	Successfully connected to database mongodb://edgev3_app:edgev3_mongodb_pass@mongodb:27017/edgev3?authSource=admin
2026-06-16 20:37:46 [32minfo[39m: 	HTTP CRON server up and running on port 5555 !
2026-06-16 20:37:46 [32minfo[39m: 	Successfully connected to database mongodb://edgev3_app:edgev3_mongodb_pass@mongodb:27017/edgev3?authSource=admin
2026-06-16 20:37:46 [32minfo[39m: 	HTTP production server up and running on port 5000 !
2026-06-16 20:37:48 [32minfo[39m: 	Successfully connected to database mongodb://edgev3_app:edgev3_mongodb_pass@mongodb:27017/edgev3?authSource=admin
2026-06-16 20:37:48 [32minfo[39m: 	HTTP production server up and running on port 5000 !
2026-06-16 20:37:49 [32minfo[39m: 	Successfully connected to database mongodb://edgev3_app:edgev3_mongodb_pass@mongodb:27017/edgev3?authSource=admin
2026-06-16 20:37:49 [32minfo[39m: 	HTTP production server up and running on port 5000 !
2026-06-16 20:38:00 [32minfo[39m: 	exec:  NXF_CACHE_DIR=/edgev3/io/projects/jSJFTpA1QWmXTvH2/nextflow/work nextflow log|awk '/edge-jSJFTpA1QWmXTvH2/ &&(/OK/||/ERR/)'|awk '{split($0,array,/	/); print array[4]}'
2026-06-16 20:38:03 [32minfo[39m: 	exec stdout: 
2026-06-16 20:38:14 [32minfo[39m: 	Successfully connected to database mongodb://edgev3_app:edgev3_mongodb_pass@mongodb:27017/edgev3?authSource=admin
2026-06-16 20:38:14 [32minfo[39m: 	HTTP production server up and running on port 5000 !
2026-06-16 20:38:16 [32minfo[39m: 	Successfully connected to database mongodb://edgev3_app:edgev3_mongodb_pass@mongodb:27017/edgev3?authSource=admin
2026-06-16 20:38:16 [32minfo[39m: 	HTTP CRON server up and running on port 5555 !
2026-06-16 20:38:16 [32minfo[39m: 	Successfully connected to database mongodb://edgev3_app:edgev3_mongodb_pass@mongodb:27017/edgev3?authSource=admin
2026-06-16 20:38:16 [32minfo[39m: 	HTTP production server up and running on port 5000 !
2026-06-16 20:38:18 [32minfo[39m: 	Successfully connected to database mongodb://edgev3_app:edgev3_mongodb_pass@mongodb:27017/edgev3?authSource=admin
2026-06-16 20:38:18 [32minfo[39m: 	HTTP production server up and running on port 5000 !
2026-06-16 20:38:19 [32minfo[39m: 	Successfully connected to database mongodb://edgev3_app:edgev3_mongodb_pass@mongodb:27017/edgev3?authSource=admin
2026-06-16 20:38:19 [32minfo[39m: 	HTTP production server up and running on port 5000 !
2026-06-16 20:38:44 [32minfo[39m: 	Successfully connected to database mongodb://edgev3_app:edgev3_mongodb_pass@mongodb:27017/edgev3?authSource=admin
2026-06-16 20:38:44 [32minfo[39m: 	HTTP production server up and running on port 5000 !
2026-06-16 20:38:46 [32minfo[39m: 	Successfully connected to database mongodb://edgev3_app:edgev3_mongodb_pass@mongodb:27017/edgev3?authSource=admin
2026-06-16 20:38:46 [32minfo[39m: 	HTTP CRON server up and running on port 5555 !
2026-06-16 20:38:46 [32minfo[39m: 	Successfully connected to database mongodb://edgev3_app:edgev3_mongodb_pass@mongodb:27017/edgev3?authSource=admin
2026-06-16 20:38:46 [32minfo[39m: 	HTTP production server up and running on port 5000 !
2026-06-16 20:38:48 [32minfo[39m: 	Successfully connected to database mongodb://edgev3_app:edgev3_mongodb_pass@mongodb:27017/edgev3?authSource=admin
2026-06-16 20:38:48 [32minfo[39m: 	HTTP production server up and running on port 5000 !
2026-06-16 20:38:49 [32minfo[39m: 	Successfully connected to database mongodb://edgev3_app:edgev3_mongodb_pass@mongodb:27017/edgev3?authSource=admin
2026-06-16 20:38:49 [32minfo[39m: 	HTTP production server up and running on port 5000 !
2026-06-16 20:39:14 [32minfo[39m: 	Successfully connected to database mongodb://edgev3_app:edgev3_mongodb_pass@mongodb:27017/edgev3?authSource=admin
2026-06-16 20:39:14 [32minfo[39m: 	HTTP production server up and running on port 5000 !
2026-06-16 20:39:16 [32minfo[39m: 	Successfully connected to database mongodb://edgev3_app:edgev3_mongodb_pass@mongodb:27017/edgev3?authSource=admin
2026-06-16 20:39:16 [32minfo[39m: 	HTTP CRON server up and running on port 5555 !
2026-06-16 20:39:16 [32minfo[39m: 	Successfully connected to database mongodb://edgev3_app:edgev3_mongodb_pass@mongodb:27017/edgev3?authSource=admin
2026-06-16 20:39:16 [32minfo[39m: 	HTTP production server up and running on port 5000 !
2026-06-16 20:39:18 [32minfo[39m: 	Successfully connected to database mongodb://edgev3_app:edgev3_mongodb_pass@mongodb:27017/edgev3?authSource=admin
2026-06-16 20:39:18 [32minfo[39m: 	HTTP production server up and running on port 5000 !
2026-06-16 20:39:19 [32minfo[39m: 	Successfully connected to database mongodb://edgev3_app:edgev3_mongodb_pass@mongodb:27017/edgev3?authSource=admin
2026-06-16 20:39:19 [32minfo[39m: 	HTTP production server up and running on port 5000 !
2026-06-16 20:39:44 [32minfo[39m: 	Successfully connected to database mongodb://edgev3_app:edgev3_mongodb_pass@mongodb:27017/edgev3?authSource=admin
2026-06-16 20:39:44 [32minfo[39m: 	HTTP production server up and running on port 5000 !
2026-06-16 20:39:46 [32minfo[39m: 	Successfully connected to database mongodb://edgev3_app:edgev3_mongodb_pass@mongodb:27017/edgev3?authSource=admin
2026-06-16 20:39:46 [32minfo[39m: 	HTTP CRON server up and running on port 5555 !
2026-06-16 20:39:46 [32minfo[39m: 	Successfully connected to database mongodb://edgev3_app:edgev3_mongodb_pass@mongodb:27017/edgev3?authSource=admin
2026-06-16 20:39:46 [32minfo[39m: 	HTTP production server up and running on port 5000 !
2026-06-16 20:39:48 [32minfo[39m: 	Successfully connected to database mongodb://edgev3_app:edgev3_mongodb_pass@mongodb:27017/edgev3?authSource=admin
2026-06-16 20:39:48 [32minfo[39m: 	HTTP production server up and running on port 5000 !
2026-06-16 20:39:49 [32minfo[39m: 	Successfully connected to database mongodb://edgev3_app:edgev3_mongodb_pass@mongodb:27017/edgev3?authSource=admin
2026-06-16 20:39:49 [32minfo[39m: 	HTTP production server up and running on port 5000 !
2026-06-16 20:40:00 [32minfo[39m: 	exec:  NXF_CACHE_DIR=/edgev3/io/projects/jSJFTpA1QWmXTvH2/nextflow/work nextflow log|awk '/edge-jSJFTpA1QWmXTvH2/ &&(/OK/||/ERR/)'|awk '{split($0,array,/	/); print array[4]}'
2026-06-16 20:40:03 [32minfo[39m: 	exec stdout: 
2026-06-16 20:40:14 [32minfo[39m: 	Successfully connected to database mongodb://edgev3_app:edgev3_mongodb_pass@mongodb:27017/edgev3?authSource=admin
2026-06-16 20:40:14 [32minfo[39m: 	HTTP production server up and running on port 5000 !
2026-06-16 20:40:16 [32minfo[39m: 	Successfully connected to database mongodb://edgev3_app:edgev3_mongodb_pass@mongodb:27017/edgev3?authSource=admin
2026-06-16 20:40:16 [32minfo[39m: 	HTTP CRON server up and running on port 5555 !
2026-06-16 20:40:16 [32minfo[39m: 	Successfully connected to database mongodb://edgev3_app:edgev3_mongodb_pass@mongodb:27017/edgev3?authSource=admin
2026-06-16 20:40:16 [32minfo[39m: 	HTTP production server up and running on port 5000 !
2026-06-16 20:40:18 [32minfo[39m: 	Successfully connected to database mongodb://edgev3_app:edgev3_mongodb_pass@mongodb:27017/edgev3?authSource=admin
2026-06-16 20:40:18 [32minfo[39m: 	HTTP production server up and running on port 5000 !
2026-06-16 20:40:19 [32minfo[39m: 	Successfully connected to database mongodb://edgev3_app:edgev3_mongodb_pass@mongodb:27017/edgev3?authSource=admin
2026-06-16 20:40:20 [32minfo[39m: 	HTTP production server up and running on port 5000 !
2026-06-16 20:40:44 [32minfo[39m: 	Successfully connected to database mongodb://edgev3_app:edgev3_mongodb_pass@mongodb:27017/edgev3?authSource=admin
2026-06-16 20:40:44 [32minfo[39m: 	HTTP production server up and running on port 5000 !
2026-06-16 20:40:46 [32minfo[39m: 	Successfully connected to database mongodb://edgev3_app:edgev3_mongodb_pass@mongodb:27017/edgev3?authSource=admin
2026-06-16 20:40:46 [32minfo[39m: 	HTTP CRON server up and running on port 5555 !
2026-06-16 20:40:46 [32minfo[39m: 	Successfully connected to database mongodb://edgev3_app:edgev3_mongodb_pass@mongodb:27017/edgev3?authSource=admin
2026-06-16 20:40:46 [32minfo[39m: 	HTTP production server up and running on port 5000 !
2026-06-16 20:40:48 [32minfo[39m: 	Successfully connected to database mongodb://edgev3_app:edgev3_mongodb_pass@mongodb:27017/edgev3?authSource=admin
2026-06-16 20:40:48 [32minfo[39m: 	HTTP production server up and running on port 5000 !
2026-06-16 20:40:49 [32minfo[39m: 	Successfully connected to database mongodb://edgev3_app:edgev3_mongodb_pass@mongodb:27017/edgev3?authSource=admin
2026-06-16 20:40:49 [32minfo[39m: 	HTTP production server up and running on port 5000 !
2026-06-16 20:41:14 [32minfo[39m: 	Successfully connected to database mongodb://edgev3_app:edgev3_mongodb_pass@mongodb:27017/edgev3?authSource=admin
2026-06-16 20:41:14 [32minfo[39m: 	HTTP production server up and running on port 5000 !
2026-06-16 20:41:16 [32minfo[39m: 	Successfully connected to database mongodb://edgev3_app:edgev3_mongodb_pass@mongodb:27017/edgev3?authSource=admin
2026-06-16 20:41:16 [32minfo[39m: 	HTTP CRON server up and running on port 5555 !
2026-06-16 20:41:16 [32minfo[39m: 	Successfully connected to database mongodb://edgev3_app:edgev3_mongodb_pass@mongodb:27017/edgev3?authSource=admin
2026-06-16 20:41:16 [32minfo[39m: 	HTTP production server up and running on port 5000 !
2026-06-16 20:41:18 [32minfo[39m: 	Successfully connected to database mongodb://edgev3_app:edgev3_mongodb_pass@mongodb:27017/edgev3?authSource=admin
2026-06-16 20:41:18 [32minfo[39m: 	HTTP production server up and running on port 5000 !
2026-06-16 20:41:19 [32minfo[39m: 	Successfully connected to database mongodb://edgev3_app:edgev3_mongodb_pass@mongodb:27017/edgev3?authSource=admin
2026-06-16 20:41:19 [32minfo[39m: 	HTTP production server up and running on port 5000 !
2026-06-16 20:41:44 [32minfo[39m: 	Successfully connected to database mongodb://edgev3_app:edgev3_mongodb_pass@mongodb:27017/edgev3?authSource=admin
2026-06-16 20:41:44 [32minfo[39m: 	HTTP production server up and running on port 5000 !
2026-06-16 20:41:46 [32minfo[39m: 	Successfully connected to database mongodb://edgev3_app:edgev3_mongodb_pass@mongodb:27017/edgev3?authSource=admin
2026-06-16 20:41:46 [32minfo[39m: 	HTTP CRON server up and running on port 5555 !
2026-06-16 20:41:46 [32minfo[39m: 	Successfully connected to database mongodb://edgev3_app:edgev3_mongodb_pass@mongodb:27017/edgev3?authSource=admin
2026-06-16 20:41:46 [32minfo[39m: 	HTTP production server up and running on port 5000 !
2026-06-16 20:41:48 [32minfo[39m: 	Successfully connected to database mongodb://edgev3_app:edgev3_mongodb_pass@mongodb:27017/edgev3?authSource=admin
2026-06-16 20:41:48 [32minfo[39m: 	HTTP production server up and running on port 5000 !
2026-06-16 20:41:49 [32minfo[39m: 	Successfully connected to database mongodb://edgev3_app:edgev3_mongodb_pass@mongodb:27017/edgev3?authSource=admin
2026-06-16 20:41:49 [32minfo[39m: 	HTTP production server up and running on port 5000 !
2026-06-16 20:42:00 [32minfo[39m: 	exec:  NXF_CACHE_DIR=/edgev3/io/projects/jSJFTpA1QWmXTvH2/nextflow/work nextflow log|awk '/edge-jSJFTpA1QWmXTvH2/ &&(/OK/||/ERR/)'|awk '{split($0,array,/	/); print array[4]}'
2026-06-16 20:42:03 [32minfo[39m: 	exec stdout: 
2026-06-16 20:42:14 [32minfo[39m: 	Successfully connected to database mongodb://edgev3_app:edgev3_mongodb_pass@mongodb:27017/edgev3?authSource=admin
2026-06-16 20:42:14 [32minfo[39m: 	HTTP production server up and running on port 5000 !
2026-06-16 20:42:16 [32minfo[39m: 	Successfully connected to database mongodb://edgev3_app:edgev3_mongodb_pass@mongodb:27017/edgev3?authSource=admin
2026-06-16 20:42:16 [32minfo[39m: 	HTTP CRON server up and running on port 5555 !
2026-06-16 20:42:16 [32minfo[39m: 	Successfully connected to database mongodb://edgev3_app:edgev3_mongodb_pass@mongodb:27017/edgev3?authSource=admin
2026-06-16 20:42:16 [32minfo[39m: 	HTTP production server up and running on port 5000 !
2026-06-16 20:42:18 [32minfo[39m: 	Successfully connected to database mongodb://edgev3_app:edgev3_mongodb_pass@mongodb:27017/edgev3?authSource=admin
2026-06-16 20:42:18 [32minfo[39m: 	HTTP production server up and running on port 5000 !
2026-06-16 20:42:19 [32minfo[39m: 	Successfully connected to database mongodb://edgev3_app:edgev3_mongodb_pass@mongodb:27017/edgev3?authSource=admin
2026-06-16 20:42:19 [32minfo[39m: 	HTTP production server up and running on port 5000 !
2026-06-16 20:42:44 [32minfo[39m: 	Successfully connected to database mongodb://edgev3_app:edgev3_mongodb_pass@mongodb:27017/edgev3?authSource=admin
2026-06-16 20:42:44 [32minfo[39m: 	HTTP production server up and running on port 5000 !
2026-06-16 20:42:46 [32minfo[39m: 	Successfully connected to database mongodb://edgev3_app:edgev3_mongodb_pass@mongodb:27017/edgev3?authSource=admin
2026-06-16 20:42:46 [32minfo[39m: 	HTTP CRON server up and running on port 5555 !
2026-06-16 20:42:46 [32minfo[39m: 	Successfully connected to database mongodb://edgev3_app:edgev3_mongodb_pass@mongodb:27017/edgev3?authSource=admin
2026-06-16 20:42:46 [32minfo[39m: 	HTTP production server up and running on port 5000 !
2026-06-16 20:42:48 [32minfo[39m: 	Successfully connected to database mongodb://edgev3_app:edgev3_mongodb_pass@mongodb:27017/edgev3?authSource=admin
2026-06-16 20:42:48 [32minfo[39m: 	HTTP production server up and running on port 5000 !
2026-06-16 20:42:50 [32minfo[39m: 	Successfully connected to database mongodb://edgev3_app:edgev3_mongodb_pass@mongodb:27017/edgev3?authSource=admin
2026-06-16 20:42:50 [32minfo[39m: 	HTTP production server up and running on port 5000 !
2026-06-16 20:43:14 [32minfo[39m: 	Successfully connected to database mongodb://edgev3_app:edgev3_mongodb_pass@mongodb:27017/edgev3?authSource=admin
2026-06-16 20:43:14 [32minfo[39m: 	HTTP production server up and running on port 5000 !
2026-06-16 20:43:16 [32minfo[39m: 	Successfully connected to database mongodb://edgev3_app:edgev3_mongodb_pass@mongodb:27017/edgev3?authSource=admin
2026-06-16 20:43:16 [32minfo[39m: 	HTTP CRON server up and running on port 5555 !
2026-06-16 20:43:16 [32minfo[39m: 	Successfully connected to database mongodb://edgev3_app:edgev3_mongodb_pass@mongodb:27017/edgev3?authSource=admin
2026-06-16 20:43:16 [32minfo[39m: 	HTTP production server up and running on port 5000 !
2026-06-16 20:43:18 [32minfo[39m: 	Successfully connected to database mongodb://edgev3_app:edgev3_mongodb_pass@mongodb:27017/edgev3?authSource=admin
2026-06-16 20:43:18 [32minfo[39m: 	HTTP production server up and running on port 5000 !
2026-06-16 20:43:19 [32minfo[39m: 	Successfully connected to database mongodb://edgev3_app:edgev3_mongodb_pass@mongodb:27017/edgev3?authSource=admin
2026-06-16 20:43:19 [32minfo[39m: 	HTTP production server up and running on port 5000 !
2026-06-16 20:43:44 [32minfo[39m: 	Successfully connected to database mongodb://edgev3_app:edgev3_mongodb_pass@mongodb:27017/edgev3?authSource=admin
2026-06-16 20:43:44 [32minfo[39m: 	HTTP production server up and running on port 5000 !
2026-06-16 20:43:46 [32minfo[39m: 	Successfully connected to database mongodb://edgev3_app:edgev3_mongodb_pass@mongodb:27017/edgev3?authSource=admin
2026-06-16 20:43:46 [32minfo[39m: 	HTTP CRON server up and running on port 5555 !
2026-06-16 20:43:46 [32minfo[39m: 	Successfully connected to database mongodb://edgev3_app:edgev3_mongodb_pass@mongodb:27017/edgev3?authSource=admin
2026-06-16 20:43:46 [32minfo[39m: 	HTTP production server up and running on port 5000 !
2026-06-16 20:43:48 [32minfo[39m: 	Successfully connected to database mongodb://edgev3_app:edgev3_mongodb_pass@mongodb:27017/edgev3?authSource=admin
2026-06-16 20:43:48 [32minfo[39m: 	HTTP production server up and running on port 5000 !
2026-06-16 20:43:49 [32minfo[39m: 	Successfully connected to database mongodb://edgev3_app:edgev3_mongodb_pass@mongodb:27017/edgev3?authSource=admin
2026-06-16 20:43:49 [32minfo[39m: 	HTTP production server up and running on port 5000 !
2026-06-16 20:44:00 [32minfo[39m: 	exec:  NXF_CACHE_DIR=/edgev3/io/projects/jSJFTpA1QWmXTvH2/nextflow/work nextflow log|awk '/edge-jSJFTpA1QWmXTvH2/ &&(/OK/||/ERR/)'|awk '{split($0,array,/	/); print array[4]}'
2026-06-16 20:44:03 [32minfo[39m: 	exec stdout: 
2026-06-16 20:44:14 [32minfo[39m: 	Successfully connected to database mongodb://edgev3_app:edgev3_mongodb_pass@mongodb:27017/edgev3?authSource=admin
2026-06-16 20:44:14 [32minfo[39m: 	HTTP production server up and running on port 5000 !
2026-06-16 20:44:16 [32minfo[39m: 	Successfully connected to database mongodb://edgev3_app:edgev3_mongodb_pass@mongodb:27017/edgev3?authSource=admin
2026-06-16 20:44:16 [32minfo[39m: 	HTTP CRON server up and running on port 5555 !
2026-06-16 20:44:16 [32minfo[39m: 	Successfully connected to database mongodb://edgev3_app:edgev3_mongodb_pass@mongodb:27017/edgev3?authSource=admin
2026-06-16 20:44:16 [32minfo[39m: 	HTTP production server up and running on port 5000 !
2026-06-16 20:44:18 [32minfo[39m: 	Successfully connected to database mongodb://edgev3_app:edgev3_mongodb_pass@mongodb:27017/edgev3?authSource=admin
2026-06-16 20:44:18 [32minfo[39m: 	HTTP production server up and running on port 5000 !
2026-06-16 20:44:19 [32minfo[39m: 	Successfully connected to database mongodb://edgev3_app:edgev3_mongodb_pass@mongodb:27017/edgev3?authSource=admin
2026-06-16 20:44:19 [32minfo[39m: 	HTTP production server up and running on port 5000 !
2026-06-16 20:44:44 [32minfo[39m: 	Successfully connected to database mongodb://edgev3_app:edgev3_mongodb_pass@mongodb:27017/edgev3?authSource=admin
2026-06-16 20:44:44 [32minfo[39m: 	HTTP production server up and running on port 5000 !
2026-06-16 20:44:46 [32minfo[39m: 	Successfully connected to database mongodb://edgev3_app:edgev3_mongodb_pass@mongodb:27017/edgev3?authSource=admin
2026-06-16 20:44:46 [32minfo[39m: 	HTTP CRON server up and running on port 5555 !
2026-06-16 20:44:46 [32minfo[39m: 	Successfully connected to database mongodb://edgev3_app:edgev3_mongodb_pass@mongodb:27017/edgev3?authSource=admin
2026-06-16 20:44:46 [32minfo[39m: 	HTTP production server up and running on port 5000 !
2026-06-16 20:44:48 [32minfo[39m: 	Successfully connected to database mongodb://edgev3_app:edgev3_mongodb_pass@mongodb:27017/edgev3?authSource=admin
2026-06-16 20:44:48 [32minfo[39m: 	HTTP production server up and running on port 5000 !
2026-06-16 20:44:49 [32minfo[39m: 	Successfully connected to database mongodb://edgev3_app:edgev3_mongodb_pass@mongodb:27017/edgev3?authSource=admin
2026-06-16 20:44:49 [32minfo[39m: 	HTTP production server up and running on port 5000 !
2026-06-16 20:45:14 [32minfo[39m: 	Successfully connected to database mongodb://edgev3_app:edgev3_mongodb_pass@mongodb:27017/edgev3?authSource=admin
2026-06-16 20:45:14 [32minfo[39m: 	HTTP production server up and running on port 5000 !
2026-06-16 20:45:16 [32minfo[39m: 	Successfully connected to database mongodb://edgev3_app:edgev3_mongodb_pass@mongodb:27017/edgev3?authSource=admin
2026-06-16 20:45:16 [32minfo[39m: 	HTTP CRON server up and running on port 5555 !
2026-06-16 20:45:16 [32minfo[39m: 	Successfully connected to database mongodb://edgev3_app:edgev3_mongodb_pass@mongodb:27017/edgev3?authSource=admin
2026-06-16 20:45:16 [32minfo[39m: 	HTTP production server up and running on port 5000 !
2026-06-16 20:45:18 [32minfo[39m: 	Successfully connected to database mongodb://edgev3_app:edgev3_mongodb_pass@mongodb:27017/edgev3?authSource=admin
2026-06-16 20:45:18 [32minfo[39m: 	HTTP production server up and running on port 5000 !
2026-06-16 20:45:19 [32minfo[39m: 	Successfully connected to database mongodb://edgev3_app:edgev3_mongodb_pass@mongodb:27017/edgev3?authSource=admin
2026-06-16 20:45:19 [32minfo[39m: 	HTTP production server up and running on port 5000 !
2026-06-16 20:45:44 [32minfo[39m: 	Successfully connected to database mongodb://edgev3_app:edgev3_mongodb_pass@mongodb:27017/edgev3?authSource=admin
2026-06-16 20:45:44 [32minfo[39m: 	HTTP production server up and running on port 5000 !
2026-06-16 20:45:46 [32minfo[39m: 	Successfully connected to database mongodb://edgev3_app:edgev3_mongodb_pass@mongodb:27017/edgev3?authSource=admin
2026-06-16 20:45:46 [32minfo[39m: 	HTTP CRON server up and running on port 5555 !
2026-06-16 20:45:46 [32minfo[39m: 	Successfully connected to database mongodb://edgev3_app:edgev3_mongodb_pass@mongodb:27017/edgev3?authSource=admin
2026-06-16 20:45:46 [32minfo[39m: 	HTTP production server up and running on port 5000 !
2026-06-16 20:45:48 [32minfo[39m: 	Successfully connected to database mongodb://edgev3_app:edgev3_mongodb_pass@mongodb:27017/edgev3?authSource=admin
2026-06-16 20:45:48 [32minfo[39m: 	HTTP production server up and running on port 5000 !
2026-06-16 20:45:49 [32minfo[39m: 	Successfully connected to database mongodb://edgev3_app:edgev3_mongodb_pass@mongodb:27017/edgev3?authSource=admin
2026-06-16 20:45:49 [32minfo[39m: 	HTTP production server up and running on port 5000 !
2026-06-16 20:46:00 [32minfo[39m: 	exec:  NXF_CACHE_DIR=/edgev3/io/projects/jSJFTpA1QWmXTvH2/nextflow/work nextflow log|awk '/edge-jSJFTpA1QWmXTvH2/ &&(/OK/||/ERR/)'|awk '{split($0,array,/	/); print array[4]}'
2026-06-16 20:46:03 [32minfo[39m: 	exec stdout: 
2026-06-16 20:46:14 [32minfo[39m: 	Successfully connected to database mongodb://edgev3_app:edgev3_mongodb_pass@mongodb:27017/edgev3?authSource=admin
2026-06-16 20:46:14 [32minfo[39m: 	HTTP production server up and running on port 5000 !
2026-06-16 20:46:16 [32minfo[39m: 	Successfully connected to database mongodb://edgev3_app:edgev3_mongodb_pass@mongodb:27017/edgev3?authSource=admin
2026-06-16 20:46:16 [32minfo[39m: 	HTTP CRON server up and running on port 5555 !
2026-06-16 20:46:16 [32minfo[39m: 	Successfully connected to database mongodb://edgev3_app:edgev3_mongodb_pass@mongodb:27017/edgev3?authSource=admin
2026-06-16 20:46:16 [32minfo[39m: 	HTTP production server up and running on port 5000 !
2026-06-16 20:46:18 [32minfo[39m: 	Successfully connected to database mongodb://edgev3_app:edgev3_mongodb_pass@mongodb:27017/edgev3?authSource=admin
2026-06-16 20:46:18 [32minfo[39m: 	HTTP production server up and running on port 5000 !
2026-06-16 20:46:19 [32minfo[39m: 	Successfully connected to database mongodb://edgev3_app:edgev3_mongodb_pass@mongodb:27017/edgev3?authSource=admin
2026-06-16 20:46:19 [32minfo[39m: 	HTTP production server up and running on port 5000 !
2026-06-16 20:46:44 [32minfo[39m: 	Successfully connected to database mongodb://edgev3_app:edgev3_mongodb_pass@mongodb:27017/edgev3?authSource=admin
2026-06-16 20:46:44 [32minfo[39m: 	HTTP production server up and running on port 5000 !
2026-06-16 20:46:46 [32minfo[39m: 	Successfully connected to database mongodb://edgev3_app:edgev3_mongodb_pass@mongodb:27017/edgev3?authSource=admin
2026-06-16 20:46:46 [32minfo[39m: 	HTTP CRON server up and running on port 5555 !
2026-06-16 20:46:46 [32minfo[39m: 	Successfully connected to database mongodb://edgev3_app:edgev3_mongodb_pass@mongodb:27017/edgev3?authSource=admin
2026-06-16 20:46:46 [32minfo[39m: 	HTTP production server up and running on port 5000 !
2026-06-16 20:46:48 [32minfo[39m: 	Successfully connected to database mongodb://edgev3_app:edgev3_mongodb_pass@mongodb:27017/edgev3?authSource=admin
2026-06-16 20:46:48 [32minfo[39m: 	HTTP production server up and running on port 5000 !
2026-06-16 20:46:49 [32minfo[39m: 	Successfully connected to database mongodb://edgev3_app:edgev3_mongodb_pass@mongodb:27017/edgev3?authSource=admin
2026-06-16 20:46:49 [32minfo[39m: 	HTTP production server up and running on port 5000 !
2026-06-16 20:47:14 [32minfo[39m: 	Successfully connected to database mongodb://edgev3_app:edgev3_mongodb_pass@mongodb:27017/edgev3?authSource=admin
2026-06-16 20:47:14 [32minfo[39m: 	HTTP production server up and running on port 5000 !
2026-06-16 20:47:16 [32minfo[39m: 	Successfully connected to database mongodb://edgev3_app:edgev3_mongodb_pass@mongodb:27017/edgev3?authSource=admin
2026-06-16 20:47:16 [32minfo[39m: 	HTTP CRON server up and running on port 5555 !
2026-06-16 20:47:16 [32minfo[39m: 	Successfully connected to database mongodb://edgev3_app:edgev3_mongodb_pass@mongodb:27017/edgev3?authSource=admin
2026-06-16 20:47:16 [32minfo[39m: 	HTTP production server up and running on port 5000 !
2026-06-16 20:47:18 [32minfo[39m: 	Successfully connected to database mongodb://edgev3_app:edgev3_mongodb_pass@mongodb:27017/edgev3?authSource=admin
2026-06-16 20:47:18 [32minfo[39m: 	HTTP production server up and running on port 5000 !
2026-06-16 20:47:19 [32minfo[39m: 	Successfully connected to database mongodb://edgev3_app:edgev3_mongodb_pass@mongodb:27017/edgev3?authSource=admin
2026-06-16 20:47:19 [32minfo[39m: 	HTTP production server up and running on port 5000 !
2026-06-16 20:47:44 [32minfo[39m: 	Successfully connected to database mongodb://edgev3_app:edgev3_mongodb_pass@mongodb:27017/edgev3?authSource=admin
2026-06-16 20:47:44 [32minfo[39m: 	HTTP production server up and running on port 5000 !
2026-06-16 20:47:46 [32minfo[39m: 	Successfully connected to database mongodb://edgev3_app:edgev3_mongodb_pass@mongodb:27017/edgev3?authSource=admin
2026-06-16 20:47:46 [32minfo[39m: 	HTTP CRON server up and running on port 5555 !
2026-06-16 20:47:46 [32minfo[39m: 	Successfully connected to database mongodb://edgev3_app:edgev3_mongodb_pass@mongodb:27017/edgev3?authSource=admin
2026-06-16 20:47:46 [32minfo[39m: 	HTTP production server up and running on port 5000 !
2026-06-16 20:47:48 [32minfo[39m: 	Successfully connected to database mongodb://edgev3_app:edgev3_mongodb_pass@mongodb:27017/edgev3?authSource=admin
2026-06-16 20:47:48 [32minfo[39m: 	HTTP production server up and running on port 5000 !
2026-06-16 20:47:49 [32minfo[39m: 	Successfully connected to database mongodb://edgev3_app:edgev3_mongodb_pass@mongodb:27017/edgev3?authSource=admin
2026-06-16 20:47:49 [32minfo[39m: 	HTTP production server up and running on port 5000 !
2026-06-16 20:48:00 [32minfo[39m: 	exec:  NXF_CACHE_DIR=/edgev3/io/projects/jSJFTpA1QWmXTvH2/nextflow/work nextflow log|awk '/edge-jSJFTpA1QWmXTvH2/ &&(/OK/||/ERR/)'|awk '{split($0,array,/	/); print array[4]}'
2026-06-16 20:48:03 [32minfo[39m: 	exec stdout: 
2026-06-16 20:48:14 [32minfo[39m: 	Successfully connected to database mongodb://edgev3_app:edgev3_mongodb_pass@mongodb:27017/edgev3?authSource=admin
2026-06-16 20:48:14 [32minfo[39m: 	HTTP production server up and running on port 5000 !
2026-06-16 20:48:16 [32minfo[39m: 	Successfully connected to database mongodb://edgev3_app:edgev3_mongodb_pass@mongodb:27017/edgev3?authSource=admin
2026-06-16 20:48:16 [32minfo[39m: 	HTTP CRON server up and running on port 5555 !
2026-06-16 20:48:16 [32minfo[39m: 	Successfully connected to database mongodb://edgev3_app:edgev3_mongodb_pass@mongodb:27017/edgev3?authSource=admin
2026-06-16 20:48:16 [32minfo[39m: 	HTTP production server up and running on port 5000 !
2026-06-16 20:48:18 [32minfo[39m: 	Successfully connected to database mongodb://edgev3_app:edgev3_mongodb_pass@mongodb:27017/edgev3?authSource=admin
2026-06-16 20:48:18 [32minfo[39m: 	HTTP production server up and running on port 5000 !
2026-06-16 20:48:19 [32minfo[39m: 	Successfully connected to database mongodb://edgev3_app:edgev3_mongodb_pass@mongodb:27017/edgev3?authSource=admin
2026-06-16 20:48:19 [32minfo[39m: 	HTTP production server up and running on port 5000 !
2026-06-16 20:48:44 [32minfo[39m: 	Successfully connected to database mongodb://edgev3_app:edgev3_mongodb_pass@mongodb:27017/edgev3?authSource=admin
2026-06-16 20:48:44 [32minfo[39m: 	HTTP production server up and running on port 5000 !
2026-06-16 20:48:46 [32minfo[39m: 	Successfully connected to database mongodb://edgev3_app:edgev3_mongodb_pass@mongodb:27017/edgev3?authSource=admin
2026-06-16 20:48:46 [32minfo[39m: 	HTTP CRON server up and running on port 5555 !
2026-06-16 20:48:46 [32minfo[39m: 	Successfully connected to database mongodb://edgev3_app:edgev3_mongodb_pass@mongodb:27017/edgev3?authSource=admin
2026-06-16 20:48:46 [32minfo[39m: 	HTTP production server up and running on port 5000 !
2026-06-16 20:48:48 [32minfo[39m: 	Successfully connected to database mongodb://edgev3_app:edgev3_mongodb_pass@mongodb:27017/edgev3?authSource=admin
2026-06-16 20:48:48 [32minfo[39m: 	HTTP production server up and running on port 5000 !
2026-06-16 20:48:49 [32minfo[39m: 	Successfully connected to database mongodb://edgev3_app:edgev3_mongodb_pass@mongodb:27017/edgev3?authSource=admin
2026-06-16 20:48:49 [32minfo[39m: 	HTTP production server up and running on port 5000 !
2026-06-16 20:49:14 [32minfo[39m: 	Successfully connected to database mongodb://edgev3_app:edgev3_mongodb_pass@mongodb:27017/edgev3?authSource=admin
2026-06-16 20:49:14 [32minfo[39m: 	HTTP production server up and running on port 5000 !
2026-06-16 20:49:16 [32minfo[39m: 	Successfully connected to database mongodb://edgev3_app:edgev3_mongodb_pass@mongodb:27017/edgev3?authSource=admin
2026-06-16 20:49:16 [32minfo[39m: 	HTTP CRON server up and running on port 5555 !
2026-06-16 20:49:16 [32minfo[39m: 	Successfully connected to database mongodb://edgev3_app:edgev3_mongodb_pass@mongodb:27017/edgev3?authSource=admin
2026-06-16 20:49:16 [32minfo[39m: 	HTTP production server up and running on port 5000 !
2026-06-16 20:49:18 [32minfo[39m: 	Successfully connected to database mongodb://edgev3_app:edgev3_mongodb_pass@mongodb:27017/edgev3?authSource=admin
2026-06-16 20:49:18 [32minfo[39m: 	HTTP production server up and running on port 5000 !
2026-06-16 20:49:19 [32minfo[39m: 	Successfully connected to database mongodb://edgev3_app:edgev3_mongodb_pass@mongodb:27017/edgev3?authSource=admin
2026-06-16 20:49:19 [32minfo[39m: 	HTTP production server up and running on port 5000 !
2026-06-16 20:49:44 [32minfo[39m: 	Successfully connected to database mongodb://edgev3_app:edgev3_mongodb_pass@mongodb:27017/edgev3?authSource=admin
2026-06-16 20:49:44 [32minfo[39m: 	HTTP production server up and running on port 5000 !
2026-06-16 20:49:46 [32minfo[39m: 	Successfully connected to database mongodb://edgev3_app:edgev3_mongodb_pass@mongodb:27017/edgev3?authSource=admin
2026-06-16 20:49:46 [32minfo[39m: 	HTTP CRON server up and running on port 5555 !
2026-06-16 20:49:46 [32minfo[39m: 	Successfully connected to database mongodb://edgev3_app:edgev3_mongodb_pass@mongodb:27017/edgev3?authSource=admin
2026-06-16 20:49:46 [32minfo[39m: 	HTTP production server up and running on port 5000 !
2026-06-16 20:49:48 [32minfo[39m: 	Successfully connected to database mongodb://edgev3_app:edgev3_mongodb_pass@mongodb:27017/edgev3?authSource=admin
2026-06-16 20:49:48 [32minfo[39m: 	HTTP production server up and running on port 5000 !
2026-06-16 20:49:49 [32minfo[39m: 	Successfully connected to database mongodb://edgev3_app:edgev3_mongodb_pass@mongodb:27017/edgev3?authSource=admin
2026-06-16 20:49:49 [32minfo[39m: 	HTTP production server up and running on port 5000 !
2026-06-16 20:50:00 [32minfo[39m: 	exec:  NXF_CACHE_DIR=/edgev3/io/projects/jSJFTpA1QWmXTvH2/nextflow/work nextflow log|awk '/edge-jSJFTpA1QWmXTvH2/ &&(/OK/||/ERR/)'|awk '{split($0,array,/	/); print array[4]}'
2026-06-16 20:50:03 [32minfo[39m: 	exec stdout: 
2026-06-16 20:50:14 [32minfo[39m: 	Successfully connected to database mongodb://edgev3_app:edgev3_mongodb_pass@mongodb:27017/edgev3?authSource=admin
2026-06-16 20:50:14 [32minfo[39m: 	HTTP production server up and running on port 5000 !
2026-06-16 20:50:16 [32minfo[39m: 	Successfully connected to database mongodb://edgev3_app:edgev3_mongodb_pass@mongodb:27017/edgev3?authSource=admin
2026-06-16 20:50:16 [32minfo[39m: 	HTTP CRON server up and running on port 5555 !
2026-06-16 20:50:16 [32minfo[39m: 	Successfully connected to database mongodb://edgev3_app:edgev3_mongodb_pass@mongodb:27017/edgev3?authSource=admin
2026-06-16 20:50:16 [32minfo[39m: 	HTTP production server up and running on port 5000 !
2026-06-16 20:50:18 [32minfo[39m: 	Successfully connected to database mongodb://edgev3_app:edgev3_mongodb_pass@mongodb:27017/edgev3?authSource=admin
2026-06-16 20:50:18 [32minfo[39m: 	HTTP production server up and running on port 5000 !
2026-06-16 20:50:20 [32minfo[39m: 	Successfully connected to database mongodb://edgev3_app:edgev3_mongodb_pass@mongodb:27017/edgev3?authSource=admin
2026-06-16 20:50:20 [32minfo[39m: 	HTTP production server up and running on port 5000 !
2026-06-16 20:50:44 [32minfo[39m: 	Successfully connected to database mongodb://edgev3_app:edgev3_mongodb_pass@mongodb:27017/edgev3?authSource=admin
2026-06-16 20:50:44 [32minfo[39m: 	HTTP production server up and running on port 5000 !
2026-06-16 20:50:46 [32minfo[39m: 	Successfully connected to database mongodb://edgev3_app:edgev3_mongodb_pass@mongodb:27017/edgev3?authSource=admin
2026-06-16 20:50:46 [32minfo[39m: 	HTTP CRON server up and running on port 5555 !
2026-06-16 20:50:46 [32minfo[39m: 	Successfully connected to database mongodb://edgev3_app:edgev3_mongodb_pass@mongodb:27017/edgev3?authSource=admin
2026-06-16 20:50:46 [32minfo[39m: 	HTTP production server up and running on port 5000 !
2026-06-16 20:50:48 [32minfo[39m: 	Successfully connected to database mongodb://edgev3_app:edgev3_mongodb_pass@mongodb:27017/edgev3?authSource=admin
2026-06-16 20:50:48 [32minfo[39m: 	HTTP production server up and running on port 5000 !
2026-06-16 20:50:49 [32minfo[39m: 	Successfully connected to database mongodb://edgev3_app:edgev3_mongodb_pass@mongodb:27017/edgev3?authSource=admin
2026-06-16 20:50:49 [32minfo[39m: 	HTTP production server up and running on port 5000 !
2026-06-16 20:51:14 [32minfo[39m: 	Successfully connected to database mongodb://edgev3_app:edgev3_mongodb_pass@mongodb:27017/edgev3?authSource=admin
2026-06-16 20:51:14 [32minfo[39m: 	HTTP production server up and running on port 5000 !
2026-06-16 20:51:16 [32minfo[39m: 	Successfully connected to database mongodb://edgev3_app:edgev3_mongodb_pass@mongodb:27017/edgev3?authSource=admin
2026-06-16 20:51:16 [32minfo[39m: 	HTTP CRON server up and running on port 5555 !
2026-06-16 20:51:16 [32minfo[39m: 	Successfully connected to database mongodb://edgev3_app:edgev3_mongodb_pass@mongodb:27017/edgev3?authSource=admin
2026-06-16 20:51:16 [32minfo[39m: 	HTTP production server up and running on port 5000 !
2026-06-16 20:51:18 [32minfo[39m: 	Successfully connected to database mongodb://edgev3_app:edgev3_mongodb_pass@mongodb:27017/edgev3?authSource=admin
2026-06-16 20:51:18 [32minfo[39m: 	HTTP production server up and running on port 5000 !
2026-06-16 20:51:19 [32minfo[39m: 	Successfully connected to database mongodb://edgev3_app:edgev3_mongodb_pass@mongodb:27017/edgev3?authSource=admin
2026-06-16 20:51:19 [32minfo[39m: 	HTTP production server up and running on port 5000 !
2026-06-16 20:51:44 [32minfo[39m: 	Successfully connected to database mongodb://edgev3_app:edgev3_mongodb_pass@mongodb:27017/edgev3?authSource=admin
2026-06-16 20:51:44 [32minfo[39m: 	HTTP production server up and running on port 5000 !
2026-06-16 20:51:46 [32minfo[39m: 	Successfully connected to database mongodb://edgev3_app:edgev3_mongodb_pass@mongodb:27017/edgev3?authSource=admin
2026-06-16 20:51:46 [32minfo[39m: 	HTTP CRON server up and running on port 5555 !
2026-06-16 20:51:46 [32minfo[39m: 	Successfully connected to database mongodb://edgev3_app:edgev3_mongodb_pass@mongodb:27017/edgev3?authSource=admin
2026-06-16 20:51:46 [32minfo[39m: 	HTTP production server up and running on port 5000 !
2026-06-16 20:51:48 [32minfo[39m: 	Successfully connected to database mongodb://edgev3_app:edgev3_mongodb_pass@mongodb:27017/edgev3?authSource=admin
2026-06-16 20:51:48 [32minfo[39m: 	HTTP production server up and running on port 5000 !
2026-06-16 20:51:49 [32minfo[39m: 	Successfully connected to database mongodb://edgev3_app:edgev3_mongodb_pass@mongodb:27017/edgev3?authSource=admin
2026-06-16 20:51:49 [32minfo[39m: 	HTTP production server up and running on port 5000 !
2026-06-16 20:52:00 [32minfo[39m: 	exec:  NXF_CACHE_DIR=/edgev3/io/projects/jSJFTpA1QWmXTvH2/nextflow/work nextflow log|awk '/edge-jSJFTpA1QWmXTvH2/ &&(/OK/||/ERR/)'|awk '{split($0,array,/	/); print array[4]}'
2026-06-16 20:52:03 [32minfo[39m: 	exec stdout: 
2026-06-16 20:52:14 [32minfo[39m: 	Successfully connected to database mongodb://edgev3_app:edgev3_mongodb_pass@mongodb:27017/edgev3?authSource=admin
2026-06-16 20:52:14 [32minfo[39m: 	HTTP production server up and running on port 5000 !
2026-06-16 20:52:16 [32minfo[39m: 	Successfully connected to database mongodb://edgev3_app:edgev3_mongodb_pass@mongodb:27017/edgev3?authSource=admin
2026-06-16 20:52:16 [32minfo[39m: 	HTTP CRON server up and running on port 5555 !
2026-06-16 20:52:16 [32minfo[39m: 	Successfully connected to database mongodb://edgev3_app:edgev3_mongodb_pass@mongodb:27017/edgev3?authSource=admin
2026-06-16 20:52:16 [32minfo[39m: 	HTTP production server up and running on port 5000 !
2026-06-16 20:52:18 [32minfo[39m: 	Successfully connected to database mongodb://edgev3_app:edgev3_mongodb_pass@mongodb:27017/edgev3?authSource=admin
2026-06-16 20:52:18 [32minfo[39m: 	HTTP production server up and running on port 5000 !
2026-06-16 20:52:19 [32minfo[39m: 	Successfully connected to database mongodb://edgev3_app:edgev3_mongodb_pass@mongodb:27017/edgev3?authSource=admin
2026-06-16 20:52:19 [32minfo[39m: 	HTTP production server up and running on port 5000 !
2026-06-16 20:52:44 [32minfo[39m: 	Successfully connected to database mongodb://edgev3_app:edgev3_mongodb_pass@mongodb:27017/edgev3?authSource=admin
2026-06-16 20:52:44 [32minfo[39m: 	HTTP production server up and running on port 5000 !
2026-06-16 20:52:46 [32minfo[39m: 	Successfully connected to database mongodb://edgev3_app:edgev3_mongodb_pass@mongodb:27017/edgev3?authSource=admin
2026-06-16 20:52:46 [32minfo[39m: 	HTTP CRON server up and running on port 5555 !
2026-06-16 20:52:46 [32minfo[39m: 	Successfully connected to database mongodb://edgev3_app:edgev3_mongodb_pass@mongodb:27017/edgev3?authSource=admin
2026-06-16 20:52:46 [32minfo[39m: 	HTTP production server up and running on port 5000 !
2026-06-16 20:52:48 [32minfo[39m: 	Successfully connected to database mongodb://edgev3_app:edgev3_mongodb_pass@mongodb:27017/edgev3?authSource=admin
2026-06-16 20:52:48 [32minfo[39m: 	HTTP production server up and running on port 5000 !
2026-06-16 20:52:50 [32minfo[39m: 	Successfully connected to database mongodb://edgev3_app:edgev3_mongodb_pass@mongodb:27017/edgev3?authSource=admin
2026-06-16 20:52:50 [32minfo[39m: 	HTTP production server up and running on port 5000 !
2026-06-16 20:53:14 [32minfo[39m: 	Successfully connected to database mongodb://edgev3_app:edgev3_mongodb_pass@mongodb:27017/edgev3?authSource=admin
2026-06-16 20:53:14 [32minfo[39m: 	HTTP production server up and running on port 5000 !
2026-06-16 20:53:16 [32minfo[39m: 	Successfully connected to database mongodb://edgev3_app:edgev3_mongodb_pass@mongodb:27017/edgev3?authSource=admin
2026-06-16 20:53:16 [32minfo[39m: 	HTTP CRON server up and running on port 5555 !
2026-06-16 20:53:16 [32minfo[39m: 	Successfully connected to database mongodb://edgev3_app:edgev3_mongodb_pass@mongodb:27017/edgev3?authSource=admin
2026-06-16 20:53:16 [32minfo[39m: 	HTTP production server up and running on port 5000 !
2026-06-16 20:53:18 [32minfo[39m: 	Successfully connected to database mongodb://edgev3_app:edgev3_mongodb_pass@mongodb:27017/edgev3?authSource=admin
2026-06-16 20:53:18 [32minfo[39m: 	HTTP production server up and running on port 5000 !
2026-06-16 20:53:19 [32minfo[39m: 	Successfully connected to database mongodb://edgev3_app:edgev3_mongodb_pass@mongodb:27017/edgev3?authSource=admin
2026-06-16 20:53:19 [32minfo[39m: 	HTTP production server up and running on port 5000 !
2026-06-16 20:53:44 [32minfo[39m: 	Successfully connected to database mongodb://edgev3_app:edgev3_mongodb_pass@mongodb:27017/edgev3?authSource=admin
2026-06-16 20:53:44 [32minfo[39m: 	HTTP production server up and running on port 5000 !
2026-06-16 20:53:46 [32minfo[39m: 	Successfully connected to database mongodb://edgev3_app:edgev3_mongodb_pass@mongodb:27017/edgev3?authSource=admin
2026-06-16 20:53:46 [32minfo[39m: 	HTTP CRON server up and running on port 5555 !
2026-06-16 20:53:46 [32minfo[39m: 	Successfully connected to database mongodb://edgev3_app:edgev3_mongodb_pass@mongodb:27017/edgev3?authSource=admin
2026-06-16 20:53:46 [32minfo[39m: 	HTTP production server up and running on port 5000 !
2026-06-16 20:53:48 [32minfo[39m: 	Successfully connected to database mongodb://edgev3_app:edgev3_mongodb_pass@mongodb:27017/edgev3?authSource=admin
2026-06-16 20:53:48 [32minfo[39m: 	HTTP production server up and running on port 5000 !
2026-06-16 20:53:50 [32minfo[39m: 	Successfully connected to database mongodb://edgev3_app:edgev3_mongodb_pass@mongodb:27017/edgev3?authSource=admin
2026-06-16 20:53:50 [32minfo[39m: 	HTTP production server up and running on port 5000 !
2026-06-16 20:54:00 [32minfo[39m: 	exec:  NXF_CACHE_DIR=/edgev3/io/projects/jSJFTpA1QWmXTvH2/nextflow/work nextflow log|awk '/edge-jSJFTpA1QWmXTvH2/ &&(/OK/||/ERR/)'|awk '{split($0,array,/	/); print array[4]}'
2026-06-16 20:54:03 [32minfo[39m: 	exec stdout: 
2026-06-16 20:54:14 [32minfo[39m: 	Successfully connected to database mongodb://edgev3_app:edgev3_mongodb_pass@mongodb:27017/edgev3?authSource=admin
2026-06-16 20:54:14 [32minfo[39m: 	HTTP production server up and running on port 5000 !
2026-06-16 20:54:16 [32minfo[39m: 	Successfully connected to database mongodb://edgev3_app:edgev3_mongodb_pass@mongodb:27017/edgev3?authSource=admin
2026-06-16 20:54:16 [32minfo[39m: 	HTTP CRON server up and running on port 5555 !
2026-06-16 20:54:16 [32minfo[39m: 	Successfully connected to database mongodb://edgev3_app:edgev3_mongodb_pass@mongodb:27017/edgev3?authSource=admin
2026-06-16 20:54:16 [32minfo[39m: 	HTTP production server up and running on port 5000 !
2026-06-16 20:54:18 [32minfo[39m: 	Successfully connected to database mongodb://edgev3_app:edgev3_mongodb_pass@mongodb:27017/edgev3?authSource=admin
2026-06-16 20:54:18 [32minfo[39m: 	HTTP production server up and running on port 5000 !
2026-06-16 20:54:19 [32minfo[39m: 	Successfully connected to database mongodb://edgev3_app:edgev3_mongodb_pass@mongodb:27017/edgev3?authSource=admin
2026-06-16 20:54:19 [32minfo[39m: 	HTTP production server up and running on port 5000 !
2026-06-16 20:54:44 [32minfo[39m: 	Successfully connected to database mongodb://edgev3_app:edgev3_mongodb_pass@mongodb:27017/edgev3?authSource=admin
2026-06-16 20:54:44 [32minfo[39m: 	HTTP production server up and running on port 5000 !
2026-06-16 20:54:46 [32minfo[39m: 	Successfully connected to database mongodb://edgev3_app:edgev3_mongodb_pass@mongodb:27017/edgev3?authSource=admin
2026-06-16 20:54:46 [32minfo[39m: 	HTTP CRON server up and running on port 5555 !
2026-06-16 20:54:46 [32minfo[39m: 	Successfully connected to database mongodb://edgev3_app:edgev3_mongodb_pass@mongodb:27017/edgev3?authSource=admin
2026-06-16 20:54:46 [32minfo[39m: 	HTTP production server up and running on port 5000 !
2026-06-16 20:54:48 [32minfo[39m: 	Successfully connected to database mongodb://edgev3_app:edgev3_mongodb_pass@mongodb:27017/edgev3?authSource=admin
2026-06-16 20:54:48 [32minfo[39m: 	HTTP production server up and running on port 5000 !
2026-06-16 20:54:49 [32minfo[39m: 	Successfully connected to database mongodb://edgev3_app:edgev3_mongodb_pass@mongodb:27017/edgev3?authSource=admin
2026-06-16 20:54:49 [32minfo[39m: 	HTTP production server up and running on port 5000 !
2026-06-16 20:55:14 [32minfo[39m: 	Successfully connected to database mongodb://edgev3_app:edgev3_mongodb_pass@mongodb:27017/edgev3?authSource=admin
2026-06-16 20:55:14 [32minfo[39m: 	HTTP production server up and running on port 5000 !
2026-06-16 20:55:16 [32minfo[39m: 	Successfully connected to database mongodb://edgev3_app:edgev3_mongodb_pass@mongodb:27017/edgev3?authSource=admin
2026-06-16 20:55:16 [32minfo[39m: 	HTTP CRON server up and running on port 5555 !
2026-06-16 20:55:16 [32minfo[39m: 	Successfully connected to database mongodb://edgev3_app:edgev3_mongodb_pass@mongodb:27017/edgev3?authSource=admin
2026-06-16 20:55:16 [32minfo[39m: 	HTTP production server up and running on port 5000 !
2026-06-16 20:55:18 [32minfo[39m: 	Successfully connected to database mongodb://edgev3_app:edgev3_mongodb_pass@mongodb:27017/edgev3?authSource=admin
2026-06-16 20:55:18 [32minfo[39m: 	HTTP production server up and running on port 5000 !
2026-06-16 20:55:19 [32minfo[39m: 	Successfully connected to database mongodb://edgev3_app:edgev3_mongodb_pass@mongodb:27017/edgev3?authSource=admin
2026-06-16 20:55:19 [32minfo[39m: 	HTTP production server up and running on port 5000 !
2026-06-16 20:55:44 [32minfo[39m: 	Successfully connected to database mongodb://edgev3_app:edgev3_mongodb_pass@mongodb:27017/edgev3?authSource=admin
2026-06-16 20:55:44 [32minfo[39m: 	HTTP production server up and running on port 5000 !
2026-06-16 20:55:46 [32minfo[39m: 	Successfully connected to database mongodb://edgev3_app:edgev3_mongodb_pass@mongodb:27017/edgev3?authSource=admin
2026-06-16 20:55:46 [32minfo[39m: 	HTTP CRON server up and running on port 5555 !
2026-06-16 20:55:46 [32minfo[39m: 	Successfully connected to database mongodb://edgev3_app:edgev3_mongodb_pass@mongodb:27017/edgev3?authSource=admin
2026-06-16 20:55:46 [32minfo[39m: 	HTTP production server up and running on port 5000 !
2026-06-16 20:55:48 [32minfo[39m: 	Successfully connected to database mongodb://edgev3_app:edgev3_mongodb_pass@mongodb:27017/edgev3?authSource=admin
2026-06-16 20:55:48 [32minfo[39m: 	HTTP production server up and running on port 5000 !
2026-06-16 20:55:49 [32minfo[39m: 	Successfully connected to database mongodb://edgev3_app:edgev3_mongodb_pass@mongodb:27017/edgev3?authSource=admin
2026-06-16 20:55:49 [32minfo[39m: 	HTTP production server up and running on port 5000 !
2026-06-16 20:56:00 [32minfo[39m: 	exec:  NXF_CACHE_DIR=/edgev3/io/projects/jSJFTpA1QWmXTvH2/nextflow/work nextflow log|awk '/edge-jSJFTpA1QWmXTvH2/ &&(/OK/||/ERR/)'|awk '{split($0,array,/	/); print array[4]}'
2026-06-16 20:56:03 [32minfo[39m: 	exec stdout: 
2026-06-16 20:56:14 [32minfo[39m: 	Successfully connected to database mongodb://edgev3_app:edgev3_mongodb_pass@mongodb:27017/edgev3?authSource=admin
2026-06-16 20:56:14 [32minfo[39m: 	HTTP production server up and running on port 5000 !
2026-06-16 20:56:16 [32minfo[39m: 	Successfully connected to database mongodb://edgev3_app:edgev3_mongodb_pass@mongodb:27017/edgev3?authSource=admin
2026-06-16 20:56:16 [32minfo[39m: 	HTTP CRON server up and running on port 5555 !
2026-06-16 20:56:16 [32minfo[39m: 	Successfully connected to database mongodb://edgev3_app:edgev3_mongodb_pass@mongodb:27017/edgev3?authSource=admin
2026-06-16 20:56:16 [32minfo[39m: 	HTTP production server up and running on port 5000 !
2026-06-16 20:56:18 [32minfo[39m: 	Successfully connected to database mongodb://edgev3_app:edgev3_mongodb_pass@mongodb:27017/edgev3?authSource=admin
2026-06-16 20:56:18 [32minfo[39m: 	HTTP production server up and running on port 5000 !
2026-06-16 20:56:20 [32minfo[39m: 	Successfully connected to database mongodb://edgev3_app:edgev3_mongodb_pass@mongodb:27017/edgev3?authSource=admin
2026-06-16 20:56:20 [32minfo[39m: 	HTTP production server up and running on port 5000 !
2026-06-16 20:56:44 [32minfo[39m: 	Successfully connected to database mongodb://edgev3_app:edgev3_mongodb_pass@mongodb:27017/edgev3?authSource=admin
2026-06-16 20:56:44 [32minfo[39m: 	HTTP production server up and running on port 5000 !
2026-06-16 20:56:46 [32minfo[39m: 	Successfully connected to database mongodb://edgev3_app:edgev3_mongodb_pass@mongodb:27017/edgev3?authSource=admin
2026-06-16 20:56:46 [32minfo[39m: 	HTTP CRON server up and running on port 5555 !
2026-06-16 20:56:46 [32minfo[39m: 	Successfully connected to database mongodb://edgev3_app:edgev3_mongodb_pass@mongodb:27017/edgev3?authSource=admin
2026-06-16 20:56:46 [32minfo[39m: 	HTTP production server up and running on port 5000 !
2026-06-16 20:56:48 [32minfo[39m: 	Successfully connected to database mongodb://edgev3_app:edgev3_mongodb_pass@mongodb:27017/edgev3?authSource=admin
2026-06-16 20:56:48 [32minfo[39m: 	HTTP production server up and running on port 5000 !
2026-06-16 20:56:50 [32minfo[39m: 	Successfully connected to database mongodb://edgev3_app:edgev3_mongodb_pass@mongodb:27017/edgev3?authSource=admin
2026-06-16 20:56:50 [32minfo[39m: 	HTTP production server up and running on port 5000 !
2026-06-16 20:57:14 [32minfo[39m: 	Successfully connected to database mongodb://edgev3_app:edgev3_mongodb_pass@mongodb:27017/edgev3?authSource=admin
2026-06-16 20:57:14 [32minfo[39m: 	HTTP production server up and running on port 5000 !
2026-06-16 20:57:16 [32minfo[39m: 	Successfully connected to database mongodb://edgev3_app:edgev3_mongodb_pass@mongodb:27017/edgev3?authSource=admin
2026-06-16 20:57:16 [32minfo[39m: 	HTTP CRON server up and running on port 5555 !
2026-06-16 20:57:16 [32minfo[39m: 	Successfully connected to database mongodb://edgev3_app:edgev3_mongodb_pass@mongodb:27017/edgev3?authSource=admin
2026-06-16 20:57:16 [32minfo[39m: 	HTTP production server up and running on port 5000 !
2026-06-16 20:57:18 [32minfo[39m: 	Successfully connected to database mongodb://edgev3_app:edgev3_mongodb_pass@mongodb:27017/edgev3?authSource=admin
2026-06-16 20:57:18 [32minfo[39m: 	HTTP production server up and running on port 5000 !
2026-06-16 20:57:19 [32minfo[39m: 	Successfully connected to database mongodb://edgev3_app:edgev3_mongodb_pass@mongodb:27017/edgev3?authSource=admin
2026-06-16 20:57:19 [32minfo[39m: 	HTTP production server up and running on port 5000 !
2026-06-16 20:57:44 [32minfo[39m: 	Successfully connected to database mongodb://edgev3_app:edgev3_mongodb_pass@mongodb:27017/edgev3?authSource=admin
2026-06-16 20:57:44 [32minfo[39m: 	HTTP production server up and running on port 5000 !
2026-06-16 20:57:46 [32minfo[39m: 	Successfully connected to database mongodb://edgev3_app:edgev3_mongodb_pass@mongodb:27017/edgev3?authSource=admin
2026-06-16 20:57:46 [32minfo[39m: 	HTTP CRON server up and running on port 5555 !
2026-06-16 20:57:46 [32minfo[39m: 	Successfully connected to database mongodb://edgev3_app:edgev3_mongodb_pass@mongodb:27017/edgev3?authSource=admin
2026-06-16 20:57:46 [32minfo[39m: 	HTTP production server up and running on port 5000 !
2026-06-16 20:57:48 [32minfo[39m: 	Successfully connected to database mongodb://edgev3_app:edgev3_mongodb_pass@mongodb:27017/edgev3?authSource=admin
2026-06-16 20:57:48 [32minfo[39m: 	HTTP production server up and running on port 5000 !
2026-06-16 20:57:50 [32minfo[39m: 	Successfully connected to database mongodb://edgev3_app:edgev3_mongodb_pass@mongodb:27017/edgev3?authSource=admin
2026-06-16 20:57:50 [32minfo[39m: 	HTTP production server up and running on port 5000 !
2026-06-16 20:58:00 [32minfo[39m: 	exec:  NXF_CACHE_DIR=/edgev3/io/projects/jSJFTpA1QWmXTvH2/nextflow/work nextflow log|awk '/edge-jSJFTpA1QWmXTvH2/ &&(/OK/||/ERR/)'|awk '{split($0,array,/	/); print array[4]}'
2026-06-16 20:58:03 [32minfo[39m: 	exec stdout: 
2026-06-16 20:58:14 [32minfo[39m: 	Successfully connected to database mongodb://edgev3_app:edgev3_mongodb_pass@mongodb:27017/edgev3?authSource=admin
2026-06-16 20:58:14 [32minfo[39m: 	HTTP production server up and running on port 5000 !
2026-06-16 20:58:16 [32minfo[39m: 	Successfully connected to database mongodb://edgev3_app:edgev3_mongodb_pass@mongodb:27017/edgev3?authSource=admin
2026-06-16 20:58:16 [32minfo[39m: 	HTTP CRON server up and running on port 5555 !
2026-06-16 20:58:16 [32minfo[39m: 	Successfully connected to database mongodb://edgev3_app:edgev3_mongodb_pass@mongodb:27017/edgev3?authSource=admin
2026-06-16 20:58:16 [32minfo[39m: 	HTTP production server up and running on port 5000 !
2026-06-16 20:58:18 [32minfo[39m: 	Successfully connected to database mongodb://edgev3_app:edgev3_mongodb_pass@mongodb:27017/edgev3?authSource=admin
2026-06-16 20:58:18 [32minfo[39m: 	HTTP production server up and running on port 5000 !
2026-06-16 20:58:19 [32minfo[39m: 	Successfully connected to database mongodb://edgev3_app:edgev3_mongodb_pass@mongodb:27017/edgev3?authSource=admin
2026-06-16 20:58:20 [32minfo[39m: 	HTTP production server up and running on port 5000 !
2026-06-16 20:58:44 [32minfo[39m: 	Successfully connected to database mongodb://edgev3_app:edgev3_mongodb_pass@mongodb:27017/edgev3?authSource=admin
2026-06-16 20:58:44 [32minfo[39m: 	HTTP production server up and running on port 5000 !
2026-06-16 20:58:46 [32minfo[39m: 	Successfully connected to database mongodb://edgev3_app:edgev3_mongodb_pass@mongodb:27017/edgev3?authSource=admin
2026-06-16 20:58:46 [32minfo[39m: 	HTTP CRON server up and running on port 5555 !
2026-06-16 20:58:46 [32minfo[39m: 	Successfully connected to database mongodb://edgev3_app:edgev3_mongodb_pass@mongodb:27017/edgev3?authSource=admin
2026-06-16 20:58:46 [32minfo[39m: 	HTTP production server up and running on port 5000 !
2026-06-16 20:58:48 [32minfo[39m: 	Successfully connected to database mongodb://edgev3_app:edgev3_mongodb_pass@mongodb:27017/edgev3?authSource=admin
2026-06-16 20:58:48 [32minfo[39m: 	HTTP production server up and running on port 5000 !
2026-06-16 20:58:49 [32minfo[39m: 	Successfully connected to database mongodb://edgev3_app:edgev3_mongodb_pass@mongodb:27017/edgev3?authSource=admin
2026-06-16 20:58:49 [32minfo[39m: 	HTTP production server up and running on port 5000 !
2026-06-16 20:59:14 [32minfo[39m: 	Successfully connected to database mongodb://edgev3_app:edgev3_mongodb_pass@mongodb:27017/edgev3?authSource=admin
2026-06-16 20:59:14 [32minfo[39m: 	HTTP production server up and running on port 5000 !
2026-06-16 20:59:16 [32minfo[39m: 	Successfully connected to database mongodb://edgev3_app:edgev3_mongodb_pass@mongodb:27017/edgev3?authSource=admin
2026-06-16 20:59:16 [32minfo[39m: 	HTTP CRON server up and running on port 5555 !
2026-06-16 20:59:16 [32minfo[39m: 	Successfully connected to database mongodb://edgev3_app:edgev3_mongodb_pass@mongodb:27017/edgev3?authSource=admin
2026-06-16 20:59:16 [32minfo[39m: 	HTTP production server up and running on port 5000 !
2026-06-16 20:59:18 [32minfo[39m: 	Successfully connected to database mongodb://edgev3_app:edgev3_mongodb_pass@mongodb:27017/edgev3?authSource=admin
2026-06-16 20:59:18 [32minfo[39m: 	HTTP production server up and running on port 5000 !
2026-06-16 20:59:20 [32minfo[39m: 	Successfully connected to database mongodb://edgev3_app:edgev3_mongodb_pass@mongodb:27017/edgev3?authSource=admin
2026-06-16 20:59:20 [32minfo[39m: 	HTTP production server up and running on port 5000 !
2026-06-16 20:59:44 [32minfo[39m: 	Successfully connected to database mongodb://edgev3_app:edgev3_mongodb_pass@mongodb:27017/edgev3?authSource=admin
2026-06-16 20:59:44 [32minfo[39m: 	HTTP production server up and running on port 5000 !
2026-06-16 20:59:46 [32minfo[39m: 	Successfully connected to database mongodb://edgev3_app:edgev3_mongodb_pass@mongodb:27017/edgev3?authSource=admin
2026-06-16 20:59:46 [32minfo[39m: 	HTTP CRON server up and running on port 5555 !
2026-06-16 20:59:46 [32minfo[39m: 	Successfully connected to database mongodb://edgev3_app:edgev3_mongodb_pass@mongodb:27017/edgev3?authSource=admin
2026-06-16 20:59:46 [32minfo[39m: 	HTTP production server up and running on port 5000 !
2026-06-16 20:59:48 [32minfo[39m: 	Successfully connected to database mongodb://edgev3_app:edgev3_mongodb_pass@mongodb:27017/edgev3?authSource=admin
2026-06-16 20:59:48 [32minfo[39m: 	HTTP production server up and running on port 5000 !
2026-06-16 20:59:49 [32minfo[39m: 	Successfully connected to database mongodb://edgev3_app:edgev3_mongodb_pass@mongodb:27017/edgev3?authSource=admin
2026-06-16 20:59:50 [32minfo[39m: 	HTTP production server up and running on port 5000 !
2026-06-16 21:00:14 [32minfo[39m: 	Successfully connected to database mongodb://edgev3_app:edgev3_mongodb_pass@mongodb:27017/edgev3?authSource=admin
2026-06-16 21:00:14 [32minfo[39m: 	HTTP production server up and running on port 5000 !
2026-06-16 21:00:16 [32minfo[39m: 	Successfully connected to database mongodb://edgev3_app:edgev3_mongodb_pass@mongodb:27017/edgev3?authSource=admin
2026-06-16 21:00:16 [32minfo[39m: 	HTTP CRON server up and running on port 5555 !
2026-06-16 21:00:16 [32minfo[39m: 	Successfully connected to database mongodb://edgev3_app:edgev3_mongodb_pass@mongodb:27017/edgev3?authSource=admin
2026-06-16 21:00:16 [32minfo[39m: 	HTTP production server up and running on port 5000 !
2026-06-16 21:00:18 [32minfo[39m: 	Successfully connected to database mongodb://edgev3_app:edgev3_mongodb_pass@mongodb:27017/edgev3?authSource=admin
2026-06-16 21:00:18 [32minfo[39m: 	HTTP production server up and running on port 5000 !
2026-06-16 21:00:20 [32minfo[39m: 	Successfully connected to database mongodb://edgev3_app:edgev3_mongodb_pass@mongodb:27017/edgev3?authSource=admin
2026-06-16 21:00:20 [32minfo[39m: 	HTTP production server up and running on port 5000 !
2026-06-16 21:00:44 [32minfo[39m: 	Successfully connected to database mongodb://edgev3_app:edgev3_mongodb_pass@mongodb:27017/edgev3?authSource=admin
2026-06-16 21:00:44 [32minfo[39m: 	HTTP production server up and running on port 5000 !
2026-06-16 21:00:46 [32minfo[39m: 	Successfully connected to database mongodb://edgev3_app:edgev3_mongodb_pass@mongodb:27017/edgev3?authSource=admin
2026-06-16 21:00:46 [32minfo[39m: 	HTTP CRON server up and running on port 5555 !
2026-06-16 21:00:46 [32minfo[39m: 	Successfully connected to database mongodb://edgev3_app:edgev3_mongodb_pass@mongodb:27017/edgev3?authSource=admin
2026-06-16 21:00:46 [32minfo[39m: 	HTTP production server up and running on port 5000 !
2026-06-16 21:00:48 [32minfo[39m: 	Successfully connected to database mongodb://edgev3_app:edgev3_mongodb_pass@mongodb:27017/edgev3?authSource=admin
2026-06-16 21:00:48 [32minfo[39m: 	HTTP production server up and running on port 5000 !
2026-06-16 21:00:50 [32minfo[39m: 	Successfully connected to database mongodb://edgev3_app:edgev3_mongodb_pass@mongodb:27017/edgev3?authSource=admin
2026-06-16 21:00:50 [32minfo[39m: 	HTTP production server up and running on port 5000 !
2026-06-16 21:01:14 [32minfo[39m: 	Successfully connected to database mongodb://edgev3_app:edgev3_mongodb_pass@mongodb:27017/edgev3?authSource=admin
2026-06-16 21:01:14 [32minfo[39m: 	HTTP production server up and running on port 5000 !
2026-06-16 21:01:16 [32minfo[39m: 	Successfully connected to database mongodb://edgev3_app:edgev3_mongodb_pass@mongodb:27017/edgev3?authSource=admin
2026-06-16 21:01:16 [32minfo[39m: 	HTTP CRON server up and running on port 5555 !
2026-06-16 21:01:16 [32minfo[39m: 	Successfully connected to database mongodb://edgev3_app:edgev3_mongodb_pass@mongodb:27017/edgev3?authSource=admin
2026-06-16 21:01:16 [32minfo[39m: 	HTTP production server up and running on port 5000 !
2026-06-16 21:01:18 [32minfo[39m: 	Successfully connected to database mongodb://edgev3_app:edgev3_mongodb_pass@mongodb:27017/edgev3?authSource=admin
2026-06-16 21:01:18 [32minfo[39m: 	HTTP production server up and running on port 5000 !
2026-06-16 21:01:20 [32minfo[39m: 	Successfully connected to database mongodb://edgev3_app:edgev3_mongodb_pass@mongodb:27017/edgev3?authSource=admin
2026-06-16 21:01:20 [32minfo[39m: 	HTTP production server up and running on port 5000 !
2026-06-16 21:01:44 [32minfo[39m: 	Successfully connected to database mongodb://edgev3_app:edgev3_mongodb_pass@mongodb:27017/edgev3?authSource=admin
2026-06-16 21:01:44 [32minfo[39m: 	HTTP production server up and running on port 5000 !
2026-06-16 21:01:46 [32minfo[39m: 	Successfully connected to database mongodb://edgev3_app:edgev3_mongodb_pass@mongodb:27017/edgev3?authSource=admin
2026-06-16 21:01:46 [32minfo[39m: 	HTTP CRON server up and running on port 5555 !
2026-06-16 21:01:46 [32minfo[39m: 	Successfully connected to database mongodb://edgev3_app:edgev3_mongodb_pass@mongodb:27017/edgev3?authSource=admin
2026-06-16 21:01:46 [32minfo[39m: 	HTTP production server up and running on port 5000 !
2026-06-16 21:01:48 [32minfo[39m: 	Successfully connected to database mongodb://edgev3_app:edgev3_mongodb_pass@mongodb:27017/edgev3?authSource=admin
2026-06-16 21:01:48 [32minfo[39m: 	HTTP production server up and running on port 5000 !
2026-06-16 21:01:50 [32minfo[39m: 	Successfully connected to database mongodb://edgev3_app:edgev3_mongodb_pass@mongodb:27017/edgev3?authSource=admin
2026-06-16 21:01:50 [32minfo[39m: 	HTTP production server up and running on port 5000 !
2026-06-16 21:02:00 [32minfo[39m: 	exec:  NXF_CACHE_DIR=/edgev3/io/projects/jSJFTpA1QWmXTvH2/nextflow/work nextflow log|awk '/edge-jSJFTpA1QWmXTvH2/ &&(/OK/||/ERR/)'|awk '{split($0,array,/	/); print array[4]}'
2026-06-16 21:02:04 [32minfo[39m: 	exec stdout: 
2026-06-16 21:02:14 [32minfo[39m: 	Successfully connected to database mongodb://edgev3_app:edgev3_mongodb_pass@mongodb:27017/edgev3?authSource=admin
2026-06-16 21:02:14 [32minfo[39m: 	HTTP production server up and running on port 5000 !
2026-06-16 21:02:16 [32minfo[39m: 	Successfully connected to database mongodb://edgev3_app:edgev3_mongodb_pass@mongodb:27017/edgev3?authSource=admin
2026-06-16 21:02:16 [32minfo[39m: 	HTTP CRON server up and running on port 5555 !
2026-06-16 21:02:16 [32minfo[39m: 	Successfully connected to database mongodb://edgev3_app:edgev3_mongodb_pass@mongodb:27017/edgev3?authSource=admin
2026-06-16 21:02:16 [32minfo[39m: 	HTTP production server up and running on port 5000 !
2026-06-16 21:02:18 [32minfo[39m: 	Successfully connected to database mongodb://edgev3_app:edgev3_mongodb_pass@mongodb:27017/edgev3?authSource=admin
2026-06-16 21:02:18 [32minfo[39m: 	HTTP production server up and running on port 5000 !
2026-06-16 21:02:20 [32minfo[39m: 	Successfully connected to database mongodb://edgev3_app:edgev3_mongodb_pass@mongodb:27017/edgev3?authSource=admin
2026-06-16 21:02:20 [32minfo[39m: 	HTTP production server up and running on port 5000 !
2026-06-16 21:02:44 [32minfo[39m: 	Successfully connected to database mongodb://edgev3_app:edgev3_mongodb_pass@mongodb:27017/edgev3?authSource=admin
2026-06-16 21:02:44 [32minfo[39m: 	HTTP production server up and running on port 5000 !
2026-06-16 21:02:46 [32minfo[39m: 	Successfully connected to database mongodb://edgev3_app:edgev3_mongodb_pass@mongodb:27017/edgev3?authSource=admin
2026-06-16 21:02:46 [32minfo[39m: 	HTTP CRON server up and running on port 5555 !
2026-06-16 21:02:47 [32minfo[39m: 	Successfully connected to database mongodb://edgev3_app:edgev3_mongodb_pass@mongodb:27017/edgev3?authSource=admin
2026-06-16 21:02:47 [32minfo[39m: 	HTTP production server up and running on port 5000 !
2026-06-16 21:02:49 [32minfo[39m: 	Successfully connected to database mongodb://edgev3_app:edgev3_mongodb_pass@mongodb:27017/edgev3?authSource=admin
2026-06-16 21:02:49 [32minfo[39m: 	HTTP production server up and running on port 5000 !
2026-06-16 21:02:51 [32minfo[39m: 	Successfully connected to database mongodb://edgev3_app:edgev3_mongodb_pass@mongodb:27017/edgev3?authSource=admin
2026-06-16 21:02:51 [32minfo[39m: 	HTTP production server up and running on port 5000 !
2026-06-16 21:03:15 [32minfo[39m: 	Successfully connected to database mongodb://edgev3_app:edgev3_mongodb_pass@mongodb:27017/edgev3?authSource=admin
2026-06-16 21:03:15 [32minfo[39m: 	HTTP production server up and running on port 5000 !
2026-06-16 21:03:16 [32minfo[39m: 	Successfully connected to database mongodb://edgev3_app:edgev3_mongodb_pass@mongodb:27017/edgev3?authSource=admin
2026-06-16 21:03:16 [32minfo[39m: 	HTTP CRON server up and running on port 5555 !
2026-06-16 21:03:17 [32minfo[39m: 	Successfully connected to database mongodb://edgev3_app:edgev3_mongodb_pass@mongodb:27017/edgev3?authSource=admin
2026-06-16 21:03:17 [32minfo[39m: 	HTTP production server up and running on port 5000 !
2026-06-16 21:03:19 [32minfo[39m: 	Successfully connected to database mongodb://edgev3_app:edgev3_mongodb_pass@mongodb:27017/edgev3?authSource=admin
2026-06-16 21:03:19 [32minfo[39m: 	HTTP production server up and running on port 5000 !
2026-06-16 21:03:21 [32minfo[39m: 	Successfully connected to database mongodb://edgev3_app:edgev3_mongodb_pass@mongodb:27017/edgev3?authSource=admin
2026-06-16 21:03:21 [32minfo[39m: 	HTTP production server up and running on port 5000 !
2026-06-16 21:03:44 [32minfo[39m: 	Successfully connected to database mongodb://edgev3_app:edgev3_mongodb_pass@mongodb:27017/edgev3?authSource=admin
2026-06-16 21:03:44 [32minfo[39m: 	HTTP production server up and running on port 5000 !
2026-06-16 21:03:46 [32minfo[39m: 	Successfully connected to database mongodb://edgev3_app:edgev3_mongodb_pass@mongodb:27017/edgev3?authSource=admin
2026-06-16 21:03:46 [32minfo[39m: 	HTTP CRON server up and running on port 5555 !
2026-06-16 21:03:46 [32minfo[39m: 	Successfully connected to database mongodb://edgev3_app:edgev3_mongodb_pass@mongodb:27017/edgev3?authSource=admin
2026-06-16 21:03:46 [32minfo[39m: 	HTTP production server up and running on port 5000 !
2026-06-16 21:03:48 [32minfo[39m: 	Successfully connected to database mongodb://edgev3_app:edgev3_mongodb_pass@mongodb:27017/edgev3?authSource=admin
2026-06-16 21:03:48 [32minfo[39m: 	HTTP production server up and running on port 5000 !
2026-06-16 21:03:49 [32minfo[39m: 	Successfully connected to database mongodb://edgev3_app:edgev3_mongodb_pass@mongodb:27017/edgev3?authSource=admin
2026-06-16 21:03:49 [32minfo[39m: 	HTTP production server up and running on port 5000 !
2026-06-16 21:04:00 [32minfo[39m: 	exec:  NXF_CACHE_DIR=/edgev3/io/projects/jSJFTpA1QWmXTvH2/nextflow/work nextflow log|awk '/edge-jSJFTpA1QWmXTvH2/ &&(/OK/||/ERR/)'|awk '{split($0,array,/	/); print array[4]}'
2026-06-16 21:04:03 [32minfo[39m: 	exec stdout: 
2026-06-16 21:04:14 [32minfo[39m: 	Successfully connected to database mongodb://edgev3_app:edgev3_mongodb_pass@mongodb:27017/edgev3?authSource=admin
2026-06-16 21:04:14 [32minfo[39m: 	HTTP production server up and running on port 5000 !
2026-06-16 21:04:16 [32minfo[39m: 	Successfully connected to database mongodb://edgev3_app:edgev3_mongodb_pass@mongodb:27017/edgev3?authSource=admin
2026-06-16 21:04:16 [32minfo[39m: 	HTTP CRON server up and running on port 5555 !
2026-06-16 21:04:16 [32minfo[39m: 	Successfully connected to database mongodb://edgev3_app:edgev3_mongodb_pass@mongodb:27017/edgev3?authSource=admin
2026-06-16 21:04:16 [32minfo[39m: 	HTTP production server up and running on port 5000 !
2026-06-16 21:04:18 [32minfo[39m: 	Successfully connected to database mongodb://edgev3_app:edgev3_mongodb_pass@mongodb:27017/edgev3?authSource=admin
2026-06-16 21:04:18 [32minfo[39m: 	HTTP production server up and running on port 5000 !
2026-06-16 21:04:19 [32minfo[39m: 	Successfully connected to database mongodb://edgev3_app:edgev3_mongodb_pass@mongodb:27017/edgev3?authSource=admin
2026-06-16 21:04:19 [32minfo[39m: 	HTTP production server up and running on port 5000 !
2026-06-16 21:04:44 [32minfo[39m: 	Successfully connected to database mongodb://edgev3_app:edgev3_mongodb_pass@mongodb:27017/edgev3?authSource=admin
2026-06-16 21:04:44 [32minfo[39m: 	HTTP production server up and running on port 5000 !
2026-06-16 21:04:46 [32minfo[39m: 	Successfully connected to database mongodb://edgev3_app:edgev3_mongodb_pass@mongodb:27017/edgev3?authSource=admin
2026-06-16 21:04:46 [32minfo[39m: 	HTTP CRON server up and running on port 5555 !
2026-06-16 21:04:46 [32minfo[39m: 	Successfully connected to database mongodb://edgev3_app:edgev3_mongodb_pass@mongodb:27017/edgev3?authSource=admin
2026-06-16 21:04:46 [32minfo[39m: 	HTTP production server up and running on port 5000 !
2026-06-16 21:04:48 [32minfo[39m: 	Successfully connected to database mongodb://edgev3_app:edgev3_mongodb_pass@mongodb:27017/edgev3?authSource=admin
2026-06-16 21:04:48 [32minfo[39m: 	HTTP production server up and running on port 5000 !
2026-06-16 21:04:49 [32minfo[39m: 	Successfully connected to database mongodb://edgev3_app:edgev3_mongodb_pass@mongodb:27017/edgev3?authSource=admin
2026-06-16 21:04:49 [32minfo[39m: 	HTTP production server up and running on port 5000 !
2026-06-16 21:05:14 [32minfo[39m: 	Successfully connected to database mongodb://edgev3_app:edgev3_mongodb_pass@mongodb:27017/edgev3?authSource=admin
2026-06-16 21:05:14 [32minfo[39m: 	HTTP production server up and running on port 5000 !
2026-06-16 21:05:16 [32minfo[39m: 	Successfully connected to database mongodb://edgev3_app:edgev3_mongodb_pass@mongodb:27017/edgev3?authSource=admin
2026-06-16 21:05:16 [32minfo[39m: 	HTTP CRON server up and running on port 5555 !
2026-06-16 21:05:16 [32minfo[39m: 	Successfully connected to database mongodb://edgev3_app:edgev3_mongodb_pass@mongodb:27017/edgev3?authSource=admin
2026-06-16 21:05:16 [32minfo[39m: 	HTTP production server up and running on port 5000 !
2026-06-16 21:05:18 [32minfo[39m: 	Successfully connected to database mongodb://edgev3_app:edgev3_mongodb_pass@mongodb:27017/edgev3?authSource=admin
2026-06-16 21:05:18 [32minfo[39m: 	HTTP production server up and running on port 5000 !
2026-06-16 21:05:19 [32minfo[39m: 	Successfully connected to database mongodb://edgev3_app:edgev3_mongodb_pass@mongodb:27017/edgev3?authSource=admin
2026-06-16 21:05:19 [32minfo[39m: 	HTTP production server up and running on port 5000 !
2026-06-16 21:05:44 [32minfo[39m: 	Successfully connected to database mongodb://edgev3_app:edgev3_mongodb_pass@mongodb:27017/edgev3?authSource=admin
2026-06-16 21:05:44 [32minfo[39m: 	HTTP production server up and running on port 5000 !
2026-06-16 21:05:46 [32minfo[39m: 	Successfully connected to database mongodb://edgev3_app:edgev3_mongodb_pass@mongodb:27017/edgev3?authSource=admin
2026-06-16 21:05:46 [32minfo[39m: 	HTTP CRON server up and running on port 5555 !
2026-06-16 21:05:46 [32minfo[39m: 	Successfully connected to database mongodb://edgev3_app:edgev3_mongodb_pass@mongodb:27017/edgev3?authSource=admin
2026-06-16 21:05:46 [32minfo[39m: 	HTTP production server up and running on port 5000 !
2026-06-16 21:05:48 [32minfo[39m: 	Successfully connected to database mongodb://edgev3_app:edgev3_mongodb_pass@mongodb:27017/edgev3?authSource=admin
2026-06-16 21:05:48 [32minfo[39m: 	HTTP production server up and running on port 5000 !
2026-06-16 21:05:49 [32minfo[39m: 	Successfully connected to database mongodb://edgev3_app:edgev3_mongodb_pass@mongodb:27017/edgev3?authSource=admin
2026-06-16 21:05:49 [32minfo[39m: 	HTTP production server up and running on port 5000 !
2026-06-16 21:06:00 [32minfo[39m: 	exec:  NXF_CACHE_DIR=/edgev3/io/projects/jSJFTpA1QWmXTvH2/nextflow/work nextflow log|awk '/edge-jSJFTpA1QWmXTvH2/ &&(/OK/||/ERR/)'|awk '{split($0,array,/	/); print array[4]}'
2026-06-16 21:06:03 [32minfo[39m: 	exec stdout: 
2026-06-16 21:06:14 [32minfo[39m: 	Successfully connected to database mongodb://edgev3_app:edgev3_mongodb_pass@mongodb:27017/edgev3?authSource=admin
2026-06-16 21:06:14 [32minfo[39m: 	HTTP production server up and running on port 5000 !
2026-06-16 21:06:16 [32minfo[39m: 	Successfully connected to database mongodb://edgev3_app:edgev3_mongodb_pass@mongodb:27017/edgev3?authSource=admin
2026-06-16 21:06:16 [32minfo[39m: 	HTTP CRON server up and running on port 5555 !
2026-06-16 21:06:16 [32minfo[39m: 	Successfully connected to database mongodb://edgev3_app:edgev3_mongodb_pass@mongodb:27017/edgev3?authSource=admin
2026-06-16 21:06:16 [32minfo[39m: 	HTTP production server up and running on port 5000 !
2026-06-16 21:06:18 [32minfo[39m: 	Successfully connected to database mongodb://edgev3_app:edgev3_mongodb_pass@mongodb:27017/edgev3?authSource=admin
2026-06-16 21:06:18 [32minfo[39m: 	HTTP production server up and running on port 5000 !
2026-06-16 21:06:19 [32minfo[39m: 	Successfully connected to database mongodb://edgev3_app:edgev3_mongodb_pass@mongodb:27017/edgev3?authSource=admin
2026-06-16 21:06:19 [32minfo[39m: 	HTTP production server up and running on port 5000 !
2026-06-16 21:06:44 [32minfo[39m: 	Successfully connected to database mongodb://edgev3_app:edgev3_mongodb_pass@mongodb:27017/edgev3?authSource=admin
2026-06-16 21:06:44 [32minfo[39m: 	HTTP production server up and running on port 5000 !
2026-06-16 21:06:46 [32minfo[39m: 	Successfully connected to database mongodb://edgev3_app:edgev3_mongodb_pass@mongodb:27017/edgev3?authSource=admin
2026-06-16 21:06:46 [32minfo[39m: 	HTTP CRON server up and running on port 5555 !
2026-06-16 21:06:46 [32minfo[39m: 	Successfully connected to database mongodb://edgev3_app:edgev3_mongodb_pass@mongodb:27017/edgev3?authSource=admin
2026-06-16 21:06:46 [32minfo[39m: 	HTTP production server up and running on port 5000 !
2026-06-16 21:06:48 [32minfo[39m: 	Successfully connected to database mongodb://edgev3_app:edgev3_mongodb_pass@mongodb:27017/edgev3?authSource=admin
2026-06-16 21:06:48 [32minfo[39m: 	HTTP production server up and running on port 5000 !
2026-06-16 21:06:49 [32minfo[39m: 	Successfully connected to database mongodb://edgev3_app:edgev3_mongodb_pass@mongodb:27017/edgev3?authSource=admin
2026-06-16 21:06:49 [32minfo[39m: 	HTTP production server up and running on port 5000 !
2026-06-16 21:07:14 [32minfo[39m: 	Successfully connected to database mongodb://edgev3_app:edgev3_mongodb_pass@mongodb:27017/edgev3?authSource=admin
2026-06-16 21:07:14 [32minfo[39m: 	HTTP production server up and running on port 5000 !
2026-06-16 21:07:16 [32minfo[39m: 	Successfully connected to database mongodb://edgev3_app:edgev3_mongodb_pass@mongodb:27017/edgev3?authSource=admin
2026-06-16 21:07:16 [32minfo[39m: 	HTTP CRON server up and running on port 5555 !
2026-06-16 21:07:16 [32minfo[39m: 	Successfully connected to database mongodb://edgev3_app:edgev3_mongodb_pass@mongodb:27017/edgev3?authSource=admin
2026-06-16 21:07:16 [32minfo[39m: 	HTTP production server up and running on port 5000 !
2026-06-16 21:07:18 [32minfo[39m: 	Successfully connected to database mongodb://edgev3_app:edgev3_mongodb_pass@mongodb:27017/edgev3?authSource=admin
2026-06-16 21:07:18 [32minfo[39m: 	HTTP production server up and running on port 5000 !
2026-06-16 21:07:19 [32minfo[39m: 	Successfully connected to database mongodb://edgev3_app:edgev3_mongodb_pass@mongodb:27017/edgev3?authSource=admin
2026-06-16 21:07:19 [32minfo[39m: 	HTTP production server up and running on port 5000 !
2026-06-16 21:07:44 [32minfo[39m: 	Successfully connected to database mongodb://edgev3_app:edgev3_mongodb_pass@mongodb:27017/edgev3?authSource=admin
2026-06-16 21:07:44 [32minfo[39m: 	HTTP production server up and running on port 5000 !
2026-06-16 21:07:46 [32minfo[39m: 	Successfully connected to database mongodb://edgev3_app:edgev3_mongodb_pass@mongodb:27017/edgev3?authSource=admin
2026-06-16 21:07:46 [32minfo[39m: 	HTTP CRON server up and running on port 5555 !
2026-06-16 21:07:46 [32minfo[39m: 	Successfully connected to database mongodb://edgev3_app:edgev3_mongodb_pass@mongodb:27017/edgev3?authSource=admin
2026-06-16 21:07:46 [32minfo[39m: 	HTTP production server up and running on port 5000 !
2026-06-16 21:07:48 [32minfo[39m: 	Successfully connected to database mongodb://edgev3_app:edgev3_mongodb_pass@mongodb:27017/edgev3?authSource=admin
2026-06-16 21:07:48 [32minfo[39m: 	HTTP production server up and running on port 5000 !
2026-06-16 21:07:49 [32minfo[39m: 	Successfully connected to database mongodb://edgev3_app:edgev3_mongodb_pass@mongodb:27017/edgev3?authSource=admin
2026-06-16 21:07:49 [32minfo[39m: 	HTTP production server up and running on port 5000 !
2026-06-16 21:08:00 [32minfo[39m: 	exec:  NXF_CACHE_DIR=/edgev3/io/projects/jSJFTpA1QWmXTvH2/nextflow/work nextflow log|awk '/edge-jSJFTpA1QWmXTvH2/ &&(/OK/||/ERR/)'|awk '{split($0,array,/	/); print array[4]}'
2026-06-16 21:08:03 [32minfo[39m: 	exec stdout: 
2026-06-16 21:08:14 [32minfo[39m: 	Successfully connected to database mongodb://edgev3_app:edgev3_mongodb_pass@mongodb:27017/edgev3?authSource=admin
2026-06-16 21:08:14 [32minfo[39m: 	HTTP production server up and running on port 5000 !
2026-06-16 21:08:16 [32minfo[39m: 	Successfully connected to database mongodb://edgev3_app:edgev3_mongodb_pass@mongodb:27017/edgev3?authSource=admin
2026-06-16 21:08:16 [32minfo[39m: 	HTTP CRON server up and running on port 5555 !
2026-06-16 21:08:16 [32minfo[39m: 	Successfully connected to database mongodb://edgev3_app:edgev3_mongodb_pass@mongodb:27017/edgev3?authSource=admin
2026-06-16 21:08:16 [32minfo[39m: 	HTTP production server up and running on port 5000 !
2026-06-16 21:08:18 [32minfo[39m: 	Successfully connected to database mongodb://edgev3_app:edgev3_mongodb_pass@mongodb:27017/edgev3?authSource=admin
2026-06-16 21:08:18 [32minfo[39m: 	HTTP production server up and running on port 5000 !
2026-06-16 21:08:19 [32minfo[39m: 	Successfully connected to database mongodb://edgev3_app:edgev3_mongodb_pass@mongodb:27017/edgev3?authSource=admin
2026-06-16 21:08:19 [32minfo[39m: 	HTTP production server up and running on port 5000 !
2026-06-16 21:08:44 [32minfo[39m: 	Successfully connected to database mongodb://edgev3_app:edgev3_mongodb_pass@mongodb:27017/edgev3?authSource=admin
2026-06-16 21:08:44 [32minfo[39m: 	HTTP production server up and running on port 5000 !
2026-06-16 21:08:46 [32minfo[39m: 	Successfully connected to database mongodb://edgev3_app:edgev3_mongodb_pass@mongodb:27017/edgev3?authSource=admin
2026-06-16 21:08:46 [32minfo[39m: 	HTTP CRON server up and running on port 5555 !
2026-06-16 21:08:46 [32minfo[39m: 	Successfully connected to database mongodb://edgev3_app:edgev3_mongodb_pass@mongodb:27017/edgev3?authSource=admin
2026-06-16 21:08:46 [32minfo[39m: 	HTTP production server up and running on port 5000 !
2026-06-16 21:08:48 [32minfo[39m: 	Successfully connected to database mongodb://edgev3_app:edgev3_mongodb_pass@mongodb:27017/edgev3?authSource=admin
2026-06-16 21:08:48 [32minfo[39m: 	HTTP production server up and running on port 5000 !
2026-06-16 21:08:49 [32minfo[39m: 	Successfully connected to database mongodb://edgev3_app:edgev3_mongodb_pass@mongodb:27017/edgev3?authSource=admin
2026-06-16 21:08:49 [32minfo[39m: 	HTTP production server up and running on port 5000 !
2026-06-16 21:09:14 [32minfo[39m: 	Successfully connected to database mongodb://edgev3_app:edgev3_mongodb_pass@mongodb:27017/edgev3?authSource=admin
2026-06-16 21:09:14 [32minfo[39m: 	HTTP production server up and running on port 5000 !
2026-06-16 21:09:16 [32minfo[39m: 	Successfully connected to database mongodb://edgev3_app:edgev3_mongodb_pass@mongodb:27017/edgev3?authSource=admin
2026-06-16 21:09:16 [32minfo[39m: 	HTTP CRON server up and running on port 5555 !
2026-06-16 21:09:16 [32minfo[39m: 	Successfully connected to database mongodb://edgev3_app:edgev3_mongodb_pass@mongodb:27017/edgev3?authSource=admin
2026-06-16 21:09:16 [32minfo[39m: 	HTTP production server up and running on port 5000 !
2026-06-16 21:09:18 [32minfo[39m: 	Successfully connected to database mongodb://edgev3_app:edgev3_mongodb_pass@mongodb:27017/edgev3?authSource=admin
2026-06-16 21:09:18 [32minfo[39m: 	HTTP production server up and running on port 5000 !
2026-06-16 21:09:19 [32minfo[39m: 	Successfully connected to database mongodb://edgev3_app:edgev3_mongodb_pass@mongodb:27017/edgev3?authSource=admin
2026-06-16 21:09:19 [32minfo[39m: 	HTTP production server up and running on port 5000 !
2026-06-16 21:09:44 [32minfo[39m: 	Successfully connected to database mongodb://edgev3_app:edgev3_mongodb_pass@mongodb:27017/edgev3?authSource=admin
2026-06-16 21:09:44 [32minfo[39m: 	HTTP production server up and running on port 5000 !
2026-06-16 21:09:46 [32minfo[39m: 	Successfully connected to database mongodb://edgev3_app:edgev3_mongodb_pass@mongodb:27017/edgev3?authSource=admin
2026-06-16 21:09:46 [32minfo[39m: 	HTTP CRON server up and running on port 5555 !
2026-06-16 21:09:46 [32minfo[39m: 	Successfully connected to database mongodb://edgev3_app:edgev3_mongodb_pass@mongodb:27017/edgev3?authSource=admin
2026-06-16 21:09:46 [32minfo[39m: 	HTTP production server up and running on port 5000 !
2026-06-16 21:09:48 [32minfo[39m: 	Successfully connected to database mongodb://edgev3_app:edgev3_mongodb_pass@mongodb:27017/edgev3?authSource=admin
2026-06-16 21:09:48 [32minfo[39m: 	HTTP production server up and running on port 5000 !
2026-06-16 21:09:49 [32minfo[39m: 	Successfully connected to database mongodb://edgev3_app:edgev3_mongodb_pass@mongodb:27017/edgev3?authSource=admin
2026-06-16 21:09:49 [32minfo[39m: 	HTTP production server up and running on port 5000 !
2026-06-16 21:10:00 [32minfo[39m: 	exec:  NXF_CACHE_DIR=/edgev3/io/projects/jSJFTpA1QWmXTvH2/nextflow/work nextflow log|awk '/edge-jSJFTpA1QWmXTvH2/ &&(/OK/||/ERR/)'|awk '{split($0,array,/	/); print array[4]}'
2026-06-16 21:10:03 [32minfo[39m: 	exec stdout: 
2026-06-16 21:10:14 [32minfo[39m: 	Successfully connected to database mongodb://edgev3_app:edgev3_mongodb_pass@mongodb:27017/edgev3?authSource=admin
2026-06-16 21:10:14 [32minfo[39m: 	HTTP production server up and running on port 5000 !
2026-06-16 21:10:16 [32minfo[39m: 	Successfully connected to database mongodb://edgev3_app:edgev3_mongodb_pass@mongodb:27017/edgev3?authSource=admin
2026-06-16 21:10:16 [32minfo[39m: 	HTTP CRON server up and running on port 5555 !
2026-06-16 21:10:16 [32minfo[39m: 	Successfully connected to database mongodb://edgev3_app:edgev3_mongodb_pass@mongodb:27017/edgev3?authSource=admin
2026-06-16 21:10:16 [32minfo[39m: 	HTTP production server up and running on port 5000 !
2026-06-16 21:10:18 [32minfo[39m: 	Successfully connected to database mongodb://edgev3_app:edgev3_mongodb_pass@mongodb:27017/edgev3?authSource=admin
2026-06-16 21:10:18 [32minfo[39m: 	HTTP production server up and running on port 5000 !
2026-06-16 21:10:19 [32minfo[39m: 	Successfully connected to database mongodb://edgev3_app:edgev3_mongodb_pass@mongodb:27017/edgev3?authSource=admin
2026-06-16 21:10:19 [32minfo[39m: 	HTTP production server up and running on port 5000 !
2026-06-16 21:10:44 [32minfo[39m: 	Successfully connected to database mongodb://edgev3_app:edgev3_mongodb_pass@mongodb:27017/edgev3?authSource=admin
2026-06-16 21:10:44 [32minfo[39m: 	HTTP production server up and running on port 5000 !
2026-06-16 21:10:46 [32minfo[39m: 	Successfully connected to database mongodb://edgev3_app:edgev3_mongodb_pass@mongodb:27017/edgev3?authSource=admin
2026-06-16 21:10:46 [32minfo[39m: 	HTTP CRON server up and running on port 5555 !
2026-06-16 21:10:46 [32minfo[39m: 	Successfully connected to database mongodb://edgev3_app:edgev3_mongodb_pass@mongodb:27017/edgev3?authSource=admin
2026-06-16 21:10:46 [32minfo[39m: 	HTTP production server up and running on port 5000 !
2026-06-16 21:10:48 [32minfo[39m: 	Successfully connected to database mongodb://edgev3_app:edgev3_mongodb_pass@mongodb:27017/edgev3?authSource=admin
2026-06-16 21:10:48 [32minfo[39m: 	HTTP production server up and running on port 5000 !
2026-06-16 21:10:49 [32minfo[39m: 	Successfully connected to database mongodb://edgev3_app:edgev3_mongodb_pass@mongodb:27017/edgev3?authSource=admin
2026-06-16 21:10:49 [32minfo[39m: 	HTTP production server up and running on port 5000 !
2026-06-16 21:11:14 [32minfo[39m: 	Successfully connected to database mongodb://edgev3_app:edgev3_mongodb_pass@mongodb:27017/edgev3?authSource=admin
2026-06-16 21:11:14 [32minfo[39m: 	HTTP production server up and running on port 5000 !
2026-06-16 21:11:16 [32minfo[39m: 	Successfully connected to database mongodb://edgev3_app:edgev3_mongodb_pass@mongodb:27017/edgev3?authSource=admin
2026-06-16 21:11:16 [32minfo[39m: 	HTTP CRON server up and running on port 5555 !
2026-06-16 21:11:16 [32minfo[39m: 	Successfully connected to database mongodb://edgev3_app:edgev3_mongodb_pass@mongodb:27017/edgev3?authSource=admin
2026-06-16 21:11:16 [32minfo[39m: 	HTTP production server up and running on port 5000 !
2026-06-16 21:11:18 [32minfo[39m: 	Successfully connected to database mongodb://edgev3_app:edgev3_mongodb_pass@mongodb:27017/edgev3?authSource=admin
2026-06-16 21:11:18 [32minfo[39m: 	HTTP production server up and running on port 5000 !
2026-06-16 21:11:19 [32minfo[39m: 	Successfully connected to database mongodb://edgev3_app:edgev3_mongodb_pass@mongodb:27017/edgev3?authSource=admin
2026-06-16 21:11:19 [32minfo[39m: 	HTTP production server up and running on port 5000 !
2026-06-16 21:11:44 [32minfo[39m: 	Successfully connected to database mongodb://edgev3_app:edgev3_mongodb_pass@mongodb:27017/edgev3?authSource=admin
2026-06-16 21:11:44 [32minfo[39m: 	HTTP production server up and running on port 5000 !
2026-06-16 21:11:46 [32minfo[39m: 	Successfully connected to database mongodb://edgev3_app:edgev3_mongodb_pass@mongodb:27017/edgev3?authSource=admin
2026-06-16 21:11:46 [32minfo[39m: 	HTTP CRON server up and running on port 5555 !
2026-06-16 21:11:46 [32minfo[39m: 	Successfully connected to database mongodb://edgev3_app:edgev3_mongodb_pass@mongodb:27017/edgev3?authSource=admin
2026-06-16 21:11:46 [32minfo[39m: 	HTTP production server up and running on port 5000 !
2026-06-16 21:11:48 [32minfo[39m: 	Successfully connected to database mongodb://edgev3_app:edgev3_mongodb_pass@mongodb:27017/edgev3?authSource=admin
2026-06-16 21:11:48 [32minfo[39m: 	HTTP production server up and running on port 5000 !
2026-06-16 21:11:49 [32minfo[39m: 	Successfully connected to database mongodb://edgev3_app:edgev3_mongodb_pass@mongodb:27017/edgev3?authSource=admin
2026-06-16 21:11:49 [32minfo[39m: 	HTTP production server up and running on port 5000 !
2026-06-16 21:12:00 [32minfo[39m: 	exec:  NXF_CACHE_DIR=/edgev3/io/projects/jSJFTpA1QWmXTvH2/nextflow/work nextflow log|awk '/edge-jSJFTpA1QWmXTvH2/ &&(/OK/||/ERR/)'|awk '{split($0,array,/	/); print array[4]}'
2026-06-16 21:12:03 [32minfo[39m: 	exec stdout: 
2026-06-16 21:12:14 [32minfo[39m: 	Successfully connected to database mongodb://edgev3_app:edgev3_mongodb_pass@mongodb:27017/edgev3?authSource=admin
2026-06-16 21:12:14 [32minfo[39m: 	HTTP production server up and running on port 5000 !
2026-06-16 21:12:16 [32minfo[39m: 	Successfully connected to database mongodb://edgev3_app:edgev3_mongodb_pass@mongodb:27017/edgev3?authSource=admin
2026-06-16 21:12:16 [32minfo[39m: 	HTTP CRON server up and running on port 5555 !
2026-06-16 21:12:16 [32minfo[39m: 	Successfully connected to database mongodb://edgev3_app:edgev3_mongodb_pass@mongodb:27017/edgev3?authSource=admin
2026-06-16 21:12:16 [32minfo[39m: 	HTTP production server up and running on port 5000 !
2026-06-16 21:12:18 [32minfo[39m: 	Successfully connected to database mongodb://edgev3_app:edgev3_mongodb_pass@mongodb:27017/edgev3?authSource=admin
2026-06-16 21:12:18 [32minfo[39m: 	HTTP production server up and running on port 5000 !
2026-06-16 21:12:19 [32minfo[39m: 	Successfully connected to database mongodb://edgev3_app:edgev3_mongodb_pass@mongodb:27017/edgev3?authSource=admin
2026-06-16 21:12:19 [32minfo[39m: 	HTTP production server up and running on port 5000 !
2026-06-16 21:12:44 [32minfo[39m: 	Successfully connected to database mongodb://edgev3_app:edgev3_mongodb_pass@mongodb:27017/edgev3?authSource=admin
2026-06-16 21:12:44 [32minfo[39m: 	HTTP production server up and running on port 5000 !
2026-06-16 21:12:46 [32minfo[39m: 	Successfully connected to database mongodb://edgev3_app:edgev3_mongodb_pass@mongodb:27017/edgev3?authSource=admin
2026-06-16 21:12:46 [32minfo[39m: 	HTTP CRON server up and running on port 5555 !
2026-06-16 21:12:46 [32minfo[39m: 	Successfully connected to database mongodb://edgev3_app:edgev3_mongodb_pass@mongodb:27017/edgev3?authSource=admin
2026-06-16 21:12:46 [32minfo[39m: 	HTTP production server up and running on port 5000 !
2026-06-16 21:12:48 [32minfo[39m: 	Successfully connected to database mongodb://edgev3_app:edgev3_mongodb_pass@mongodb:27017/edgev3?authSource=admin
2026-06-16 21:12:48 [32minfo[39m: 	HTTP production server up and running on port 5000 !
2026-06-16 21:12:49 [32minfo[39m: 	Successfully connected to database mongodb://edgev3_app:edgev3_mongodb_pass@mongodb:27017/edgev3?authSource=admin
2026-06-16 21:12:49 [32minfo[39m: 	HTTP production server up and running on port 5000 !
2026-06-16 21:13:14 [32minfo[39m: 	Successfully connected to database mongodb://edgev3_app:edgev3_mongodb_pass@mongodb:27017/edgev3?authSource=admin
2026-06-16 21:13:14 [32minfo[39m: 	HTTP production server up and running on port 5000 !
2026-06-16 21:13:16 [32minfo[39m: 	Successfully connected to database mongodb://edgev3_app:edgev3_mongodb_pass@mongodb:27017/edgev3?authSource=admin
2026-06-16 21:13:16 [32minfo[39m: 	HTTP CRON server up and running on port 5555 !
2026-06-16 21:13:16 [32minfo[39m: 	Successfully connected to database mongodb://edgev3_app:edgev3_mongodb_pass@mongodb:27017/edgev3?authSource=admin
2026-06-16 21:13:16 [32minfo[39m: 	HTTP production server up and running on port 5000 !
2026-06-16 21:13:18 [32minfo[39m: 	Successfully connected to database mongodb://edgev3_app:edgev3_mongodb_pass@mongodb:27017/edgev3?authSource=admin
2026-06-16 21:13:18 [32minfo[39m: 	HTTP production server up and running on port 5000 !
2026-06-16 21:13:19 [32minfo[39m: 	Successfully connected to database mongodb://edgev3_app:edgev3_mongodb_pass@mongodb:27017/edgev3?authSource=admin
2026-06-16 21:13:19 [32minfo[39m: 	HTTP production server up and running on port 5000 !
2026-06-16 21:13:44 [32minfo[39m: 	Successfully connected to database mongodb://edgev3_app:edgev3_mongodb_pass@mongodb:27017/edgev3?authSource=admin
2026-06-16 21:13:44 [32minfo[39m: 	HTTP production server up and running on port 5000 !
2026-06-16 21:13:46 [32minfo[39m: 	Successfully connected to database mongodb://edgev3_app:edgev3_mongodb_pass@mongodb:27017/edgev3?authSource=admin
2026-06-16 21:13:46 [32minfo[39m: 	HTTP CRON server up and running on port 5555 !
2026-06-16 21:13:46 [32minfo[39m: 	Successfully connected to database mongodb://edgev3_app:edgev3_mongodb_pass@mongodb:27017/edgev3?authSource=admin
2026-06-16 21:13:46 [32minfo[39m: 	HTTP production server up and running on port 5000 !
2026-06-16 21:13:48 [32minfo[39m: 	Successfully connected to database mongodb://edgev3_app:edgev3_mongodb_pass@mongodb:27017/edgev3?authSource=admin
2026-06-16 21:13:48 [32minfo[39m: 	HTTP production server up and running on port 5000 !
2026-06-16 21:13:49 [32minfo[39m: 	Successfully connected to database mongodb://edgev3_app:edgev3_mongodb_pass@mongodb:27017/edgev3?authSource=admin
2026-06-16 21:13:49 [32minfo[39m: 	HTTP production server up and running on port 5000 !
2026-06-16 21:14:00 [32minfo[39m: 	exec:  NXF_CACHE_DIR=/edgev3/io/projects/jSJFTpA1QWmXTvH2/nextflow/work nextflow log|awk '/edge-jSJFTpA1QWmXTvH2/ &&(/OK/||/ERR/)'|awk '{split($0,array,/	/); print array[4]}'
2026-06-16 21:14:03 [32minfo[39m: 	exec stdout: 
2026-06-16 21:14:14 [32minfo[39m: 	Successfully connected to database mongodb://edgev3_app:edgev3_mongodb_pass@mongodb:27017/edgev3?authSource=admin
2026-06-16 21:14:14 [32minfo[39m: 	HTTP production server up and running on port 5000 !
2026-06-16 21:14:16 [32minfo[39m: 	Successfully connected to database mongodb://edgev3_app:edgev3_mongodb_pass@mongodb:27017/edgev3?authSource=admin
2026-06-16 21:14:16 [32minfo[39m: 	HTTP CRON server up and running on port 5555 !
2026-06-16 21:14:16 [32minfo[39m: 	Successfully connected to database mongodb://edgev3_app:edgev3_mongodb_pass@mongodb:27017/edgev3?authSource=admin
2026-06-16 21:14:16 [32minfo[39m: 	HTTP production server up and running on port 5000 !
2026-06-16 21:14:18 [32minfo[39m: 	Successfully connected to database mongodb://edgev3_app:edgev3_mongodb_pass@mongodb:27017/edgev3?authSource=admin
2026-06-16 21:14:18 [32minfo[39m: 	HTTP production server up and running on port 5000 !
2026-06-16 21:14:19 [32minfo[39m: 	Successfully connected to database mongodb://edgev3_app:edgev3_mongodb_pass@mongodb:27017/edgev3?authSource=admin
2026-06-16 21:14:19 [32minfo[39m: 	HTTP production server up and running on port 5000 !
2026-06-16 21:14:44 [32minfo[39m: 	Successfully connected to database mongodb://edgev3_app:edgev3_mongodb_pass@mongodb:27017/edgev3?authSource=admin
2026-06-16 21:14:44 [32minfo[39m: 	HTTP production server up and running on port 5000 !
2026-06-16 21:14:46 [32minfo[39m: 	Successfully connected to database mongodb://edgev3_app:edgev3_mongodb_pass@mongodb:27017/edgev3?authSource=admin
2026-06-16 21:14:46 [32minfo[39m: 	HTTP CRON server up and running on port 5555 !
2026-06-16 21:14:46 [32minfo[39m: 	Successfully connected to database mongodb://edgev3_app:edgev3_mongodb_pass@mongodb:27017/edgev3?authSource=admin
2026-06-16 21:14:46 [32minfo[39m: 	HTTP production server up and running on port 5000 !
2026-06-16 21:14:48 [32minfo[39m: 	Successfully connected to database mongodb://edgev3_app:edgev3_mongodb_pass@mongodb:27017/edgev3?authSource=admin
2026-06-16 21:14:48 [32minfo[39m: 	HTTP production server up and running on port 5000 !
2026-06-16 21:14:49 [32minfo[39m: 	Successfully connected to database mongodb://edgev3_app:edgev3_mongodb_pass@mongodb:27017/edgev3?authSource=admin
2026-06-16 21:14:49 [32minfo[39m: 	HTTP production server up and running on port 5000 !
2026-06-16 21:15:14 [32minfo[39m: 	Successfully connected to database mongodb://edgev3_app:edgev3_mongodb_pass@mongodb:27017/edgev3?authSource=admin
2026-06-16 21:15:14 [32minfo[39m: 	HTTP production server up and running on port 5000 !
2026-06-16 21:15:16 [32minfo[39m: 	Successfully connected to database mongodb://edgev3_app:edgev3_mongodb_pass@mongodb:27017/edgev3?authSource=admin
2026-06-16 21:15:16 [32minfo[39m: 	HTTP CRON server up and running on port 5555 !
2026-06-16 21:15:16 [32minfo[39m: 	Successfully connected to database mongodb://edgev3_app:edgev3_mongodb_pass@mongodb:27017/edgev3?authSource=admin
2026-06-16 21:15:16 [32minfo[39m: 	HTTP production server up and running on port 5000 !
2026-06-16 21:15:18 [32minfo[39m: 	Successfully connected to database mongodb://edgev3_app:edgev3_mongodb_pass@mongodb:27017/edgev3?authSource=admin
2026-06-16 21:15:18 [32minfo[39m: 	HTTP production server up and running on port 5000 !
2026-06-16 21:15:19 [32minfo[39m: 	Successfully connected to database mongodb://edgev3_app:edgev3_mongodb_pass@mongodb:27017/edgev3?authSource=admin
2026-06-16 21:15:19 [32minfo[39m: 	HTTP production server up and running on port 5000 !
2026-06-16 21:15:44 [32minfo[39m: 	Successfully connected to database mongodb://edgev3_app:edgev3_mongodb_pass@mongodb:27017/edgev3?authSource=admin
2026-06-16 21:15:44 [32minfo[39m: 	HTTP production server up and running on port 5000 !
2026-06-16 21:15:46 [32minfo[39m: 	Successfully connected to database mongodb://edgev3_app:edgev3_mongodb_pass@mongodb:27017/edgev3?authSource=admin
2026-06-16 21:15:46 [32minfo[39m: 	HTTP CRON server up and running on port 5555 !
2026-06-16 21:15:46 [32minfo[39m: 	Successfully connected to database mongodb://edgev3_app:edgev3_mongodb_pass@mongodb:27017/edgev3?authSource=admin
2026-06-16 21:15:46 [32minfo[39m: 	HTTP production server up and running on port 5000 !
2026-06-16 21:15:48 [32minfo[39m: 	Successfully connected to database mongodb://edgev3_app:edgev3_mongodb_pass@mongodb:27017/edgev3?authSource=admin
2026-06-16 21:15:48 [32minfo[39m: 	HTTP production server up and running on port 5000 !
2026-06-16 21:15:50 [32minfo[39m: 	Successfully connected to database mongodb://edgev3_app:edgev3_mongodb_pass@mongodb:27017/edgev3?authSource=admin
2026-06-16 21:15:50 [32minfo[39m: 	HTTP production server up and running on port 5000 !
2026-06-16 21:16:00 [32minfo[39m: 	exec:  NXF_CACHE_DIR=/edgev3/io/projects/jSJFTpA1QWmXTvH2/nextflow/work nextflow log|awk '/edge-jSJFTpA1QWmXTvH2/ &&(/OK/||/ERR/)'|awk '{split($0,array,/	/); print array[4]}'
2026-06-16 21:16:03 [32minfo[39m: 	exec stdout: 
2026-06-16 21:16:14 [32minfo[39m: 	Successfully connected to database mongodb://edgev3_app:edgev3_mongodb_pass@mongodb:27017/edgev3?authSource=admin
2026-06-16 21:16:14 [32minfo[39m: 	HTTP production server up and running on port 5000 !
2026-06-16 21:16:16 [32minfo[39m: 	Successfully connected to database mongodb://edgev3_app:edgev3_mongodb_pass@mongodb:27017/edgev3?authSource=admin
2026-06-16 21:16:16 [32minfo[39m: 	HTTP CRON server up and running on port 5555 !
2026-06-16 21:16:16 [32minfo[39m: 	Successfully connected to database mongodb://edgev3_app:edgev3_mongodb_pass@mongodb:27017/edgev3?authSource=admin
2026-06-16 21:16:16 [32minfo[39m: 	HTTP production server up and running on port 5000 !
2026-06-16 21:16:18 [32minfo[39m: 	Successfully connected to database mongodb://edgev3_app:edgev3_mongodb_pass@mongodb:27017/edgev3?authSource=admin
2026-06-16 21:16:18 [32minfo[39m: 	HTTP production server up and running on port 5000 !
2026-06-16 21:16:19 [32minfo[39m: 	Successfully connected to database mongodb://edgev3_app:edgev3_mongodb_pass@mongodb:27017/edgev3?authSource=admin
2026-06-16 21:16:19 [32minfo[39m: 	HTTP production server up and running on port 5000 !
2026-06-16 21:16:44 [32minfo[39m: 	Successfully connected to database mongodb://edgev3_app:edgev3_mongodb_pass@mongodb:27017/edgev3?authSource=admin
2026-06-16 21:16:44 [32minfo[39m: 	HTTP production server up and running on port 5000 !
2026-06-16 21:16:46 [32minfo[39m: 	Successfully connected to database mongodb://edgev3_app:edgev3_mongodb_pass@mongodb:27017/edgev3?authSource=admin
2026-06-16 21:16:46 [32minfo[39m: 	HTTP CRON server up and running on port 5555 !
2026-06-16 21:16:46 [32minfo[39m: 	Successfully connected to database mongodb://edgev3_app:edgev3_mongodb_pass@mongodb:27017/edgev3?authSource=admin
2026-06-16 21:16:46 [32minfo[39m: 	HTTP production server up and running on port 5000 !
2026-06-16 21:16:48 [32minfo[39m: 	Successfully connected to database mongodb://edgev3_app:edgev3_mongodb_pass@mongodb:27017/edgev3?authSource=admin
2026-06-16 21:16:48 [32minfo[39m: 	HTTP production server up and running on port 5000 !
2026-06-16 21:16:49 [32minfo[39m: 	Successfully connected to database mongodb://edgev3_app:edgev3_mongodb_pass@mongodb:27017/edgev3?authSource=admin
2026-06-16 21:16:49 [32minfo[39m: 	HTTP production server up and running on port 5000 !
2026-06-16 21:17:14 [32minfo[39m: 	Successfully connected to database mongodb://edgev3_app:edgev3_mongodb_pass@mongodb:27017/edgev3?authSource=admin
2026-06-16 21:17:14 [32minfo[39m: 	HTTP production server up and running on port 5000 !
2026-06-16 21:17:16 [32minfo[39m: 	Successfully connected to database mongodb://edgev3_app:edgev3_mongodb_pass@mongodb:27017/edgev3?authSource=admin
2026-06-16 21:17:16 [32minfo[39m: 	HTTP CRON server up and running on port 5555 !
2026-06-16 21:17:16 [32minfo[39m: 	Successfully connected to database mongodb://edgev3_app:edgev3_mongodb_pass@mongodb:27017/edgev3?authSource=admin
2026-06-16 21:17:16 [32minfo[39m: 	HTTP production server up and running on port 5000 !
2026-06-16 21:17:18 [32minfo[39m: 	Successfully connected to database mongodb://edgev3_app:edgev3_mongodb_pass@mongodb:27017/edgev3?authSource=admin
2026-06-16 21:17:18 [32minfo[39m: 	HTTP production server up and running on port 5000 !
2026-06-16 21:17:19 [32minfo[39m: 	Successfully connected to database mongodb://edgev3_app:edgev3_mongodb_pass@mongodb:27017/edgev3?authSource=admin
2026-06-16 21:17:19 [32minfo[39m: 	HTTP production server up and running on port 5000 !
2026-06-16 21:17:44 [32minfo[39m: 	Successfully connected to database mongodb://edgev3_app:edgev3_mongodb_pass@mongodb:27017/edgev3?authSource=admin
2026-06-16 21:17:44 [32minfo[39m: 	HTTP production server up and running on port 5000 !
2026-06-16 21:17:46 [32minfo[39m: 	Successfully connected to database mongodb://edgev3_app:edgev3_mongodb_pass@mongodb:27017/edgev3?authSource=admin
2026-06-16 21:17:46 [32minfo[39m: 	HTTP CRON server up and running on port 5555 !
2026-06-16 21:17:46 [32minfo[39m: 	Successfully connected to database mongodb://edgev3_app:edgev3_mongodb_pass@mongodb:27017/edgev3?authSource=admin
2026-06-16 21:17:46 [32minfo[39m: 	HTTP production server up and running on port 5000 !
2026-06-16 21:17:48 [32minfo[39m: 	Successfully connected to database mongodb://edgev3_app:edgev3_mongodb_pass@mongodb:27017/edgev3?authSource=admin
2026-06-16 21:17:48 [32minfo[39m: 	HTTP production server up and running on port 5000 !
2026-06-16 21:17:49 [32minfo[39m: 	Successfully connected to database mongodb://edgev3_app:edgev3_mongodb_pass@mongodb:27017/edgev3?authSource=admin
2026-06-16 21:17:49 [32minfo[39m: 	HTTP production server up and running on port 5000 !
2026-06-16 21:18:00 [32minfo[39m: 	exec:  NXF_CACHE_DIR=/edgev3/io/projects/jSJFTpA1QWmXTvH2/nextflow/work nextflow log|awk '/edge-jSJFTpA1QWmXTvH2/ &&(/OK/||/ERR/)'|awk '{split($0,array,/	/); print array[4]}'
2026-06-16 21:18:03 [32minfo[39m: 	exec stdout: 
2026-06-16 21:18:14 [32minfo[39m: 	Successfully connected to database mongodb://edgev3_app:edgev3_mongodb_pass@mongodb:27017/edgev3?authSource=admin
2026-06-16 21:18:14 [32minfo[39m: 	HTTP production server up and running on port 5000 !
2026-06-16 21:18:16 [32minfo[39m: 	Successfully connected to database mongodb://edgev3_app:edgev3_mongodb_pass@mongodb:27017/edgev3?authSource=admin
2026-06-16 21:18:16 [32minfo[39m: 	HTTP CRON server up and running on port 5555 !
2026-06-16 21:18:16 [32minfo[39m: 	Successfully connected to database mongodb://edgev3_app:edgev3_mongodb_pass@mongodb:27017/edgev3?authSource=admin
2026-06-16 21:18:16 [32minfo[39m: 	HTTP production server up and running on port 5000 !
2026-06-16 21:18:18 [32minfo[39m: 	Successfully connected to database mongodb://edgev3_app:edgev3_mongodb_pass@mongodb:27017/edgev3?authSource=admin
2026-06-16 21:18:18 [32minfo[39m: 	HTTP production server up and running on port 5000 !
2026-06-16 21:18:19 [32minfo[39m: 	Successfully connected to database mongodb://edgev3_app:edgev3_mongodb_pass@mongodb:27017/edgev3?authSource=admin
2026-06-16 21:18:19 [32minfo[39m: 	HTTP production server up and running on port 5000 !
2026-06-16 21:18:44 [32minfo[39m: 	Successfully connected to database mongodb://edgev3_app:edgev3_mongodb_pass@mongodb:27017/edgev3?authSource=admin
2026-06-16 21:18:44 [32minfo[39m: 	HTTP production server up and running on port 5000 !
2026-06-16 21:18:46 [32minfo[39m: 	Successfully connected to database mongodb://edgev3_app:edgev3_mongodb_pass@mongodb:27017/edgev3?authSource=admin
2026-06-16 21:18:46 [32minfo[39m: 	HTTP CRON server up and running on port 5555 !
2026-06-16 21:18:46 [32minfo[39m: 	Successfully connected to database mongodb://edgev3_app:edgev3_mongodb_pass@mongodb:27017/edgev3?authSource=admin
2026-06-16 21:18:46 [32minfo[39m: 	HTTP production server up and running on port 5000 !
2026-06-16 21:18:48 [32minfo[39m: 	Successfully connected to database mongodb://edgev3_app:edgev3_mongodb_pass@mongodb:27017/edgev3?authSource=admin
2026-06-16 21:18:48 [32minfo[39m: 	HTTP production server up and running on port 5000 !
2026-06-16 21:18:49 [32minfo[39m: 	Successfully connected to database mongodb://edgev3_app:edgev3_mongodb_pass@mongodb:27017/edgev3?authSource=admin
2026-06-16 21:18:49 [32minfo[39m: 	HTTP production server up and running on port 5000 !
2026-06-16 21:19:14 [32minfo[39m: 	Successfully connected to database mongodb://edgev3_app:edgev3_mongodb_pass@mongodb:27017/edgev3?authSource=admin
2026-06-16 21:19:14 [32minfo[39m: 	HTTP production server up and running on port 5000 !
2026-06-16 21:19:16 [32minfo[39m: 	Successfully connected to database mongodb://edgev3_app:edgev3_mongodb_pass@mongodb:27017/edgev3?authSource=admin
2026-06-16 21:19:16 [32minfo[39m: 	HTTP CRON server up and running on port 5555 !
2026-06-16 21:19:16 [32minfo[39m: 	Successfully connected to database mongodb://edgev3_app:edgev3_mongodb_pass@mongodb:27017/edgev3?authSource=admin
2026-06-16 21:19:16 [32minfo[39m: 	HTTP production server up and running on port 5000 !
2026-06-16 21:19:18 [32minfo[39m: 	Successfully connected to database mongodb://edgev3_app:edgev3_mongodb_pass@mongodb:27017/edgev3?authSource=admin
2026-06-16 21:19:18 [32minfo[39m: 	HTTP production server up and running on port 5000 !
2026-06-16 21:19:19 [32minfo[39m: 	Successfully connected to database mongodb://edgev3_app:edgev3_mongodb_pass@mongodb:27017/edgev3?authSource=admin
2026-06-16 21:19:19 [32minfo[39m: 	HTTP production server up and running on port 5000 !
2026-06-16 21:19:45 [32minfo[39m: 	Successfully connected to database mongodb://edgev3_app:edgev3_mongodb_pass@mongodb:27017/edgev3?authSource=admin
2026-06-16 21:19:45 [32minfo[39m: 	HTTP production server up and running on port 5000 !
2026-06-16 21:19:46 [32minfo[39m: 	Successfully connected to database mongodb://edgev3_app:edgev3_mongodb_pass@mongodb:27017/edgev3?authSource=admin
2026-06-16 21:19:46 [32minfo[39m: 	HTTP CRON server up and running on port 5555 !
2026-06-16 21:19:46 [32minfo[39m: 	Successfully connected to database mongodb://edgev3_app:edgev3_mongodb_pass@mongodb:27017/edgev3?authSource=admin
2026-06-16 21:19:46 [32minfo[39m: 	HTTP production server up and running on port 5000 !
2026-06-16 21:19:48 [32minfo[39m: 	Successfully connected to database mongodb://edgev3_app:edgev3_mongodb_pass@mongodb:27017/edgev3?authSource=admin
2026-06-16 21:19:48 [32minfo[39m: 	HTTP production server up and running on port 5000 !
2026-06-16 21:19:50 [32minfo[39m: 	Successfully connected to database mongodb://edgev3_app:edgev3_mongodb_pass@mongodb:27017/edgev3?authSource=admin
2026-06-16 21:19:50 [32minfo[39m: 	HTTP production server up and running on port 5000 !
2026-06-16 21:20:00 [32minfo[39m: 	exec:  NXF_CACHE_DIR=/edgev3/io/projects/jSJFTpA1QWmXTvH2/nextflow/work nextflow log|awk '/edge-jSJFTpA1QWmXTvH2/ &&(/OK/||/ERR/)'|awk '{split($0,array,/	/); print array[4]}'
2026-06-16 21:20:04 [32minfo[39m: 	exec stdout: 
2026-06-16 21:20:14 [32minfo[39m: 	Successfully connected to database mongodb://edgev3_app:edgev3_mongodb_pass@mongodb:27017/edgev3?authSource=admin
2026-06-16 21:20:14 [32minfo[39m: 	HTTP production server up and running on port 5000 !
2026-06-16 21:20:16 [32minfo[39m: 	Successfully connected to database mongodb://edgev3_app:edgev3_mongodb_pass@mongodb:27017/edgev3?authSource=admin
2026-06-16 21:20:16 [32minfo[39m: 	HTTP CRON server up and running on port 5555 !
2026-06-16 21:20:16 [32minfo[39m: 	Successfully connected to database mongodb://edgev3_app:edgev3_mongodb_pass@mongodb:27017/edgev3?authSource=admin
2026-06-16 21:20:16 [32minfo[39m: 	HTTP production server up and running on port 5000 !
2026-06-16 21:20:18 [32minfo[39m: 	Successfully connected to database mongodb://edgev3_app:edgev3_mongodb_pass@mongodb:27017/edgev3?authSource=admin
2026-06-16 21:20:18 [32minfo[39m: 	HTTP production server up and running on port 5000 !
2026-06-16 21:20:19 [32minfo[39m: 	Successfully connected to database mongodb://edgev3_app:edgev3_mongodb_pass@mongodb:27017/edgev3?authSource=admin
2026-06-16 21:20:19 [32minfo[39m: 	HTTP production server up and running on port 5000 !
2026-06-16 21:20:44 [32minfo[39m: 	Successfully connected to database mongodb://edgev3_app:edgev3_mongodb_pass@mongodb:27017/edgev3?authSource=admin
2026-06-16 21:20:44 [32minfo[39m: 	HTTP production server up and running on port 5000 !
2026-06-16 21:20:46 [32minfo[39m: 	Successfully connected to database mongodb://edgev3_app:edgev3_mongodb_pass@mongodb:27017/edgev3?authSource=admin
2026-06-16 21:20:46 [32minfo[39m: 	HTTP CRON server up and running on port 5555 !
2026-06-16 21:20:46 [32minfo[39m: 	Successfully connected to database mongodb://edgev3_app:edgev3_mongodb_pass@mongodb:27017/edgev3?authSource=admin
2026-06-16 21:20:46 [32minfo[39m: 	HTTP production server up and running on port 5000 !
2026-06-16 21:20:48 [32minfo[39m: 	Successfully connected to database mongodb://edgev3_app:edgev3_mongodb_pass@mongodb:27017/edgev3?authSource=admin
2026-06-16 21:20:48 [32minfo[39m: 	HTTP production server up and running on port 5000 !
2026-06-16 21:20:49 [32minfo[39m: 	Successfully connected to database mongodb://edgev3_app:edgev3_mongodb_pass@mongodb:27017/edgev3?authSource=admin
2026-06-16 21:20:49 [32minfo[39m: 	HTTP production server up and running on port 5000 !
2026-06-16 21:21:14 [32minfo[39m: 	Successfully connected to database mongodb://edgev3_app:edgev3_mongodb_pass@mongodb:27017/edgev3?authSource=admin
2026-06-16 21:21:14 [32minfo[39m: 	HTTP production server up and running on port 5000 !
2026-06-16 21:21:16 [32minfo[39m: 	Successfully connected to database mongodb://edgev3_app:edgev3_mongodb_pass@mongodb:27017/edgev3?authSource=admin
2026-06-16 21:21:16 [32minfo[39m: 	HTTP CRON server up and running on port 5555 !
2026-06-16 21:21:16 [32minfo[39m: 	Successfully connected to database mongodb://edgev3_app:edgev3_mongodb_pass@mongodb:27017/edgev3?authSource=admin
2026-06-16 21:21:16 [32minfo[39m: 	HTTP production server up and running on port 5000 !
2026-06-16 21:21:18 [32minfo[39m: 	Successfully connected to database mongodb://edgev3_app:edgev3_mongodb_pass@mongodb:27017/edgev3?authSource=admin
2026-06-16 21:21:18 [32minfo[39m: 	HTTP production server up and running on port 5000 !
2026-06-16 21:21:19 [32minfo[39m: 	Successfully connected to database mongodb://edgev3_app:edgev3_mongodb_pass@mongodb:27017/edgev3?authSource=admin
2026-06-16 21:21:19 [32minfo[39m: 	HTTP production server up and running on port 5000 !
2026-06-16 21:21:44 [32minfo[39m: 	Successfully connected to database mongodb://edgev3_app:edgev3_mongodb_pass@mongodb:27017/edgev3?authSource=admin
2026-06-16 21:21:44 [32minfo[39m: 	HTTP production server up and running on port 5000 !
2026-06-16 21:21:46 [32minfo[39m: 	Successfully connected to database mongodb://edgev3_app:edgev3_mongodb_pass@mongodb:27017/edgev3?authSource=admin
2026-06-16 21:21:46 [32minfo[39m: 	HTTP CRON server up and running on port 5555 !
2026-06-16 21:21:46 [32minfo[39m: 	Successfully connected to database mongodb://edgev3_app:edgev3_mongodb_pass@mongodb:27017/edgev3?authSource=admin
2026-06-16 21:21:46 [32minfo[39m: 	HTTP production server up and running on port 5000 !
2026-06-16 21:21:48 [32minfo[39m: 	Successfully connected to database mongodb://edgev3_app:edgev3_mongodb_pass@mongodb:27017/edgev3?authSource=admin
2026-06-16 21:21:48 [32minfo[39m: 	HTTP production server up and running on port 5000 !
2026-06-16 21:21:49 [32minfo[39m: 	Successfully connected to database mongodb://edgev3_app:edgev3_mongodb_pass@mongodb:27017/edgev3?authSource=admin
2026-06-16 21:21:49 [32minfo[39m: 	HTTP production server up and running on port 5000 !
2026-06-16 21:22:00 [32minfo[39m: 	exec:  NXF_CACHE_DIR=/edgev3/io/projects/jSJFTpA1QWmXTvH2/nextflow/work nextflow log|awk '/edge-jSJFTpA1QWmXTvH2/ &&(/OK/||/ERR/)'|awk '{split($0,array,/	/); print array[4]}'
2026-06-16 21:22:03 [32minfo[39m: 	exec stdout: 
2026-06-16 21:22:14 [32minfo[39m: 	Successfully connected to database mongodb://edgev3_app:edgev3_mongodb_pass@mongodb:27017/edgev3?authSource=admin
2026-06-16 21:22:14 [32minfo[39m: 	HTTP production server up and running on port 5000 !
2026-06-16 21:22:16 [32minfo[39m: 	Successfully connected to database mongodb://edgev3_app:edgev3_mongodb_pass@mongodb:27017/edgev3?authSource=admin
2026-06-16 21:22:16 [32minfo[39m: 	HTTP CRON server up and running on port 5555 !
2026-06-16 21:22:16 [32minfo[39m: 	Successfully connected to database mongodb://edgev3_app:edgev3_mongodb_pass@mongodb:27017/edgev3?authSource=admin
2026-06-16 21:22:16 [32minfo[39m: 	HTTP production server up and running on port 5000 !
2026-06-16 21:22:18 [32minfo[39m: 	Successfully connected to database mongodb://edgev3_app:edgev3_mongodb_pass@mongodb:27017/edgev3?authSource=admin
2026-06-16 21:22:18 [32minfo[39m: 	HTTP production server up and running on port 5000 !
2026-06-16 21:22:19 [32minfo[39m: 	Successfully connected to database mongodb://edgev3_app:edgev3_mongodb_pass@mongodb:27017/edgev3?authSource=admin
2026-06-16 21:22:19 [32minfo[39m: 	HTTP production server up and running on port 5000 !
2026-06-16 21:22:44 [32minfo[39m: 	Successfully connected to database mongodb://edgev3_app:edgev3_mongodb_pass@mongodb:27017/edgev3?authSource=admin
2026-06-16 21:22:44 [32minfo[39m: 	HTTP production server up and running on port 5000 !
2026-06-16 21:22:46 [32minfo[39m: 	Successfully connected to database mongodb://edgev3_app:edgev3_mongodb_pass@mongodb:27017/edgev3?authSource=admin
2026-06-16 21:22:46 [32minfo[39m: 	HTTP CRON server up and running on port 5555 !
2026-06-16 21:22:46 [32minfo[39m: 	Successfully connected to database mongodb://edgev3_app:edgev3_mongodb_pass@mongodb:27017/edgev3?authSource=admin
2026-06-16 21:22:46 [32minfo[39m: 	HTTP production server up and running on port 5000 !
2026-06-16 21:22:48 [32minfo[39m: 	Successfully connected to database mongodb://edgev3_app:edgev3_mongodb_pass@mongodb:27017/edgev3?authSource=admin
2026-06-16 21:22:48 [32minfo[39m: 	HTTP production server up and running on port 5000 !
2026-06-16 21:22:49 [32minfo[39m: 	Successfully connected to database mongodb://edgev3_app:edgev3_mongodb_pass@mongodb:27017/edgev3?authSource=admin
2026-06-16 21:22:49 [32minfo[39m: 	HTTP production server up and running on port 5000 !
2026-06-16 21:23:14 [32minfo[39m: 	Successfully connected to database mongodb://edgev3_app:edgev3_mongodb_pass@mongodb:27017/edgev3?authSource=admin
2026-06-16 21:23:14 [32minfo[39m: 	HTTP production server up and running on port 5000 !
2026-06-16 21:23:16 [32minfo[39m: 	Successfully connected to database mongodb://edgev3_app:edgev3_mongodb_pass@mongodb:27017/edgev3?authSource=admin
2026-06-16 21:23:16 [32minfo[39m: 	HTTP CRON server up and running on port 5555 !
2026-06-16 21:23:16 [32minfo[39m: 	Successfully connected to database mongodb://edgev3_app:edgev3_mongodb_pass@mongodb:27017/edgev3?authSource=admin
2026-06-16 21:23:16 [32minfo[39m: 	HTTP production server up and running on port 5000 !
2026-06-16 21:23:18 [32minfo[39m: 	Successfully connected to database mongodb://edgev3_app:edgev3_mongodb_pass@mongodb:27017/edgev3?authSource=admin
2026-06-16 21:23:18 [32minfo[39m: 	HTTP production server up and running on port 5000 !
2026-06-16 21:23:19 [32minfo[39m: 	Successfully connected to database mongodb://edgev3_app:edgev3_mongodb_pass@mongodb:27017/edgev3?authSource=admin
2026-06-16 21:23:19 [32minfo[39m: 	HTTP production server up and running on port 5000 !
2026-06-16 21:23:44 [32minfo[39m: 	Successfully connected to database mongodb://edgev3_app:edgev3_mongodb_pass@mongodb:27017/edgev3?authSource=admin
2026-06-16 21:23:44 [32minfo[39m: 	HTTP production server up and running on port 5000 !
2026-06-16 21:23:46 [32minfo[39m: 	Successfully connected to database mongodb://edgev3_app:edgev3_mongodb_pass@mongodb:27017/edgev3?authSource=admin
2026-06-16 21:23:46 [32minfo[39m: 	HTTP CRON server up and running on port 5555 !
2026-06-16 21:23:46 [32minfo[39m: 	Successfully connected to database mongodb://edgev3_app:edgev3_mongodb_pass@mongodb:27017/edgev3?authSource=admin
2026-06-16 21:23:46 [32minfo[39m: 	HTTP production server up and running on port 5000 !
2026-06-16 21:23:48 [32minfo[39m: 	Successfully connected to database mongodb://edgev3_app:edgev3_mongodb_pass@mongodb:27017/edgev3?authSource=admin
2026-06-16 21:23:48 [32minfo[39m: 	HTTP production server up and running on port 5000 !
2026-06-16 21:23:49 [32minfo[39m: 	Successfully connected to database mongodb://edgev3_app:edgev3_mongodb_pass@mongodb:27017/edgev3?authSource=admin
2026-06-16 21:23:49 [32minfo[39m: 	HTTP production server up and running on port 5000 !
2026-06-16 21:24:00 [32minfo[39m: 	exec:  NXF_CACHE_DIR=/edgev3/io/projects/jSJFTpA1QWmXTvH2/nextflow/work nextflow log|awk '/edge-jSJFTpA1QWmXTvH2/ &&(/OK/||/ERR/)'|awk '{split($0,array,/	/); print array[4]}'
2026-06-16 21:24:03 [32minfo[39m: 	exec stdout: 
2026-06-16 21:24:14 [32minfo[39m: 	Successfully connected to database mongodb://edgev3_app:edgev3_mongodb_pass@mongodb:27017/edgev3?authSource=admin
2026-06-16 21:24:14 [32minfo[39m: 	HTTP production server up and running on port 5000 !
2026-06-16 21:24:16 [32minfo[39m: 	Successfully connected to database mongodb://edgev3_app:edgev3_mongodb_pass@mongodb:27017/edgev3?authSource=admin
2026-06-16 21:24:16 [32minfo[39m: 	HTTP CRON server up and running on port 5555 !
2026-06-16 21:24:16 [32minfo[39m: 	Successfully connected to database mongodb://edgev3_app:edgev3_mongodb_pass@mongodb:27017/edgev3?authSource=admin
2026-06-16 21:24:16 [32minfo[39m: 	HTTP production server up and running on port 5000 !
2026-06-16 21:24:18 [32minfo[39m: 	Successfully connected to database mongodb://edgev3_app:edgev3_mongodb_pass@mongodb:27017/edgev3?authSource=admin
2026-06-16 21:24:18 [32minfo[39m: 	HTTP production server up and running on port 5000 !
2026-06-16 21:24:19 [32minfo[39m: 	Successfully connected to database mongodb://edgev3_app:edgev3_mongodb_pass@mongodb:27017/edgev3?authSource=admin
2026-06-16 21:24:19 [32minfo[39m: 	HTTP production server up and running on port 5000 !
2026-06-16 21:24:44 [32minfo[39m: 	Successfully connected to database mongodb://edgev3_app:edgev3_mongodb_pass@mongodb:27017/edgev3?authSource=admin
2026-06-16 21:24:44 [32minfo[39m: 	HTTP production server up and running on port 5000 !
2026-06-16 21:24:46 [32minfo[39m: 	Successfully connected to database mongodb://edgev3_app:edgev3_mongodb_pass@mongodb:27017/edgev3?authSource=admin
2026-06-16 21:24:46 [32minfo[39m: 	HTTP CRON server up and running on port 5555 !
2026-06-16 21:24:46 [32minfo[39m: 	Successfully connected to database mongodb://edgev3_app:edgev3_mongodb_pass@mongodb:27017/edgev3?authSource=admin
2026-06-16 21:24:46 [32minfo[39m: 	HTTP production server up and running on port 5000 !
2026-06-16 21:24:48 [32minfo[39m: 	Successfully connected to database mongodb://edgev3_app:edgev3_mongodb_pass@mongodb:27017/edgev3?authSource=admin
2026-06-16 21:24:48 [32minfo[39m: 	HTTP production server up and running on port 5000 !
2026-06-16 21:24:49 [32minfo[39m: 	Successfully connected to database mongodb://edgev3_app:edgev3_mongodb_pass@mongodb:27017/edgev3?authSource=admin
2026-06-16 21:24:49 [32minfo[39m: 	HTTP production server up and running on port 5000 !
2026-06-16 21:25:14 [32minfo[39m: 	Successfully connected to database mongodb://edgev3_app:edgev3_mongodb_pass@mongodb:27017/edgev3?authSource=admin
2026-06-16 21:25:14 [32minfo[39m: 	HTTP production server up and running on port 5000 !
2026-06-16 21:25:16 [32minfo[39m: 	Successfully connected to database mongodb://edgev3_app:edgev3_mongodb_pass@mongodb:27017/edgev3?authSource=admin
2026-06-16 21:25:16 [32minfo[39m: 	HTTP CRON server up and running on port 5555 !
2026-06-16 21:25:16 [32minfo[39m: 	Successfully connected to database mongodb://edgev3_app:edgev3_mongodb_pass@mongodb:27017/edgev3?authSource=admin
2026-06-16 21:25:16 [32minfo[39m: 	HTTP production server up and running on port 5000 !
2026-06-16 21:25:18 [32minfo[39m: 	Successfully connected to database mongodb://edgev3_app:edgev3_mongodb_pass@mongodb:27017/edgev3?authSource=admin
2026-06-16 21:25:18 [32minfo[39m: 	HTTP production server up and running on port 5000 !
2026-06-16 21:25:19 [32minfo[39m: 	Successfully connected to database mongodb://edgev3_app:edgev3_mongodb_pass@mongodb:27017/edgev3?authSource=admin
2026-06-16 21:25:19 [32minfo[39m: 	HTTP production server up and running on port 5000 !
2026-06-16 21:25:45 [32minfo[39m: 	Successfully connected to database mongodb://edgev3_app:edgev3_mongodb_pass@mongodb:27017/edgev3?authSource=admin
2026-06-16 21:25:45 [32minfo[39m: 	HTTP production server up and running on port 5000 !
2026-06-16 21:25:46 [32minfo[39m: 	Successfully connected to database mongodb://edgev3_app:edgev3_mongodb_pass@mongodb:27017/edgev3?authSource=admin
2026-06-16 21:25:46 [32minfo[39m: 	HTTP CRON server up and running on port 5555 !
2026-06-16 21:25:46 [32minfo[39m: 	Successfully connected to database mongodb://edgev3_app:edgev3_mongodb_pass@mongodb:27017/edgev3?authSource=admin
2026-06-16 21:25:46 [32minfo[39m: 	HTTP production server up and running on port 5000 !
2026-06-16 21:25:48 [32minfo[39m: 	Successfully connected to database mongodb://edgev3_app:edgev3_mongodb_pass@mongodb:27017/edgev3?authSource=admin
2026-06-16 21:25:48 [32minfo[39m: 	HTTP production server up and running on port 5000 !
2026-06-16 21:25:49 [32minfo[39m: 	Successfully connected to database mongodb://edgev3_app:edgev3_mongodb_pass@mongodb:27017/edgev3?authSource=admin
2026-06-16 21:25:49 [32minfo[39m: 	HTTP production server up and running on port 5000 !
2026-06-16 21:26:00 [32minfo[39m: 	exec:  NXF_CACHE_DIR=/edgev3/io/projects/jSJFTpA1QWmXTvH2/nextflow/work nextflow log|awk '/edge-jSJFTpA1QWmXTvH2/ &&(/OK/||/ERR/)'|awk '{split($0,array,/	/); print array[4]}'
2026-06-16 21:26:03 [32minfo[39m: 	exec stdout: 
2026-06-16 21:26:14 [32minfo[39m: 	Successfully connected to database mongodb://edgev3_app:edgev3_mongodb_pass@mongodb:27017/edgev3?authSource=admin
2026-06-16 21:26:14 [32minfo[39m: 	HTTP production server up and running on port 5000 !
2026-06-16 21:26:16 [32minfo[39m: 	Successfully connected to database mongodb://edgev3_app:edgev3_mongodb_pass@mongodb:27017/edgev3?authSource=admin
2026-06-16 21:26:16 [32minfo[39m: 	HTTP CRON server up and running on port 5555 !
2026-06-16 21:26:16 [32minfo[39m: 	Successfully connected to database mongodb://edgev3_app:edgev3_mongodb_pass@mongodb:27017/edgev3?authSource=admin
2026-06-16 21:26:16 [32minfo[39m: 	HTTP production server up and running on port 5000 !
2026-06-16 21:26:18 [32minfo[39m: 	Successfully connected to database mongodb://edgev3_app:edgev3_mongodb_pass@mongodb:27017/edgev3?authSource=admin
2026-06-16 21:26:18 [32minfo[39m: 	HTTP production server up and running on port 5000 !
2026-06-16 21:26:19 [32minfo[39m: 	Successfully connected to database mongodb://edgev3_app:edgev3_mongodb_pass@mongodb:27017/edgev3?authSource=admin
2026-06-16 21:26:19 [32minfo[39m: 	HTTP production server up and running on port 5000 !
2026-06-16 21:26:44 [32minfo[39m: 	Successfully connected to database mongodb://edgev3_app:edgev3_mongodb_pass@mongodb:27017/edgev3?authSource=admin
2026-06-16 21:26:44 [32minfo[39m: 	HTTP production server up and running on port 5000 !
2026-06-16 21:26:46 [32minfo[39m: 	Successfully connected to database mongodb://edgev3_app:edgev3_mongodb_pass@mongodb:27017/edgev3?authSource=admin
2026-06-16 21:26:46 [32minfo[39m: 	HTTP CRON server up and running on port 5555 !
2026-06-16 21:26:46 [32minfo[39m: 	Successfully connected to database mongodb://edgev3_app:edgev3_mongodb_pass@mongodb:27017/edgev3?authSource=admin
2026-06-16 21:26:46 [32minfo[39m: 	HTTP production server up and running on port 5000 !
2026-06-16 21:26:48 [32minfo[39m: 	Successfully connected to database mongodb://edgev3_app:edgev3_mongodb_pass@mongodb:27017/edgev3?authSource=admin
2026-06-16 21:26:48 [32minfo[39m: 	HTTP production server up and running on port 5000 !
2026-06-16 21:26:50 [32minfo[39m: 	Successfully connected to database mongodb://edgev3_app:edgev3_mongodb_pass@mongodb:27017/edgev3?authSource=admin
2026-06-16 21:26:50 [32minfo[39m: 	HTTP production server up and running on port 5000 !
2026-06-16 21:27:14 [32minfo[39m: 	Successfully connected to database mongodb://edgev3_app:edgev3_mongodb_pass@mongodb:27017/edgev3?authSource=admin
2026-06-16 21:27:14 [32minfo[39m: 	HTTP production server up and running on port 5000 !
2026-06-16 21:27:16 [32minfo[39m: 	Successfully connected to database mongodb://edgev3_app:edgev3_mongodb_pass@mongodb:27017/edgev3?authSource=admin
2026-06-16 21:27:16 [32minfo[39m: 	HTTP CRON server up and running on port 5555 !
2026-06-16 21:27:16 [32minfo[39m: 	Successfully connected to database mongodb://edgev3_app:edgev3_mongodb_pass@mongodb:27017/edgev3?authSource=admin
2026-06-16 21:27:16 [32minfo[39m: 	HTTP production server up and running on port 5000 !
2026-06-16 21:27:18 [32minfo[39m: 	Successfully connected to database mongodb://edgev3_app:edgev3_mongodb_pass@mongodb:27017/edgev3?authSource=admin
2026-06-16 21:27:18 [32minfo[39m: 	HTTP production server up and running on port 5000 !
2026-06-16 21:27:19 [32minfo[39m: 	Successfully connected to database mongodb://edgev3_app:edgev3_mongodb_pass@mongodb:27017/edgev3?authSource=admin
2026-06-16 21:27:19 [32minfo[39m: 	HTTP production server up and running on port 5000 !
2026-06-16 21:27:44 [32minfo[39m: 	Successfully connected to database mongodb://edgev3_app:edgev3_mongodb_pass@mongodb:27017/edgev3?authSource=admin
2026-06-16 21:27:45 [32minfo[39m: 	HTTP production server up and running on port 5000 !
2026-06-16 21:27:46 [32minfo[39m: 	Successfully connected to database mongodb://edgev3_app:edgev3_mongodb_pass@mongodb:27017/edgev3?authSource=admin
2026-06-16 21:27:46 [32minfo[39m: 	HTTP CRON server up and running on port 5555 !
2026-06-16 21:27:46 [32minfo[39m: 	Successfully connected to database mongodb://edgev3_app:edgev3_mongodb_pass@mongodb:27017/edgev3?authSource=admin
2026-06-16 21:27:46 [32minfo[39m: 	HTTP production server up and running on port 5000 !
2026-06-16 21:27:48 [32minfo[39m: 	Successfully connected to database mongodb://edgev3_app:edgev3_mongodb_pass@mongodb:27017/edgev3?authSource=admin
2026-06-16 21:27:48 [32minfo[39m: 	HTTP production server up and running on port 5000 !
2026-06-16 21:27:49 [32minfo[39m: 	Successfully connected to database mongodb://edgev3_app:edgev3_mongodb_pass@mongodb:27017/edgev3?authSource=admin
2026-06-16 21:27:49 [32minfo[39m: 	HTTP production server up and running on port 5000 !
2026-06-16 21:28:00 [32minfo[39m: 	exec:  NXF_CACHE_DIR=/edgev3/io/projects/jSJFTpA1QWmXTvH2/nextflow/work nextflow log|awk '/edge-jSJFTpA1QWmXTvH2/ &&(/OK/||/ERR/)'|awk '{split($0,array,/	/); print array[4]}'
2026-06-16 21:28:03 [32minfo[39m: 	exec stdout: 
2026-06-16 21:28:15 [32minfo[39m: 	Successfully connected to database mongodb://edgev3_app:edgev3_mongodb_pass@mongodb:27017/edgev3?authSource=admin
2026-06-16 21:28:15 [32minfo[39m: 	HTTP production server up and running on port 5000 !
2026-06-16 21:28:16 [32minfo[39m: 	Successfully connected to database mongodb://edgev3_app:edgev3_mongodb_pass@mongodb:27017/edgev3?authSource=admin
2026-06-16 21:28:16 [32minfo[39m: 	HTTP CRON server up and running on port 5555 !
2026-06-16 21:28:16 [32minfo[39m: 	Successfully connected to database mongodb://edgev3_app:edgev3_mongodb_pass@mongodb:27017/edgev3?authSource=admin
2026-06-16 21:28:16 [32minfo[39m: 	HTTP production server up and running on port 5000 !
2026-06-16 21:28:18 [32minfo[39m: 	Successfully connected to database mongodb://edgev3_app:edgev3_mongodb_pass@mongodb:27017/edgev3?authSource=admin
2026-06-16 21:28:18 [32minfo[39m: 	HTTP production server up and running on port 5000 !
2026-06-16 21:28:19 [32minfo[39m: 	Successfully connected to database mongodb://edgev3_app:edgev3_mongodb_pass@mongodb:27017/edgev3?authSource=admin
2026-06-16 21:28:19 [32minfo[39m: 	HTTP production server up and running on port 5000 !
2026-06-16 21:28:44 [32minfo[39m: 	Successfully connected to database mongodb://edgev3_app:edgev3_mongodb_pass@mongodb:27017/edgev3?authSource=admin
2026-06-16 21:28:45 [32minfo[39m: 	HTTP production server up and running on port 5000 !
2026-06-16 21:28:46 [32minfo[39m: 	Successfully connected to database mongodb://edgev3_app:edgev3_mongodb_pass@mongodb:27017/edgev3?authSource=admin
2026-06-16 21:28:46 [32minfo[39m: 	HTTP CRON server up and running on port 5555 !
2026-06-16 21:28:46 [32minfo[39m: 	Successfully connected to database mongodb://edgev3_app:edgev3_mongodb_pass@mongodb:27017/edgev3?authSource=admin
2026-06-16 21:28:46 [32minfo[39m: 	HTTP production server up and running on port 5000 !
2026-06-16 21:28:48 [32minfo[39m: 	Successfully connected to database mongodb://edgev3_app:edgev3_mongodb_pass@mongodb:27017/edgev3?authSource=admin
2026-06-16 21:28:48 [32minfo[39m: 	HTTP production server up and running on port 5000 !
2026-06-16 21:28:50 [32minfo[39m: 	Successfully connected to database mongodb://edgev3_app:edgev3_mongodb_pass@mongodb:27017/edgev3?authSource=admin
2026-06-16 21:28:50 [32minfo[39m: 	HTTP production server up and running on port 5000 !
2026-06-16 21:29:14 [32minfo[39m: 	Successfully connected to database mongodb://edgev3_app:edgev3_mongodb_pass@mongodb:27017/edgev3?authSource=admin
2026-06-16 21:29:14 [32minfo[39m: 	HTTP production server up and running on port 5000 !
2026-06-16 21:29:16 [32minfo[39m: 	Successfully connected to database mongodb://edgev3_app:edgev3_mongodb_pass@mongodb:27017/edgev3?authSource=admin
2026-06-16 21:29:16 [32minfo[39m: 	HTTP CRON server up and running on port 5555 !
2026-06-16 21:29:16 [32minfo[39m: 	Successfully connected to database mongodb://edgev3_app:edgev3_mongodb_pass@mongodb:27017/edgev3?authSource=admin
2026-06-16 21:29:16 [32minfo[39m: 	HTTP production server up and running on port 5000 !
2026-06-16 21:29:18 [32minfo[39m: 	Successfully connected to database mongodb://edgev3_app:edgev3_mongodb_pass@mongodb:27017/edgev3?authSource=admin
2026-06-16 21:29:18 [32minfo[39m: 	HTTP production server up and running on port 5000 !
2026-06-16 21:29:19 [32minfo[39m: 	Successfully connected to database mongodb://edgev3_app:edgev3_mongodb_pass@mongodb:27017/edgev3?authSource=admin
2026-06-16 21:29:19 [32minfo[39m: 	HTTP production server up and running on port 5000 !
2026-06-16 21:29:44 [32minfo[39m: 	Successfully connected to database mongodb://edgev3_app:edgev3_mongodb_pass@mongodb:27017/edgev3?authSource=admin
2026-06-16 21:29:45 [32minfo[39m: 	HTTP production server up and running on port 5000 !
2026-06-16 21:29:46 [32minfo[39m: 	Successfully connected to database mongodb://edgev3_app:edgev3_mongodb_pass@mongodb:27017/edgev3?authSource=admin
2026-06-16 21:29:46 [32minfo[39m: 	HTTP CRON server up and running on port 5555 !
2026-06-16 21:29:46 [32minfo[39m: 	Successfully connected to database mongodb://edgev3_app:edgev3_mongodb_pass@mongodb:27017/edgev3?authSource=admin
2026-06-16 21:29:46 [32minfo[39m: 	HTTP production server up and running on port 5000 !
2026-06-16 21:29:48 [32minfo[39m: 	Successfully connected to database mongodb://edgev3_app:edgev3_mongodb_pass@mongodb:27017/edgev3?authSource=admin
2026-06-16 21:29:48 [32minfo[39m: 	HTTP production server up and running on port 5000 !
2026-06-16 21:29:49 [32minfo[39m: 	Successfully connected to database mongodb://edgev3_app:edgev3_mongodb_pass@mongodb:27017/edgev3?authSource=admin
2026-06-16 21:29:49 [32minfo[39m: 	HTTP production server up and running on port 5000 !
2026-06-16 21:30:00 [32minfo[39m: 	exec:  NXF_CACHE_DIR=/edgev3/io/projects/jSJFTpA1QWmXTvH2/nextflow/work nextflow log|awk '/edge-jSJFTpA1QWmXTvH2/ &&(/OK/||/ERR/)'|awk '{split($0,array,/	/); print array[4]}'
2026-06-16 21:30:03 [32minfo[39m: 	exec stdout: 
2026-06-16 21:30:15 [32minfo[39m: 	Successfully connected to database mongodb://edgev3_app:edgev3_mongodb_pass@mongodb:27017/edgev3?authSource=admin
2026-06-16 21:30:15 [32minfo[39m: 	HTTP production server up and running on port 5000 !
2026-06-16 21:30:16 [32minfo[39m: 	Successfully connected to database mongodb://edgev3_app:edgev3_mongodb_pass@mongodb:27017/edgev3?authSource=admin
2026-06-16 21:30:16 [32minfo[39m: 	HTTP CRON server up and running on port 5555 !
2026-06-16 21:30:16 [32minfo[39m: 	Successfully connected to database mongodb://edgev3_app:edgev3_mongodb_pass@mongodb:27017/edgev3?authSource=admin
2026-06-16 21:30:16 [32minfo[39m: 	HTTP production server up and running on port 5000 !
2026-06-16 21:30:18 [32minfo[39m: 	Successfully connected to database mongodb://edgev3_app:edgev3_mongodb_pass@mongodb:27017/edgev3?authSource=admin
2026-06-16 21:30:18 [32minfo[39m: 	HTTP production server up and running on port 5000 !
2026-06-16 21:30:20 [32minfo[39m: 	Successfully connected to database mongodb://edgev3_app:edgev3_mongodb_pass@mongodb:27017/edgev3?authSource=admin
2026-06-16 21:30:20 [32minfo[39m: 	HTTP production server up and running on port 5000 !
2026-06-16 21:30:45 [32minfo[39m: 	Successfully connected to database mongodb://edgev3_app:edgev3_mongodb_pass@mongodb:27017/edgev3?authSource=admin
2026-06-16 21:30:45 [32minfo[39m: 	HTTP production server up and running on port 5000 !
2026-06-16 21:30:46 [32minfo[39m: 	Successfully connected to database mongodb://edgev3_app:edgev3_mongodb_pass@mongodb:27017/edgev3?authSource=admin
2026-06-16 21:30:46 [32minfo[39m: 	HTTP CRON server up and running on port 5555 !
2026-06-16 21:30:46 [32minfo[39m: 	Successfully connected to database mongodb://edgev3_app:edgev3_mongodb_pass@mongodb:27017/edgev3?authSource=admin
2026-06-16 21:30:46 [32minfo[39m: 	HTTP production server up and running on port 5000 !
2026-06-16 21:30:48 [32minfo[39m: 	Successfully connected to database mongodb://edgev3_app:edgev3_mongodb_pass@mongodb:27017/edgev3?authSource=admin
2026-06-16 21:30:48 [32minfo[39m: 	HTTP production server up and running on port 5000 !
2026-06-16 21:30:50 [32minfo[39m: 	Successfully connected to database mongodb://edgev3_app:edgev3_mongodb_pass@mongodb:27017/edgev3?authSource=admin
2026-06-16 21:30:50 [32minfo[39m: 	HTTP production server up and running on port 5000 !
2026-06-16 21:31:15 [32minfo[39m: 	Successfully connected to database mongodb://edgev3_app:edgev3_mongodb_pass@mongodb:27017/edgev3?authSource=admin
2026-06-16 21:31:15 [32minfo[39m: 	HTTP production server up and running on port 5000 !
2026-06-16 21:31:16 [32minfo[39m: 	Successfully connected to database mongodb://edgev3_app:edgev3_mongodb_pass@mongodb:27017/edgev3?authSource=admin
2026-06-16 21:31:16 [32minfo[39m: 	HTTP CRON server up and running on port 5555 !
2026-06-16 21:31:16 [32minfo[39m: 	Successfully connected to database mongodb://edgev3_app:edgev3_mongodb_pass@mongodb:27017/edgev3?authSource=admin
2026-06-16 21:31:16 [32minfo[39m: 	HTTP production server up and running on port 5000 !
2026-06-16 21:31:18 [32minfo[39m: 	Successfully connected to database mongodb://edgev3_app:edgev3_mongodb_pass@mongodb:27017/edgev3?authSource=admin
2026-06-16 21:31:18 [32minfo[39m: 	HTTP production server up and running on port 5000 !
2026-06-16 21:31:19 [32minfo[39m: 	Successfully connected to database mongodb://edgev3_app:edgev3_mongodb_pass@mongodb:27017/edgev3?authSource=admin
2026-06-16 21:31:20 [32minfo[39m: 	HTTP production server up and running on port 5000 !
2026-06-16 21:31:45 [32minfo[39m: 	Successfully connected to database mongodb://edgev3_app:edgev3_mongodb_pass@mongodb:27017/edgev3?authSource=admin
2026-06-16 21:31:45 [32minfo[39m: 	HTTP production server up and running on port 5000 !
2026-06-16 21:31:46 [32minfo[39m: 	Successfully connected to database mongodb://edgev3_app:edgev3_mongodb_pass@mongodb:27017/edgev3?authSource=admin
2026-06-16 21:31:46 [32minfo[39m: 	HTTP CRON server up and running on port 5555 !
2026-06-16 21:31:46 [32minfo[39m: 	Successfully connected to database mongodb://edgev3_app:edgev3_mongodb_pass@mongodb:27017/edgev3?authSource=admin
2026-06-16 21:31:46 [32minfo[39m: 	HTTP production server up and running on port 5000 !
2026-06-16 21:31:48 [32minfo[39m: 	Successfully connected to database mongodb://edgev3_app:edgev3_mongodb_pass@mongodb:27017/edgev3?authSource=admin
2026-06-16 21:31:48 [32minfo[39m: 	HTTP production server up and running on port 5000 !
2026-06-16 21:31:49 [32minfo[39m: 	Successfully connected to database mongodb://edgev3_app:edgev3_mongodb_pass@mongodb:27017/edgev3?authSource=admin
2026-06-16 21:31:49 [32minfo[39m: 	HTTP production server up and running on port 5000 !
2026-06-16 21:32:00 [32minfo[39m: 	exec:  NXF_CACHE_DIR=/edgev3/io/projects/jSJFTpA1QWmXTvH2/nextflow/work nextflow log|awk '/edge-jSJFTpA1QWmXTvH2/ &&(/OK/||/ERR/)'|awk '{split($0,array,/	/); print array[4]}'
2026-06-16 21:32:03 [32minfo[39m: 	exec stdout: 
2026-06-16 21:32:15 [32minfo[39m: 	Successfully connected to database mongodb://edgev3_app:edgev3_mongodb_pass@mongodb:27017/edgev3?authSource=admin
2026-06-16 21:32:15 [32minfo[39m: 	HTTP production server up and running on port 5000 !
2026-06-16 21:32:16 [32minfo[39m: 	Successfully connected to database mongodb://edgev3_app:edgev3_mongodb_pass@mongodb:27017/edgev3?authSource=admin
2026-06-16 21:32:16 [32minfo[39m: 	HTTP CRON server up and running on port 5555 !
2026-06-16 21:32:16 [32minfo[39m: 	Successfully connected to database mongodb://edgev3_app:edgev3_mongodb_pass@mongodb:27017/edgev3?authSource=admin
2026-06-16 21:32:16 [32minfo[39m: 	HTTP production server up and running on port 5000 !
2026-06-16 21:32:18 [32minfo[39m: 	Successfully connected to database mongodb://edgev3_app:edgev3_mongodb_pass@mongodb:27017/edgev3?authSource=admin
2026-06-16 21:32:18 [32minfo[39m: 	HTTP production server up and running on port 5000 !
2026-06-16 21:32:19 [32minfo[39m: 	Successfully connected to database mongodb://edgev3_app:edgev3_mongodb_pass@mongodb:27017/edgev3?authSource=admin
2026-06-16 21:32:19 [32minfo[39m: 	HTTP production server up and running on port 5000 !
2026-06-16 21:32:45 [32minfo[39m: 	Successfully connected to database mongodb://edgev3_app:edgev3_mongodb_pass@mongodb:27017/edgev3?authSource=admin
2026-06-16 21:32:45 [32minfo[39m: 	HTTP production server up and running on port 5000 !
2026-06-16 21:32:46 [32minfo[39m: 	Successfully connected to database mongodb://edgev3_app:edgev3_mongodb_pass@mongodb:27017/edgev3?authSource=admin
2026-06-16 21:32:46 [32minfo[39m: 	HTTP CRON server up and running on port 5555 !
2026-06-16 21:32:46 [32minfo[39m: 	Successfully connected to database mongodb://edgev3_app:edgev3_mongodb_pass@mongodb:27017/edgev3?authSource=admin
2026-06-16 21:32:46 [32minfo[39m: 	HTTP production server up and running on port 5000 !
2026-06-16 21:32:48 [32minfo[39m: 	Successfully connected to database mongodb://edgev3_app:edgev3_mongodb_pass@mongodb:27017/edgev3?authSource=admin
2026-06-16 21:32:48 [32minfo[39m: 	HTTP production server up and running on port 5000 !
2026-06-16 21:32:49 [32minfo[39m: 	Successfully connected to database mongodb://edgev3_app:edgev3_mongodb_pass@mongodb:27017/edgev3?authSource=admin
2026-06-16 21:32:49 [32minfo[39m: 	HTTP production server up and running on port 5000 !
2026-06-16 21:33:15 [32minfo[39m: 	Successfully connected to database mongodb://edgev3_app:edgev3_mongodb_pass@mongodb:27017/edgev3?authSource=admin
2026-06-16 21:33:15 [32minfo[39m: 	HTTP production server up and running on port 5000 !
2026-06-16 21:33:16 [32minfo[39m: 	Successfully connected to database mongodb://edgev3_app:edgev3_mongodb_pass@mongodb:27017/edgev3?authSource=admin
2026-06-16 21:33:16 [32minfo[39m: 	HTTP CRON server up and running on port 5555 !
2026-06-16 21:33:16 [32minfo[39m: 	Successfully connected to database mongodb://edgev3_app:edgev3_mongodb_pass@mongodb:27017/edgev3?authSource=admin
2026-06-16 21:33:16 [32minfo[39m: 	HTTP production server up and running on port 5000 !
2026-06-16 21:33:18 [32minfo[39m: 	Successfully connected to database mongodb://edgev3_app:edgev3_mongodb_pass@mongodb:27017/edgev3?authSource=admin
2026-06-16 21:33:18 [32minfo[39m: 	HTTP production server up and running on port 5000 !
2026-06-16 21:33:20 [32minfo[39m: 	Successfully connected to database mongodb://edgev3_app:edgev3_mongodb_pass@mongodb:27017/edgev3?authSource=admin
2026-06-16 21:33:20 [32minfo[39m: 	HTTP production server up and running on port 5000 !
2026-06-16 21:33:45 [32minfo[39m: 	Successfully connected to database mongodb://edgev3_app:edgev3_mongodb_pass@mongodb:27017/edgev3?authSource=admin
2026-06-16 21:33:45 [32minfo[39m: 	HTTP production server up and running on port 5000 !
2026-06-16 21:33:46 [32minfo[39m: 	Successfully connected to database mongodb://edgev3_app:edgev3_mongodb_pass@mongodb:27017/edgev3?authSource=admin
2026-06-16 21:33:46 [32minfo[39m: 	HTTP CRON server up and running on port 5555 !
2026-06-16 21:33:46 [32minfo[39m: 	Successfully connected to database mongodb://edgev3_app:edgev3_mongodb_pass@mongodb:27017/edgev3?authSource=admin
2026-06-16 21:33:46 [32minfo[39m: 	HTTP production server up and running on port 5000 !
2026-06-16 21:33:48 [32minfo[39m: 	Successfully connected to database mongodb://edgev3_app:edgev3_mongodb_pass@mongodb:27017/edgev3?authSource=admin
2026-06-16 21:33:48 [32minfo[39m: 	HTTP production server up and running on port 5000 !
2026-06-16 21:33:50 [32minfo[39m: 	Successfully connected to database mongodb://edgev3_app:edgev3_mongodb_pass@mongodb:27017/edgev3?authSource=admin
2026-06-16 21:33:50 [32minfo[39m: 	HTTP production server up and running on port 5000 !
2026-06-16 21:34:00 [32minfo[39m: 	exec:  NXF_CACHE_DIR=/edgev3/io/projects/jSJFTpA1QWmXTvH2/nextflow/work nextflow log|awk '/edge-jSJFTpA1QWmXTvH2/ &&(/OK/||/ERR/)'|awk '{split($0,array,/	/); print array[4]}'
2026-06-16 21:34:04 [32minfo[39m: 	exec stdout: 
2026-06-16 21:34:15 [32minfo[39m: 	Successfully connected to database mongodb://edgev3_app:edgev3_mongodb_pass@mongodb:27017/edgev3?authSource=admin
2026-06-16 21:34:15 [32minfo[39m: 	HTTP production server up and running on port 5000 !
2026-06-16 21:34:16 [32minfo[39m: 	Successfully connected to database mongodb://edgev3_app:edgev3_mongodb_pass@mongodb:27017/edgev3?authSource=admin
2026-06-16 21:34:16 [32minfo[39m: 	HTTP CRON server up and running on port 5555 !
2026-06-16 21:34:16 [32minfo[39m: 	Successfully connected to database mongodb://edgev3_app:edgev3_mongodb_pass@mongodb:27017/edgev3?authSource=admin
2026-06-16 21:34:16 [32minfo[39m: 	HTTP production server up and running on port 5000 !
2026-06-16 21:34:18 [32minfo[39m: 	Successfully connected to database mongodb://edgev3_app:edgev3_mongodb_pass@mongodb:27017/edgev3?authSource=admin
2026-06-16 21:34:18 [32minfo[39m: 	HTTP production server up and running on port 5000 !
2026-06-16 21:34:19 [32minfo[39m: 	Successfully connected to database mongodb://edgev3_app:edgev3_mongodb_pass@mongodb:27017/edgev3?authSource=admin
2026-06-16 21:34:19 [32minfo[39m: 	HTTP production server up and running on port 5000 !
2026-06-16 21:34:45 [32minfo[39m: 	Successfully connected to database mongodb://edgev3_app:edgev3_mongodb_pass@mongodb:27017/edgev3?authSource=admin
2026-06-16 21:34:45 [32minfo[39m: 	HTTP production server up and running on port 5000 !
2026-06-16 21:34:46 [32minfo[39m: 	Successfully connected to database mongodb://edgev3_app:edgev3_mongodb_pass@mongodb:27017/edgev3?authSource=admin
2026-06-16 21:34:46 [32minfo[39m: 	HTTP CRON server up and running on port 5555 !
2026-06-16 21:34:46 [32minfo[39m: 	Successfully connected to database mongodb://edgev3_app:edgev3_mongodb_pass@mongodb:27017/edgev3?authSource=admin
2026-06-16 21:34:46 [32minfo[39m: 	HTTP production server up and running on port 5000 !
2026-06-16 21:34:48 [32minfo[39m: 	Successfully connected to database mongodb://edgev3_app:edgev3_mongodb_pass@mongodb:27017/edgev3?authSource=admin
2026-06-16 21:34:48 [32minfo[39m: 	HTTP production server up and running on port 5000 !
2026-06-16 21:34:50 [32minfo[39m: 	Successfully connected to database mongodb://edgev3_app:edgev3_mongodb_pass@mongodb:27017/edgev3?authSource=admin
2026-06-16 21:34:50 [32minfo[39m: 	HTTP production server up and running on port 5000 !
2026-06-16 21:35:15 [32minfo[39m: 	Successfully connected to database mongodb://edgev3_app:edgev3_mongodb_pass@mongodb:27017/edgev3?authSource=admin
2026-06-16 21:35:15 [32minfo[39m: 	HTTP production server up and running on port 5000 !
2026-06-16 21:35:16 [32minfo[39m: 	Successfully connected to database mongodb://edgev3_app:edgev3_mongodb_pass@mongodb:27017/edgev3?authSource=admin
2026-06-16 21:35:16 [32minfo[39m: 	HTTP CRON server up and running on port 5555 !
2026-06-16 21:35:16 [32minfo[39m: 	Successfully connected to database mongodb://edgev3_app:edgev3_mongodb_pass@mongodb:27017/edgev3?authSource=admin
2026-06-16 21:35:16 [32minfo[39m: 	HTTP production server up and running on port 5000 !
2026-06-16 21:35:18 [32minfo[39m: 	Successfully connected to database mongodb://edgev3_app:edgev3_mongodb_pass@mongodb:27017/edgev3?authSource=admin
2026-06-16 21:35:18 [32minfo[39m: 	HTTP production server up and running on port 5000 !
2026-06-16 21:35:20 [32minfo[39m: 	Successfully connected to database mongodb://edgev3_app:edgev3_mongodb_pass@mongodb:27017/edgev3?authSource=admin
2026-06-16 21:35:20 [32minfo[39m: 	HTTP production server up and running on port 5000 !
2026-06-16 21:35:45 [32minfo[39m: 	Successfully connected to database mongodb://edgev3_app:edgev3_mongodb_pass@mongodb:27017/edgev3?authSource=admin
2026-06-16 21:35:45 [32minfo[39m: 	HTTP production server up and running on port 5000 !
2026-06-16 21:35:46 [32minfo[39m: 	Successfully connected to database mongodb://edgev3_app:edgev3_mongodb_pass@mongodb:27017/edgev3?authSource=admin
2026-06-16 21:35:46 [32minfo[39m: 	HTTP CRON server up and running on port 5555 !
2026-06-16 21:35:46 [32minfo[39m: 	Successfully connected to database mongodb://edgev3_app:edgev3_mongodb_pass@mongodb:27017/edgev3?authSource=admin
2026-06-16 21:35:46 [32minfo[39m: 	HTTP production server up and running on port 5000 !
2026-06-16 21:35:48 [32minfo[39m: 	Successfully connected to database mongodb://edgev3_app:edgev3_mongodb_pass@mongodb:27017/edgev3?authSource=admin
2026-06-16 21:35:48 [32minfo[39m: 	HTTP production server up and running on port 5000 !
2026-06-16 21:35:50 [32minfo[39m: 	Successfully connected to database mongodb://edgev3_app:edgev3_mongodb_pass@mongodb:27017/edgev3?authSource=admin
2026-06-16 21:35:50 [32minfo[39m: 	HTTP production server up and running on port 5000 !
2026-06-16 21:36:00 [32minfo[39m: 	exec:  NXF_CACHE_DIR=/edgev3/io/projects/jSJFTpA1QWmXTvH2/nextflow/work nextflow log|awk '/edge-jSJFTpA1QWmXTvH2/ &&(/OK/||/ERR/)'|awk '{split($0,array,/	/); print array[4]}'
2026-06-16 21:36:04 [32minfo[39m: 	exec stdout: 
2026-06-16 21:36:15 [32minfo[39m: 	Successfully connected to database mongodb://edgev3_app:edgev3_mongodb_pass@mongodb:27017/edgev3?authSource=admin
2026-06-16 21:36:15 [32minfo[39m: 	HTTP production server up and running on port 5000 !
2026-06-16 21:36:16 [32minfo[39m: 	Successfully connected to database mongodb://edgev3_app:edgev3_mongodb_pass@mongodb:27017/edgev3?authSource=admin
2026-06-16 21:36:16 [32minfo[39m: 	HTTP CRON server up and running on port 5555 !
2026-06-16 21:36:16 [32minfo[39m: 	Successfully connected to database mongodb://edgev3_app:edgev3_mongodb_pass@mongodb:27017/edgev3?authSource=admin
2026-06-16 21:36:16 [32minfo[39m: 	HTTP production server up and running on port 5000 !
2026-06-16 21:36:18 [32minfo[39m: 	Successfully connected to database mongodb://edgev3_app:edgev3_mongodb_pass@mongodb:27017/edgev3?authSource=admin
2026-06-16 21:36:18 [32minfo[39m: 	HTTP production server up and running on port 5000 !
2026-06-16 21:36:20 [32minfo[39m: 	Successfully connected to database mongodb://edgev3_app:edgev3_mongodb_pass@mongodb:27017/edgev3?authSource=admin
2026-06-16 21:36:20 [32minfo[39m: 	HTTP production server up and running on port 5000 !
2026-06-16 21:36:45 [32minfo[39m: 	Successfully connected to database mongodb://edgev3_app:edgev3_mongodb_pass@mongodb:27017/edgev3?authSource=admin
2026-06-16 21:36:45 [32minfo[39m: 	HTTP production server up and running on port 5000 !
2026-06-16 21:36:46 [32minfo[39m: 	Successfully connected to database mongodb://edgev3_app:edgev3_mongodb_pass@mongodb:27017/edgev3?authSource=admin
2026-06-16 21:36:46 [32minfo[39m: 	HTTP CRON server up and running on port 5555 !
2026-06-16 21:36:46 [32minfo[39m: 	Successfully connected to database mongodb://edgev3_app:edgev3_mongodb_pass@mongodb:27017/edgev3?authSource=admin
2026-06-16 21:36:46 [32minfo[39m: 	HTTP production server up and running on port 5000 !
2026-06-16 21:36:48 [32minfo[39m: 	Successfully connected to database mongodb://edgev3_app:edgev3_mongodb_pass@mongodb:27017/edgev3?authSource=admin
2026-06-16 21:36:48 [32minfo[39m: 	HTTP production server up and running on port 5000 !
2026-06-16 21:36:50 [32minfo[39m: 	Successfully connected to database mongodb://edgev3_app:edgev3_mongodb_pass@mongodb:27017/edgev3?authSource=admin
2026-06-16 21:36:50 [32minfo[39m: 	HTTP production server up and running on port 5000 !
2026-06-16 21:37:15 [32minfo[39m: 	Successfully connected to database mongodb://edgev3_app:edgev3_mongodb_pass@mongodb:27017/edgev3?authSource=admin
2026-06-16 21:37:15 [32minfo[39m: 	HTTP production server up and running on port 5000 !
2026-06-16 21:37:16 [32minfo[39m: 	Successfully connected to database mongodb://edgev3_app:edgev3_mongodb_pass@mongodb:27017/edgev3?authSource=admin
2026-06-16 21:37:16 [32minfo[39m: 	HTTP CRON server up and running on port 5555 !
2026-06-16 21:37:16 [32minfo[39m: 	Successfully connected to database mongodb://edgev3_app:edgev3_mongodb_pass@mongodb:27017/edgev3?authSource=admin
2026-06-16 21:37:16 [32minfo[39m: 	HTTP production server up and running on port 5000 !
2026-06-16 21:37:18 [32minfo[39m: 	Successfully connected to database mongodb://edgev3_app:edgev3_mongodb_pass@mongodb:27017/edgev3?authSource=admin
2026-06-16 21:37:18 [32minfo[39m: 	HTTP production server up and running on port 5000 !
2026-06-16 21:37:19 [32minfo[39m: 	Successfully connected to database mongodb://edgev3_app:edgev3_mongodb_pass@mongodb:27017/edgev3?authSource=admin
2026-06-16 21:37:19 [32minfo[39m: 	HTTP production server up and running on port 5000 !
2026-06-16 21:37:45 [32minfo[39m: 	Successfully connected to database mongodb://edgev3_app:edgev3_mongodb_pass@mongodb:27017/edgev3?authSource=admin
2026-06-16 21:37:45 [32minfo[39m: 	HTTP production server up and running on port 5000 !
2026-06-16 21:37:46 [32minfo[39m: 	Successfully connected to database mongodb://edgev3_app:edgev3_mongodb_pass@mongodb:27017/edgev3?authSource=admin
2026-06-16 21:37:46 [32minfo[39m: 	HTTP CRON server up and running on port 5555 !
2026-06-16 21:37:46 [32minfo[39m: 	Successfully connected to database mongodb://edgev3_app:edgev3_mongodb_pass@mongodb:27017/edgev3?authSource=admin
2026-06-16 21:37:46 [32minfo[39m: 	HTTP production server up and running on port 5000 !
2026-06-16 21:37:48 [32minfo[39m: 	Successfully connected to database mongodb://edgev3_app:edgev3_mongodb_pass@mongodb:27017/edgev3?authSource=admin
2026-06-16 21:37:48 [32minfo[39m: 	HTTP production server up and running on port 5000 !
2026-06-16 21:37:50 [32minfo[39m: 	Successfully connected to database mongodb://edgev3_app:edgev3_mongodb_pass@mongodb:27017/edgev3?authSource=admin
2026-06-16 21:37:50 [32minfo[39m: 	HTTP production server up and running on port 5000 !
2026-06-16 21:38:00 [32minfo[39m: 	exec:  NXF_CACHE_DIR=/edgev3/io/projects/jSJFTpA1QWmXTvH2/nextflow/work nextflow log|awk '/edge-jSJFTpA1QWmXTvH2/ &&(/OK/||/ERR/)'|awk '{split($0,array,/	/); print array[4]}'
2026-06-16 21:38:04 [32minfo[39m: 	exec stdout: 
2026-06-16 21:38:15 [32minfo[39m: 	Successfully connected to database mongodb://edgev3_app:edgev3_mongodb_pass@mongodb:27017/edgev3?authSource=admin
2026-06-16 21:38:15 [32minfo[39m: 	HTTP production server up and running on port 5000 !
2026-06-16 21:38:16 [32minfo[39m: 	Successfully connected to database mongodb://edgev3_app:edgev3_mongodb_pass@mongodb:27017/edgev3?authSource=admin
2026-06-16 21:38:16 [32minfo[39m: 	HTTP CRON server up and running on port 5555 !
2026-06-16 21:38:16 [32minfo[39m: 	Successfully connected to database mongodb://edgev3_app:edgev3_mongodb_pass@mongodb:27017/edgev3?authSource=admin
2026-06-16 21:38:16 [32minfo[39m: 	HTTP production server up and running on port 5000 !
2026-06-16 21:38:18 [32minfo[39m: 	Successfully connected to database mongodb://edgev3_app:edgev3_mongodb_pass@mongodb:27017/edgev3?authSource=admin
2026-06-16 21:38:18 [32minfo[39m: 	HTTP production server up and running on port 5000 !
2026-06-16 21:38:20 [32minfo[39m: 	Successfully connected to database mongodb://edgev3_app:edgev3_mongodb_pass@mongodb:27017/edgev3?authSource=admin
2026-06-16 21:38:20 [32minfo[39m: 	HTTP production server up and running on port 5000 !
2026-06-16 21:38:45 [32minfo[39m: 	Successfully connected to database mongodb://edgev3_app:edgev3_mongodb_pass@mongodb:27017/edgev3?authSource=admin
2026-06-16 21:38:45 [32minfo[39m: 	HTTP production server up and running on port 5000 !
2026-06-16 21:38:46 [32minfo[39m: 	Successfully connected to database mongodb://edgev3_app:edgev3_mongodb_pass@mongodb:27017/edgev3?authSource=admin
2026-06-16 21:38:46 [32minfo[39m: 	HTTP CRON server up and running on port 5555 !
2026-06-16 21:38:46 [32minfo[39m: 	Successfully connected to database mongodb://edgev3_app:edgev3_mongodb_pass@mongodb:27017/edgev3?authSource=admin
2026-06-16 21:38:46 [32minfo[39m: 	HTTP production server up and running on port 5000 !
2026-06-16 21:38:48 [32minfo[39m: 	Successfully connected to database mongodb://edgev3_app:edgev3_mongodb_pass@mongodb:27017/edgev3?authSource=admin
2026-06-16 21:38:48 [32minfo[39m: 	HTTP production server up and running on port 5000 !
2026-06-16 21:38:50 [32minfo[39m: 	Successfully connected to database mongodb://edgev3_app:edgev3_mongodb_pass@mongodb:27017/edgev3?authSource=admin
2026-06-16 21:38:50 [32minfo[39m: 	HTTP production server up and running on port 5000 !
2026-06-16 21:39:15 [32minfo[39m: 	Successfully connected to database mongodb://edgev3_app:edgev3_mongodb_pass@mongodb:27017/edgev3?authSource=admin
2026-06-16 21:39:15 [32minfo[39m: 	HTTP production server up and running on port 5000 !
2026-06-16 21:39:16 [32minfo[39m: 	Successfully connected to database mongodb://edgev3_app:edgev3_mongodb_pass@mongodb:27017/edgev3?authSource=admin
2026-06-16 21:39:16 [32minfo[39m: 	HTTP CRON server up and running on port 5555 !
2026-06-16 21:39:16 [32minfo[39m: 	Successfully connected to database mongodb://edgev3_app:edgev3_mongodb_pass@mongodb:27017/edgev3?authSource=admin
2026-06-16 21:39:17 [32minfo[39m: 	HTTP production server up and running on port 5000 !
2026-06-16 21:39:18 [32minfo[39m: 	Successfully connected to database mongodb://edgev3_app:edgev3_mongodb_pass@mongodb:27017/edgev3?authSource=admin
2026-06-16 21:39:18 [32minfo[39m: 	HTTP production server up and running on port 5000 !
2026-06-16 21:39:20 [32minfo[39m: 	Successfully connected to database mongodb://edgev3_app:edgev3_mongodb_pass@mongodb:27017/edgev3?authSource=admin
2026-06-16 21:39:20 [32minfo[39m: 	HTTP production server up and running on port 5000 !
2026-06-16 21:39:45 [32minfo[39m: 	Successfully connected to database mongodb://edgev3_app:edgev3_mongodb_pass@mongodb:27017/edgev3?authSource=admin
2026-06-16 21:39:45 [32minfo[39m: 	HTTP production server up and running on port 5000 !
2026-06-16 21:39:46 [32minfo[39m: 	Successfully connected to database mongodb://edgev3_app:edgev3_mongodb_pass@mongodb:27017/edgev3?authSource=admin
2026-06-16 21:39:46 [32minfo[39m: 	HTTP CRON server up and running on port 5555 !
2026-06-16 21:39:46 [32minfo[39m: 	Successfully connected to database mongodb://edgev3_app:edgev3_mongodb_pass@mongodb:27017/edgev3?authSource=admin
2026-06-16 21:39:46 [32minfo[39m: 	HTTP production server up and running on port 5000 !
2026-06-16 21:39:48 [32minfo[39m: 	Successfully connected to database mongodb://edgev3_app:edgev3_mongodb_pass@mongodb:27017/edgev3?authSource=admin
2026-06-16 21:39:48 [32minfo[39m: 	HTTP production server up and running on port 5000 !
2026-06-16 21:39:50 [32minfo[39m: 	Successfully connected to database mongodb://edgev3_app:edgev3_mongodb_pass@mongodb:27017/edgev3?authSource=admin
2026-06-16 21:39:50 [32minfo[39m: 	HTTP production server up and running on port 5000 !
2026-06-16 21:40:00 [32minfo[39m: 	exec:  NXF_CACHE_DIR=/edgev3/io/projects/jSJFTpA1QWmXTvH2/nextflow/work nextflow log|awk '/edge-jSJFTpA1QWmXTvH2/ &&(/OK/||/ERR/)'|awk '{split($0,array,/	/); print array[4]}'
2026-06-16 21:40:04 [32minfo[39m: 	exec stdout: 
2026-06-16 21:42:27 [32minfo[39m: 	Successfully connected to database mongodb://edgev3_app:edgev3_mongodb_pass@mongodb:27017/edgev3?authSource=admin
2026-06-16 21:42:27 [32minfo[39m: 	HTTP production server up and running on port 5000 !
2026-06-16 21:42:28 [32minfo[39m: 	Successfully connected to database mongodb://edgev3_app:edgev3_mongodb_pass@mongodb:27017/edgev3?authSource=admin
2026-06-16 21:42:28 [32minfo[39m: 	HTTP CRON server up and running on port 5555 !
2026-06-16 21:42:29 [32minfo[39m: 	Successfully connected to database mongodb://edgev3_app:edgev3_mongodb_pass@mongodb:27017/edgev3?authSource=admin
2026-06-16 21:42:29 [32minfo[39m: 	HTTP production server up and running on port 5000 !
2026-06-16 21:42:30 [32minfo[39m: 	Successfully connected to database mongodb://edgev3_app:edgev3_mongodb_pass@mongodb:27017/edgev3?authSource=admin
2026-06-16 21:42:30 [32minfo[39m: 	HTTP production server up and running on port 5000 !
2026-06-16 21:42:32 [32minfo[39m: 	Successfully connected to database mongodb://edgev3_app:edgev3_mongodb_pass@mongodb:27017/edgev3?authSource=admin
2026-06-16 21:42:32 [32minfo[39m: 	HTTP production server up and running on port 5000 !
2026-06-16 21:42:57 [32minfo[39m: 	Successfully connected to database mongodb://edgev3_app:edgev3_mongodb_pass@mongodb:27017/edgev3?authSource=admin
2026-06-16 21:42:57 [32minfo[39m: 	HTTP production server up and running on port 5000 !
2026-06-16 21:42:58 [32minfo[39m: 	Successfully connected to database mongodb://edgev3_app:edgev3_mongodb_pass@mongodb:27017/edgev3?authSource=admin
2026-06-16 21:42:58 [32minfo[39m: 	HTTP CRON server up and running on port 5555 !
2026-06-16 21:42:59 [32minfo[39m: 	Successfully connected to database mongodb://edgev3_app:edgev3_mongodb_pass@mongodb:27017/edgev3?authSource=admin
2026-06-16 21:42:59 [32minfo[39m: 	HTTP production server up and running on port 5000 !
2026-06-16 21:43:00 [32minfo[39m: 	Successfully connected to database mongodb://edgev3_app:edgev3_mongodb_pass@mongodb:27017/edgev3?authSource=admin
2026-06-16 21:43:00 [32minfo[39m: 	HTTP production server up and running on port 5000 !
2026-06-16 21:43:02 [32minfo[39m: 	Successfully connected to database mongodb://edgev3_app:edgev3_mongodb_pass@mongodb:27017/edgev3?authSource=admin
2026-06-16 21:43:02 [32minfo[39m: 	HTTP production server up and running on port 5000 !
2026-06-16 21:43:27 [32minfo[39m: 	Successfully connected to database mongodb://edgev3_app:edgev3_mongodb_pass@mongodb:27017/edgev3?authSource=admin
2026-06-16 21:43:27 [32minfo[39m: 	HTTP production server up and running on port 5000 !
2026-06-16 21:43:28 [32minfo[39m: 	Successfully connected to database mongodb://edgev3_app:edgev3_mongodb_pass@mongodb:27017/edgev3?authSource=admin
2026-06-16 21:43:28 [32minfo[39m: 	HTTP CRON server up and running on port 5555 !
2026-06-16 21:43:29 [32minfo[39m: 	Successfully connected to database mongodb://edgev3_app:edgev3_mongodb_pass@mongodb:27017/edgev3?authSource=admin
2026-06-16 21:43:29 [32minfo[39m: 	HTTP production server up and running on port 5000 !
2026-06-16 21:43:30 [32minfo[39m: 	Successfully connected to database mongodb://edgev3_app:edgev3_mongodb_pass@mongodb:27017/edgev3?authSource=admin
2026-06-16 21:43:30 [32minfo[39m: 	HTTP production server up and running on port 5000 !
2026-06-16 21:43:32 [32minfo[39m: 	Successfully connected to database mongodb://edgev3_app:edgev3_mongodb_pass@mongodb:27017/edgev3?authSource=admin
2026-06-16 21:43:32 [32minfo[39m: 	HTTP production server up and running on port 5000 !
2026-06-16 21:43:57 [32minfo[39m: 	Successfully connected to database mongodb://edgev3_app:edgev3_mongodb_pass@mongodb:27017/edgev3?authSource=admin
2026-06-16 21:43:57 [32minfo[39m: 	HTTP production server up and running on port 5000 !
2026-06-16 21:43:59 [32minfo[39m: 	Successfully connected to database mongodb://edgev3_app:edgev3_mongodb_pass@mongodb:27017/edgev3?authSource=admin
2026-06-16 21:43:59 [32minfo[39m: 	HTTP CRON server up and running on port 5555 !
2026-06-16 21:43:59 [32minfo[39m: 	Successfully connected to database mongodb://edgev3_app:edgev3_mongodb_pass@mongodb:27017/edgev3?authSource=admin
2026-06-16 21:43:59 [32minfo[39m: 	HTTP production server up and running on port 5000 !
2026-06-16 21:44:00 [32minfo[39m: 	exec:  NXF_CACHE_DIR=/edgev3/io/projects/jSJFTpA1QWmXTvH2/nextflow/work nextflow log|awk '/edge-jSJFTpA1QWmXTvH2/ &&(/OK/||/ERR/)'|awk '{split($0,array,/	/); print array[4]}'
2026-06-16 21:44:01 [32minfo[39m: 	Successfully connected to database mongodb://edgev3_app:edgev3_mongodb_pass@mongodb:27017/edgev3?authSource=admin
2026-06-16 21:44:01 [32minfo[39m: 	HTTP production server up and running on port 5000 !
2026-06-16 21:44:03 [32minfo[39m: 	Successfully connected to database mongodb://edgev3_app:edgev3_mongodb_pass@mongodb:27017/edgev3?authSource=admin
2026-06-16 21:44:03 [32minfo[39m: 	HTTP production server up and running on port 5000 !
2026-06-16 21:44:04 [32minfo[39m: 	exec stdout: 
2026-06-16 21:46:00 [32minfo[39m: 	exec:  NXF_CACHE_DIR=/edgev3/io/projects/jSJFTpA1QWmXTvH2/nextflow/work nextflow log|awk '/edge-jSJFTpA1QWmXTvH2/ &&(/OK/||/ERR/)'|awk '{split($0,array,/	/); print array[4]}'
2026-06-16 21:46:03 [32minfo[39m: 	exec stdout: 
2026-06-16 21:46:04 [32minfo[39m: 	Successfully connected to database mongodb://edgev3_app:edgev3_mongodb_pass@mongodb:27017/edgev3?authSource=admin
2026-06-16 21:46:04 [32minfo[39m: 	HTTP production server up and running on port 5000 !
2026-06-16 21:46:06 [32minfo[39m: 	Successfully connected to database mongodb://edgev3_app:edgev3_mongodb_pass@mongodb:27017/edgev3?authSource=admin
2026-06-16 21:46:06 [32minfo[39m: 	HTTP CRON server up and running on port 5555 !
2026-06-16 21:46:06 [32minfo[39m: 	Successfully connected to database mongodb://edgev3_app:edgev3_mongodb_pass@mongodb:27017/edgev3?authSource=admin
2026-06-16 21:46:06 [32minfo[39m: 	HTTP production server up and running on port 5000 !
2026-06-16 21:46:07 [32minfo[39m: 	Successfully connected to database mongodb://edgev3_app:edgev3_mongodb_pass@mongodb:27017/edgev3?authSource=admin
2026-06-16 21:46:07 [32minfo[39m: 	HTTP production server up and running on port 5000 !
2026-06-16 21:46:09 [32minfo[39m: 	Successfully connected to database mongodb://edgev3_app:edgev3_mongodb_pass@mongodb:27017/edgev3?authSource=admin
2026-06-16 21:46:09 [32minfo[39m: 	HTTP production server up and running on port 5000 !
2026-06-16 21:46:34 [32minfo[39m: 	Successfully connected to database mongodb://edgev3_app:edgev3_mongodb_pass@mongodb:27017/edgev3?authSource=admin
2026-06-16 21:46:34 [32minfo[39m: 	HTTP production server up and running on port 5000 !
2026-06-16 21:46:36 [32minfo[39m: 	Successfully connected to database mongodb://edgev3_app:edgev3_mongodb_pass@mongodb:27017/edgev3?authSource=admin
2026-06-16 21:46:36 [32minfo[39m: 	HTTP CRON server up and running on port 5555 !
2026-06-16 21:46:36 [32minfo[39m: 	Successfully connected to database mongodb://edgev3_app:edgev3_mongodb_pass@mongodb:27017/edgev3?authSource=admin
2026-06-16 21:46:36 [32minfo[39m: 	HTTP production server up and running on port 5000 !
2026-06-16 21:46:37 [32minfo[39m: 	Successfully connected to database mongodb://edgev3_app:edgev3_mongodb_pass@mongodb:27017/edgev3?authSource=admin
2026-06-16 21:46:37 [32minfo[39m: 	HTTP production server up and running on port 5000 !
2026-06-16 21:46:39 [32minfo[39m: 	Successfully connected to database mongodb://edgev3_app:edgev3_mongodb_pass@mongodb:27017/edgev3?authSource=admin
2026-06-16 21:46:39 [32minfo[39m: 	HTTP production server up and running on port 5000 !
2026-06-16 21:47:55 [32minfo[39m: 	Successfully connected to database mongodb://edgev3_app:edgev3_mongodb_pass@mongodb:27017/edgev3?authSource=admin
2026-06-16 21:47:55 [32minfo[39m: 	HTTP production server up and running on port 5000 !
2026-06-16 21:47:56 [32minfo[39m: 	Successfully connected to database mongodb://edgev3_app:edgev3_mongodb_pass@mongodb:27017/edgev3?authSource=admin
2026-06-16 21:47:56 [32minfo[39m: 	HTTP CRON server up and running on port 5555 !
2026-06-16 21:47:56 [32minfo[39m: 	Successfully connected to database mongodb://edgev3_app:edgev3_mongodb_pass@mongodb:27017/edgev3?authSource=admin
2026-06-16 21:47:56 [32minfo[39m: 	HTTP production server up and running on port 5000 !
2026-06-16 21:47:58 [32minfo[39m: 	Successfully connected to database mongodb://edgev3_app:edgev3_mongodb_pass@mongodb:27017/edgev3?authSource=admin
2026-06-16 21:47:58 [32minfo[39m: 	HTTP production server up and running on port 5000 !
2026-06-16 21:47:59 [32minfo[39m: 	Successfully connected to database mongodb://edgev3_app:edgev3_mongodb_pass@mongodb:27017/edgev3?authSource=admin
2026-06-16 21:47:59 [32minfo[39m: 	HTTP production server up and running on port 5000 !
2026-06-16 21:48:00 [32minfo[39m: 	exec:  NXF_CACHE_DIR=/edgev3/io/projects/jSJFTpA1QWmXTvH2/nextflow/work nextflow log|awk '/edge-jSJFTpA1QWmXTvH2/ &&(/OK/||/ERR/)'|awk '{split($0,array,/	/); print array[4]}'
2026-06-16 21:48:03 [32minfo[39m: 	exec stdout: 
2026-06-16 21:48:25 [32minfo[39m: 	Successfully connected to database mongodb://edgev3_app:edgev3_mongodb_pass@mongodb:27017/edgev3?authSource=admin
2026-06-16 21:48:25 [32minfo[39m: 	HTTP production server up and running on port 5000 !
2026-06-16 21:48:26 [32minfo[39m: 	Successfully connected to database mongodb://edgev3_app:edgev3_mongodb_pass@mongodb:27017/edgev3?authSource=admin
2026-06-16 21:48:26 [32minfo[39m: 	HTTP CRON server up and running on port 5555 !
2026-06-16 21:48:27 [32minfo[39m: 	Successfully connected to database mongodb://edgev3_app:edgev3_mongodb_pass@mongodb:27017/edgev3?authSource=admin
2026-06-16 21:48:27 [32minfo[39m: 	HTTP production server up and running on port 5000 !
2026-06-16 21:48:28 [32minfo[39m: 	Successfully connected to database mongodb://edgev3_app:edgev3_mongodb_pass@mongodb:27017/edgev3?authSource=admin
2026-06-16 21:48:28 [32minfo[39m: 	HTTP production server up and running on port 5000 !
2026-06-16 21:48:30 [32minfo[39m: 	Successfully connected to database mongodb://edgev3_app:edgev3_mongodb_pass@mongodb:27017/edgev3?authSource=admin
2026-06-16 21:48:30 [32minfo[39m: 	HTTP production server up and running on port 5000 !
2026-06-16 21:49:12 [32minfo[39m: 	Successfully connected to database mongodb://edgev3_app:edgev3_mongodb_pass@mongodb:27017/edgev3?authSource=admin
2026-06-16 21:49:12 [32minfo[39m: 	HTTP production server up and running on port 5000 !
2026-06-16 21:49:14 [32minfo[39m: 	Successfully connected to database mongodb://edgev3_app:edgev3_mongodb_pass@mongodb:27017/edgev3?authSource=admin
2026-06-16 21:49:14 [32minfo[39m: 	HTTP CRON server up and running on port 5555 !
2026-06-16 21:49:14 [32minfo[39m: 	Successfully connected to database mongodb://edgev3_app:edgev3_mongodb_pass@mongodb:27017/edgev3?authSource=admin
2026-06-16 21:49:14 [32minfo[39m: 	HTTP production server up and running on port 5000 !
2026-06-16 21:49:16 [32minfo[39m: 	Successfully connected to database mongodb://edgev3_app:edgev3_mongodb_pass@mongodb:27017/edgev3?authSource=admin
2026-06-16 21:49:16 [32minfo[39m: 	HTTP production server up and running on port 5000 !
2026-06-16 21:49:17 [32minfo[39m: 	Successfully connected to database mongodb://edgev3_app:edgev3_mongodb_pass@mongodb:27017/edgev3?authSource=admin
2026-06-16 21:49:17 [32minfo[39m: 	HTTP production server up and running on port 5000 !
2026-06-16 21:49:42 [32minfo[39m: 	Successfully connected to database mongodb://edgev3_app:edgev3_mongodb_pass@mongodb:27017/edgev3?authSource=admin
2026-06-16 21:49:42 [32minfo[39m: 	HTTP production server up and running on port 5000 !
2026-06-16 21:49:44 [32minfo[39m: 	Successfully connected to database mongodb://edgev3_app:edgev3_mongodb_pass@mongodb:27017/edgev3?authSource=admin
2026-06-16 21:49:44 [32minfo[39m: 	HTTP CRON server up and running on port 5555 !
2026-06-16 21:49:44 [32minfo[39m: 	Successfully connected to database mongodb://edgev3_app:edgev3_mongodb_pass@mongodb:27017/edgev3?authSource=admin
2026-06-16 21:49:44 [32minfo[39m: 	HTTP production server up and running on port 5000 !
2026-06-16 21:49:46 [32minfo[39m: 	Successfully connected to database mongodb://edgev3_app:edgev3_mongodb_pass@mongodb:27017/edgev3?authSource=admin
2026-06-16 21:49:46 [32minfo[39m: 	HTTP production server up and running on port 5000 !
2026-06-16 21:49:47 [32minfo[39m: 	Successfully connected to database mongodb://edgev3_app:edgev3_mongodb_pass@mongodb:27017/edgev3?authSource=admin
2026-06-16 21:49:47 [32minfo[39m: 	HTTP production server up and running on port 5000 !
2026-06-16 21:50:00 [32minfo[39m: 	exec:  NXF_CACHE_DIR=/edgev3/io/projects/jSJFTpA1QWmXTvH2/nextflow/work nextflow log|awk '/edge-jSJFTpA1QWmXTvH2/ &&(/OK/||/ERR/)'|awk '{split($0,array,/	/); print array[4]}'
2026-06-16 21:50:03 [32minfo[39m: 	exec stdout: 
2026-06-16 21:50:12 [32minfo[39m: 	Successfully connected to database mongodb://edgev3_app:edgev3_mongodb_pass@mongodb:27017/edgev3?authSource=admin
2026-06-16 21:50:12 [32minfo[39m: 	HTTP production server up and running on port 5000 !
2026-06-16 21:50:14 [32minfo[39m: 	Successfully connected to database mongodb://edgev3_app:edgev3_mongodb_pass@mongodb:27017/edgev3?authSource=admin
2026-06-16 21:50:14 [32minfo[39m: 	HTTP CRON server up and running on port 5555 !
2026-06-16 21:50:14 [32minfo[39m: 	Successfully connected to database mongodb://edgev3_app:edgev3_mongodb_pass@mongodb:27017/edgev3?authSource=admin
2026-06-16 21:50:14 [32minfo[39m: 	HTTP production server up and running on port 5000 !
2026-06-16 21:50:16 [32minfo[39m: 	Successfully connected to database mongodb://edgev3_app:edgev3_mongodb_pass@mongodb:27017/edgev3?authSource=admin
2026-06-16 21:50:16 [32minfo[39m: 	HTTP production server up and running on port 5000 !
2026-06-16 21:50:17 [32minfo[39m: 	Successfully connected to database mongodb://edgev3_app:edgev3_mongodb_pass@mongodb:27017/edgev3?authSource=admin
2026-06-16 21:50:17 [32minfo[39m: 	HTTP production server up and running on port 5000 !
2026-06-16 21:50:42 [32minfo[39m: 	Successfully connected to database mongodb://edgev3_app:edgev3_mongodb_pass@mongodb:27017/edgev3?authSource=admin
2026-06-16 21:50:42 [32minfo[39m: 	HTTP production server up and running on port 5000 !
2026-06-16 21:50:44 [32minfo[39m: 	Successfully connected to database mongodb://edgev3_app:edgev3_mongodb_pass@mongodb:27017/edgev3?authSource=admin
2026-06-16 21:50:44 [32minfo[39m: 	HTTP CRON server up and running on port 5555 !
2026-06-16 21:50:44 [32minfo[39m: 	Successfully connected to database mongodb://edgev3_app:edgev3_mongodb_pass@mongodb:27017/edgev3?authSource=admin
2026-06-16 21:50:44 [32minfo[39m: 	HTTP production server up and running on port 5000 !
2026-06-16 21:50:46 [32minfo[39m: 	Successfully connected to database mongodb://edgev3_app:edgev3_mongodb_pass@mongodb:27017/edgev3?authSource=admin
2026-06-16 21:50:46 [32minfo[39m: 	HTTP production server up and running on port 5000 !
2026-06-16 21:50:47 [32minfo[39m: 	Successfully connected to database mongodb://edgev3_app:edgev3_mongodb_pass@mongodb:27017/edgev3?authSource=admin
2026-06-16 21:50:47 [32minfo[39m: 	HTTP production server up and running on port 5000 !
2026-06-16 21:51:12 [32minfo[39m: 	Successfully connected to database mongodb://edgev3_app:edgev3_mongodb_pass@mongodb:27017/edgev3?authSource=admin
2026-06-16 21:51:12 [32minfo[39m: 	HTTP production server up and running on port 5000 !
2026-06-16 21:51:14 [32minfo[39m: 	Successfully connected to database mongodb://edgev3_app:edgev3_mongodb_pass@mongodb:27017/edgev3?authSource=admin
2026-06-16 21:51:14 [32minfo[39m: 	HTTP CRON server up and running on port 5555 !
2026-06-16 21:51:14 [32minfo[39m: 	Successfully connected to database mongodb://edgev3_app:edgev3_mongodb_pass@mongodb:27017/edgev3?authSource=admin
2026-06-16 21:51:14 [32minfo[39m: 	HTTP production server up and running on port 5000 !
2026-06-16 21:51:16 [32minfo[39m: 	Successfully connected to database mongodb://edgev3_app:edgev3_mongodb_pass@mongodb:27017/edgev3?authSource=admin
2026-06-16 21:51:16 [32minfo[39m: 	HTTP production server up and running on port 5000 !
2026-06-16 21:51:18 [32minfo[39m: 	Successfully connected to database mongodb://edgev3_app:edgev3_mongodb_pass@mongodb:27017/edgev3?authSource=admin
2026-06-16 21:51:18 [32minfo[39m: 	HTTP production server up and running on port 5000 !
2026-06-16 21:51:42 [32minfo[39m: 	Successfully connected to database mongodb://edgev3_app:edgev3_mongodb_pass@mongodb:27017/edgev3?authSource=admin
2026-06-16 21:51:42 [32minfo[39m: 	HTTP production server up and running on port 5000 !
2026-06-16 21:51:44 [32minfo[39m: 	Successfully connected to database mongodb://edgev3_app:edgev3_mongodb_pass@mongodb:27017/edgev3?authSource=admin
2026-06-16 21:51:44 [32minfo[39m: 	HTTP CRON server up and running on port 5555 !
2026-06-16 21:51:44 [32minfo[39m: 	Successfully connected to database mongodb://edgev3_app:edgev3_mongodb_pass@mongodb:27017/edgev3?authSource=admin
2026-06-16 21:51:44 [32minfo[39m: 	HTTP production server up and running on port 5000 !
2026-06-16 21:51:46 [32minfo[39m: 	Successfully connected to database mongodb://edgev3_app:edgev3_mongodb_pass@mongodb:27017/edgev3?authSource=admin
2026-06-16 21:51:46 [32minfo[39m: 	HTTP production server up and running on port 5000 !
2026-06-16 21:51:47 [32minfo[39m: 	Successfully connected to database mongodb://edgev3_app:edgev3_mongodb_pass@mongodb:27017/edgev3?authSource=admin
2026-06-16 21:51:47 [32minfo[39m: 	HTTP production server up and running on port 5000 !
2026-06-16 21:52:00 [32minfo[39m: 	exec:  NXF_CACHE_DIR=/edgev3/io/projects/jSJFTpA1QWmXTvH2/nextflow/work nextflow log|awk '/edge-jSJFTpA1QWmXTvH2/ &&(/OK/||/ERR/)'|awk '{split($0,array,/	/); print array[4]}'
2026-06-16 21:52:03 [32minfo[39m: 	exec stdout: 
2026-06-16 21:52:12 [32minfo[39m: 	Successfully connected to database mongodb://edgev3_app:edgev3_mongodb_pass@mongodb:27017/edgev3?authSource=admin
2026-06-16 21:52:12 [32minfo[39m: 	HTTP production server up and running on port 5000 !
2026-06-16 21:52:14 [32minfo[39m: 	Successfully connected to database mongodb://edgev3_app:edgev3_mongodb_pass@mongodb:27017/edgev3?authSource=admin
2026-06-16 21:52:14 [32minfo[39m: 	HTTP CRON server up and running on port 5555 !
2026-06-16 21:52:14 [32minfo[39m: 	Successfully connected to database mongodb://edgev3_app:edgev3_mongodb_pass@mongodb:27017/edgev3?authSource=admin
2026-06-16 21:52:14 [32minfo[39m: 	HTTP production server up and running on port 5000 !
2026-06-16 21:52:16 [32minfo[39m: 	Successfully connected to database mongodb://edgev3_app:edgev3_mongodb_pass@mongodb:27017/edgev3?authSource=admin
2026-06-16 21:52:16 [32minfo[39m: 	HTTP production server up and running on port 5000 !
2026-06-16 21:52:17 [32minfo[39m: 	Successfully connected to database mongodb://edgev3_app:edgev3_mongodb_pass@mongodb:27017/edgev3?authSource=admin
2026-06-16 21:52:17 [32minfo[39m: 	HTTP production server up and running on port 5000 !
2026-06-16 21:52:42 [32minfo[39m: 	Successfully connected to database mongodb://edgev3_app:edgev3_mongodb_pass@mongodb:27017/edgev3?authSource=admin
2026-06-16 21:52:42 [32minfo[39m: 	HTTP production server up and running on port 5000 !
2026-06-16 21:52:44 [32minfo[39m: 	Successfully connected to database mongodb://edgev3_app:edgev3_mongodb_pass@mongodb:27017/edgev3?authSource=admin
2026-06-16 21:52:44 [32minfo[39m: 	HTTP CRON server up and running on port 5555 !
2026-06-16 21:52:44 [32minfo[39m: 	Successfully connected to database mongodb://edgev3_app:edgev3_mongodb_pass@mongodb:27017/edgev3?authSource=admin
2026-06-16 21:52:44 [32minfo[39m: 	HTTP production server up and running on port 5000 !
2026-06-16 21:52:46 [32minfo[39m: 	Successfully connected to database mongodb://edgev3_app:edgev3_mongodb_pass@mongodb:27017/edgev3?authSource=admin
2026-06-16 21:52:46 [32minfo[39m: 	HTTP production server up and running on port 5000 !
2026-06-16 21:52:47 [32minfo[39m: 	Successfully connected to database mongodb://edgev3_app:edgev3_mongodb_pass@mongodb:27017/edgev3?authSource=admin
2026-06-16 21:52:47 [32minfo[39m: 	HTTP production server up and running on port 5000 !
2026-06-16 21:53:12 [32minfo[39m: 	Successfully connected to database mongodb://edgev3_app:edgev3_mongodb_pass@mongodb:27017/edgev3?authSource=admin
2026-06-16 21:53:12 [32minfo[39m: 	HTTP production server up and running on port 5000 !
2026-06-16 21:53:14 [32minfo[39m: 	Successfully connected to database mongodb://edgev3_app:edgev3_mongodb_pass@mongodb:27017/edgev3?authSource=admin
2026-06-16 21:53:14 [32minfo[39m: 	HTTP CRON server up and running on port 5555 !
2026-06-16 21:53:14 [32minfo[39m: 	Successfully connected to database mongodb://edgev3_app:edgev3_mongodb_pass@mongodb:27017/edgev3?authSource=admin
2026-06-16 21:53:14 [32minfo[39m: 	HTTP production server up and running on port 5000 !
2026-06-16 21:53:16 [32minfo[39m: 	Successfully connected to database mongodb://edgev3_app:edgev3_mongodb_pass@mongodb:27017/edgev3?authSource=admin
2026-06-16 21:53:16 [32minfo[39m: 	HTTP production server up and running on port 5000 !
2026-06-16 21:53:17 [32minfo[39m: 	Successfully connected to database mongodb://edgev3_app:edgev3_mongodb_pass@mongodb:27017/edgev3?authSource=admin
2026-06-16 21:53:17 [32minfo[39m: 	HTTP production server up and running on port 5000 !
2026-06-16 21:53:42 [32minfo[39m: 	Successfully connected to database mongodb://edgev3_app:edgev3_mongodb_pass@mongodb:27017/edgev3?authSource=admin
2026-06-16 21:53:42 [32minfo[39m: 	HTTP production server up and running on port 5000 !
2026-06-16 21:53:44 [32minfo[39m: 	Successfully connected to database mongodb://edgev3_app:edgev3_mongodb_pass@mongodb:27017/edgev3?authSource=admin
2026-06-16 21:53:44 [32minfo[39m: 	HTTP CRON server up and running on port 5555 !
2026-06-16 21:53:44 [32minfo[39m: 	Successfully connected to database mongodb://edgev3_app:edgev3_mongodb_pass@mongodb:27017/edgev3?authSource=admin
2026-06-16 21:53:44 [32minfo[39m: 	HTTP production server up and running on port 5000 !
2026-06-16 21:53:46 [32minfo[39m: 	Successfully connected to database mongodb://edgev3_app:edgev3_mongodb_pass@mongodb:27017/edgev3?authSource=admin
2026-06-16 21:53:46 [32minfo[39m: 	HTTP production server up and running on port 5000 !
2026-06-16 21:53:47 [32minfo[39m: 	Successfully connected to database mongodb://edgev3_app:edgev3_mongodb_pass@mongodb:27017/edgev3?authSource=admin
2026-06-16 21:53:47 [32minfo[39m: 	HTTP production server up and running on port 5000 !
2026-06-16 21:54:00 [32minfo[39m: 	exec:  NXF_CACHE_DIR=/edgev3/io/projects/jSJFTpA1QWmXTvH2/nextflow/work nextflow log|awk '/edge-jSJFTpA1QWmXTvH2/ &&(/OK/||/ERR/)'|awk '{split($0,array,/	/); print array[4]}'
2026-06-16 21:54:03 [32minfo[39m: 	exec stdout: 
2026-06-16 21:54:12 [32minfo[39m: 	Successfully connected to database mongodb://edgev3_app:edgev3_mongodb_pass@mongodb:27017/edgev3?authSource=admin
2026-06-16 21:54:12 [32minfo[39m: 	HTTP production server up and running on port 5000 !
2026-06-16 21:54:14 [32minfo[39m: 	Successfully connected to database mongodb://edgev3_app:edgev3_mongodb_pass@mongodb:27017/edgev3?authSource=admin
2026-06-16 21:54:14 [32minfo[39m: 	HTTP CRON server up and running on port 5555 !
2026-06-16 21:54:14 [32minfo[39m: 	Successfully connected to database mongodb://edgev3_app:edgev3_mongodb_pass@mongodb:27017/edgev3?authSource=admin
2026-06-16 21:54:14 [32minfo[39m: 	HTTP production server up and running on port 5000 !
2026-06-16 21:54:16 [32minfo[39m: 	Successfully connected to database mongodb://edgev3_app:edgev3_mongodb_pass@mongodb:27017/edgev3?authSource=admin
2026-06-16 21:54:16 [32minfo[39m: 	HTTP production server up and running on port 5000 !
2026-06-16 21:54:17 [32minfo[39m: 	Successfully connected to database mongodb://edgev3_app:edgev3_mongodb_pass@mongodb:27017/edgev3?authSource=admin
2026-06-16 21:54:17 [32minfo[39m: 	HTTP production server up and running on port 5000 !
2026-06-16 21:54:42 [32minfo[39m: 	Successfully connected to database mongodb://edgev3_app:edgev3_mongodb_pass@mongodb:27017/edgev3?authSource=admin
2026-06-16 21:54:42 [32minfo[39m: 	HTTP production server up and running on port 5000 !
2026-06-16 21:54:44 [32minfo[39m: 	Successfully connected to database mongodb://edgev3_app:edgev3_mongodb_pass@mongodb:27017/edgev3?authSource=admin
2026-06-16 21:54:44 [32minfo[39m: 	HTTP CRON server up and running on port 5555 !
2026-06-16 21:54:44 [32minfo[39m: 	Successfully connected to database mongodb://edgev3_app:edgev3_mongodb_pass@mongodb:27017/edgev3?authSource=admin
2026-06-16 21:54:44 [32minfo[39m: 	HTTP production server up and running on port 5000 !
2026-06-16 21:54:46 [32minfo[39m: 	Successfully connected to database mongodb://edgev3_app:edgev3_mongodb_pass@mongodb:27017/edgev3?authSource=admin
2026-06-16 21:54:46 [32minfo[39m: 	HTTP production server up and running on port 5000 !
2026-06-16 21:54:48 [32minfo[39m: 	Successfully connected to database mongodb://edgev3_app:edgev3_mongodb_pass@mongodb:27017/edgev3?authSource=admin
2026-06-16 21:54:48 [32minfo[39m: 	HTTP production server up and running on port 5000 !
2026-06-16 21:55:12 [32minfo[39m: 	Successfully connected to database mongodb://edgev3_app:edgev3_mongodb_pass@mongodb:27017/edgev3?authSource=admin
2026-06-16 21:55:12 [32minfo[39m: 	HTTP production server up and running on port 5000 !
2026-06-16 21:55:14 [32minfo[39m: 	Successfully connected to database mongodb://edgev3_app:edgev3_mongodb_pass@mongodb:27017/edgev3?authSource=admin
2026-06-16 21:55:14 [32minfo[39m: 	HTTP CRON server up and running on port 5555 !
2026-06-16 21:55:14 [32minfo[39m: 	Successfully connected to database mongodb://edgev3_app:edgev3_mongodb_pass@mongodb:27017/edgev3?authSource=admin
2026-06-16 21:55:14 [32minfo[39m: 	HTTP production server up and running on port 5000 !
2026-06-16 21:55:16 [32minfo[39m: 	Successfully connected to database mongodb://edgev3_app:edgev3_mongodb_pass@mongodb:27017/edgev3?authSource=admin
2026-06-16 21:55:16 [32minfo[39m: 	HTTP production server up and running on port 5000 !
2026-06-16 21:55:17 [32minfo[39m: 	Successfully connected to database mongodb://edgev3_app:edgev3_mongodb_pass@mongodb:27017/edgev3?authSource=admin
2026-06-16 21:55:17 [32minfo[39m: 	HTTP production server up and running on port 5000 !
2026-06-16 21:55:42 [32minfo[39m: 	Successfully connected to database mongodb://edgev3_app:edgev3_mongodb_pass@mongodb:27017/edgev3?authSource=admin
2026-06-16 21:55:42 [32minfo[39m: 	HTTP production server up and running on port 5000 !
2026-06-16 21:55:44 [32minfo[39m: 	Successfully connected to database mongodb://edgev3_app:edgev3_mongodb_pass@mongodb:27017/edgev3?authSource=admin
2026-06-16 21:55:44 [32minfo[39m: 	HTTP CRON server up and running on port 5555 !
2026-06-16 21:55:44 [32minfo[39m: 	Successfully connected to database mongodb://edgev3_app:edgev3_mongodb_pass@mongodb:27017/edgev3?authSource=admin
2026-06-16 21:55:44 [32minfo[39m: 	HTTP production server up and running on port 5000 !
2026-06-16 21:55:46 [32minfo[39m: 	Successfully connected to database mongodb://edgev3_app:edgev3_mongodb_pass@mongodb:27017/edgev3?authSource=admin
2026-06-16 21:55:46 [32minfo[39m: 	HTTP production server up and running on port 5000 !
2026-06-16 21:55:48 [32minfo[39m: 	Successfully connected to database mongodb://edgev3_app:edgev3_mongodb_pass@mongodb:27017/edgev3?authSource=admin
2026-06-16 21:55:48 [32minfo[39m: 	HTTP production server up and running on port 5000 !
2026-06-16 21:56:00 [32minfo[39m: 	exec:  NXF_CACHE_DIR=/edgev3/io/projects/jSJFTpA1QWmXTvH2/nextflow/work nextflow log|awk '/edge-jSJFTpA1QWmXTvH2/ &&(/OK/||/ERR/)'|awk '{split($0,array,/	/); print array[4]}'
2026-06-16 21:56:04 [32minfo[39m: 	exec stdout: 
2026-06-16 21:56:13 [32minfo[39m: 	Successfully connected to database mongodb://edgev3_app:edgev3_mongodb_pass@mongodb:27017/edgev3?authSource=admin
2026-06-16 21:56:13 [32minfo[39m: 	HTTP production server up and running on port 5000 !
2026-06-16 21:56:14 [32minfo[39m: 	Successfully connected to database mongodb://edgev3_app:edgev3_mongodb_pass@mongodb:27017/edgev3?authSource=admin
2026-06-16 21:56:14 [32minfo[39m: 	HTTP CRON server up and running on port 5555 !
2026-06-16 21:56:14 [32minfo[39m: 	Successfully connected to database mongodb://edgev3_app:edgev3_mongodb_pass@mongodb:27017/edgev3?authSource=admin
2026-06-16 21:56:14 [32minfo[39m: 	HTTP production server up and running on port 5000 !
2026-06-16 21:56:16 [32minfo[39m: 	Successfully connected to database mongodb://edgev3_app:edgev3_mongodb_pass@mongodb:27017/edgev3?authSource=admin
2026-06-16 21:56:16 [32minfo[39m: 	HTTP production server up and running on port 5000 !
2026-06-16 21:56:18 [32minfo[39m: 	Successfully connected to database mongodb://edgev3_app:edgev3_mongodb_pass@mongodb:27017/edgev3?authSource=admin
2026-06-16 21:56:18 [32minfo[39m: 	HTTP production server up and running on port 5000 !
2026-06-16 21:56:42 [32minfo[39m: 	Successfully connected to database mongodb://edgev3_app:edgev3_mongodb_pass@mongodb:27017/edgev3?authSource=admin
2026-06-16 21:56:42 [32minfo[39m: 	HTTP production server up and running on port 5000 !
2026-06-16 21:56:44 [32minfo[39m: 	Successfully connected to database mongodb://edgev3_app:edgev3_mongodb_pass@mongodb:27017/edgev3?authSource=admin
2026-06-16 21:56:44 [32minfo[39m: 	HTTP CRON server up and running on port 5555 !
2026-06-16 21:56:44 [32minfo[39m: 	Successfully connected to database mongodb://edgev3_app:edgev3_mongodb_pass@mongodb:27017/edgev3?authSource=admin
2026-06-16 21:56:44 [32minfo[39m: 	HTTP production server up and running on port 5000 !
2026-06-16 21:56:46 [32minfo[39m: 	Successfully connected to database mongodb://edgev3_app:edgev3_mongodb_pass@mongodb:27017/edgev3?authSource=admin
2026-06-16 21:56:46 [32minfo[39m: 	HTTP production server up and running on port 5000 !
2026-06-16 21:56:48 [32minfo[39m: 	Successfully connected to database mongodb://edgev3_app:edgev3_mongodb_pass@mongodb:27017/edgev3?authSource=admin
2026-06-16 21:56:48 [32minfo[39m: 	HTTP production server up and running on port 5000 !
2026-06-16 21:57:12 [32minfo[39m: 	Successfully connected to database mongodb://edgev3_app:edgev3_mongodb_pass@mongodb:27017/edgev3?authSource=admin
2026-06-16 21:57:12 [32minfo[39m: 	HTTP production server up and running on port 5000 !
2026-06-16 21:57:14 [32minfo[39m: 	Successfully connected to database mongodb://edgev3_app:edgev3_mongodb_pass@mongodb:27017/edgev3?authSource=admin
2026-06-16 21:57:14 [32minfo[39m: 	HTTP CRON server up and running on port 5555 !
2026-06-16 21:57:14 [32minfo[39m: 	Successfully connected to database mongodb://edgev3_app:edgev3_mongodb_pass@mongodb:27017/edgev3?authSource=admin
2026-06-16 21:57:14 [32minfo[39m: 	HTTP production server up and running on port 5000 !
2026-06-16 21:57:16 [32minfo[39m: 	Successfully connected to database mongodb://edgev3_app:edgev3_mongodb_pass@mongodb:27017/edgev3?authSource=admin
2026-06-16 21:57:16 [32minfo[39m: 	HTTP production server up and running on port 5000 !
2026-06-16 21:57:17 [32minfo[39m: 	Successfully connected to database mongodb://edgev3_app:edgev3_mongodb_pass@mongodb:27017/edgev3?authSource=admin
2026-06-16 21:57:17 [32minfo[39m: 	HTTP production server up and running on port 5000 !
2026-06-16 21:57:42 [32minfo[39m: 	Successfully connected to database mongodb://edgev3_app:edgev3_mongodb_pass@mongodb:27017/edgev3?authSource=admin
2026-06-16 21:57:42 [32minfo[39m: 	HTTP production server up and running on port 5000 !
2026-06-16 21:57:44 [32minfo[39m: 	Successfully connected to database mongodb://edgev3_app:edgev3_mongodb_pass@mongodb:27017/edgev3?authSource=admin
2026-06-16 21:57:44 [32minfo[39m: 	HTTP CRON server up and running on port 5555 !
2026-06-16 21:57:44 [32minfo[39m: 	Successfully connected to database mongodb://edgev3_app:edgev3_mongodb_pass@mongodb:27017/edgev3?authSource=admin
2026-06-16 21:57:44 [32minfo[39m: 	HTTP production server up and running on port 5000 !
2026-06-16 21:57:46 [32minfo[39m: 	Successfully connected to database mongodb://edgev3_app:edgev3_mongodb_pass@mongodb:27017/edgev3?authSource=admin
2026-06-16 21:57:46 [32minfo[39m: 	HTTP production server up and running on port 5000 !
2026-06-16 21:57:47 [32minfo[39m: 	Successfully connected to database mongodb://edgev3_app:edgev3_mongodb_pass@mongodb:27017/edgev3?authSource=admin
2026-06-16 21:57:47 [32minfo[39m: 	HTTP production server up and running on port 5000 !
2026-06-16 21:58:00 [32minfo[39m: 	exec:  NXF_CACHE_DIR=/edgev3/io/projects/jSJFTpA1QWmXTvH2/nextflow/work nextflow log|awk '/edge-jSJFTpA1QWmXTvH2/ &&(/OK/||/ERR/)'|awk '{split($0,array,/	/); print array[4]}'
2026-06-16 21:58:03 [32minfo[39m: 	exec stdout: 
2026-06-16 21:58:12 [32minfo[39m: 	Successfully connected to database mongodb://edgev3_app:edgev3_mongodb_pass@mongodb:27017/edgev3?authSource=admin
2026-06-16 21:58:12 [32minfo[39m: 	HTTP production server up and running on port 5000 !
2026-06-16 21:58:14 [32minfo[39m: 	Successfully connected to database mongodb://edgev3_app:edgev3_mongodb_pass@mongodb:27017/edgev3?authSource=admin
2026-06-16 21:58:14 [32minfo[39m: 	HTTP CRON server up and running on port 5555 !
2026-06-16 21:58:14 [32minfo[39m: 	Successfully connected to database mongodb://edgev3_app:edgev3_mongodb_pass@mongodb:27017/edgev3?authSource=admin
2026-06-16 21:58:14 [32minfo[39m: 	HTTP production server up and running on port 5000 !
2026-06-16 21:58:16 [32minfo[39m: 	Successfully connected to database mongodb://edgev3_app:edgev3_mongodb_pass@mongodb:27017/edgev3?authSource=admin
2026-06-16 21:58:16 [32minfo[39m: 	HTTP production server up and running on port 5000 !
2026-06-16 21:58:18 [32minfo[39m: 	Successfully connected to database mongodb://edgev3_app:edgev3_mongodb_pass@mongodb:27017/edgev3?authSource=admin
2026-06-16 21:58:18 [32minfo[39m: 	HTTP production server up and running on port 5000 !
2026-06-16 21:58:42 [32minfo[39m: 	Successfully connected to database mongodb://edgev3_app:edgev3_mongodb_pass@mongodb:27017/edgev3?authSource=admin
2026-06-16 21:58:42 [32minfo[39m: 	HTTP production server up and running on port 5000 !
2026-06-16 21:58:44 [32minfo[39m: 	Successfully connected to database mongodb://edgev3_app:edgev3_mongodb_pass@mongodb:27017/edgev3?authSource=admin
2026-06-16 21:58:44 [32minfo[39m: 	HTTP production server up and running on port 5000 !
2026-06-16 21:58:46 [32minfo[39m: 	Successfully connected to database mongodb://edgev3_app:edgev3_mongodb_pass@mongodb:27017/edgev3?authSource=admin
2026-06-16 21:58:46 [32minfo[39m: 	HTTP production server up and running on port 5000 !
2026-06-16 21:58:47 [32minfo[39m: 	Successfully connected to database mongodb://edgev3_app:edgev3_mongodb_pass@mongodb:27017/edgev3?authSource=admin
2026-06-16 21:58:47 [32minfo[39m: 	HTTP production server up and running on port 5000 !
2026-06-16 21:59:12 [32minfo[39m: 	Successfully connected to database mongodb://edgev3_app:edgev3_mongodb_pass@mongodb:27017/edgev3?authSource=admin
2026-06-16 21:59:12 [32minfo[39m: 	HTTP production server up and running on port 5000 !
2026-06-16 21:59:14 [32minfo[39m: 	Successfully connected to database mongodb://edgev3_app:edgev3_mongodb_pass@mongodb:27017/edgev3?authSource=admin
2026-06-16 21:59:14 [32minfo[39m: 	HTTP CRON server up and running on port 5555 !
2026-06-16 21:59:14 [32minfo[39m: 	Successfully connected to database mongodb://edgev3_app:edgev3_mongodb_pass@mongodb:27017/edgev3?authSource=admin
2026-06-16 21:59:14 [32minfo[39m: 	HTTP production server up and running on port 5000 !
2026-06-16 21:59:16 [32minfo[39m: 	Successfully connected to database mongodb://edgev3_app:edgev3_mongodb_pass@mongodb:27017/edgev3?authSource=admin
2026-06-16 21:59:16 [32minfo[39m: 	HTTP production server up and running on port 5000 !
2026-06-16 21:59:17 [32minfo[39m: 	Successfully connected to database mongodb://edgev3_app:edgev3_mongodb_pass@mongodb:27017/edgev3?authSource=admin
2026-06-16 21:59:17 [32minfo[39m: 	HTTP production server up and running on port 5000 !
2026-06-16 21:59:42 [32minfo[39m: 	Successfully connected to database mongodb://edgev3_app:edgev3_mongodb_pass@mongodb:27017/edgev3?authSource=admin
2026-06-16 21:59:42 [32minfo[39m: 	HTTP production server up and running on port 5000 !
2026-06-16 21:59:44 [32minfo[39m: 	Successfully connected to database mongodb://edgev3_app:edgev3_mongodb_pass@mongodb:27017/edgev3?authSource=admin
2026-06-16 21:59:44 [32minfo[39m: 	HTTP CRON server up and running on port 5555 !
2026-06-16 21:59:44 [32minfo[39m: 	Successfully connected to database mongodb://edgev3_app:edgev3_mongodb_pass@mongodb:27017/edgev3?authSource=admin
2026-06-16 21:59:44 [32minfo[39m: 	HTTP production server up and running on port 5000 !
2026-06-16 21:59:46 [32minfo[39m: 	Successfully connected to database mongodb://edgev3_app:edgev3_mongodb_pass@mongodb:27017/edgev3?authSource=admin
2026-06-16 21:59:46 [32minfo[39m: 	HTTP production server up and running on port 5000 !
2026-06-16 21:59:47 [32minfo[39m: 	Successfully connected to database mongodb://edgev3_app:edgev3_mongodb_pass@mongodb:27017/edgev3?authSource=admin
2026-06-16 21:59:47 [32minfo[39m: 	HTTP production server up and running on port 5000 !
2026-06-16 22:00:12 [32minfo[39m: 	Successfully connected to database mongodb://edgev3_app:edgev3_mongodb_pass@mongodb:27017/edgev3?authSource=admin
2026-06-16 22:00:12 [32minfo[39m: 	HTTP production server up and running on port 5000 !
2026-06-16 22:00:14 [32minfo[39m: 	Successfully connected to database mongodb://edgev3_app:edgev3_mongodb_pass@mongodb:27017/edgev3?authSource=admin
2026-06-16 22:00:14 [32minfo[39m: 	HTTP CRON server up and running on port 5555 !
2026-06-16 22:00:14 [32minfo[39m: 	Successfully connected to database mongodb://edgev3_app:edgev3_mongodb_pass@mongodb:27017/edgev3?authSource=admin
2026-06-16 22:00:14 [32minfo[39m: 	HTTP production server up and running on port 5000 !
2026-06-16 22:00:16 [32minfo[39m: 	Successfully connected to database mongodb://edgev3_app:edgev3_mongodb_pass@mongodb:27017/edgev3?authSource=admin
2026-06-16 22:00:16 [32minfo[39m: 	HTTP production server up and running on port 5000 !
2026-06-16 22:00:17 [32minfo[39m: 	Successfully connected to database mongodb://edgev3_app:edgev3_mongodb_pass@mongodb:27017/edgev3?authSource=admin
2026-06-16 22:00:17 [32minfo[39m: 	HTTP production server up and running on port 5000 !
2026-06-16 22:00:42 [32minfo[39m: 	Successfully connected to database mongodb://edgev3_app:edgev3_mongodb_pass@mongodb:27017/edgev3?authSource=admin
2026-06-16 22:00:42 [32minfo[39m: 	HTTP production server up and running on port 5000 !
2026-06-16 22:00:44 [32minfo[39m: 	Successfully connected to database mongodb://edgev3_app:edgev3_mongodb_pass@mongodb:27017/edgev3?authSource=admin
2026-06-16 22:00:44 [32minfo[39m: 	HTTP CRON server up and running on port 5555 !
2026-06-16 22:00:44 [32minfo[39m: 	Successfully connected to database mongodb://edgev3_app:edgev3_mongodb_pass@mongodb:27017/edgev3?authSource=admin
2026-06-16 22:00:44 [32minfo[39m: 	HTTP production server up and running on port 5000 !
2026-06-16 22:00:46 [32minfo[39m: 	Successfully connected to database mongodb://edgev3_app:edgev3_mongodb_pass@mongodb:27017/edgev3?authSource=admin
2026-06-16 22:00:46 [32minfo[39m: 	HTTP production server up and running on port 5000 !
2026-06-16 22:00:47 [32minfo[39m: 	Successfully connected to database mongodb://edgev3_app:edgev3_mongodb_pass@mongodb:27017/edgev3?authSource=admin
2026-06-16 22:00:47 [32minfo[39m: 	HTTP production server up and running on port 5000 !
2026-06-16 22:01:12 [32minfo[39m: 	Successfully connected to database mongodb://edgev3_app:edgev3_mongodb_pass@mongodb:27017/edgev3?authSource=admin
2026-06-16 22:01:12 [32minfo[39m: 	HTTP production server up and running on port 5000 !
2026-06-16 22:01:14 [32minfo[39m: 	Successfully connected to database mongodb://edgev3_app:edgev3_mongodb_pass@mongodb:27017/edgev3?authSource=admin
2026-06-16 22:01:14 [32minfo[39m: 	HTTP CRON server up and running on port 5555 !
2026-06-16 22:01:14 [32minfo[39m: 	Successfully connected to database mongodb://edgev3_app:edgev3_mongodb_pass@mongodb:27017/edgev3?authSource=admin
2026-06-16 22:01:14 [32minfo[39m: 	HTTP production server up and running on port 5000 !
2026-06-16 22:01:16 [32minfo[39m: 	Successfully connected to database mongodb://edgev3_app:edgev3_mongodb_pass@mongodb:27017/edgev3?authSource=admin
2026-06-16 22:01:16 [32minfo[39m: 	HTTP production server up and running on port 5000 !
2026-06-16 22:01:18 [32minfo[39m: 	Successfully connected to database mongodb://edgev3_app:edgev3_mongodb_pass@mongodb:27017/edgev3?authSource=admin
2026-06-16 22:01:18 [32minfo[39m: 	HTTP production server up and running on port 5000 !
2026-06-16 22:01:42 [32minfo[39m: 	Successfully connected to database mongodb://edgev3_app:edgev3_mongodb_pass@mongodb:27017/edgev3?authSource=admin
2026-06-16 22:01:42 [32minfo[39m: 	HTTP production server up and running on port 5000 !
2026-06-16 22:01:44 [32minfo[39m: 	Successfully connected to database mongodb://edgev3_app:edgev3_mongodb_pass@mongodb:27017/edgev3?authSource=admin
2026-06-16 22:01:44 [32minfo[39m: 	HTTP CRON server up and running on port 5555 !
2026-06-16 22:01:44 [32minfo[39m: 	Successfully connected to database mongodb://edgev3_app:edgev3_mongodb_pass@mongodb:27017/edgev3?authSource=admin
2026-06-16 22:01:44 [32minfo[39m: 	HTTP production server up and running on port 5000 !
2026-06-16 22:01:46 [32minfo[39m: 	Successfully connected to database mongodb://edgev3_app:edgev3_mongodb_pass@mongodb:27017/edgev3?authSource=admin
2026-06-16 22:01:46 [32minfo[39m: 	HTTP production server up and running on port 5000 !
2026-06-16 22:01:47 [32minfo[39m: 	Successfully connected to database mongodb://edgev3_app:edgev3_mongodb_pass@mongodb:27017/edgev3?authSource=admin
2026-06-16 22:01:47 [32minfo[39m: 	HTTP production server up and running on port 5000 !
2026-06-16 22:02:00 [32minfo[39m: 	exec:  NXF_CACHE_DIR=/edgev3/io/projects/jSJFTpA1QWmXTvH2/nextflow/work nextflow log|awk '/edge-jSJFTpA1QWmXTvH2/ &&(/OK/||/ERR/)'|awk '{split($0,array,/	/); print array[4]}'
2026-06-16 22:02:03 [32minfo[39m: 	exec stdout: 
2026-06-16 22:02:12 [32minfo[39m: 	Successfully connected to database mongodb://edgev3_app:edgev3_mongodb_pass@mongodb:27017/edgev3?authSource=admin
2026-06-16 22:02:12 [32minfo[39m: 	HTTP production server up and running on port 5000 !
2026-06-16 22:02:14 [32minfo[39m: 	Successfully connected to database mongodb://edgev3_app:edgev3_mongodb_pass@mongodb:27017/edgev3?authSource=admin
2026-06-16 22:02:14 [32minfo[39m: 	HTTP CRON server up and running on port 5555 !
2026-06-16 22:02:14 [32minfo[39m: 	Successfully connected to database mongodb://edgev3_app:edgev3_mongodb_pass@mongodb:27017/edgev3?authSource=admin
2026-06-16 22:02:14 [32minfo[39m: 	HTTP production server up and running on port 5000 !
2026-06-16 22:02:16 [32minfo[39m: 	Successfully connected to database mongodb://edgev3_app:edgev3_mongodb_pass@mongodb:27017/edgev3?authSource=admin
2026-06-16 22:02:16 [32minfo[39m: 	HTTP production server up and running on port 5000 !
2026-06-16 22:02:18 [32minfo[39m: 	Successfully connected to database mongodb://edgev3_app:edgev3_mongodb_pass@mongodb:27017/edgev3?authSource=admin
2026-06-16 22:02:18 [32minfo[39m: 	HTTP production server up and running on port 5000 !
2026-06-16 22:02:42 [32minfo[39m: 	Successfully connected to database mongodb://edgev3_app:edgev3_mongodb_pass@mongodb:27017/edgev3?authSource=admin
2026-06-16 22:02:42 [32minfo[39m: 	HTTP production server up and running on port 5000 !
2026-06-16 22:02:44 [32minfo[39m: 	Successfully connected to database mongodb://edgev3_app:edgev3_mongodb_pass@mongodb:27017/edgev3?authSource=admin
2026-06-16 22:02:44 [32minfo[39m: 	HTTP CRON server up and running on port 5555 !
2026-06-16 22:02:44 [32minfo[39m: 	Successfully connected to database mongodb://edgev3_app:edgev3_mongodb_pass@mongodb:27017/edgev3?authSource=admin
2026-06-16 22:02:44 [32minfo[39m: 	HTTP production server up and running on port 5000 !
2026-06-16 22:02:46 [32minfo[39m: 	Successfully connected to database mongodb://edgev3_app:edgev3_mongodb_pass@mongodb:27017/edgev3?authSource=admin
2026-06-16 22:02:46 [32minfo[39m: 	HTTP production server up and running on port 5000 !
2026-06-16 22:02:47 [32minfo[39m: 	Successfully connected to database mongodb://edgev3_app:edgev3_mongodb_pass@mongodb:27017/edgev3?authSource=admin
2026-06-16 22:02:47 [32minfo[39m: 	HTTP production server up and running on port 5000 !
2026-06-16 22:03:12 [32minfo[39m: 	Successfully connected to database mongodb://edgev3_app:edgev3_mongodb_pass@mongodb:27017/edgev3?authSource=admin
2026-06-16 22:03:12 [32minfo[39m: 	HTTP production server up and running on port 5000 !
2026-06-16 22:03:14 [32minfo[39m: 	Successfully connected to database mongodb://edgev3_app:edgev3_mongodb_pass@mongodb:27017/edgev3?authSource=admin
2026-06-16 22:03:14 [32minfo[39m: 	HTTP CRON server up and running on port 5555 !
2026-06-16 22:03:14 [32minfo[39m: 	Successfully connected to database mongodb://edgev3_app:edgev3_mongodb_pass@mongodb:27017/edgev3?authSource=admin
2026-06-16 22:03:14 [32minfo[39m: 	HTTP production server up and running on port 5000 !
2026-06-16 22:03:16 [32minfo[39m: 	Successfully connected to database mongodb://edgev3_app:edgev3_mongodb_pass@mongodb:27017/edgev3?authSource=admin
2026-06-16 22:03:16 [32minfo[39m: 	HTTP production server up and running on port 5000 !
2026-06-16 22:03:17 [32minfo[39m: 	Successfully connected to database mongodb://edgev3_app:edgev3_mongodb_pass@mongodb:27017/edgev3?authSource=admin
2026-06-16 22:03:17 [32minfo[39m: 	HTTP production server up and running on port 5000 !
2026-06-16 22:03:42 [32minfo[39m: 	Successfully connected to database mongodb://edgev3_app:edgev3_mongodb_pass@mongodb:27017/edgev3?authSource=admin
2026-06-16 22:03:42 [32minfo[39m: 	HTTP production server up and running on port 5000 !
2026-06-16 22:03:44 [32minfo[39m: 	Successfully connected to database mongodb://edgev3_app:edgev3_mongodb_pass@mongodb:27017/edgev3?authSource=admin
2026-06-16 22:03:44 [32minfo[39m: 	HTTP CRON server up and running on port 5555 !
2026-06-16 22:03:44 [32minfo[39m: 	Successfully connected to database mongodb://edgev3_app:edgev3_mongodb_pass@mongodb:27017/edgev3?authSource=admin
2026-06-16 22:03:44 [32minfo[39m: 	HTTP production server up and running on port 5000 !
2026-06-16 22:03:46 [32minfo[39m: 	Successfully connected to database mongodb://edgev3_app:edgev3_mongodb_pass@mongodb:27017/edgev3?authSource=admin
2026-06-16 22:03:46 [32minfo[39m: 	HTTP production server up and running on port 5000 !
2026-06-16 22:03:47 [32minfo[39m: 	Successfully connected to database mongodb://edgev3_app:edgev3_mongodb_pass@mongodb:27017/edgev3?authSource=admin
2026-06-16 22:03:47 [32minfo[39m: 	HTTP production server up and running on port 5000 !
2026-06-16 22:04:00 [32minfo[39m: 	exec:  NXF_CACHE_DIR=/edgev3/io/projects/jSJFTpA1QWmXTvH2/nextflow/work nextflow log|awk '/edge-jSJFTpA1QWmXTvH2/ &&(/OK/||/ERR/)'|awk '{split($0,array,/	/); print array[4]}'
2026-06-16 22:04:03 [32minfo[39m: 	exec stdout: 
2026-06-16 22:04:12 [32minfo[39m: 	Successfully connected to database mongodb://edgev3_app:edgev3_mongodb_pass@mongodb:27017/edgev3?authSource=admin
2026-06-16 22:04:12 [32minfo[39m: 	HTTP production server up and running on port 5000 !
2026-06-16 22:04:14 [32minfo[39m: 	Successfully connected to database mongodb://edgev3_app:edgev3_mongodb_pass@mongodb:27017/edgev3?authSource=admin
2026-06-16 22:04:14 [32minfo[39m: 	HTTP CRON server up and running on port 5555 !
2026-06-16 22:04:14 [32minfo[39m: 	Successfully connected to database mongodb://edgev3_app:edgev3_mongodb_pass@mongodb:27017/edgev3?authSource=admin
2026-06-16 22:04:14 [32minfo[39m: 	HTTP production server up and running on port 5000 !
2026-06-16 22:04:16 [32minfo[39m: 	Successfully connected to database mongodb://edgev3_app:edgev3_mongodb_pass@mongodb:27017/edgev3?authSource=admin
2026-06-16 22:04:16 [32minfo[39m: 	HTTP production server up and running on port 5000 !
2026-06-16 22:04:17 [32minfo[39m: 	Successfully connected to database mongodb://edgev3_app:edgev3_mongodb_pass@mongodb:27017/edgev3?authSource=admin
2026-06-16 22:04:18 [32minfo[39m: 	HTTP production server up and running on port 5000 !
2026-06-16 22:04:42 [32minfo[39m: 	Successfully connected to database mongodb://edgev3_app:edgev3_mongodb_pass@mongodb:27017/edgev3?authSource=admin
2026-06-16 22:04:42 [32minfo[39m: 	HTTP production server up and running on port 5000 !
2026-06-16 22:04:44 [32minfo[39m: 	Successfully connected to database mongodb://edgev3_app:edgev3_mongodb_pass@mongodb:27017/edgev3?authSource=admin
2026-06-16 22:04:44 [32minfo[39m: 	HTTP CRON server up and running on port 5555 !
2026-06-16 22:04:44 [32minfo[39m: 	Successfully connected to database mongodb://edgev3_app:edgev3_mongodb_pass@mongodb:27017/edgev3?authSource=admin
2026-06-16 22:04:44 [32minfo[39m: 	HTTP production server up and running on port 5000 !
2026-06-16 22:04:46 [32minfo[39m: 	Successfully connected to database mongodb://edgev3_app:edgev3_mongodb_pass@mongodb:27017/edgev3?authSource=admin
2026-06-16 22:04:46 [32minfo[39m: 	HTTP production server up and running on port 5000 !
2026-06-16 22:04:48 [32minfo[39m: 	Successfully connected to database mongodb://edgev3_app:edgev3_mongodb_pass@mongodb:27017/edgev3?authSource=admin
2026-06-16 22:04:48 [32minfo[39m: 	HTTP production server up and running on port 5000 !
2026-06-16 22:05:12 [32minfo[39m: 	Successfully connected to database mongodb://edgev3_app:edgev3_mongodb_pass@mongodb:27017/edgev3?authSource=admin
2026-06-16 22:05:12 [32minfo[39m: 	HTTP production server up and running on port 5000 !
2026-06-16 22:05:14 [32minfo[39m: 	Successfully connected to database mongodb://edgev3_app:edgev3_mongodb_pass@mongodb:27017/edgev3?authSource=admin
2026-06-16 22:05:14 [32minfo[39m: 	HTTP CRON server up and running on port 5555 !
2026-06-16 22:05:14 [32minfo[39m: 	Successfully connected to database mongodb://edgev3_app:edgev3_mongodb_pass@mongodb:27017/edgev3?authSource=admin
2026-06-16 22:05:14 [32minfo[39m: 	HTTP production server up and running on port 5000 !
2026-06-16 22:05:16 [32minfo[39m: 	Successfully connected to database mongodb://edgev3_app:edgev3_mongodb_pass@mongodb:27017/edgev3?authSource=admin
2026-06-16 22:05:16 [32minfo[39m: 	HTTP production server up and running on port 5000 !
2026-06-16 22:05:18 [32minfo[39m: 	Successfully connected to database mongodb://edgev3_app:edgev3_mongodb_pass@mongodb:27017/edgev3?authSource=admin
2026-06-16 22:05:18 [32minfo[39m: 	HTTP production server up and running on port 5000 !
2026-06-16 22:05:42 [32minfo[39m: 	Successfully connected to database mongodb://edgev3_app:edgev3_mongodb_pass@mongodb:27017/edgev3?authSource=admin
2026-06-16 22:05:42 [32minfo[39m: 	HTTP production server up and running on port 5000 !
2026-06-16 22:05:44 [32minfo[39m: 	Successfully connected to database mongodb://edgev3_app:edgev3_mongodb_pass@mongodb:27017/edgev3?authSource=admin
2026-06-16 22:05:44 [32minfo[39m: 	HTTP CRON server up and running on port 5555 !
2026-06-16 22:05:44 [32minfo[39m: 	Successfully connected to database mongodb://edgev3_app:edgev3_mongodb_pass@mongodb:27017/edgev3?authSource=admin
2026-06-16 22:05:44 [32minfo[39m: 	HTTP production server up and running on port 5000 !
2026-06-16 22:05:46 [32minfo[39m: 	Successfully connected to database mongodb://edgev3_app:edgev3_mongodb_pass@mongodb:27017/edgev3?authSource=admin
2026-06-16 22:05:46 [32minfo[39m: 	HTTP production server up and running on port 5000 !
2026-06-16 22:05:48 [32minfo[39m: 	Successfully connected to database mongodb://edgev3_app:edgev3_mongodb_pass@mongodb:27017/edgev3?authSource=admin
2026-06-16 22:05:48 [32minfo[39m: 	HTTP production server up and running on port 5000 !
2026-06-16 22:06:00 [32minfo[39m: 	exec:  NXF_CACHE_DIR=/edgev3/io/projects/jSJFTpA1QWmXTvH2/nextflow/work nextflow log|awk '/edge-jSJFTpA1QWmXTvH2/ &&(/OK/||/ERR/)'|awk '{split($0,array,/	/); print array[4]}'
2026-06-16 22:06:04 [32minfo[39m: 	exec stdout: 
2026-06-16 22:06:13 [32minfo[39m: 	Successfully connected to database mongodb://edgev3_app:edgev3_mongodb_pass@mongodb:27017/edgev3?authSource=admin
2026-06-16 22:06:13 [32minfo[39m: 	HTTP production server up and running on port 5000 !
2026-06-16 22:06:14 [32minfo[39m: 	Successfully connected to database mongodb://edgev3_app:edgev3_mongodb_pass@mongodb:27017/edgev3?authSource=admin
2026-06-16 22:06:14 [32minfo[39m: 	HTTP CRON server up and running on port 5555 !
2026-06-16 22:06:15 [32minfo[39m: 	Successfully connected to database mongodb://edgev3_app:edgev3_mongodb_pass@mongodb:27017/edgev3?authSource=admin
2026-06-16 22:06:15 [32minfo[39m: 	HTTP production server up and running on port 5000 !
2026-06-16 22:06:16 [32minfo[39m: 	Successfully connected to database mongodb://edgev3_app:edgev3_mongodb_pass@mongodb:27017/edgev3?authSource=admin
2026-06-16 22:06:16 [32minfo[39m: 	HTTP production server up and running on port 5000 !
2026-06-16 22:06:18 [32minfo[39m: 	Successfully connected to database mongodb://edgev3_app:edgev3_mongodb_pass@mongodb:27017/edgev3?authSource=admin
2026-06-16 22:06:18 [32minfo[39m: 	HTTP production server up and running on port 5000 !
2026-06-16 22:06:42 [32minfo[39m: 	Successfully connected to database mongodb://edgev3_app:edgev3_mongodb_pass@mongodb:27017/edgev3?authSource=admin
2026-06-16 22:06:42 [32minfo[39m: 	HTTP production server up and running on port 5000 !
2026-06-16 22:06:44 [32minfo[39m: 	Successfully connected to database mongodb://edgev3_app:edgev3_mongodb_pass@mongodb:27017/edgev3?authSource=admin
2026-06-16 22:06:44 [32minfo[39m: 	HTTP CRON server up and running on port 5555 !
2026-06-16 22:06:44 [32minfo[39m: 	Successfully connected to database mongodb://edgev3_app:edgev3_mongodb_pass@mongodb:27017/edgev3?authSource=admin
2026-06-16 22:06:44 [32minfo[39m: 	HTTP production server up and running on port 5000 !
2026-06-16 22:06:46 [32minfo[39m: 	Successfully connected to database mongodb://edgev3_app:edgev3_mongodb_pass@mongodb:27017/edgev3?authSource=admin
2026-06-16 22:06:46 [32minfo[39m: 	HTTP production server up and running on port 5000 !
2026-06-16 22:06:47 [32minfo[39m: 	Successfully connected to database mongodb://edgev3_app:edgev3_mongodb_pass@mongodb:27017/edgev3?authSource=admin
2026-06-16 22:06:48 [32minfo[39m: 	HTTP production server up and running on port 5000 !
2026-06-16 22:07:12 [32minfo[39m: 	Successfully connected to database mongodb://edgev3_app:edgev3_mongodb_pass@mongodb:27017/edgev3?authSource=admin
2026-06-16 22:07:13 [32minfo[39m: 	HTTP production server up and running on port 5000 !
2026-06-16 22:07:14 [32minfo[39m: 	Successfully connected to database mongodb://edgev3_app:edgev3_mongodb_pass@mongodb:27017/edgev3?authSource=admin
2026-06-16 22:07:14 [32minfo[39m: 	HTTP CRON server up and running on port 5555 !
2026-06-16 22:07:14 [32minfo[39m: 	Successfully connected to database mongodb://edgev3_app:edgev3_mongodb_pass@mongodb:27017/edgev3?authSource=admin
2026-06-16 22:07:14 [32minfo[39m: 	HTTP production server up and running on port 5000 !
2026-06-16 22:07:16 [32minfo[39m: 	Successfully connected to database mongodb://edgev3_app:edgev3_mongodb_pass@mongodb:27017/edgev3?authSource=admin
2026-06-16 22:07:16 [32minfo[39m: 	HTTP production server up and running on port 5000 !
2026-06-16 22:07:18 [32minfo[39m: 	Successfully connected to database mongodb://edgev3_app:edgev3_mongodb_pass@mongodb:27017/edgev3?authSource=admin
2026-06-16 22:07:18 [32minfo[39m: 	HTTP production server up and running on port 5000 !
2026-06-16 22:07:42 [32minfo[39m: 	Successfully connected to database mongodb://edgev3_app:edgev3_mongodb_pass@mongodb:27017/edgev3?authSource=admin
2026-06-16 22:07:42 [32minfo[39m: 	HTTP production server up and running on port 5000 !
2026-06-16 22:07:44 [32minfo[39m: 	Successfully connected to database mongodb://edgev3_app:edgev3_mongodb_pass@mongodb:27017/edgev3?authSource=admin
2026-06-16 22:07:44 [32minfo[39m: 	HTTP CRON server up and running on port 5555 !
2026-06-16 22:07:44 [32minfo[39m: 	Successfully connected to database mongodb://edgev3_app:edgev3_mongodb_pass@mongodb:27017/edgev3?authSource=admin
2026-06-16 22:07:44 [32minfo[39m: 	HTTP production server up and running on port 5000 !
2026-06-16 22:07:46 [32minfo[39m: 	Successfully connected to database mongodb://edgev3_app:edgev3_mongodb_pass@mongodb:27017/edgev3?authSource=admin
2026-06-16 22:07:46 [32minfo[39m: 	HTTP production server up and running on port 5000 !
2026-06-16 22:07:47 [32minfo[39m: 	Successfully connected to database mongodb://edgev3_app:edgev3_mongodb_pass@mongodb:27017/edgev3?authSource=admin
2026-06-16 22:07:47 [32minfo[39m: 	HTTP production server up and running on port 5000 !
2026-06-16 22:08:00 [32minfo[39m: 	exec:  NXF_CACHE_DIR=/edgev3/io/projects/jSJFTpA1QWmXTvH2/nextflow/work nextflow log|awk '/edge-jSJFTpA1QWmXTvH2/ &&(/OK/||/ERR/)'|awk '{split($0,array,/	/); print array[4]}'
2026-06-16 22:08:04 [32minfo[39m: 	exec stdout: 
2026-06-16 22:08:12 [32minfo[39m: 	Successfully connected to database mongodb://edgev3_app:edgev3_mongodb_pass@mongodb:27017/edgev3?authSource=admin
2026-06-16 22:08:12 [32minfo[39m: 	HTTP production server up and running on port 5000 !
2026-06-16 22:08:14 [32minfo[39m: 	Successfully connected to database mongodb://edgev3_app:edgev3_mongodb_pass@mongodb:27017/edgev3?authSource=admin
2026-06-16 22:08:14 [32minfo[39m: 	HTTP CRON server up and running on port 5555 !
2026-06-16 22:08:14 [32minfo[39m: 	Successfully connected to database mongodb://edgev3_app:edgev3_mongodb_pass@mongodb:27017/edgev3?authSource=admin
2026-06-16 22:08:14 [32minfo[39m: 	HTTP production server up and running on port 5000 !
2026-06-16 22:08:16 [32minfo[39m: 	Successfully connected to database mongodb://edgev3_app:edgev3_mongodb_pass@mongodb:27017/edgev3?authSource=admin
2026-06-16 22:08:16 [32minfo[39m: 	HTTP production server up and running on port 5000 !
2026-06-16 22:08:18 [32minfo[39m: 	Successfully connected to database mongodb://edgev3_app:edgev3_mongodb_pass@mongodb:27017/edgev3?authSource=admin
2026-06-16 22:08:18 [32minfo[39m: 	HTTP production server up and running on port 5000 !
2026-06-16 22:08:42 [32minfo[39m: 	Successfully connected to database mongodb://edgev3_app:edgev3_mongodb_pass@mongodb:27017/edgev3?authSource=admin
2026-06-16 22:08:42 [32minfo[39m: 	HTTP production server up and running on port 5000 !
2026-06-16 22:08:44 [32minfo[39m: 	Successfully connected to database mongodb://edgev3_app:edgev3_mongodb_pass@mongodb:27017/edgev3?authSource=admin
2026-06-16 22:08:44 [32minfo[39m: 	HTTP CRON server up and running on port 5555 !
2026-06-16 22:08:44 [32minfo[39m: 	Successfully connected to database mongodb://edgev3_app:edgev3_mongodb_pass@mongodb:27017/edgev3?authSource=admin
2026-06-16 22:08:44 [32minfo[39m: 	HTTP production server up and running on port 5000 !
2026-06-16 22:08:46 [32minfo[39m: 	Successfully connected to database mongodb://edgev3_app:edgev3_mongodb_pass@mongodb:27017/edgev3?authSource=admin
2026-06-16 22:08:46 [32minfo[39m: 	HTTP production server up and running on port 5000 !
2026-06-16 22:08:48 [32minfo[39m: 	Successfully connected to database mongodb://edgev3_app:edgev3_mongodb_pass@mongodb:27017/edgev3?authSource=admin
2026-06-16 22:08:48 [32minfo[39m: 	HTTP production server up and running on port 5000 !
2026-06-16 22:09:13 [32minfo[39m: 	Successfully connected to database mongodb://edgev3_app:edgev3_mongodb_pass@mongodb:27017/edgev3?authSource=admin
2026-06-16 22:09:13 [32minfo[39m: 	HTTP production server up and running on port 5000 !
2026-06-16 22:09:14 [32minfo[39m: 	Successfully connected to database mongodb://edgev3_app:edgev3_mongodb_pass@mongodb:27017/edgev3?authSource=admin
2026-06-16 22:09:14 [32minfo[39m: 	HTTP CRON server up and running on port 5555 !
2026-06-16 22:09:14 [32minfo[39m: 	Successfully connected to database mongodb://edgev3_app:edgev3_mongodb_pass@mongodb:27017/edgev3?authSource=admin
2026-06-16 22:09:15 [32minfo[39m: 	HTTP production server up and running on port 5000 !
2026-06-16 22:09:16 [32minfo[39m: 	Successfully connected to database mongodb://edgev3_app:edgev3_mongodb_pass@mongodb:27017/edgev3?authSource=admin
2026-06-16 22:09:16 [32minfo[39m: 	HTTP production server up and running on port 5000 !
2026-06-16 22:09:18 [32minfo[39m: 	Successfully connected to database mongodb://edgev3_app:edgev3_mongodb_pass@mongodb:27017/edgev3?authSource=admin
2026-06-16 22:09:18 [32minfo[39m: 	HTTP production server up and running on port 5000 !
2026-06-16 22:09:42 [32minfo[39m: 	Successfully connected to database mongodb://edgev3_app:edgev3_mongodb_pass@mongodb:27017/edgev3?authSource=admin
2026-06-16 22:09:42 [32minfo[39m: 	HTTP production server up and running on port 5000 !
2026-06-16 22:09:44 [32minfo[39m: 	Successfully connected to database mongodb://edgev3_app:edgev3_mongodb_pass@mongodb:27017/edgev3?authSource=admin
2026-06-16 22:09:44 [32minfo[39m: 	HTTP CRON server up and running on port 5555 !
2026-06-16 22:09:44 [32minfo[39m: 	Successfully connected to database mongodb://edgev3_app:edgev3_mongodb_pass@mongodb:27017/edgev3?authSource=admin
2026-06-16 22:09:44 [32minfo[39m: 	HTTP production server up and running on port 5000 !
2026-06-16 22:09:46 [32minfo[39m: 	Successfully connected to database mongodb://edgev3_app:edgev3_mongodb_pass@mongodb:27017/edgev3?authSource=admin
2026-06-16 22:09:46 [32minfo[39m: 	HTTP production server up and running on port 5000 !
2026-06-16 22:09:47 [32minfo[39m: 	Successfully connected to database mongodb://edgev3_app:edgev3_mongodb_pass@mongodb:27017/edgev3?authSource=admin
2026-06-16 22:09:47 [32minfo[39m: 	HTTP production server up and running on port 5000 !
2026-06-16 22:10:00 [32minfo[39m: 	exec:  NXF_CACHE_DIR=/edgev3/io/projects/jSJFTpA1QWmXTvH2/nextflow/work nextflow log|awk '/edge-jSJFTpA1QWmXTvH2/ &&(/OK/||/ERR/)'|awk '{split($0,array,/	/); print array[4]}'
2026-06-16 22:10:03 [32minfo[39m: 	exec stdout: 
2026-06-16 22:10:13 [32minfo[39m: 	Successfully connected to database mongodb://edgev3_app:edgev3_mongodb_pass@mongodb:27017/edgev3?authSource=admin
2026-06-16 22:10:13 [32minfo[39m: 	HTTP production server up and running on port 5000 !
2026-06-16 22:10:14 [32minfo[39m: 	Successfully connected to database mongodb://edgev3_app:edgev3_mongodb_pass@mongodb:27017/edgev3?authSource=admin
2026-06-16 22:10:14 [32minfo[39m: 	HTTP CRON server up and running on port 5555 !
2026-06-16 22:10:14 [32minfo[39m: 	Successfully connected to database mongodb://edgev3_app:edgev3_mongodb_pass@mongodb:27017/edgev3?authSource=admin
2026-06-16 22:10:14 [32minfo[39m: 	HTTP production server up and running on port 5000 !
2026-06-16 22:10:16 [32minfo[39m: 	Successfully connected to database mongodb://edgev3_app:edgev3_mongodb_pass@mongodb:27017/edgev3?authSource=admin
2026-06-16 22:10:16 [32minfo[39m: 	HTTP production server up and running on port 5000 !
2026-06-16 22:10:18 [32minfo[39m: 	Successfully connected to database mongodb://edgev3_app:edgev3_mongodb_pass@mongodb:27017/edgev3?authSource=admin
2026-06-16 22:10:18 [32minfo[39m: 	HTTP production server up and running on port 5000 !
2026-06-16 22:10:42 [32minfo[39m: 	Successfully connected to database mongodb://edgev3_app:edgev3_mongodb_pass@mongodb:27017/edgev3?authSource=admin
2026-06-16 22:10:43 [32minfo[39m: 	HTTP production server up and running on port 5000 !
2026-06-16 22:10:44 [32minfo[39m: 	Successfully connected to database mongodb://edgev3_app:edgev3_mongodb_pass@mongodb:27017/edgev3?authSource=admin
2026-06-16 22:10:44 [32minfo[39m: 	HTTP CRON server up and running on port 5555 !
2026-06-16 22:10:44 [32minfo[39m: 	Successfully connected to database mongodb://edgev3_app:edgev3_mongodb_pass@mongodb:27017/edgev3?authSource=admin
2026-06-16 22:10:44 [32minfo[39m: 	HTTP production server up and running on port 5000 !
2026-06-16 22:10:46 [32minfo[39m: 	Successfully connected to database mongodb://edgev3_app:edgev3_mongodb_pass@mongodb:27017/edgev3?authSource=admin
2026-06-16 22:10:46 [32minfo[39m: 	HTTP production server up and running on port 5000 !
2026-06-16 22:10:47 [32minfo[39m: 	Successfully connected to database mongodb://edgev3_app:edgev3_mongodb_pass@mongodb:27017/edgev3?authSource=admin
2026-06-16 22:10:47 [32minfo[39m: 	HTTP production server up and running on port 5000 !
2026-06-16 22:11:12 [32minfo[39m: 	Successfully connected to database mongodb://edgev3_app:edgev3_mongodb_pass@mongodb:27017/edgev3?authSource=admin
2026-06-16 22:11:13 [32minfo[39m: 	HTTP production server up and running on port 5000 !
2026-06-16 22:11:14 [32minfo[39m: 	Successfully connected to database mongodb://edgev3_app:edgev3_mongodb_pass@mongodb:27017/edgev3?authSource=admin
2026-06-16 22:11:14 [32minfo[39m: 	HTTP CRON server up and running on port 5555 !
2026-06-16 22:11:14 [32minfo[39m: 	Successfully connected to database mongodb://edgev3_app:edgev3_mongodb_pass@mongodb:27017/edgev3?authSource=admin
2026-06-16 22:11:14 [32minfo[39m: 	HTTP production server up and running on port 5000 !
2026-06-16 22:11:16 [32minfo[39m: 	Successfully connected to database mongodb://edgev3_app:edgev3_mongodb_pass@mongodb:27017/edgev3?authSource=admin
2026-06-16 22:11:16 [32minfo[39m: 	HTTP production server up and running on port 5000 !
2026-06-16 22:11:18 [32minfo[39m: 	Successfully connected to database mongodb://edgev3_app:edgev3_mongodb_pass@mongodb:27017/edgev3?authSource=admin
2026-06-16 22:11:18 [32minfo[39m: 	HTTP production server up and running on port 5000 !
2026-06-16 22:11:42 [32minfo[39m: 	Successfully connected to database mongodb://edgev3_app:edgev3_mongodb_pass@mongodb:27017/edgev3?authSource=admin
2026-06-16 22:11:42 [32minfo[39m: 	HTTP production server up and running on port 5000 !
2026-06-16 22:11:44 [32minfo[39m: 	Successfully connected to database mongodb://edgev3_app:edgev3_mongodb_pass@mongodb:27017/edgev3?authSource=admin
2026-06-16 22:11:44 [32minfo[39m: 	HTTP CRON server up and running on port 5555 !
2026-06-16 22:11:44 [32minfo[39m: 	Successfully connected to database mongodb://edgev3_app:edgev3_mongodb_pass@mongodb:27017/edgev3?authSource=admin
2026-06-16 22:11:44 [32minfo[39m: 	HTTP production server up and running on port 5000 !
2026-06-16 22:11:46 [32minfo[39m: 	Successfully connected to database mongodb://edgev3_app:edgev3_mongodb_pass@mongodb:27017/edgev3?authSource=admin
2026-06-16 22:11:46 [32minfo[39m: 	HTTP production server up and running on port 5000 !
2026-06-16 22:11:47 [32minfo[39m: 	Successfully connected to database mongodb://edgev3_app:edgev3_mongodb_pass@mongodb:27017/edgev3?authSource=admin
2026-06-16 22:11:47 [32minfo[39m: 	HTTP production server up and running on port 5000 !
2026-06-16 22:12:00 [32minfo[39m: 	exec:  NXF_CACHE_DIR=/edgev3/io/projects/jSJFTpA1QWmXTvH2/nextflow/work nextflow log|awk '/edge-jSJFTpA1QWmXTvH2/ &&(/OK/||/ERR/)'|awk '{split($0,array,/	/); print array[4]}'
2026-06-16 22:12:04 [32minfo[39m: 	exec stdout: 
2026-06-16 22:12:12 [32minfo[39m: 	Successfully connected to database mongodb://edgev3_app:edgev3_mongodb_pass@mongodb:27017/edgev3?authSource=admin
2026-06-16 22:12:12 [32minfo[39m: 	HTTP production server up and running on port 5000 !
2026-06-16 22:12:14 [32minfo[39m: 	Successfully connected to database mongodb://edgev3_app:edgev3_mongodb_pass@mongodb:27017/edgev3?authSource=admin
2026-06-16 22:12:14 [32minfo[39m: 	HTTP CRON server up and running on port 5555 !
2026-06-16 22:12:14 [32minfo[39m: 	Successfully connected to database mongodb://edgev3_app:edgev3_mongodb_pass@mongodb:27017/edgev3?authSource=admin
2026-06-16 22:12:14 [32minfo[39m: 	HTTP production server up and running on port 5000 !
2026-06-16 22:12:16 [32minfo[39m: 	Successfully connected to database mongodb://edgev3_app:edgev3_mongodb_pass@mongodb:27017/edgev3?authSource=admin
2026-06-16 22:12:16 [32minfo[39m: 	HTTP production server up and running on port 5000 !
2026-06-16 22:12:18 [32minfo[39m: 	Successfully connected to database mongodb://edgev3_app:edgev3_mongodb_pass@mongodb:27017/edgev3?authSource=admin
2026-06-16 22:12:18 [32minfo[39m: 	HTTP production server up and running on port 5000 !
2026-06-16 22:12:43 [32minfo[39m: 	Successfully connected to database mongodb://edgev3_app:edgev3_mongodb_pass@mongodb:27017/edgev3?authSource=admin
2026-06-16 22:12:43 [32minfo[39m: 	HTTP production server up and running on port 5000 !
2026-06-16 22:12:45 [32minfo[39m: 	Successfully connected to database mongodb://edgev3_app:edgev3_mongodb_pass@mongodb:27017/edgev3?authSource=admin
2026-06-16 22:12:45 [32minfo[39m: 	HTTP CRON server up and running on port 5555 !
2026-06-16 22:12:45 [32minfo[39m: 	Successfully connected to database mongodb://edgev3_app:edgev3_mongodb_pass@mongodb:27017/edgev3?authSource=admin
2026-06-16 22:12:45 [32minfo[39m: 	HTTP production server up and running on port 5000 !
2026-06-16 22:12:47 [32minfo[39m: 	Successfully connected to database mongodb://edgev3_app:edgev3_mongodb_pass@mongodb:27017/edgev3?authSource=admin
2026-06-16 22:12:47 [32minfo[39m: 	HTTP production server up and running on port 5000 !
2026-06-16 22:12:49 [32minfo[39m: 	Successfully connected to database mongodb://edgev3_app:edgev3_mongodb_pass@mongodb:27017/edgev3?authSource=admin
2026-06-16 22:12:49 [32minfo[39m: 	HTTP production server up and running on port 5000 !
2026-06-16 22:13:13 [32minfo[39m: 	Successfully connected to database mongodb://edgev3_app:edgev3_mongodb_pass@mongodb:27017/edgev3?authSource=admin
2026-06-16 22:13:13 [32minfo[39m: 	HTTP production server up and running on port 5000 !
2026-06-16 22:13:14 [32minfo[39m: 	Successfully connected to database mongodb://edgev3_app:edgev3_mongodb_pass@mongodb:27017/edgev3?authSource=admin
2026-06-16 22:13:14 [32minfo[39m: 	HTTP CRON server up and running on port 5555 !
2026-06-16 22:13:14 [32minfo[39m: 	Successfully connected to database mongodb://edgev3_app:edgev3_mongodb_pass@mongodb:27017/edgev3?authSource=admin
2026-06-16 22:13:14 [32minfo[39m: 	HTTP production server up and running on port 5000 !
2026-06-16 22:13:16 [32minfo[39m: 	Successfully connected to database mongodb://edgev3_app:edgev3_mongodb_pass@mongodb:27017/edgev3?authSource=admin
2026-06-16 22:13:16 [32minfo[39m: 	HTTP production server up and running on port 5000 !
2026-06-16 22:13:18 [32minfo[39m: 	Successfully connected to database mongodb://edgev3_app:edgev3_mongodb_pass@mongodb:27017/edgev3?authSource=admin
2026-06-16 22:13:18 [32minfo[39m: 	HTTP production server up and running on port 5000 !
2026-06-16 22:13:43 [32minfo[39m: 	Successfully connected to database mongodb://edgev3_app:edgev3_mongodb_pass@mongodb:27017/edgev3?authSource=admin
2026-06-16 22:13:43 [32minfo[39m: 	HTTP production server up and running on port 5000 !
2026-06-16 22:13:45 [32minfo[39m: 	Successfully connected to database mongodb://edgev3_app:edgev3_mongodb_pass@mongodb:27017/edgev3?authSource=admin
2026-06-16 22:13:45 [32minfo[39m: 	HTTP CRON server up and running on port 5555 !
2026-06-16 22:13:45 [32minfo[39m: 	Successfully connected to database mongodb://edgev3_app:edgev3_mongodb_pass@mongodb:27017/edgev3?authSource=admin
2026-06-16 22:13:45 [32minfo[39m: 	HTTP production server up and running on port 5000 !
2026-06-16 22:13:47 [32minfo[39m: 	Successfully connected to database mongodb://edgev3_app:edgev3_mongodb_pass@mongodb:27017/edgev3?authSource=admin
2026-06-16 22:13:47 [32minfo[39m: 	HTTP production server up and running on port 5000 !
2026-06-16 22:13:49 [32minfo[39m: 	Successfully connected to database mongodb://edgev3_app:edgev3_mongodb_pass@mongodb:27017/edgev3?authSource=admin
2026-06-16 22:13:49 [32minfo[39m: 	HTTP production server up and running on port 5000 !
2026-06-16 22:14:00 [32minfo[39m: 	exec:  NXF_CACHE_DIR=/edgev3/io/projects/jSJFTpA1QWmXTvH2/nextflow/work nextflow log|awk '/edge-jSJFTpA1QWmXTvH2/ &&(/OK/||/ERR/)'|awk '{split($0,array,/	/); print array[4]}'
2026-06-16 22:14:04 [32minfo[39m: 	exec stdout: 
2026-06-16 22:14:12 [32minfo[39m: 	Successfully connected to database mongodb://edgev3_app:edgev3_mongodb_pass@mongodb:27017/edgev3?authSource=admin
2026-06-16 22:14:13 [32minfo[39m: 	HTTP production server up and running on port 5000 !
2026-06-16 22:14:14 [32minfo[39m: 	Successfully connected to database mongodb://edgev3_app:edgev3_mongodb_pass@mongodb:27017/edgev3?authSource=admin
2026-06-16 22:14:14 [32minfo[39m: 	HTTP CRON server up and running on port 5555 !
2026-06-16 22:14:14 [32minfo[39m: 	Successfully connected to database mongodb://edgev3_app:edgev3_mongodb_pass@mongodb:27017/edgev3?authSource=admin
2026-06-16 22:14:14 [32minfo[39m: 	HTTP production server up and running on port 5000 !
2026-06-16 22:14:16 [32minfo[39m: 	Successfully connected to database mongodb://edgev3_app:edgev3_mongodb_pass@mongodb:27017/edgev3?authSource=admin
2026-06-16 22:14:16 [32minfo[39m: 	HTTP production server up and running on port 5000 !
2026-06-16 22:14:18 [32minfo[39m: 	Successfully connected to database mongodb://edgev3_app:edgev3_mongodb_pass@mongodb:27017/edgev3?authSource=admin
2026-06-16 22:14:18 [32minfo[39m: 	HTTP production server up and running on port 5000 !
2026-06-16 22:14:43 [32minfo[39m: 	Successfully connected to database mongodb://edgev3_app:edgev3_mongodb_pass@mongodb:27017/edgev3?authSource=admin
2026-06-16 22:14:43 [32minfo[39m: 	HTTP production server up and running on port 5000 !
2026-06-16 22:14:44 [32minfo[39m: 	Successfully connected to database mongodb://edgev3_app:edgev3_mongodb_pass@mongodb:27017/edgev3?authSource=admin
2026-06-16 22:14:44 [32minfo[39m: 	HTTP CRON server up and running on port 5555 !
2026-06-16 22:14:44 [32minfo[39m: 	Successfully connected to database mongodb://edgev3_app:edgev3_mongodb_pass@mongodb:27017/edgev3?authSource=admin
2026-06-16 22:14:44 [32minfo[39m: 	HTTP production server up and running on port 5000 !
2026-06-16 22:14:46 [32minfo[39m: 	Successfully connected to database mongodb://edgev3_app:edgev3_mongodb_pass@mongodb:27017/edgev3?authSource=admin
2026-06-16 22:14:46 [32minfo[39m: 	HTTP production server up and running on port 5000 !
2026-06-16 22:14:48 [32minfo[39m: 	Successfully connected to database mongodb://edgev3_app:edgev3_mongodb_pass@mongodb:27017/edgev3?authSource=admin
2026-06-16 22:14:48 [32minfo[39m: 	HTTP production server up and running on port 5000 !
2026-06-16 22:15:13 [32minfo[39m: 	Successfully connected to database mongodb://edgev3_app:edgev3_mongodb_pass@mongodb:27017/edgev3?authSource=admin
2026-06-16 22:15:13 [32minfo[39m: 	HTTP production server up and running on port 5000 !
2026-06-16 22:15:14 [32minfo[39m: 	Successfully connected to database mongodb://edgev3_app:edgev3_mongodb_pass@mongodb:27017/edgev3?authSource=admin
2026-06-16 22:15:14 [32minfo[39m: 	HTTP CRON server up and running on port 5555 !
2026-06-16 22:15:14 [32minfo[39m: 	Successfully connected to database mongodb://edgev3_app:edgev3_mongodb_pass@mongodb:27017/edgev3?authSource=admin
2026-06-16 22:15:14 [32minfo[39m: 	HTTP production server up and running on port 5000 !
2026-06-16 22:15:16 [32minfo[39m: 	Successfully connected to database mongodb://edgev3_app:edgev3_mongodb_pass@mongodb:27017/edgev3?authSource=admin
2026-06-16 22:15:16 [32minfo[39m: 	HTTP production server up and running on port 5000 !
2026-06-16 22:15:18 [32minfo[39m: 	Successfully connected to database mongodb://edgev3_app:edgev3_mongodb_pass@mongodb:27017/edgev3?authSource=admin
2026-06-16 22:15:18 [32minfo[39m: 	HTTP production server up and running on port 5000 !
2026-06-16 22:15:43 [32minfo[39m: 	Successfully connected to database mongodb://edgev3_app:edgev3_mongodb_pass@mongodb:27017/edgev3?authSource=admin
2026-06-16 22:15:43 [32minfo[39m: 	HTTP production server up and running on port 5000 !
2026-06-16 22:15:44 [32minfo[39m: 	Successfully connected to database mongodb://edgev3_app:edgev3_mongodb_pass@mongodb:27017/edgev3?authSource=admin
2026-06-16 22:15:44 [32minfo[39m: 	HTTP CRON server up and running on port 5555 !
2026-06-16 22:15:44 [32minfo[39m: 	Successfully connected to database mongodb://edgev3_app:edgev3_mongodb_pass@mongodb:27017/edgev3?authSource=admin
2026-06-16 22:15:44 [32minfo[39m: 	HTTP production server up and running on port 5000 !
2026-06-16 22:15:46 [32minfo[39m: 	Successfully connected to database mongodb://edgev3_app:edgev3_mongodb_pass@mongodb:27017/edgev3?authSource=admin
2026-06-16 22:15:46 [32minfo[39m: 	HTTP production server up and running on port 5000 !
2026-06-16 22:15:48 [32minfo[39m: 	Successfully connected to database mongodb://edgev3_app:edgev3_mongodb_pass@mongodb:27017/edgev3?authSource=admin
2026-06-16 22:15:48 [32minfo[39m: 	HTTP production server up and running on port 5000 !
2026-06-16 22:16:00 [32minfo[39m: 	exec:  NXF_CACHE_DIR=/edgev3/io/projects/jSJFTpA1QWmXTvH2/nextflow/work nextflow log|awk '/edge-jSJFTpA1QWmXTvH2/ &&(/OK/||/ERR/)'|awk '{split($0,array,/	/); print array[4]}'
2026-06-16 22:16:04 [32minfo[39m: 	exec stdout: 
2026-06-16 22:16:12 [32minfo[39m: 	Successfully connected to database mongodb://edgev3_app:edgev3_mongodb_pass@mongodb:27017/edgev3?authSource=admin
2026-06-16 22:16:13 [32minfo[39m: 	HTTP production server up and running on port 5000 !
2026-06-16 22:16:14 [32minfo[39m: 	Successfully connected to database mongodb://edgev3_app:edgev3_mongodb_pass@mongodb:27017/edgev3?authSource=admin
2026-06-16 22:16:14 [32minfo[39m: 	HTTP CRON server up and running on port 5555 !
2026-06-16 22:16:14 [32minfo[39m: 	Successfully connected to database mongodb://edgev3_app:edgev3_mongodb_pass@mongodb:27017/edgev3?authSource=admin
2026-06-16 22:16:14 [32minfo[39m: 	HTTP production server up and running on port 5000 !
2026-06-16 22:16:16 [32minfo[39m: 	Successfully connected to database mongodb://edgev3_app:edgev3_mongodb_pass@mongodb:27017/edgev3?authSource=admin
2026-06-16 22:16:16 [32minfo[39m: 	HTTP production server up and running on port 5000 !
2026-06-16 22:16:18 [32minfo[39m: 	Successfully connected to database mongodb://edgev3_app:edgev3_mongodb_pass@mongodb:27017/edgev3?authSource=admin
2026-06-16 22:16:18 [32minfo[39m: 	HTTP production server up and running on port 5000 !
2026-06-16 22:16:42 [32minfo[39m: 	Successfully connected to database mongodb://edgev3_app:edgev3_mongodb_pass@mongodb:27017/edgev3?authSource=admin
2026-06-16 22:16:42 [32minfo[39m: 	HTTP production server up and running on port 5000 !
2026-06-16 22:16:44 [32minfo[39m: 	Successfully connected to database mongodb://edgev3_app:edgev3_mongodb_pass@mongodb:27017/edgev3?authSource=admin
2026-06-16 22:16:44 [32minfo[39m: 	HTTP CRON server up and running on port 5555 !
2026-06-16 22:16:44 [32minfo[39m: 	Successfully connected to database mongodb://edgev3_app:edgev3_mongodb_pass@mongodb:27017/edgev3?authSource=admin
2026-06-16 22:16:44 [32minfo[39m: 	HTTP production server up and running on port 5000 !
2026-06-16 22:16:46 [32minfo[39m: 	Successfully connected to database mongodb://edgev3_app:edgev3_mongodb_pass@mongodb:27017/edgev3?authSource=admin
2026-06-16 22:16:46 [32minfo[39m: 	HTTP production server up and running on port 5000 !
2026-06-16 22:16:47 [32minfo[39m: 	Successfully connected to database mongodb://edgev3_app:edgev3_mongodb_pass@mongodb:27017/edgev3?authSource=admin
2026-06-16 22:16:48 [32minfo[39m: 	HTTP production server up and running on port 5000 !
2026-06-16 22:17:13 [32minfo[39m: 	Successfully connected to database mongodb://edgev3_app:edgev3_mongodb_pass@mongodb:27017/edgev3?authSource=admin
2026-06-16 22:17:13 [32minfo[39m: 	HTTP production server up and running on port 5000 !
2026-06-16 22:17:14 [32minfo[39m: 	Successfully connected to database mongodb://edgev3_app:edgev3_mongodb_pass@mongodb:27017/edgev3?authSource=admin
2026-06-16 22:17:14 [32minfo[39m: 	HTTP CRON server up and running on port 5555 !
2026-06-16 22:17:14 [32minfo[39m: 	Successfully connected to database mongodb://edgev3_app:edgev3_mongodb_pass@mongodb:27017/edgev3?authSource=admin
2026-06-16 22:17:14 [32minfo[39m: 	HTTP production server up and running on port 5000 !
2026-06-16 22:17:16 [32minfo[39m: 	Successfully connected to database mongodb://edgev3_app:edgev3_mongodb_pass@mongodb:27017/edgev3?authSource=admin
2026-06-16 22:17:16 [32minfo[39m: 	HTTP production server up and running on port 5000 !
2026-06-16 22:17:18 [32minfo[39m: 	Successfully connected to database mongodb://edgev3_app:edgev3_mongodb_pass@mongodb:27017/edgev3?authSource=admin
2026-06-16 22:17:18 [32minfo[39m: 	HTTP production server up and running on port 5000 !
2026-06-16 22:17:43 [32minfo[39m: 	Successfully connected to database mongodb://edgev3_app:edgev3_mongodb_pass@mongodb:27017/edgev3?authSource=admin
2026-06-16 22:17:43 [32minfo[39m: 	HTTP production server up and running on port 5000 !
2026-06-16 22:17:44 [32minfo[39m: 	Successfully connected to database mongodb://edgev3_app:edgev3_mongodb_pass@mongodb:27017/edgev3?authSource=admin
2026-06-16 22:17:44 [32minfo[39m: 	HTTP CRON server up and running on port 5555 !
2026-06-16 22:17:44 [32minfo[39m: 	Successfully connected to database mongodb://edgev3_app:edgev3_mongodb_pass@mongodb:27017/edgev3?authSource=admin
2026-06-16 22:17:44 [32minfo[39m: 	HTTP production server up and running on port 5000 !
2026-06-16 22:17:46 [32minfo[39m: 	Successfully connected to database mongodb://edgev3_app:edgev3_mongodb_pass@mongodb:27017/edgev3?authSource=admin
2026-06-16 22:17:46 [32minfo[39m: 	HTTP production server up and running on port 5000 !
2026-06-16 22:17:48 [32minfo[39m: 	Successfully connected to database mongodb://edgev3_app:edgev3_mongodb_pass@mongodb:27017/edgev3?authSource=admin
2026-06-16 22:17:48 [32minfo[39m: 	HTTP production server up and running on port 5000 !
2026-06-16 22:18:00 [32minfo[39m: 	exec:  NXF_CACHE_DIR=/edgev3/io/projects/jSJFTpA1QWmXTvH2/nextflow/work nextflow log|awk '/edge-jSJFTpA1QWmXTvH2/ &&(/OK/||/ERR/)'|awk '{split($0,array,/	/); print array[4]}'
2026-06-16 22:18:04 [32minfo[39m: 	exec stdout: 
2026-06-16 22:18:13 [32minfo[39m: 	Successfully connected to database mongodb://edgev3_app:edgev3_mongodb_pass@mongodb:27017/edgev3?authSource=admin
2026-06-16 22:18:13 [32minfo[39m: 	HTTP production server up and running on port 5000 !
2026-06-16 22:18:14 [32minfo[39m: 	Successfully connected to database mongodb://edgev3_app:edgev3_mongodb_pass@mongodb:27017/edgev3?authSource=admin
2026-06-16 22:18:14 [32minfo[39m: 	HTTP CRON server up and running on port 5555 !
2026-06-16 22:18:14 [32minfo[39m: 	Successfully connected to database mongodb://edgev3_app:edgev3_mongodb_pass@mongodb:27017/edgev3?authSource=admin
2026-06-16 22:18:14 [32minfo[39m: 	HTTP production server up and running on port 5000 !
2026-06-16 22:18:16 [32minfo[39m: 	Successfully connected to database mongodb://edgev3_app:edgev3_mongodb_pass@mongodb:27017/edgev3?authSource=admin
2026-06-16 22:18:16 [32minfo[39m: 	HTTP production server up and running on port 5000 !
2026-06-16 22:18:18 [32minfo[39m: 	Successfully connected to database mongodb://edgev3_app:edgev3_mongodb_pass@mongodb:27017/edgev3?authSource=admin
2026-06-16 22:18:18 [32minfo[39m: 	HTTP production server up and running on port 5000 !
2026-06-16 22:18:43 [32minfo[39m: 	Successfully connected to database mongodb://edgev3_app:edgev3_mongodb_pass@mongodb:27017/edgev3?authSource=admin
2026-06-16 22:18:43 [32minfo[39m: 	HTTP production server up and running on port 5000 !
2026-06-16 22:18:44 [32minfo[39m: 	Successfully connected to database mongodb://edgev3_app:edgev3_mongodb_pass@mongodb:27017/edgev3?authSource=admin
2026-06-16 22:18:44 [32minfo[39m: 	HTTP CRON server up and running on port 5555 !
2026-06-16 22:18:44 [32minfo[39m: 	Successfully connected to database mongodb://edgev3_app:edgev3_mongodb_pass@mongodb:27017/edgev3?authSource=admin
2026-06-16 22:18:44 [32minfo[39m: 	HTTP production server up and running on port 5000 !
2026-06-16 22:18:46 [32minfo[39m: 	Successfully connected to database mongodb://edgev3_app:edgev3_mongodb_pass@mongodb:27017/edgev3?authSource=admin
2026-06-16 22:18:46 [32minfo[39m: 	HTTP production server up and running on port 5000 !
2026-06-16 22:18:47 [32minfo[39m: 	Successfully connected to database mongodb://edgev3_app:edgev3_mongodb_pass@mongodb:27017/edgev3?authSource=admin
2026-06-16 22:18:48 [32minfo[39m: 	HTTP production server up and running on port 5000 !
2026-06-16 22:19:13 [32minfo[39m: 	Successfully connected to database mongodb://edgev3_app:edgev3_mongodb_pass@mongodb:27017/edgev3?authSource=admin
2026-06-16 22:19:13 [32minfo[39m: 	HTTP production server up and running on port 5000 !
2026-06-16 22:19:14 [32minfo[39m: 	Successfully connected to database mongodb://edgev3_app:edgev3_mongodb_pass@mongodb:27017/edgev3?authSource=admin
2026-06-16 22:19:14 [32minfo[39m: 	HTTP CRON server up and running on port 5555 !
2026-06-16 22:19:14 [32minfo[39m: 	Successfully connected to database mongodb://edgev3_app:edgev3_mongodb_pass@mongodb:27017/edgev3?authSource=admin
2026-06-16 22:19:15 [32minfo[39m: 	HTTP production server up and running on port 5000 !
2026-06-16 22:19:16 [32minfo[39m: 	Successfully connected to database mongodb://edgev3_app:edgev3_mongodb_pass@mongodb:27017/edgev3?authSource=admin
2026-06-16 22:19:16 [32minfo[39m: 	HTTP production server up and running on port 5000 !
2026-06-16 22:19:18 [32minfo[39m: 	Successfully connected to database mongodb://edgev3_app:edgev3_mongodb_pass@mongodb:27017/edgev3?authSource=admin
2026-06-16 22:19:18 [32minfo[39m: 	HTTP production server up and running on port 5000 !
2026-06-16 22:19:43 [32minfo[39m: 	Successfully connected to database mongodb://edgev3_app:edgev3_mongodb_pass@mongodb:27017/edgev3?authSource=admin
2026-06-16 22:19:43 [32minfo[39m: 	HTTP production server up and running on port 5000 !
2026-06-16 22:19:44 [32minfo[39m: 	Successfully connected to database mongodb://edgev3_app:edgev3_mongodb_pass@mongodb:27017/edgev3?authSource=admin
2026-06-16 22:19:44 [32minfo[39m: 	HTTP production server up and running on port 5000 !
2026-06-16 22:19:46 [32minfo[39m: 	Successfully connected to database mongodb://edgev3_app:edgev3_mongodb_pass@mongodb:27017/edgev3?authSource=admin
2026-06-16 22:19:46 [32minfo[39m: 	HTTP production server up and running on port 5000 !
2026-06-16 22:19:47 [32minfo[39m: 	Successfully connected to database mongodb://edgev3_app:edgev3_mongodb_pass@mongodb:27017/edgev3?authSource=admin
2026-06-16 22:19:47 [32minfo[39m: 	HTTP production server up and running on port 5000 !
2026-06-16 22:20:01 [32minfo[39m: 	exec:  NXF_CACHE_DIR=/edgev3/io/projects/jSJFTpA1QWmXTvH2/nextflow/work nextflow log|awk '/edge-jSJFTpA1QWmXTvH2/ &&(/OK/||/ERR/)'|awk '{split($0,array,/	/); print array[4]}'
2026-06-16 22:20:04 [32minfo[39m: 	exec stdout: 
2026-06-16 22:20:13 [32minfo[39m: 	Successfully connected to database mongodb://edgev3_app:edgev3_mongodb_pass@mongodb:27017/edgev3?authSource=admin
2026-06-16 22:20:13 [32minfo[39m: 	HTTP production server up and running on port 5000 !
2026-06-16 22:20:14 [32minfo[39m: 	Successfully connected to database mongodb://edgev3_app:edgev3_mongodb_pass@mongodb:27017/edgev3?authSource=admin
2026-06-16 22:20:14 [32minfo[39m: 	HTTP CRON server up and running on port 5555 !
2026-06-16 22:20:14 [32minfo[39m: 	Successfully connected to database mongodb://edgev3_app:edgev3_mongodb_pass@mongodb:27017/edgev3?authSource=admin
2026-06-16 22:20:14 [32minfo[39m: 	HTTP production server up and running on port 5000 !
2026-06-16 22:20:16 [32minfo[39m: 	Successfully connected to database mongodb://edgev3_app:edgev3_mongodb_pass@mongodb:27017/edgev3?authSource=admin
2026-06-16 22:20:16 [32minfo[39m: 	HTTP production server up and running on port 5000 !
2026-06-16 22:20:18 [32minfo[39m: 	Successfully connected to database mongodb://edgev3_app:edgev3_mongodb_pass@mongodb:27017/edgev3?authSource=admin
2026-06-16 22:20:18 [32minfo[39m: 	HTTP production server up and running on port 5000 !
2026-06-16 22:20:43 [32minfo[39m: 	Successfully connected to database mongodb://edgev3_app:edgev3_mongodb_pass@mongodb:27017/edgev3?authSource=admin
2026-06-16 22:20:43 [32minfo[39m: 	HTTP production server up and running on port 5000 !
2026-06-16 22:20:44 [32minfo[39m: 	Successfully connected to database mongodb://edgev3_app:edgev3_mongodb_pass@mongodb:27017/edgev3?authSource=admin
2026-06-16 22:20:44 [32minfo[39m: 	HTTP CRON server up and running on port 5555 !
2026-06-16 22:20:44 [32minfo[39m: 	Successfully connected to database mongodb://edgev3_app:edgev3_mongodb_pass@mongodb:27017/edgev3?authSource=admin
2026-06-16 22:20:44 [32minfo[39m: 	HTTP production server up and running on port 5000 !
2026-06-16 22:20:46 [32minfo[39m: 	Successfully connected to database mongodb://edgev3_app:edgev3_mongodb_pass@mongodb:27017/edgev3?authSource=admin
2026-06-16 22:20:46 [32minfo[39m: 	HTTP production server up and running on port 5000 !
2026-06-16 22:20:48 [32minfo[39m: 	Successfully connected to database mongodb://edgev3_app:edgev3_mongodb_pass@mongodb:27017/edgev3?authSource=admin
2026-06-16 22:20:48 [32minfo[39m: 	HTTP production server up and running on port 5000 !
2026-06-16 22:21:13 [32minfo[39m: 	Successfully connected to database mongodb://edgev3_app:edgev3_mongodb_pass@mongodb:27017/edgev3?authSource=admin
2026-06-16 22:21:13 [32minfo[39m: 	HTTP production server up and running on port 5000 !
2026-06-16 22:21:14 [32minfo[39m: 	Successfully connected to database mongodb://edgev3_app:edgev3_mongodb_pass@mongodb:27017/edgev3?authSource=admin
2026-06-16 22:21:14 [32minfo[39m: 	HTTP CRON server up and running on port 5555 !
2026-06-16 22:21:15 [32minfo[39m: 	Successfully connected to database mongodb://edgev3_app:edgev3_mongodb_pass@mongodb:27017/edgev3?authSource=admin
2026-06-16 22:21:15 [32minfo[39m: 	HTTP production server up and running on port 5000 !
2026-06-16 22:21:16 [32minfo[39m: 	Successfully connected to database mongodb://edgev3_app:edgev3_mongodb_pass@mongodb:27017/edgev3?authSource=admin
2026-06-16 22:21:16 [32minfo[39m: 	HTTP production server up and running on port 5000 !
2026-06-16 22:21:18 [32minfo[39m: 	Successfully connected to database mongodb://edgev3_app:edgev3_mongodb_pass@mongodb:27017/edgev3?authSource=admin
2026-06-16 22:21:18 [32minfo[39m: 	HTTP production server up and running on port 5000 !
2026-06-16 22:21:43 [32minfo[39m: 	Successfully connected to database mongodb://edgev3_app:edgev3_mongodb_pass@mongodb:27017/edgev3?authSource=admin
2026-06-16 22:21:43 [32minfo[39m: 	HTTP production server up and running on port 5000 !
2026-06-16 22:21:44 [32minfo[39m: 	Successfully connected to database mongodb://edgev3_app:edgev3_mongodb_pass@mongodb:27017/edgev3?authSource=admin
2026-06-16 22:21:44 [32minfo[39m: 	HTTP CRON server up and running on port 5555 !
2026-06-16 22:21:45 [32minfo[39m: 	Successfully connected to database mongodb://edgev3_app:edgev3_mongodb_pass@mongodb:27017/edgev3?authSource=admin
2026-06-16 22:21:45 [32minfo[39m: 	HTTP production server up and running on port 5000 !
2026-06-16 22:21:46 [32minfo[39m: 	Successfully connected to database mongodb://edgev3_app:edgev3_mongodb_pass@mongodb:27017/edgev3?authSource=admin
2026-06-16 22:21:46 [32minfo[39m: 	HTTP production server up and running on port 5000 !
2026-06-16 22:21:48 [32minfo[39m: 	Successfully connected to database mongodb://edgev3_app:edgev3_mongodb_pass@mongodb:27017/edgev3?authSource=admin
2026-06-16 22:21:48 [32minfo[39m: 	HTTP production server up and running on port 5000 !
2026-06-16 22:22:00 [32minfo[39m: 	exec:  NXF_CACHE_DIR=/edgev3/io/projects/jSJFTpA1QWmXTvH2/nextflow/work nextflow log|awk '/edge-jSJFTpA1QWmXTvH2/ &&(/OK/||/ERR/)'|awk '{split($0,array,/	/); print array[4]}'
2026-06-16 22:22:04 [32minfo[39m: 	exec stdout: 
2026-06-16 22:22:13 [32minfo[39m: 	Successfully connected to database mongodb://edgev3_app:edgev3_mongodb_pass@mongodb:27017/edgev3?authSource=admin
2026-06-16 22:22:13 [32minfo[39m: 	HTTP production server up and running on port 5000 !
2026-06-16 22:22:14 [32minfo[39m: 	Successfully connected to database mongodb://edgev3_app:edgev3_mongodb_pass@mongodb:27017/edgev3?authSource=admin
2026-06-16 22:22:14 [32minfo[39m: 	HTTP CRON server up and running on port 5555 !
2026-06-16 22:22:14 [32minfo[39m: 	Successfully connected to database mongodb://edgev3_app:edgev3_mongodb_pass@mongodb:27017/edgev3?authSource=admin
2026-06-16 22:22:14 [32minfo[39m: 	HTTP production server up and running on port 5000 !
2026-06-16 22:22:16 [32minfo[39m: 	Successfully connected to database mongodb://edgev3_app:edgev3_mongodb_pass@mongodb:27017/edgev3?authSource=admin
2026-06-16 22:22:16 [32minfo[39m: 	HTTP production server up and running on port 5000 !
2026-06-16 22:22:18 [32minfo[39m: 	Successfully connected to database mongodb://edgev3_app:edgev3_mongodb_pass@mongodb:27017/edgev3?authSource=admin
2026-06-16 22:22:18 [32minfo[39m: 	HTTP production server up and running on port 5000 !
2026-06-16 22:22:43 [32minfo[39m: 	Successfully connected to database mongodb://edgev3_app:edgev3_mongodb_pass@mongodb:27017/edgev3?authSource=admin
2026-06-16 22:22:43 [32minfo[39m: 	HTTP production server up and running on port 5000 !
2026-06-16 22:22:44 [32minfo[39m: 	Successfully connected to database mongodb://edgev3_app:edgev3_mongodb_pass@mongodb:27017/edgev3?authSource=admin
2026-06-16 22:22:44 [32minfo[39m: 	HTTP CRON server up and running on port 5555 !
2026-06-16 22:22:44 [32minfo[39m: 	Successfully connected to database mongodb://edgev3_app:edgev3_mongodb_pass@mongodb:27017/edgev3?authSource=admin
2026-06-16 22:22:44 [32minfo[39m: 	HTTP production server up and running on port 5000 !
2026-06-16 22:22:46 [32minfo[39m: 	Successfully connected to database mongodb://edgev3_app:edgev3_mongodb_pass@mongodb:27017/edgev3?authSource=admin
2026-06-16 22:22:46 [32minfo[39m: 	HTTP production server up and running on port 5000 !
2026-06-16 22:22:48 [32minfo[39m: 	Successfully connected to database mongodb://edgev3_app:edgev3_mongodb_pass@mongodb:27017/edgev3?authSource=admin
2026-06-16 22:22:48 [32minfo[39m: 	HTTP production server up and running on port 5000 !
2026-06-16 22:23:13 [32minfo[39m: 	Successfully connected to database mongodb://edgev3_app:edgev3_mongodb_pass@mongodb:27017/edgev3?authSource=admin
2026-06-16 22:23:13 [32minfo[39m: 	HTTP production server up and running on port 5000 !
2026-06-16 22:23:14 [32minfo[39m: 	Successfully connected to database mongodb://edgev3_app:edgev3_mongodb_pass@mongodb:27017/edgev3?authSource=admin
2026-06-16 22:23:14 [32minfo[39m: 	HTTP CRON server up and running on port 5555 !
2026-06-16 22:23:14 [32minfo[39m: 	Successfully connected to database mongodb://edgev3_app:edgev3_mongodb_pass@mongodb:27017/edgev3?authSource=admin
2026-06-16 22:23:14 [32minfo[39m: 	HTTP production server up and running on port 5000 !
2026-06-16 22:23:16 [32minfo[39m: 	Successfully connected to database mongodb://edgev3_app:edgev3_mongodb_pass@mongodb:27017/edgev3?authSource=admin
2026-06-16 22:23:16 [32minfo[39m: 	HTTP production server up and running on port 5000 !
2026-06-16 22:23:18 [32minfo[39m: 	Successfully connected to database mongodb://edgev3_app:edgev3_mongodb_pass@mongodb:27017/edgev3?authSource=admin
2026-06-16 22:23:18 [32minfo[39m: 	HTTP production server up and running on port 5000 !
2026-06-16 22:23:43 [32minfo[39m: 	Successfully connected to database mongodb://edgev3_app:edgev3_mongodb_pass@mongodb:27017/edgev3?authSource=admin
2026-06-16 22:23:43 [32minfo[39m: 	HTTP production server up and running on port 5000 !
2026-06-16 22:23:44 [32minfo[39m: 	Successfully connected to database mongodb://edgev3_app:edgev3_mongodb_pass@mongodb:27017/edgev3?authSource=admin
2026-06-16 22:23:44 [32minfo[39m: 	HTTP CRON server up and running on port 5555 !
2026-06-16 22:23:44 [32minfo[39m: 	Successfully connected to database mongodb://edgev3_app:edgev3_mongodb_pass@mongodb:27017/edgev3?authSource=admin
2026-06-16 22:23:44 [32minfo[39m: 	HTTP production server up and running on port 5000 !
2026-06-16 22:23:46 [32minfo[39m: 	Successfully connected to database mongodb://edgev3_app:edgev3_mongodb_pass@mongodb:27017/edgev3?authSource=admin
2026-06-16 22:23:46 [32minfo[39m: 	HTTP production server up and running on port 5000 !
2026-06-16 22:23:48 [32minfo[39m: 	Successfully connected to database mongodb://edgev3_app:edgev3_mongodb_pass@mongodb:27017/edgev3?authSource=admin
2026-06-16 22:23:48 [32minfo[39m: 	HTTP production server up and running on port 5000 !
2026-06-16 22:24:00 [32minfo[39m: 	exec:  NXF_CACHE_DIR=/edgev3/io/projects/jSJFTpA1QWmXTvH2/nextflow/work nextflow log|awk '/edge-jSJFTpA1QWmXTvH2/ &&(/OK/||/ERR/)'|awk '{split($0,array,/	/); print array[4]}'
2026-06-16 22:24:04 [32minfo[39m: 	exec stdout: 
2026-06-16 22:24:13 [32minfo[39m: 	Successfully connected to database mongodb://edgev3_app:edgev3_mongodb_pass@mongodb:27017/edgev3?authSource=admin
2026-06-16 22:24:13 [32minfo[39m: 	HTTP production server up and running on port 5000 !
2026-06-16 22:24:14 [32minfo[39m: 	Successfully connected to database mongodb://edgev3_app:edgev3_mongodb_pass@mongodb:27017/edgev3?authSource=admin
2026-06-16 22:24:14 [32minfo[39m: 	HTTP CRON server up and running on port 5555 !
2026-06-16 22:24:15 [32minfo[39m: 	Successfully connected to database mongodb://edgev3_app:edgev3_mongodb_pass@mongodb:27017/edgev3?authSource=admin
2026-06-16 22:24:15 [32minfo[39m: 	HTTP production server up and running on port 5000 !
2026-06-16 22:24:16 [32minfo[39m: 	Successfully connected to database mongodb://edgev3_app:edgev3_mongodb_pass@mongodb:27017/edgev3?authSource=admin
2026-06-16 22:24:16 [32minfo[39m: 	HTTP production server up and running on port 5000 !
2026-06-16 22:24:18 [32minfo[39m: 	Successfully connected to database mongodb://edgev3_app:edgev3_mongodb_pass@mongodb:27017/edgev3?authSource=admin
2026-06-16 22:24:18 [32minfo[39m: 	HTTP production server up and running on port 5000 !
2026-06-16 22:24:43 [32minfo[39m: 	Successfully connected to database mongodb://edgev3_app:edgev3_mongodb_pass@mongodb:27017/edgev3?authSource=admin
2026-06-16 22:24:43 [32minfo[39m: 	HTTP production server up and running on port 5000 !
2026-06-16 22:24:44 [32minfo[39m: 	Successfully connected to database mongodb://edgev3_app:edgev3_mongodb_pass@mongodb:27017/edgev3?authSource=admin
2026-06-16 22:24:44 [32minfo[39m: 	HTTP CRON server up and running on port 5555 !
2026-06-16 22:24:44 [32minfo[39m: 	Successfully connected to database mongodb://edgev3_app:edgev3_mongodb_pass@mongodb:27017/edgev3?authSource=admin
2026-06-16 22:24:45 [32minfo[39m: 	HTTP production server up and running on port 5000 !
2026-06-16 22:24:46 [32minfo[39m: 	Successfully connected to database mongodb://edgev3_app:edgev3_mongodb_pass@mongodb:27017/edgev3?authSource=admin
2026-06-16 22:24:46 [32minfo[39m: 	HTTP production server up and running on port 5000 !
2026-06-16 22:24:48 [32minfo[39m: 	Successfully connected to database mongodb://edgev3_app:edgev3_mongodb_pass@mongodb:27017/edgev3?authSource=admin
2026-06-16 22:24:48 [32minfo[39m: 	HTTP production server up and running on port 5000 !
2026-06-16 22:25:13 [32minfo[39m: 	Successfully connected to database mongodb://edgev3_app:edgev3_mongodb_pass@mongodb:27017/edgev3?authSource=admin
2026-06-16 22:25:13 [32minfo[39m: 	HTTP production server up and running on port 5000 !
2026-06-16 22:25:14 [32minfo[39m: 	Successfully connected to database mongodb://edgev3_app:edgev3_mongodb_pass@mongodb:27017/edgev3?authSource=admin
2026-06-16 22:25:14 [32minfo[39m: 	HTTP CRON server up and running on port 5555 !
2026-06-16 22:25:14 [32minfo[39m: 	Successfully connected to database mongodb://edgev3_app:edgev3_mongodb_pass@mongodb:27017/edgev3?authSource=admin
2026-06-16 22:25:14 [32minfo[39m: 	HTTP production server up and running on port 5000 !
2026-06-16 22:25:16 [32minfo[39m: 	Successfully connected to database mongodb://edgev3_app:edgev3_mongodb_pass@mongodb:27017/edgev3?authSource=admin
2026-06-16 22:25:16 [32minfo[39m: 	HTTP production server up and running on port 5000 !
2026-06-16 22:25:18 [32minfo[39m: 	Successfully connected to database mongodb://edgev3_app:edgev3_mongodb_pass@mongodb:27017/edgev3?authSource=admin
2026-06-16 22:25:18 [32minfo[39m: 	HTTP production server up and running on port 5000 !
2026-06-16 22:25:43 [32minfo[39m: 	Successfully connected to database mongodb://edgev3_app:edgev3_mongodb_pass@mongodb:27017/edgev3?authSource=admin
2026-06-16 22:25:43 [32minfo[39m: 	HTTP production server up and running on port 5000 !
2026-06-16 22:25:44 [32minfo[39m: 	Successfully connected to database mongodb://edgev3_app:edgev3_mongodb_pass@mongodb:27017/edgev3?authSource=admin
2026-06-16 22:25:44 [32minfo[39m: 	HTTP CRON server up and running on port 5555 !
2026-06-16 22:25:44 [32minfo[39m: 	Successfully connected to database mongodb://edgev3_app:edgev3_mongodb_pass@mongodb:27017/edgev3?authSource=admin
2026-06-16 22:25:44 [32minfo[39m: 	HTTP production server up and running on port 5000 !
2026-06-16 22:25:46 [32minfo[39m: 	Successfully connected to database mongodb://edgev3_app:edgev3_mongodb_pass@mongodb:27017/edgev3?authSource=admin
2026-06-16 22:25:46 [32minfo[39m: 	HTTP production server up and running on port 5000 !
2026-06-16 22:25:48 [32minfo[39m: 	Successfully connected to database mongodb://edgev3_app:edgev3_mongodb_pass@mongodb:27017/edgev3?authSource=admin
2026-06-16 22:25:48 [32minfo[39m: 	HTTP production server up and running on port 5000 !
2026-06-16 22:26:00 [32minfo[39m: 	exec:  NXF_CACHE_DIR=/edgev3/io/projects/jSJFTpA1QWmXTvH2/nextflow/work nextflow log|awk '/edge-jSJFTpA1QWmXTvH2/ &&(/OK/||/ERR/)'|awk '{split($0,array,/	/); print array[4]}'
2026-06-16 22:26:04 [32minfo[39m: 	exec stdout: 
2026-06-16 22:26:13 [32minfo[39m: 	Successfully connected to database mongodb://edgev3_app:edgev3_mongodb_pass@mongodb:27017/edgev3?authSource=admin
2026-06-16 22:26:13 [32minfo[39m: 	HTTP production server up and running on port 5000 !
2026-06-16 22:26:14 [32minfo[39m: 	Successfully connected to database mongodb://edgev3_app:edgev3_mongodb_pass@mongodb:27017/edgev3?authSource=admin
2026-06-16 22:26:14 [32minfo[39m: 	HTTP CRON server up and running on port 5555 !
2026-06-16 22:26:14 [32minfo[39m: 	Successfully connected to database mongodb://edgev3_app:edgev3_mongodb_pass@mongodb:27017/edgev3?authSource=admin
2026-06-16 22:26:14 [32minfo[39m: 	HTTP production server up and running on port 5000 !
2026-06-16 22:26:16 [32minfo[39m: 	Successfully connected to database mongodb://edgev3_app:edgev3_mongodb_pass@mongodb:27017/edgev3?authSource=admin
2026-06-16 22:26:16 [32minfo[39m: 	HTTP production server up and running on port 5000 !
2026-06-16 22:26:18 [32minfo[39m: 	Successfully connected to database mongodb://edgev3_app:edgev3_mongodb_pass@mongodb:27017/edgev3?authSource=admin
2026-06-16 22:26:18 [32minfo[39m: 	HTTP production server up and running on port 5000 !
2026-06-16 22:26:43 [32minfo[39m: 	Successfully connected to database mongodb://edgev3_app:edgev3_mongodb_pass@mongodb:27017/edgev3?authSource=admin
2026-06-16 22:26:43 [32minfo[39m: 	HTTP production server up and running on port 5000 !
2026-06-16 22:26:44 [32minfo[39m: 	Successfully connected to database mongodb://edgev3_app:edgev3_mongodb_pass@mongodb:27017/edgev3?authSource=admin
2026-06-16 22:26:44 [32minfo[39m: 	HTTP CRON server up and running on port 5555 !
2026-06-16 22:26:44 [32minfo[39m: 	Successfully connected to database mongodb://edgev3_app:edgev3_mongodb_pass@mongodb:27017/edgev3?authSource=admin
2026-06-16 22:26:44 [32minfo[39m: 	HTTP production server up and running on port 5000 !
2026-06-16 22:26:46 [32minfo[39m: 	Successfully connected to database mongodb://edgev3_app:edgev3_mongodb_pass@mongodb:27017/edgev3?authSource=admin
2026-06-16 22:26:46 [32minfo[39m: 	HTTP production server up and running on port 5000 !
2026-06-16 22:26:48 [32minfo[39m: 	Successfully connected to database mongodb://edgev3_app:edgev3_mongodb_pass@mongodb:27017/edgev3?authSource=admin
2026-06-16 22:26:48 [32minfo[39m: 	HTTP production server up and running on port 5000 !
2026-06-16 22:27:13 [32minfo[39m: 	Successfully connected to database mongodb://edgev3_app:edgev3_mongodb_pass@mongodb:27017/edgev3?authSource=admin
2026-06-16 22:27:13 [32minfo[39m: 	HTTP production server up and running on port 5000 !
2026-06-16 22:27:14 [32minfo[39m: 	Successfully connected to database mongodb://edgev3_app:edgev3_mongodb_pass@mongodb:27017/edgev3?authSource=admin
2026-06-16 22:27:14 [32minfo[39m: 	HTTP CRON server up and running on port 5555 !
2026-06-16 22:27:14 [32minfo[39m: 	Successfully connected to database mongodb://edgev3_app:edgev3_mongodb_pass@mongodb:27017/edgev3?authSource=admin
2026-06-16 22:27:14 [32minfo[39m: 	HTTP production server up and running on port 5000 !
2026-06-16 22:27:16 [32minfo[39m: 	Successfully connected to database mongodb://edgev3_app:edgev3_mongodb_pass@mongodb:27017/edgev3?authSource=admin
2026-06-16 22:27:16 [32minfo[39m: 	HTTP production server up and running on port 5000 !
2026-06-16 22:27:18 [32minfo[39m: 	Successfully connected to database mongodb://edgev3_app:edgev3_mongodb_pass@mongodb:27017/edgev3?authSource=admin
2026-06-16 22:27:18 [32minfo[39m: 	HTTP production server up and running on port 5000 !
2026-06-16 22:27:43 [32minfo[39m: 	Successfully connected to database mongodb://edgev3_app:edgev3_mongodb_pass@mongodb:27017/edgev3?authSource=admin
2026-06-16 22:27:43 [32minfo[39m: 	HTTP production server up and running on port 5000 !
2026-06-16 22:27:45 [32minfo[39m: 	Successfully connected to database mongodb://edgev3_app:edgev3_mongodb_pass@mongodb:27017/edgev3?authSource=admin
2026-06-16 22:27:45 [32minfo[39m: 	HTTP CRON server up and running on port 5555 !
2026-06-16 22:27:45 [32minfo[39m: 	Successfully connected to database mongodb://edgev3_app:edgev3_mongodb_pass@mongodb:27017/edgev3?authSource=admin
2026-06-16 22:27:45 [32minfo[39m: 	HTTP production server up and running on port 5000 !
2026-06-16 22:27:47 [32minfo[39m: 	Successfully connected to database mongodb://edgev3_app:edgev3_mongodb_pass@mongodb:27017/edgev3?authSource=admin
2026-06-16 22:27:47 [32minfo[39m: 	HTTP production server up and running on port 5000 !
2026-06-16 22:27:49 [32minfo[39m: 	Successfully connected to database mongodb://edgev3_app:edgev3_mongodb_pass@mongodb:27017/edgev3?authSource=admin
2026-06-16 22:27:49 [32minfo[39m: 	HTTP production server up and running on port 5000 !
2026-06-16 22:28:00 [32minfo[39m: 	exec:  NXF_CACHE_DIR=/edgev3/io/projects/jSJFTpA1QWmXTvH2/nextflow/work nextflow log|awk '/edge-jSJFTpA1QWmXTvH2/ &&(/OK/||/ERR/)'|awk '{split($0,array,/	/); print array[4]}'
2026-06-16 22:28:03 [32minfo[39m: 	exec stdout: 
2026-06-16 22:28:13 [32minfo[39m: 	Successfully connected to database mongodb://edgev3_app:edgev3_mongodb_pass@mongodb:27017/edgev3?authSource=admin
2026-06-16 22:28:13 [32minfo[39m: 	HTTP production server up and running on port 5000 !
2026-06-16 22:28:14 [32minfo[39m: 	Successfully connected to database mongodb://edgev3_app:edgev3_mongodb_pass@mongodb:27017/edgev3?authSource=admin
2026-06-16 22:28:14 [32minfo[39m: 	HTTP CRON server up and running on port 5555 !
2026-06-16 22:28:15 [32minfo[39m: 	Successfully connected to database mongodb://edgev3_app:edgev3_mongodb_pass@mongodb:27017/edgev3?authSource=admin
2026-06-16 22:28:15 [32minfo[39m: 	HTTP production server up and running on port 5000 !
2026-06-16 22:28:16 [32minfo[39m: 	Successfully connected to database mongodb://edgev3_app:edgev3_mongodb_pass@mongodb:27017/edgev3?authSource=admin
2026-06-16 22:28:16 [32minfo[39m: 	HTTP production server up and running on port 5000 !
2026-06-16 22:28:18 [32minfo[39m: 	Successfully connected to database mongodb://edgev3_app:edgev3_mongodb_pass@mongodb:27017/edgev3?authSource=admin
2026-06-16 22:28:18 [32minfo[39m: 	HTTP production server up and running on port 5000 !
2026-06-16 22:28:43 [32minfo[39m: 	Successfully connected to database mongodb://edgev3_app:edgev3_mongodb_pass@mongodb:27017/edgev3?authSource=admin
2026-06-16 22:28:43 [32minfo[39m: 	HTTP production server up and running on port 5000 !
2026-06-16 22:28:44 [32minfo[39m: 	Successfully connected to database mongodb://edgev3_app:edgev3_mongodb_pass@mongodb:27017/edgev3?authSource=admin
2026-06-16 22:28:44 [32minfo[39m: 	HTTP CRON server up and running on port 5555 !
2026-06-16 22:28:44 [32minfo[39m: 	Successfully connected to database mongodb://edgev3_app:edgev3_mongodb_pass@mongodb:27017/edgev3?authSource=admin
2026-06-16 22:28:44 [32minfo[39m: 	HTTP production server up and running on port 5000 !
2026-06-16 22:28:46 [32minfo[39m: 	Successfully connected to database mongodb://edgev3_app:edgev3_mongodb_pass@mongodb:27017/edgev3?authSource=admin
2026-06-16 22:28:46 [32minfo[39m: 	HTTP production server up and running on port 5000 !
2026-06-16 22:28:48 [32minfo[39m: 	Successfully connected to database mongodb://edgev3_app:edgev3_mongodb_pass@mongodb:27017/edgev3?authSource=admin
2026-06-16 22:28:48 [32minfo[39m: 	HTTP production server up and running on port 5000 !
2026-06-16 22:29:13 [32minfo[39m: 	Successfully connected to database mongodb://edgev3_app:edgev3_mongodb_pass@mongodb:27017/edgev3?authSource=admin
2026-06-16 22:29:13 [32minfo[39m: 	HTTP production server up and running on port 5000 !
2026-06-16 22:29:15 [32minfo[39m: 	Successfully connected to database mongodb://edgev3_app:edgev3_mongodb_pass@mongodb:27017/edgev3?authSource=admin
2026-06-16 22:29:15 [32minfo[39m: 	HTTP CRON server up and running on port 5555 !
2026-06-16 22:29:15 [32minfo[39m: 	Successfully connected to database mongodb://edgev3_app:edgev3_mongodb_pass@mongodb:27017/edgev3?authSource=admin
2026-06-16 22:29:15 [32minfo[39m: 	HTTP production server up and running on port 5000 !
2026-06-16 22:29:17 [32minfo[39m: 	Successfully connected to database mongodb://edgev3_app:edgev3_mongodb_pass@mongodb:27017/edgev3?authSource=admin
2026-06-16 22:29:17 [32minfo[39m: 	HTTP production server up and running on port 5000 !
2026-06-16 22:29:18 [32minfo[39m: 	Successfully connected to database mongodb://edgev3_app:edgev3_mongodb_pass@mongodb:27017/edgev3?authSource=admin
2026-06-16 22:29:18 [32minfo[39m: 	HTTP production server up and running on port 5000 !
2026-06-16 22:29:43 [32minfo[39m: 	Successfully connected to database mongodb://edgev3_app:edgev3_mongodb_pass@mongodb:27017/edgev3?authSource=admin
2026-06-16 22:29:43 [32minfo[39m: 	HTTP production server up and running on port 5000 !
2026-06-16 22:29:44 [32minfo[39m: 	Successfully connected to database mongodb://edgev3_app:edgev3_mongodb_pass@mongodb:27017/edgev3?authSource=admin
2026-06-16 22:29:44 [32minfo[39m: 	HTTP CRON server up and running on port 5555 !
2026-06-16 22:29:45 [32minfo[39m: 	Successfully connected to database mongodb://edgev3_app:edgev3_mongodb_pass@mongodb:27017/edgev3?authSource=admin
2026-06-16 22:29:45 [32minfo[39m: 	HTTP production server up and running on port 5000 !
2026-06-16 22:29:46 [32minfo[39m: 	Successfully connected to database mongodb://edgev3_app:edgev3_mongodb_pass@mongodb:27017/edgev3?authSource=admin
2026-06-16 22:29:46 [32minfo[39m: 	HTTP production server up and running on port 5000 !
2026-06-16 22:29:48 [32minfo[39m: 	Successfully connected to database mongodb://edgev3_app:edgev3_mongodb_pass@mongodb:27017/edgev3?authSource=admin
2026-06-16 22:29:48 [32minfo[39m: 	HTTP production server up and running on port 5000 !
2026-06-16 22:30:00 [32minfo[39m: 	exec:  NXF_CACHE_DIR=/edgev3/io/projects/jSJFTpA1QWmXTvH2/nextflow/work nextflow log|awk '/edge-jSJFTpA1QWmXTvH2/ &&(/OK/||/ERR/)'|awk '{split($0,array,/	/); print array[4]}'
2026-06-16 22:30:04 [32minfo[39m: 	exec stdout: 
2026-06-16 22:30:13 [32minfo[39m: 	Successfully connected to database mongodb://edgev3_app:edgev3_mongodb_pass@mongodb:27017/edgev3?authSource=admin
2026-06-16 22:30:13 [32minfo[39m: 	HTTP production server up and running on port 5000 !
2026-06-16 22:30:14 [32minfo[39m: 	Successfully connected to database mongodb://edgev3_app:edgev3_mongodb_pass@mongodb:27017/edgev3?authSource=admin
2026-06-16 22:30:14 [32minfo[39m: 	HTTP CRON server up and running on port 5555 !
2026-06-16 22:30:14 [32minfo[39m: 	Successfully connected to database mongodb://edgev3_app:edgev3_mongodb_pass@mongodb:27017/edgev3?authSource=admin
2026-06-16 22:30:14 [32minfo[39m: 	HTTP production server up and running on port 5000 !
2026-06-16 22:30:17 [32minfo[39m: 	Successfully connected to database mongodb://edgev3_app:edgev3_mongodb_pass@mongodb:27017/edgev3?authSource=admin
2026-06-16 22:30:17 [32minfo[39m: 	HTTP production server up and running on port 5000 !
2026-06-16 22:30:18 [32minfo[39m: 	Successfully connected to database mongodb://edgev3_app:edgev3_mongodb_pass@mongodb:27017/edgev3?authSource=admin
2026-06-16 22:30:18 [32minfo[39m: 	HTTP production server up and running on port 5000 !
