2026-06-17 01:31:37 [32minfo[39m: 	Successfully connected to database mongodb://edgev3_app:edgev3_mongodb_pass@mongodb:27017/edgev3?authSource=admin
2026-06-17 01:31:37 [32minfo[39m: 	Successfully connected to database mongodb://edgev3_app:edgev3_mongodb_pass@mongodb:27017/edgev3?authSource=admin
2026-06-17 01:31:38 [32minfo[39m: 	HTTP production server up and running on port 5000 !
2026-06-17 01:31:38 [32minfo[39m: 	HTTP production server up and running on port 5000 !
2026-06-17 01:31:38 [32minfo[39m: 	Successfully connected to database mongodb://edgev3_app:edgev3_mongodb_pass@mongodb:27017/edgev3?authSource=admin
2026-06-17 01:31:38 [32minfo[39m: 	HTTP production server up and running on port 5000 !
2026-06-17 01:31:38 [32minfo[39m: 	Successfully connected to database mongodb://edgev3_app:edgev3_mongodb_pass@mongodb:27017/edgev3?authSource=admin
2026-06-17 01:31:38 [32minfo[39m: 	HTTP production server up and running on port 5000 !
2026-06-17 01:31:38 [32minfo[39m: 	Successfully connected to database mongodb://edgev3_app:edgev3_mongodb_pass@mongodb:27017/edgev3?authSource=admin
2026-06-17 01:31:38 [32minfo[39m: 	HTTP CRON server up and running on port 5555 !
2026-06-17 01:31:38 [32minfo[39m: 	Successfully connected to database mongodb://edgev3_app:edgev3_mongodb_pass@mongodb:27017/edgev3?authSource=admin
2026-06-17 01:31:38 [32minfo[39m: 	HTTP production server up and running on port 5000 !
2026-06-17 01:31:39 [32minfo[39m: 	Successfully connected to database mongodb://edgev3_app:edgev3_mongodb_pass@mongodb:27017/edgev3?authSource=admin
2026-06-17 01:31:39 [32minfo[39m: 	HTTP production server up and running on port 5000 !
2026-06-17 01:31:40 [32minfo[39m: 	Successfully connected to database mongodb://edgev3_app:edgev3_mongodb_pass@mongodb:27017/edgev3?authSource=admin
2026-06-17 01:31:40 [32minfo[39m: 	HTTP production server up and running on port 5000 !
2026-06-17 01:31:40 [32minfo[39m: 	Successfully connected to database mongodb://edgev3_app:edgev3_mongodb_pass@mongodb:27017/edgev3?authSource=admin
2026-06-17 01:31:40 [32minfo[39m: 	HTTP production server up and running on port 5000 !
2026-06-17 01:32:08 [32minfo[39m: 	Successfully connected to database mongodb://edgev3_app:edgev3_mongodb_pass@mongodb:27017/edgev3?authSource=admin
2026-06-17 01:32:08 [32minfo[39m: 	HTTP production server up and running on port 5000 !
2026-06-17 01:32:09 [32minfo[39m: 	Successfully connected to database mongodb://edgev3_app:edgev3_mongodb_pass@mongodb:27017/edgev3?authSource=admin
2026-06-17 01:32:09 [32minfo[39m: 	HTTP CRON server up and running on port 5555 !
2026-06-17 01:32:09 [32minfo[39m: 	Successfully connected to database mongodb://edgev3_app:edgev3_mongodb_pass@mongodb:27017/edgev3?authSource=admin
2026-06-17 01:32:09 [32minfo[39m: 	HTTP production server up and running on port 5000 !
2026-06-17 01:32:11 [32minfo[39m: 	Successfully connected to database mongodb://edgev3_app:edgev3_mongodb_pass@mongodb:27017/edgev3?authSource=admin
2026-06-17 01:32:11 [32minfo[39m: 	HTTP production server up and running on port 5000 !
2026-06-17 01:32:13 [32minfo[39m: 	Successfully connected to database mongodb://edgev3_app:edgev3_mongodb_pass@mongodb:27017/edgev3?authSource=admin
2026-06-17 01:32:13 [32minfo[39m: 	HTTP production server up and running on port 5000 !
2026-06-17 01:32:38 [32minfo[39m: 	Successfully connected to database mongodb://edgev3_app:edgev3_mongodb_pass@mongodb:27017/edgev3?authSource=admin
2026-06-17 01:32:38 [32minfo[39m: 	HTTP production server up and running on port 5000 !
2026-06-17 01:32:39 [32minfo[39m: 	Successfully connected to database mongodb://edgev3_app:edgev3_mongodb_pass@mongodb:27017/edgev3?authSource=admin
2026-06-17 01:32:39 [32minfo[39m: 	HTTP CRON server up and running on port 5555 !
2026-06-17 01:32:39 [32minfo[39m: 	Successfully connected to database mongodb://edgev3_app:edgev3_mongodb_pass@mongodb:27017/edgev3?authSource=admin
2026-06-17 01:32:39 [32minfo[39m: 	HTTP production server up and running on port 5000 !
2026-06-17 01:32:41 [32minfo[39m: 	Successfully connected to database mongodb://edgev3_app:edgev3_mongodb_pass@mongodb:27017/edgev3?authSource=admin
2026-06-17 01:32:41 [32minfo[39m: 	HTTP production server up and running on port 5000 !
2026-06-17 01:32:43 [32minfo[39m: 	Successfully connected to database mongodb://edgev3_app:edgev3_mongodb_pass@mongodb:27017/edgev3?authSource=admin
2026-06-17 01:32:43 [32minfo[39m: 	HTTP production server up and running on port 5000 !
2026-06-17 01:33:08 [32minfo[39m: 	Successfully connected to database mongodb://edgev3_app:edgev3_mongodb_pass@mongodb:27017/edgev3?authSource=admin
2026-06-17 01:33:08 [32minfo[39m: 	HTTP production server up and running on port 5000 !
2026-06-17 01:33:09 [32minfo[39m: 	Successfully connected to database mongodb://edgev3_app:edgev3_mongodb_pass@mongodb:27017/edgev3?authSource=admin
2026-06-17 01:33:09 [32minfo[39m: 	HTTP CRON server up and running on port 5555 !
2026-06-17 01:33:10 [32minfo[39m: 	Successfully connected to database mongodb://edgev3_app:edgev3_mongodb_pass@mongodb:27017/edgev3?authSource=admin
2026-06-17 01:33:10 [32minfo[39m: 	HTTP production server up and running on port 5000 !
2026-06-17 01:33:11 [32minfo[39m: 	Successfully connected to database mongodb://edgev3_app:edgev3_mongodb_pass@mongodb:27017/edgev3?authSource=admin
2026-06-17 01:33:11 [32minfo[39m: 	HTTP production server up and running on port 5000 !
2026-06-17 01:33:13 [32minfo[39m: 	Successfully connected to database mongodb://edgev3_app:edgev3_mongodb_pass@mongodb:27017/edgev3?authSource=admin
2026-06-17 01:33:13 [32minfo[39m: 	HTTP production server up and running on port 5000 !
2026-06-17 01:33:38 [32minfo[39m: 	Successfully connected to database mongodb://edgev3_app:edgev3_mongodb_pass@mongodb:27017/edgev3?authSource=admin
2026-06-17 01:33:38 [32minfo[39m: 	HTTP production server up and running on port 5000 !
2026-06-17 01:33:39 [32minfo[39m: 	Successfully connected to database mongodb://edgev3_app:edgev3_mongodb_pass@mongodb:27017/edgev3?authSource=admin
2026-06-17 01:33:39 [32minfo[39m: 	HTTP CRON server up and running on port 5555 !
2026-06-17 01:33:39 [32minfo[39m: 	Successfully connected to database mongodb://edgev3_app:edgev3_mongodb_pass@mongodb:27017/edgev3?authSource=admin
2026-06-17 01:33:39 [32minfo[39m: 	HTTP production server up and running on port 5000 !
2026-06-17 01:33:41 [32minfo[39m: 	Successfully connected to database mongodb://edgev3_app:edgev3_mongodb_pass@mongodb:27017/edgev3?authSource=admin
2026-06-17 01:33:41 [32minfo[39m: 	HTTP production server up and running on port 5000 !
2026-06-17 01:33:42 [32minfo[39m: 	Successfully connected to database mongodb://edgev3_app:edgev3_mongodb_pass@mongodb:27017/edgev3?authSource=admin
2026-06-17 01:33:42 [32minfo[39m: 	HTTP production server up and running on port 5000 !
2026-06-17 01:34:08 [32minfo[39m: 	Successfully connected to database mongodb://edgev3_app:edgev3_mongodb_pass@mongodb:27017/edgev3?authSource=admin
2026-06-17 01:34:08 [32minfo[39m: 	HTTP production server up and running on port 5000 !
2026-06-17 01:34:09 [32minfo[39m: 	Successfully connected to database mongodb://edgev3_app:edgev3_mongodb_pass@mongodb:27017/edgev3?authSource=admin
2026-06-17 01:34:09 [32minfo[39m: 	HTTP CRON server up and running on port 5555 !
2026-06-17 01:34:09 [32minfo[39m: 	Successfully connected to database mongodb://edgev3_app:edgev3_mongodb_pass@mongodb:27017/edgev3?authSource=admin
2026-06-17 01:34:09 [32minfo[39m: 	HTTP production server up and running on port 5000 !
2026-06-17 01:34:11 [32minfo[39m: 	Successfully connected to database mongodb://edgev3_app:edgev3_mongodb_pass@mongodb:27017/edgev3?authSource=admin
2026-06-17 01:34:11 [32minfo[39m: 	HTTP production server up and running on port 5000 !
2026-06-17 01:34:13 [32minfo[39m: 	Successfully connected to database mongodb://edgev3_app:edgev3_mongodb_pass@mongodb:27017/edgev3?authSource=admin
2026-06-17 01:34:13 [32minfo[39m: 	HTTP production server up and running on port 5000 !
2026-06-17 01:34:38 [32minfo[39m: 	Successfully connected to database mongodb://edgev3_app:edgev3_mongodb_pass@mongodb:27017/edgev3?authSource=admin
2026-06-17 01:34:38 [32minfo[39m: 	HTTP production server up and running on port 5000 !
2026-06-17 01:34:39 [32minfo[39m: 	Successfully connected to database mongodb://edgev3_app:edgev3_mongodb_pass@mongodb:27017/edgev3?authSource=admin
2026-06-17 01:34:39 [32minfo[39m: 	HTTP CRON server up and running on port 5555 !
2026-06-17 01:34:39 [32minfo[39m: 	Successfully connected to database mongodb://edgev3_app:edgev3_mongodb_pass@mongodb:27017/edgev3?authSource=admin
2026-06-17 01:34:39 [32minfo[39m: 	HTTP production server up and running on port 5000 !
2026-06-17 01:34:41 [32minfo[39m: 	Successfully connected to database mongodb://edgev3_app:edgev3_mongodb_pass@mongodb:27017/edgev3?authSource=admin
2026-06-17 01:34:41 [32minfo[39m: 	HTTP production server up and running on port 5000 !
2026-06-17 01:34:43 [32minfo[39m: 	Successfully connected to database mongodb://edgev3_app:edgev3_mongodb_pass@mongodb:27017/edgev3?authSource=admin
2026-06-17 01:34:43 [32minfo[39m: 	HTTP production server up and running on port 5000 !
2026-06-17 01:35:08 [32minfo[39m: 	Successfully connected to database mongodb://edgev3_app:edgev3_mongodb_pass@mongodb:27017/edgev3?authSource=admin
2026-06-17 01:35:08 [32minfo[39m: 	HTTP production server up and running on port 5000 !
2026-06-17 01:35:09 [32minfo[39m: 	Successfully connected to database mongodb://edgev3_app:edgev3_mongodb_pass@mongodb:27017/edgev3?authSource=admin
2026-06-17 01:35:09 [32minfo[39m: 	HTTP CRON server up and running on port 5555 !
2026-06-17 01:35:09 [32minfo[39m: 	Successfully connected to database mongodb://edgev3_app:edgev3_mongodb_pass@mongodb:27017/edgev3?authSource=admin
2026-06-17 01:35:09 [32minfo[39m: 	HTTP production server up and running on port 5000 !
2026-06-17 01:35:11 [32minfo[39m: 	Successfully connected to database mongodb://edgev3_app:edgev3_mongodb_pass@mongodb:27017/edgev3?authSource=admin
2026-06-17 01:35:11 [32minfo[39m: 	HTTP production server up and running on port 5000 !
2026-06-17 01:35:13 [32minfo[39m: 	Successfully connected to database mongodb://edgev3_app:edgev3_mongodb_pass@mongodb:27017/edgev3?authSource=admin
2026-06-17 01:35:13 [32minfo[39m: 	HTTP production server up and running on port 5000 !
2026-06-17 01:35:38 [32minfo[39m: 	Successfully connected to database mongodb://edgev3_app:edgev3_mongodb_pass@mongodb:27017/edgev3?authSource=admin
2026-06-17 01:35:38 [32minfo[39m: 	HTTP production server up and running on port 5000 !
2026-06-17 01:35:39 [32minfo[39m: 	Successfully connected to database mongodb://edgev3_app:edgev3_mongodb_pass@mongodb:27017/edgev3?authSource=admin
2026-06-17 01:35:39 [32minfo[39m: 	HTTP CRON server up and running on port 5555 !
2026-06-17 01:35:39 [32minfo[39m: 	Successfully connected to database mongodb://edgev3_app:edgev3_mongodb_pass@mongodb:27017/edgev3?authSource=admin
2026-06-17 01:35:39 [32minfo[39m: 	HTTP production server up and running on port 5000 !
2026-06-17 01:35:41 [32minfo[39m: 	Successfully connected to database mongodb://edgev3_app:edgev3_mongodb_pass@mongodb:27017/edgev3?authSource=admin
2026-06-17 01:35:41 [32minfo[39m: 	HTTP production server up and running on port 5000 !
2026-06-17 01:35:43 [32minfo[39m: 	Successfully connected to database mongodb://edgev3_app:edgev3_mongodb_pass@mongodb:27017/edgev3?authSource=admin
2026-06-17 01:35:43 [32minfo[39m: 	HTTP production server up and running on port 5000 !
2026-06-17 01:36:08 [32minfo[39m: 	Successfully connected to database mongodb://edgev3_app:edgev3_mongodb_pass@mongodb:27017/edgev3?authSource=admin
2026-06-17 01:36:08 [32minfo[39m: 	HTTP production server up and running on port 5000 !
2026-06-17 01:36:09 [32minfo[39m: 	Successfully connected to database mongodb://edgev3_app:edgev3_mongodb_pass@mongodb:27017/edgev3?authSource=admin
2026-06-17 01:36:09 [32minfo[39m: 	HTTP CRON server up and running on port 5555 !
2026-06-17 01:36:09 [32minfo[39m: 	Successfully connected to database mongodb://edgev3_app:edgev3_mongodb_pass@mongodb:27017/edgev3?authSource=admin
2026-06-17 01:36:09 [32minfo[39m: 	HTTP production server up and running on port 5000 !
2026-06-17 01:36:11 [32minfo[39m: 	Successfully connected to database mongodb://edgev3_app:edgev3_mongodb_pass@mongodb:27017/edgev3?authSource=admin
2026-06-17 01:36:11 [32minfo[39m: 	HTTP production server up and running on port 5000 !
2026-06-17 01:36:13 [32minfo[39m: 	Successfully connected to database mongodb://edgev3_app:edgev3_mongodb_pass@mongodb:27017/edgev3?authSource=admin
2026-06-17 01:36:13 [32minfo[39m: 	HTTP production server up and running on port 5000 !
2026-06-17 01:37:23 [32minfo[39m: 	Successfully connected to database mongodb://edgev3_app:edgev3_mongodb_pass@mongodb:27017/edgev3?authSource=admin
2026-06-17 01:37:23 [32minfo[39m: 	Successfully connected to database mongodb://edgev3_app:edgev3_mongodb_pass@mongodb:27017/edgev3?authSource=admin
2026-06-17 01:37:23 [32minfo[39m: 	HTTP production server up and running on port 5000 !
2026-06-17 01:37:23 [32minfo[39m: 	HTTP production server up and running on port 5000 !
2026-06-17 01:37:23 [32minfo[39m: 	Successfully connected to database mongodb://edgev3_app:edgev3_mongodb_pass@mongodb:27017/edgev3?authSource=admin
2026-06-17 01:37:23 [32minfo[39m: 	HTTP production server up and running on port 5000 !
2026-06-17 01:37:23 [32minfo[39m: 	Successfully connected to database mongodb://edgev3_app:edgev3_mongodb_pass@mongodb:27017/edgev3?authSource=admin
2026-06-17 01:37:23 [32minfo[39m: 	HTTP production server up and running on port 5000 !
2026-06-17 01:37:24 [32minfo[39m: 	Successfully connected to database mongodb://edgev3_app:edgev3_mongodb_pass@mongodb:27017/edgev3?authSource=admin
2026-06-17 01:37:24 [32minfo[39m: 	HTTP CRON server up and running on port 5555 !
2026-06-17 01:37:24 [32minfo[39m: 	Successfully connected to database mongodb://edgev3_app:edgev3_mongodb_pass@mongodb:27017/edgev3?authSource=admin
2026-06-17 01:37:24 [32minfo[39m: 	HTTP production server up and running on port 5000 !
2026-06-17 01:37:24 [32minfo[39m: 	Successfully connected to database mongodb://edgev3_app:edgev3_mongodb_pass@mongodb:27017/edgev3?authSource=admin
2026-06-17 01:37:24 [32minfo[39m: 	HTTP production server up and running on port 5000 !
2026-06-17 01:37:26 [32minfo[39m: 	Successfully connected to database mongodb://edgev3_app:edgev3_mongodb_pass@mongodb:27017/edgev3?authSource=admin
2026-06-17 01:37:26 [32minfo[39m: 	HTTP production server up and running on port 5000 !
2026-06-17 01:37:26 [32minfo[39m: 	Successfully connected to database mongodb://edgev3_app:edgev3_mongodb_pass@mongodb:27017/edgev3?authSource=admin
2026-06-17 01:37:26 [32minfo[39m: 	HTTP production server up and running on port 5000 !
2026-06-17 01:37:53 [32minfo[39m: 	Successfully connected to database mongodb://edgev3_app:edgev3_mongodb_pass@mongodb:27017/edgev3?authSource=admin
2026-06-17 01:37:53 [32minfo[39m: 	HTTP production server up and running on port 5000 !
2026-06-17 01:37:54 [32minfo[39m: 	Successfully connected to database mongodb://edgev3_app:edgev3_mongodb_pass@mongodb:27017/edgev3?authSource=admin
2026-06-17 01:37:54 [32minfo[39m: 	HTTP production server up and running on port 5000 !
2026-06-17 01:37:56 [32minfo[39m: 	Successfully connected to database mongodb://edgev3_app:edgev3_mongodb_pass@mongodb:27017/edgev3?authSource=admin
2026-06-17 01:37:56 [32minfo[39m: 	HTTP production server up and running on port 5000 !
2026-06-17 01:37:57 [32minfo[39m: 	Successfully connected to database mongodb://edgev3_app:edgev3_mongodb_pass@mongodb:27017/edgev3?authSource=admin
2026-06-17 01:37:57 [32minfo[39m: 	HTTP production server up and running on port 5000 !
2026-06-17 01:38:19 [32minfo[39m: 	Create account from oauth login: singleuser@my.edge authenticated by single
2026-06-17 01:38:23 [32minfo[39m: 	Successfully connected to database mongodb://edgev3_app:edgev3_mongodb_pass@mongodb:27017/edgev3?authSource=admin
2026-06-17 01:38:23 [32minfo[39m: 	HTTP production server up and running on port 5000 !
2026-06-17 01:38:24 [32minfo[39m: 	Successfully connected to database mongodb://edgev3_app:edgev3_mongodb_pass@mongodb:27017/edgev3?authSource=admin
2026-06-17 01:38:24 [32minfo[39m: 	HTTP CRON server up and running on port 5555 !
2026-06-17 01:38:25 [32minfo[39m: 	Successfully connected to database mongodb://edgev3_app:edgev3_mongodb_pass@mongodb:27017/edgev3?authSource=admin
2026-06-17 01:38:25 [32minfo[39m: 	HTTP production server up and running on port 5000 !
2026-06-17 01:38:26 [32minfo[39m: 	Successfully connected to database mongodb://edgev3_app:edgev3_mongodb_pass@mongodb:27017/edgev3?authSource=admin
2026-06-17 01:38:26 [32minfo[39m: 	HTTP production server up and running on port 5000 !
2026-06-17 01:38:28 [32minfo[39m: 	Successfully connected to database mongodb://edgev3_app:edgev3_mongodb_pass@mongodb:27017/edgev3?authSource=admin
2026-06-17 01:38:28 [32minfo[39m: 	HTTP production server up and running on port 5000 !
2026-06-17 01:38:53 [32minfo[39m: 	Successfully connected to database mongodb://edgev3_app:edgev3_mongodb_pass@mongodb:27017/edgev3?authSource=admin
2026-06-17 01:38:53 [32minfo[39m: 	HTTP production server up and running on port 5000 !
2026-06-17 01:38:54 [32minfo[39m: 	Successfully connected to database mongodb://edgev3_app:edgev3_mongodb_pass@mongodb:27017/edgev3?authSource=admin
2026-06-17 01:38:54 [32minfo[39m: 	HTTP CRON server up and running on port 5555 !
2026-06-17 01:38:55 [32minfo[39m: 	Successfully connected to database mongodb://edgev3_app:edgev3_mongodb_pass@mongodb:27017/edgev3?authSource=admin
2026-06-17 01:38:55 [32minfo[39m: 	HTTP production server up and running on port 5000 !
2026-06-17 01:38:56 [32minfo[39m: 	Successfully connected to database mongodb://edgev3_app:edgev3_mongodb_pass@mongodb:27017/edgev3?authSource=admin
2026-06-17 01:38:56 [32minfo[39m: 	HTTP production server up and running on port 5000 !
2026-06-17 01:38:58 [32minfo[39m: 	Successfully connected to database mongodb://edgev3_app:edgev3_mongodb_pass@mongodb:27017/edgev3?authSource=admin
2026-06-17 01:38:58 [32minfo[39m: 	HTTP production server up and running on port 5000 !
2026-06-17 01:39:23 [32minfo[39m: 	Successfully connected to database mongodb://edgev3_app:edgev3_mongodb_pass@mongodb:27017/edgev3?authSource=admin
2026-06-17 01:39:23 [32minfo[39m: 	HTTP production server up and running on port 5000 !
2026-06-17 01:39:24 [32minfo[39m: 	Successfully connected to database mongodb://edgev3_app:edgev3_mongodb_pass@mongodb:27017/edgev3?authSource=admin
2026-06-17 01:39:24 [32minfo[39m: 	HTTP CRON server up and running on port 5555 !
2026-06-17 01:39:24 [32minfo[39m: 	Successfully connected to database mongodb://edgev3_app:edgev3_mongodb_pass@mongodb:27017/edgev3?authSource=admin
2026-06-17 01:39:24 [32minfo[39m: 	HTTP production server up and running on port 5000 !
2026-06-17 01:39:26 [32minfo[39m: 	Successfully connected to database mongodb://edgev3_app:edgev3_mongodb_pass@mongodb:27017/edgev3?authSource=admin
2026-06-17 01:39:26 [32minfo[39m: 	HTTP production server up and running on port 5000 !
2026-06-17 01:39:28 [32minfo[39m: 	Successfully connected to database mongodb://edgev3_app:edgev3_mongodb_pass@mongodb:27017/edgev3?authSource=admin
2026-06-17 01:39:28 [32minfo[39m: 	HTTP production server up and running on port 5000 !
2026-06-17 01:39:53 [32minfo[39m: 	Successfully connected to database mongodb://edgev3_app:edgev3_mongodb_pass@mongodb:27017/edgev3?authSource=admin
2026-06-17 01:39:53 [32minfo[39m: 	HTTP production server up and running on port 5000 !
2026-06-17 01:39:54 [32minfo[39m: 	Successfully connected to database mongodb://edgev3_app:edgev3_mongodb_pass@mongodb:27017/edgev3?authSource=admin
2026-06-17 01:39:54 [32minfo[39m: 	HTTP CRON server up and running on port 5555 !
2026-06-17 01:39:54 [32minfo[39m: 	Successfully connected to database mongodb://edgev3_app:edgev3_mongodb_pass@mongodb:27017/edgev3?authSource=admin
2026-06-17 01:39:54 [32minfo[39m: 	HTTP production server up and running on port 5000 !
2026-06-17 01:39:56 [32minfo[39m: 	Successfully connected to database mongodb://edgev3_app:edgev3_mongodb_pass@mongodb:27017/edgev3?authSource=admin
2026-06-17 01:39:56 [32minfo[39m: 	HTTP production server up and running on port 5000 !
2026-06-17 01:39:57 [32minfo[39m: 	Successfully connected to database mongodb://edgev3_app:edgev3_mongodb_pass@mongodb:27017/edgev3?authSource=admin
2026-06-17 01:39:58 [32minfo[39m: 	HTTP production server up and running on port 5000 !
2026-06-17 01:40:00 [32minfo[39m: 	Processing workflow request: pugKRlBVkQPg0fFL
2026-06-17 01:40:00 [32minfo[39m: 	Generate nextflow.config
2026-06-17 01:40:00 [32minfo[39m: 	Submit workflow to nextflow
2026-06-17 01:40:00 [32minfo[39m: 	exec:  NXF_CACHE_DIR=/edgev3/io/projects/pugKRlBVkQPg0fFL/nextflow/work NXF_PID_FILE=/edgev3/io/projects/pugKRlBVkQPg0fFL/nextflow/.nextflow.pid NXF_LOG_FILE=/edgev3/io/projects/pugKRlBVkQPg0fFL/nextflow/.nextflow.log nextflow -C /edgev3/io/projects/pugKRlBVkQPg0fFL/nextflow/../nextflow.config -bg -q run /edgev3/workflows/Nextflow/metagenomics/nextflow/main.nf -name edge-pugKRlBVkQPg0fFL
2026-06-17 01:40:00 [32minfo[39m: 	Done workflow submission
2026-06-17 01:40:14 [31merror[39m: 	exec stderr: curl: (60) SSL certificate OpenSSL verify result: unable to get local issuer certificate (20)
More details here: https://curl.se/docs/sslcerts.html

curl failed to verify the legitimacy of the server and therefore could not
establish a secure connection to it. To learn more about this situation and
how to fix it, please visit the webpage mentioned above.

2026-06-17 01:40:14 [32minfo[39m: 	exec stdout: ERROR ~ Error executing process > 'FAQCS:adapterFileCheck (1)'

Caused by:
  Process `FAQCS:adapterFileCheck (1)` terminated with an error exit status (127)


Command executed:

  isFasta.pl NO_FILE3

Command exit status:
  127

Command output:
  (empty)

Command error:
  .command.run: line 301: docker: command not found

Work dir:
  /edgev3/io/projects/pugKRlBVkQPg0fFL/nextflow/work/a6/e4c0cdba1b45d2fceeda06b247cefe

Container:
  ghcr.io/lanl-bioinformatics/edge_run_faqcs:1.6.5

Tip: you can replicate the issue by changing to the process work dir and entering the command `bash .command.run`

 -- Check '/edgev3/io/projects/pugKRlBVkQPg0fFL/nextflow/.nextflow.log' file for details

2026-06-17 01:40:23 [32minfo[39m: 	Successfully connected to database mongodb://edgev3_app:edgev3_mongodb_pass@mongodb:27017/edgev3?authSource=admin
2026-06-17 01:40:23 [32minfo[39m: 	HTTP production server up and running on port 5000 !
2026-06-17 01:40:24 [32minfo[39m: 	Successfully connected to database mongodb://edgev3_app:edgev3_mongodb_pass@mongodb:27017/edgev3?authSource=admin
2026-06-17 01:40:24 [32minfo[39m: 	HTTP CRON server up and running on port 5555 !
2026-06-17 01:40:24 [32minfo[39m: 	Successfully connected to database mongodb://edgev3_app:edgev3_mongodb_pass@mongodb:27017/edgev3?authSource=admin
2026-06-17 01:40:25 [32minfo[39m: 	HTTP production server up and running on port 5000 !
2026-06-17 01:40:26 [32minfo[39m: 	Successfully connected to database mongodb://edgev3_app:edgev3_mongodb_pass@mongodb:27017/edgev3?authSource=admin
2026-06-17 01:40:26 [32minfo[39m: 	HTTP production server up and running on port 5000 !
2026-06-17 01:40:28 [32minfo[39m: 	Successfully connected to database mongodb://edgev3_app:edgev3_mongodb_pass@mongodb:27017/edgev3?authSource=admin
2026-06-17 01:40:28 [32minfo[39m: 	HTTP production server up and running on port 5000 !
2026-06-17 01:40:53 [32minfo[39m: 	Successfully connected to database mongodb://edgev3_app:edgev3_mongodb_pass@mongodb:27017/edgev3?authSource=admin
2026-06-17 01:40:53 [32minfo[39m: 	HTTP production server up and running on port 5000 !
2026-06-17 01:40:54 [32minfo[39m: 	Successfully connected to database mongodb://edgev3_app:edgev3_mongodb_pass@mongodb:27017/edgev3?authSource=admin
2026-06-17 01:40:54 [32minfo[39m: 	HTTP CRON server up and running on port 5555 !
2026-06-17 01:40:54 [32minfo[39m: 	Successfully connected to database mongodb://edgev3_app:edgev3_mongodb_pass@mongodb:27017/edgev3?authSource=admin
2026-06-17 01:40:54 [32minfo[39m: 	HTTP production server up and running on port 5000 !
2026-06-17 01:40:56 [32minfo[39m: 	Successfully connected to database mongodb://edgev3_app:edgev3_mongodb_pass@mongodb:27017/edgev3?authSource=admin
2026-06-17 01:40:56 [32minfo[39m: 	HTTP production server up and running on port 5000 !
2026-06-17 01:40:58 [32minfo[39m: 	Successfully connected to database mongodb://edgev3_app:edgev3_mongodb_pass@mongodb:27017/edgev3?authSource=admin
2026-06-17 01:40:58 [32minfo[39m: 	HTTP production server up and running on port 5000 !
2026-06-17 01:41:23 [32minfo[39m: 	Successfully connected to database mongodb://edgev3_app:edgev3_mongodb_pass@mongodb:27017/edgev3?authSource=admin
2026-06-17 01:41:23 [32minfo[39m: 	HTTP production server up and running on port 5000 !
2026-06-17 01:41:24 [32minfo[39m: 	Successfully connected to database mongodb://edgev3_app:edgev3_mongodb_pass@mongodb:27017/edgev3?authSource=admin
2026-06-17 01:41:24 [32minfo[39m: 	HTTP CRON server up and running on port 5555 !
2026-06-17 01:41:24 [32minfo[39m: 	Successfully connected to database mongodb://edgev3_app:edgev3_mongodb_pass@mongodb:27017/edgev3?authSource=admin
2026-06-17 01:41:24 [32minfo[39m: 	HTTP production server up and running on port 5000 !
2026-06-17 01:41:26 [32minfo[39m: 	Successfully connected to database mongodb://edgev3_app:edgev3_mongodb_pass@mongodb:27017/edgev3?authSource=admin
2026-06-17 01:41:26 [32minfo[39m: 	HTTP production server up and running on port 5000 !
2026-06-17 01:41:28 [32minfo[39m: 	Successfully connected to database mongodb://edgev3_app:edgev3_mongodb_pass@mongodb:27017/edgev3?authSource=admin
2026-06-17 01:41:28 [32minfo[39m: 	HTTP production server up and running on port 5000 !
2026-06-17 01:41:53 [32minfo[39m: 	Successfully connected to database mongodb://edgev3_app:edgev3_mongodb_pass@mongodb:27017/edgev3?authSource=admin
2026-06-17 01:41:53 [32minfo[39m: 	HTTP production server up and running on port 5000 !
2026-06-17 01:41:54 [32minfo[39m: 	Successfully connected to database mongodb://edgev3_app:edgev3_mongodb_pass@mongodb:27017/edgev3?authSource=admin
2026-06-17 01:41:54 [32minfo[39m: 	HTTP CRON server up and running on port 5555 !
2026-06-17 01:41:54 [32minfo[39m: 	Successfully connected to database mongodb://edgev3_app:edgev3_mongodb_pass@mongodb:27017/edgev3?authSource=admin
2026-06-17 01:41:54 [32minfo[39m: 	HTTP production server up and running on port 5000 !
2026-06-17 01:41:56 [32minfo[39m: 	Successfully connected to database mongodb://edgev3_app:edgev3_mongodb_pass@mongodb:27017/edgev3?authSource=admin
2026-06-17 01:41:56 [32minfo[39m: 	HTTP production server up and running on port 5000 !
2026-06-17 01:41:57 [32minfo[39m: 	Successfully connected to database mongodb://edgev3_app:edgev3_mongodb_pass@mongodb:27017/edgev3?authSource=admin
2026-06-17 01:41:57 [32minfo[39m: 	HTTP production server up and running on port 5000 !
2026-06-17 01:42:00 [32minfo[39m: 	exec:  NXF_CACHE_DIR=/edgev3/io/projects/pugKRlBVkQPg0fFL/nextflow/work nextflow log|awk '/edge-pugKRlBVkQPg0fFL/ &&(/OK/||/ERR/)'|awk '{split($0,array,/	/); print array[4]}'
2026-06-17 01:42:03 [32minfo[39m: 	exec stdout: ERR   

2026-06-17 01:42:23 [32minfo[39m: 	Successfully connected to database mongodb://edgev3_app:edgev3_mongodb_pass@mongodb:27017/edgev3?authSource=admin
2026-06-17 01:42:23 [32minfo[39m: 	HTTP production server up and running on port 5000 !
2026-06-17 01:42:24 [32minfo[39m: 	Successfully connected to database mongodb://edgev3_app:edgev3_mongodb_pass@mongodb:27017/edgev3?authSource=admin
2026-06-17 01:42:24 [32minfo[39m: 	HTTP CRON server up and running on port 5555 !
2026-06-17 01:42:24 [32minfo[39m: 	Successfully connected to database mongodb://edgev3_app:edgev3_mongodb_pass@mongodb:27017/edgev3?authSource=admin
2026-06-17 01:42:24 [32minfo[39m: 	HTTP production server up and running on port 5000 !
2026-06-17 01:42:26 [32minfo[39m: 	Successfully connected to database mongodb://edgev3_app:edgev3_mongodb_pass@mongodb:27017/edgev3?authSource=admin
2026-06-17 01:42:26 [32minfo[39m: 	HTTP production server up and running on port 5000 !
2026-06-17 01:42:28 [32minfo[39m: 	Successfully connected to database mongodb://edgev3_app:edgev3_mongodb_pass@mongodb:27017/edgev3?authSource=admin
2026-06-17 01:42:28 [32minfo[39m: 	HTTP production server up and running on port 5000 !
2026-06-17 01:42:53 [32minfo[39m: 	Successfully connected to database mongodb://edgev3_app:edgev3_mongodb_pass@mongodb:27017/edgev3?authSource=admin
2026-06-17 01:42:53 [32minfo[39m: 	HTTP production server up and running on port 5000 !
2026-06-17 01:42:54 [32minfo[39m: 	Successfully connected to database mongodb://edgev3_app:edgev3_mongodb_pass@mongodb:27017/edgev3?authSource=admin
2026-06-17 01:42:54 [32minfo[39m: 	HTTP CRON server up and running on port 5555 !
2026-06-17 01:42:55 [32minfo[39m: 	Successfully connected to database mongodb://edgev3_app:edgev3_mongodb_pass@mongodb:27017/edgev3?authSource=admin
2026-06-17 01:42:55 [32minfo[39m: 	HTTP production server up and running on port 5000 !
2026-06-17 01:42:56 [32minfo[39m: 	Successfully connected to database mongodb://edgev3_app:edgev3_mongodb_pass@mongodb:27017/edgev3?authSource=admin
2026-06-17 01:42:56 [32minfo[39m: 	HTTP production server up and running on port 5000 !
2026-06-17 01:42:58 [32minfo[39m: 	Successfully connected to database mongodb://edgev3_app:edgev3_mongodb_pass@mongodb:27017/edgev3?authSource=admin
2026-06-17 01:42:58 [32minfo[39m: 	HTTP production server up and running on port 5000 !
2026-06-17 01:43:23 [32minfo[39m: 	Successfully connected to database mongodb://edgev3_app:edgev3_mongodb_pass@mongodb:27017/edgev3?authSource=admin
2026-06-17 01:43:23 [32minfo[39m: 	HTTP production server up and running on port 5000 !
2026-06-17 01:43:24 [32minfo[39m: 	Successfully connected to database mongodb://edgev3_app:edgev3_mongodb_pass@mongodb:27017/edgev3?authSource=admin
2026-06-17 01:43:24 [32minfo[39m: 	HTTP CRON server up and running on port 5555 !
2026-06-17 01:43:24 [32minfo[39m: 	Successfully connected to database mongodb://edgev3_app:edgev3_mongodb_pass@mongodb:27017/edgev3?authSource=admin
2026-06-17 01:43:24 [32minfo[39m: 	HTTP production server up and running on port 5000 !
2026-06-17 01:43:26 [32minfo[39m: 	Successfully connected to database mongodb://edgev3_app:edgev3_mongodb_pass@mongodb:27017/edgev3?authSource=admin
2026-06-17 01:43:26 [32minfo[39m: 	HTTP production server up and running on port 5000 !
2026-06-17 01:43:28 [32minfo[39m: 	Successfully connected to database mongodb://edgev3_app:edgev3_mongodb_pass@mongodb:27017/edgev3?authSource=admin
2026-06-17 01:43:28 [32minfo[39m: 	HTTP production server up and running on port 5000 !
2026-06-17 01:43:53 [32minfo[39m: 	Successfully connected to database mongodb://edgev3_app:edgev3_mongodb_pass@mongodb:27017/edgev3?authSource=admin
2026-06-17 01:43:53 [32minfo[39m: 	HTTP production server up and running on port 5000 !
2026-06-17 01:43:54 [32minfo[39m: 	Successfully connected to database mongodb://edgev3_app:edgev3_mongodb_pass@mongodb:27017/edgev3?authSource=admin
2026-06-17 01:43:54 [32minfo[39m: 	HTTP CRON server up and running on port 5555 !
2026-06-17 01:43:55 [32minfo[39m: 	Successfully connected to database mongodb://edgev3_app:edgev3_mongodb_pass@mongodb:27017/edgev3?authSource=admin
2026-06-17 01:43:55 [32minfo[39m: 	HTTP production server up and running on port 5000 !
2026-06-17 01:43:56 [32minfo[39m: 	Successfully connected to database mongodb://edgev3_app:edgev3_mongodb_pass@mongodb:27017/edgev3?authSource=admin
2026-06-17 01:43:56 [32minfo[39m: 	HTTP production server up and running on port 5000 !
2026-06-17 01:43:58 [32minfo[39m: 	Successfully connected to database mongodb://edgev3_app:edgev3_mongodb_pass@mongodb:27017/edgev3?authSource=admin
2026-06-17 01:43:58 [32minfo[39m: 	HTTP production server up and running on port 5000 !
2026-06-17 01:44:23 [32minfo[39m: 	Successfully connected to database mongodb://edgev3_app:edgev3_mongodb_pass@mongodb:27017/edgev3?authSource=admin
2026-06-17 01:44:23 [32minfo[39m: 	HTTP production server up and running on port 5000 !
2026-06-17 01:44:24 [32minfo[39m: 	Successfully connected to database mongodb://edgev3_app:edgev3_mongodb_pass@mongodb:27017/edgev3?authSource=admin
2026-06-17 01:44:24 [32minfo[39m: 	HTTP CRON server up and running on port 5555 !
2026-06-17 01:44:24 [32minfo[39m: 	Successfully connected to database mongodb://edgev3_app:edgev3_mongodb_pass@mongodb:27017/edgev3?authSource=admin
2026-06-17 01:44:25 [32minfo[39m: 	HTTP production server up and running on port 5000 !
2026-06-17 01:44:26 [32minfo[39m: 	Successfully connected to database mongodb://edgev3_app:edgev3_mongodb_pass@mongodb:27017/edgev3?authSource=admin
2026-06-17 01:44:26 [32minfo[39m: 	HTTP production server up and running on port 5000 !
2026-06-17 01:44:28 [32minfo[39m: 	Successfully connected to database mongodb://edgev3_app:edgev3_mongodb_pass@mongodb:27017/edgev3?authSource=admin
2026-06-17 01:44:28 [32minfo[39m: 	HTTP production server up and running on port 5000 !
2026-06-17 01:44:53 [32minfo[39m: 	Successfully connected to database mongodb://edgev3_app:edgev3_mongodb_pass@mongodb:27017/edgev3?authSource=admin
2026-06-17 01:44:53 [32minfo[39m: 	HTTP production server up and running on port 5000 !
2026-06-17 01:44:54 [32minfo[39m: 	Successfully connected to database mongodb://edgev3_app:edgev3_mongodb_pass@mongodb:27017/edgev3?authSource=admin
2026-06-17 01:44:54 [32minfo[39m: 	HTTP CRON server up and running on port 5555 !
2026-06-17 01:44:55 [32minfo[39m: 	Successfully connected to database mongodb://edgev3_app:edgev3_mongodb_pass@mongodb:27017/edgev3?authSource=admin
2026-06-17 01:44:55 [32minfo[39m: 	HTTP production server up and running on port 5000 !
2026-06-17 01:44:56 [32minfo[39m: 	Successfully connected to database mongodb://edgev3_app:edgev3_mongodb_pass@mongodb:27017/edgev3?authSource=admin
2026-06-17 01:44:56 [32minfo[39m: 	HTTP production server up and running on port 5000 !
2026-06-17 01:44:58 [32minfo[39m: 	Successfully connected to database mongodb://edgev3_app:edgev3_mongodb_pass@mongodb:27017/edgev3?authSource=admin
2026-06-17 01:44:58 [32minfo[39m: 	HTTP production server up and running on port 5000 !
2026-06-17 01:45:23 [32minfo[39m: 	Successfully connected to database mongodb://edgev3_app:edgev3_mongodb_pass@mongodb:27017/edgev3?authSource=admin
2026-06-17 01:45:23 [32minfo[39m: 	HTTP production server up and running on port 5000 !
2026-06-17 01:45:24 [32minfo[39m: 	Successfully connected to database mongodb://edgev3_app:edgev3_mongodb_pass@mongodb:27017/edgev3?authSource=admin
2026-06-17 01:45:24 [32minfo[39m: 	HTTP CRON server up and running on port 5555 !
2026-06-17 01:45:24 [32minfo[39m: 	Successfully connected to database mongodb://edgev3_app:edgev3_mongodb_pass@mongodb:27017/edgev3?authSource=admin
2026-06-17 01:45:24 [32minfo[39m: 	HTTP production server up and running on port 5000 !
2026-06-17 01:45:26 [32minfo[39m: 	Successfully connected to database mongodb://edgev3_app:edgev3_mongodb_pass@mongodb:27017/edgev3?authSource=admin
2026-06-17 01:45:26 [32minfo[39m: 	HTTP production server up and running on port 5000 !
2026-06-17 01:45:28 [32minfo[39m: 	Successfully connected to database mongodb://edgev3_app:edgev3_mongodb_pass@mongodb:27017/edgev3?authSource=admin
2026-06-17 01:45:28 [32minfo[39m: 	HTTP production server up and running on port 5000 !
2026-06-17 01:45:53 [32minfo[39m: 	Successfully connected to database mongodb://edgev3_app:edgev3_mongodb_pass@mongodb:27017/edgev3?authSource=admin
2026-06-17 01:45:53 [32minfo[39m: 	HTTP production server up and running on port 5000 !
2026-06-17 01:45:54 [32minfo[39m: 	Successfully connected to database mongodb://edgev3_app:edgev3_mongodb_pass@mongodb:27017/edgev3?authSource=admin
2026-06-17 01:45:54 [32minfo[39m: 	HTTP CRON server up and running on port 5555 !
2026-06-17 01:45:54 [32minfo[39m: 	Successfully connected to database mongodb://edgev3_app:edgev3_mongodb_pass@mongodb:27017/edgev3?authSource=admin
2026-06-17 01:45:54 [32minfo[39m: 	HTTP production server up and running on port 5000 !
2026-06-17 01:45:56 [32minfo[39m: 	Successfully connected to database mongodb://edgev3_app:edgev3_mongodb_pass@mongodb:27017/edgev3?authSource=admin
2026-06-17 01:45:56 [32minfo[39m: 	HTTP production server up and running on port 5000 !
2026-06-17 01:45:58 [32minfo[39m: 	Successfully connected to database mongodb://edgev3_app:edgev3_mongodb_pass@mongodb:27017/edgev3?authSource=admin
2026-06-17 01:45:58 [32minfo[39m: 	HTTP production server up and running on port 5000 !
2026-06-17 01:46:23 [32minfo[39m: 	Successfully connected to database mongodb://edgev3_app:edgev3_mongodb_pass@mongodb:27017/edgev3?authSource=admin
2026-06-17 01:46:23 [32minfo[39m: 	HTTP production server up and running on port 5000 !
2026-06-17 01:46:24 [32minfo[39m: 	Successfully connected to database mongodb://edgev3_app:edgev3_mongodb_pass@mongodb:27017/edgev3?authSource=admin
2026-06-17 01:46:24 [32minfo[39m: 	HTTP CRON server up and running on port 5555 !
2026-06-17 01:46:24 [32minfo[39m: 	Successfully connected to database mongodb://edgev3_app:edgev3_mongodb_pass@mongodb:27017/edgev3?authSource=admin
2026-06-17 01:46:24 [32minfo[39m: 	HTTP production server up and running on port 5000 !
2026-06-17 01:46:26 [32minfo[39m: 	Successfully connected to database mongodb://edgev3_app:edgev3_mongodb_pass@mongodb:27017/edgev3?authSource=admin
2026-06-17 01:46:26 [32minfo[39m: 	HTTP production server up and running on port 5000 !
2026-06-17 01:46:28 [32minfo[39m: 	Successfully connected to database mongodb://edgev3_app:edgev3_mongodb_pass@mongodb:27017/edgev3?authSource=admin
2026-06-17 01:46:28 [32minfo[39m: 	HTTP production server up and running on port 5000 !
2026-06-17 01:46:53 [32minfo[39m: 	Successfully connected to database mongodb://edgev3_app:edgev3_mongodb_pass@mongodb:27017/edgev3?authSource=admin
2026-06-17 01:46:53 [32minfo[39m: 	HTTP production server up and running on port 5000 !
2026-06-17 01:46:54 [32minfo[39m: 	Successfully connected to database mongodb://edgev3_app:edgev3_mongodb_pass@mongodb:27017/edgev3?authSource=admin
2026-06-17 01:46:54 [32minfo[39m: 	HTTP CRON server up and running on port 5555 !
2026-06-17 01:46:54 [32minfo[39m: 	Successfully connected to database mongodb://edgev3_app:edgev3_mongodb_pass@mongodb:27017/edgev3?authSource=admin
2026-06-17 01:46:54 [32minfo[39m: 	HTTP production server up and running on port 5000 !
2026-06-17 01:46:56 [32minfo[39m: 	Successfully connected to database mongodb://edgev3_app:edgev3_mongodb_pass@mongodb:27017/edgev3?authSource=admin
2026-06-17 01:46:56 [32minfo[39m: 	HTTP production server up and running on port 5000 !
2026-06-17 01:46:58 [32minfo[39m: 	Successfully connected to database mongodb://edgev3_app:edgev3_mongodb_pass@mongodb:27017/edgev3?authSource=admin
2026-06-17 01:46:58 [32minfo[39m: 	HTTP production server up and running on port 5000 !
2026-06-17 01:47:23 [32minfo[39m: 	Successfully connected to database mongodb://edgev3_app:edgev3_mongodb_pass@mongodb:27017/edgev3?authSource=admin
2026-06-17 01:47:23 [32minfo[39m: 	HTTP production server up and running on port 5000 !
2026-06-17 01:47:24 [32minfo[39m: 	Successfully connected to database mongodb://edgev3_app:edgev3_mongodb_pass@mongodb:27017/edgev3?authSource=admin
2026-06-17 01:47:24 [32minfo[39m: 	HTTP CRON server up and running on port 5555 !
2026-06-17 01:47:25 [32minfo[39m: 	Successfully connected to database mongodb://edgev3_app:edgev3_mongodb_pass@mongodb:27017/edgev3?authSource=admin
2026-06-17 01:47:25 [32minfo[39m: 	HTTP production server up and running on port 5000 !
2026-06-17 01:47:26 [32minfo[39m: 	Successfully connected to database mongodb://edgev3_app:edgev3_mongodb_pass@mongodb:27017/edgev3?authSource=admin
2026-06-17 01:47:26 [32minfo[39m: 	HTTP production server up and running on port 5000 !
2026-06-17 01:47:28 [32minfo[39m: 	Successfully connected to database mongodb://edgev3_app:edgev3_mongodb_pass@mongodb:27017/edgev3?authSource=admin
2026-06-17 01:47:28 [32minfo[39m: 	HTTP production server up and running on port 5000 !
2026-06-17 01:47:53 [32minfo[39m: 	Successfully connected to database mongodb://edgev3_app:edgev3_mongodb_pass@mongodb:27017/edgev3?authSource=admin
2026-06-17 01:47:53 [32minfo[39m: 	HTTP production server up and running on port 5000 !
2026-06-17 01:47:54 [32minfo[39m: 	Successfully connected to database mongodb://edgev3_app:edgev3_mongodb_pass@mongodb:27017/edgev3?authSource=admin
2026-06-17 01:47:54 [32minfo[39m: 	HTTP CRON server up and running on port 5555 !
2026-06-17 01:47:54 [32minfo[39m: 	Successfully connected to database mongodb://edgev3_app:edgev3_mongodb_pass@mongodb:27017/edgev3?authSource=admin
2026-06-17 01:47:54 [32minfo[39m: 	HTTP production server up and running on port 5000 !
2026-06-17 01:47:56 [32minfo[39m: 	Successfully connected to database mongodb://edgev3_app:edgev3_mongodb_pass@mongodb:27017/edgev3?authSource=admin
2026-06-17 01:47:56 [32minfo[39m: 	HTTP production server up and running on port 5000 !
2026-06-17 01:47:58 [32minfo[39m: 	Successfully connected to database mongodb://edgev3_app:edgev3_mongodb_pass@mongodb:27017/edgev3?authSource=admin
2026-06-17 01:47:58 [32minfo[39m: 	HTTP production server up and running on port 5000 !
2026-06-17 01:48:23 [32minfo[39m: 	Successfully connected to database mongodb://edgev3_app:edgev3_mongodb_pass@mongodb:27017/edgev3?authSource=admin
2026-06-17 01:48:23 [32minfo[39m: 	HTTP production server up and running on port 5000 !
2026-06-17 01:48:24 [32minfo[39m: 	Successfully connected to database mongodb://edgev3_app:edgev3_mongodb_pass@mongodb:27017/edgev3?authSource=admin
2026-06-17 01:48:24 [32minfo[39m: 	HTTP CRON server up and running on port 5555 !
2026-06-17 01:48:24 [32minfo[39m: 	Successfully connected to database mongodb://edgev3_app:edgev3_mongodb_pass@mongodb:27017/edgev3?authSource=admin
2026-06-17 01:48:25 [32minfo[39m: 	HTTP production server up and running on port 5000 !
2026-06-17 01:48:26 [32minfo[39m: 	Successfully connected to database mongodb://edgev3_app:edgev3_mongodb_pass@mongodb:27017/edgev3?authSource=admin
2026-06-17 01:48:26 [32minfo[39m: 	HTTP production server up and running on port 5000 !
2026-06-17 01:48:28 [32minfo[39m: 	Successfully connected to database mongodb://edgev3_app:edgev3_mongodb_pass@mongodb:27017/edgev3?authSource=admin
2026-06-17 01:48:28 [32minfo[39m: 	HTTP production server up and running on port 5000 !
2026-06-17 01:48:53 [32minfo[39m: 	Successfully connected to database mongodb://edgev3_app:edgev3_mongodb_pass@mongodb:27017/edgev3?authSource=admin
2026-06-17 01:48:53 [32minfo[39m: 	HTTP production server up and running on port 5000 !
2026-06-17 01:48:54 [32minfo[39m: 	Successfully connected to database mongodb://edgev3_app:edgev3_mongodb_pass@mongodb:27017/edgev3?authSource=admin
2026-06-17 01:48:54 [32minfo[39m: 	HTTP CRON server up and running on port 5555 !
2026-06-17 01:48:54 [32minfo[39m: 	Successfully connected to database mongodb://edgev3_app:edgev3_mongodb_pass@mongodb:27017/edgev3?authSource=admin
2026-06-17 01:48:54 [32minfo[39m: 	HTTP production server up and running on port 5000 !
2026-06-17 01:48:56 [32minfo[39m: 	Successfully connected to database mongodb://edgev3_app:edgev3_mongodb_pass@mongodb:27017/edgev3?authSource=admin
2026-06-17 01:48:56 [32minfo[39m: 	HTTP production server up and running on port 5000 !
2026-06-17 01:48:58 [32minfo[39m: 	Successfully connected to database mongodb://edgev3_app:edgev3_mongodb_pass@mongodb:27017/edgev3?authSource=admin
2026-06-17 01:48:58 [32minfo[39m: 	HTTP production server up and running on port 5000 !
2026-06-17 01:49:23 [32minfo[39m: 	Successfully connected to database mongodb://edgev3_app:edgev3_mongodb_pass@mongodb:27017/edgev3?authSource=admin
2026-06-17 01:49:23 [32minfo[39m: 	HTTP production server up and running on port 5000 !
2026-06-17 01:49:24 [32minfo[39m: 	Successfully connected to database mongodb://edgev3_app:edgev3_mongodb_pass@mongodb:27017/edgev3?authSource=admin
2026-06-17 01:49:24 [32minfo[39m: 	HTTP CRON server up and running on port 5555 !
2026-06-17 01:49:25 [32minfo[39m: 	Successfully connected to database mongodb://edgev3_app:edgev3_mongodb_pass@mongodb:27017/edgev3?authSource=admin
2026-06-17 01:49:25 [32minfo[39m: 	HTTP production server up and running on port 5000 !
2026-06-17 01:49:26 [32minfo[39m: 	Successfully connected to database mongodb://edgev3_app:edgev3_mongodb_pass@mongodb:27017/edgev3?authSource=admin
2026-06-17 01:49:26 [32minfo[39m: 	HTTP production server up and running on port 5000 !
2026-06-17 01:49:28 [32minfo[39m: 	Successfully connected to database mongodb://edgev3_app:edgev3_mongodb_pass@mongodb:27017/edgev3?authSource=admin
2026-06-17 01:49:28 [32minfo[39m: 	HTTP production server up and running on port 5000 !
2026-06-17 01:49:53 [32minfo[39m: 	Successfully connected to database mongodb://edgev3_app:edgev3_mongodb_pass@mongodb:27017/edgev3?authSource=admin
2026-06-17 01:49:53 [32minfo[39m: 	HTTP production server up and running on port 5000 !
2026-06-17 01:49:54 [32minfo[39m: 	Successfully connected to database mongodb://edgev3_app:edgev3_mongodb_pass@mongodb:27017/edgev3?authSource=admin
2026-06-17 01:49:54 [32minfo[39m: 	HTTP CRON server up and running on port 5555 !
2026-06-17 01:49:54 [32minfo[39m: 	Successfully connected to database mongodb://edgev3_app:edgev3_mongodb_pass@mongodb:27017/edgev3?authSource=admin
2026-06-17 01:49:54 [32minfo[39m: 	HTTP production server up and running on port 5000 !
2026-06-17 01:49:56 [32minfo[39m: 	Successfully connected to database mongodb://edgev3_app:edgev3_mongodb_pass@mongodb:27017/edgev3?authSource=admin
2026-06-17 01:49:56 [32minfo[39m: 	HTTP production server up and running on port 5000 !
2026-06-17 01:49:58 [32minfo[39m: 	Successfully connected to database mongodb://edgev3_app:edgev3_mongodb_pass@mongodb:27017/edgev3?authSource=admin
2026-06-17 01:49:58 [32minfo[39m: 	HTTP production server up and running on port 5000 !
2026-06-17 01:50:23 [32minfo[39m: 	Successfully connected to database mongodb://edgev3_app:edgev3_mongodb_pass@mongodb:27017/edgev3?authSource=admin
2026-06-17 01:50:23 [32minfo[39m: 	HTTP production server up and running on port 5000 !
2026-06-17 01:50:24 [32minfo[39m: 	Successfully connected to database mongodb://edgev3_app:edgev3_mongodb_pass@mongodb:27017/edgev3?authSource=admin
2026-06-17 01:50:24 [32minfo[39m: 	HTTP CRON server up and running on port 5555 !
2026-06-17 01:50:25 [32minfo[39m: 	Successfully connected to database mongodb://edgev3_app:edgev3_mongodb_pass@mongodb:27017/edgev3?authSource=admin
2026-06-17 01:50:25 [32minfo[39m: 	HTTP production server up and running on port 5000 !
2026-06-17 01:50:26 [32minfo[39m: 	Successfully connected to database mongodb://edgev3_app:edgev3_mongodb_pass@mongodb:27017/edgev3?authSource=admin
2026-06-17 01:50:26 [32minfo[39m: 	HTTP production server up and running on port 5000 !
2026-06-17 01:50:28 [32minfo[39m: 	Successfully connected to database mongodb://edgev3_app:edgev3_mongodb_pass@mongodb:27017/edgev3?authSource=admin
2026-06-17 01:50:28 [32minfo[39m: 	HTTP production server up and running on port 5000 !
2026-06-17 01:50:53 [32minfo[39m: 	Successfully connected to database mongodb://edgev3_app:edgev3_mongodb_pass@mongodb:27017/edgev3?authSource=admin
2026-06-17 01:50:53 [32minfo[39m: 	HTTP production server up and running on port 5000 !
2026-06-17 01:50:54 [32minfo[39m: 	Successfully connected to database mongodb://edgev3_app:edgev3_mongodb_pass@mongodb:27017/edgev3?authSource=admin
2026-06-17 01:50:54 [32minfo[39m: 	HTTP CRON server up and running on port 5555 !
2026-06-17 01:50:54 [32minfo[39m: 	Successfully connected to database mongodb://edgev3_app:edgev3_mongodb_pass@mongodb:27017/edgev3?authSource=admin
2026-06-17 01:50:54 [32minfo[39m: 	HTTP production server up and running on port 5000 !
2026-06-17 01:50:56 [32minfo[39m: 	Successfully connected to database mongodb://edgev3_app:edgev3_mongodb_pass@mongodb:27017/edgev3?authSource=admin
2026-06-17 01:50:56 [32minfo[39m: 	HTTP production server up and running on port 5000 !
2026-06-17 01:50:58 [32minfo[39m: 	Successfully connected to database mongodb://edgev3_app:edgev3_mongodb_pass@mongodb:27017/edgev3?authSource=admin
2026-06-17 01:50:58 [32minfo[39m: 	HTTP production server up and running on port 5000 !
2026-06-17 01:51:23 [32minfo[39m: 	Successfully connected to database mongodb://edgev3_app:edgev3_mongodb_pass@mongodb:27017/edgev3?authSource=admin
2026-06-17 01:51:23 [32minfo[39m: 	HTTP production server up and running on port 5000 !
2026-06-17 01:51:24 [32minfo[39m: 	Successfully connected to database mongodb://edgev3_app:edgev3_mongodb_pass@mongodb:27017/edgev3?authSource=admin
2026-06-17 01:51:24 [32minfo[39m: 	HTTP CRON server up and running on port 5555 !
2026-06-17 01:51:25 [32minfo[39m: 	Successfully connected to database mongodb://edgev3_app:edgev3_mongodb_pass@mongodb:27017/edgev3?authSource=admin
2026-06-17 01:51:25 [32minfo[39m: 	HTTP production server up and running on port 5000 !
2026-06-17 01:51:26 [32minfo[39m: 	Successfully connected to database mongodb://edgev3_app:edgev3_mongodb_pass@mongodb:27017/edgev3?authSource=admin
2026-06-17 01:51:26 [32minfo[39m: 	HTTP production server up and running on port 5000 !
2026-06-17 01:51:28 [32minfo[39m: 	Successfully connected to database mongodb://edgev3_app:edgev3_mongodb_pass@mongodb:27017/edgev3?authSource=admin
2026-06-17 01:51:28 [32minfo[39m: 	HTTP production server up and running on port 5000 !
2026-06-17 01:51:53 [32minfo[39m: 	Successfully connected to database mongodb://edgev3_app:edgev3_mongodb_pass@mongodb:27017/edgev3?authSource=admin
2026-06-17 01:51:53 [32minfo[39m: 	HTTP production server up and running on port 5000 !
2026-06-17 01:51:54 [32minfo[39m: 	Successfully connected to database mongodb://edgev3_app:edgev3_mongodb_pass@mongodb:27017/edgev3?authSource=admin
2026-06-17 01:51:54 [32minfo[39m: 	HTTP CRON server up and running on port 5555 !
2026-06-17 01:51:54 [32minfo[39m: 	Successfully connected to database mongodb://edgev3_app:edgev3_mongodb_pass@mongodb:27017/edgev3?authSource=admin
2026-06-17 01:51:55 [32minfo[39m: 	HTTP production server up and running on port 5000 !
2026-06-17 01:51:56 [32minfo[39m: 	Successfully connected to database mongodb://edgev3_app:edgev3_mongodb_pass@mongodb:27017/edgev3?authSource=admin
2026-06-17 01:51:56 [32minfo[39m: 	HTTP production server up and running on port 5000 !
2026-06-17 01:51:58 [32minfo[39m: 	Successfully connected to database mongodb://edgev3_app:edgev3_mongodb_pass@mongodb:27017/edgev3?authSource=admin
2026-06-17 01:51:58 [32minfo[39m: 	HTTP production server up and running on port 5000 !
2026-06-17 01:52:23 [32minfo[39m: 	Successfully connected to database mongodb://edgev3_app:edgev3_mongodb_pass@mongodb:27017/edgev3?authSource=admin
2026-06-17 01:52:23 [32minfo[39m: 	HTTP production server up and running on port 5000 !
2026-06-17 01:52:24 [32minfo[39m: 	Successfully connected to database mongodb://edgev3_app:edgev3_mongodb_pass@mongodb:27017/edgev3?authSource=admin
2026-06-17 01:52:24 [32minfo[39m: 	HTTP CRON server up and running on port 5555 !
2026-06-17 01:52:25 [32minfo[39m: 	Successfully connected to database mongodb://edgev3_app:edgev3_mongodb_pass@mongodb:27017/edgev3?authSource=admin
2026-06-17 01:52:25 [32minfo[39m: 	HTTP production server up and running on port 5000 !
2026-06-17 01:52:26 [32minfo[39m: 	Successfully connected to database mongodb://edgev3_app:edgev3_mongodb_pass@mongodb:27017/edgev3?authSource=admin
2026-06-17 01:52:26 [32minfo[39m: 	HTTP production server up and running on port 5000 !
2026-06-17 01:52:28 [32minfo[39m: 	Successfully connected to database mongodb://edgev3_app:edgev3_mongodb_pass@mongodb:27017/edgev3?authSource=admin
2026-06-17 01:52:28 [32minfo[39m: 	HTTP production server up and running on port 5000 !
2026-06-17 01:52:53 [32minfo[39m: 	Successfully connected to database mongodb://edgev3_app:edgev3_mongodb_pass@mongodb:27017/edgev3?authSource=admin
2026-06-17 01:52:53 [32minfo[39m: 	HTTP production server up and running on port 5000 !
2026-06-17 01:52:54 [32minfo[39m: 	Successfully connected to database mongodb://edgev3_app:edgev3_mongodb_pass@mongodb:27017/edgev3?authSource=admin
2026-06-17 01:52:54 [32minfo[39m: 	HTTP CRON server up and running on port 5555 !
2026-06-17 01:52:54 [32minfo[39m: 	Successfully connected to database mongodb://edgev3_app:edgev3_mongodb_pass@mongodb:27017/edgev3?authSource=admin
2026-06-17 01:52:54 [32minfo[39m: 	HTTP production server up and running on port 5000 !
2026-06-17 01:52:56 [32minfo[39m: 	Successfully connected to database mongodb://edgev3_app:edgev3_mongodb_pass@mongodb:27017/edgev3?authSource=admin
2026-06-17 01:52:56 [32minfo[39m: 	HTTP production server up and running on port 5000 !
2026-06-17 01:52:58 [32minfo[39m: 	Successfully connected to database mongodb://edgev3_app:edgev3_mongodb_pass@mongodb:27017/edgev3?authSource=admin
2026-06-17 01:52:58 [32minfo[39m: 	HTTP production server up and running on port 5000 !
2026-06-17 01:53:23 [32minfo[39m: 	Successfully connected to database mongodb://edgev3_app:edgev3_mongodb_pass@mongodb:27017/edgev3?authSource=admin
2026-06-17 01:53:23 [32minfo[39m: 	HTTP production server up and running on port 5000 !
2026-06-17 01:53:24 [32minfo[39m: 	Successfully connected to database mongodb://edgev3_app:edgev3_mongodb_pass@mongodb:27017/edgev3?authSource=admin
2026-06-17 01:53:24 [32minfo[39m: 	HTTP CRON server up and running on port 5555 !
2026-06-17 01:53:24 [32minfo[39m: 	Successfully connected to database mongodb://edgev3_app:edgev3_mongodb_pass@mongodb:27017/edgev3?authSource=admin
2026-06-17 01:53:25 [32minfo[39m: 	HTTP production server up and running on port 5000 !
2026-06-17 01:53:26 [32minfo[39m: 	Successfully connected to database mongodb://edgev3_app:edgev3_mongodb_pass@mongodb:27017/edgev3?authSource=admin
2026-06-17 01:53:26 [32minfo[39m: 	HTTP production server up and running on port 5000 !
2026-06-17 01:53:28 [32minfo[39m: 	Successfully connected to database mongodb://edgev3_app:edgev3_mongodb_pass@mongodb:27017/edgev3?authSource=admin
2026-06-17 01:53:28 [32minfo[39m: 	HTTP production server up and running on port 5000 !
2026-06-17 01:53:53 [32minfo[39m: 	Successfully connected to database mongodb://edgev3_app:edgev3_mongodb_pass@mongodb:27017/edgev3?authSource=admin
2026-06-17 01:53:53 [32minfo[39m: 	HTTP production server up and running on port 5000 !
2026-06-17 01:53:55 [32minfo[39m: 	Successfully connected to database mongodb://edgev3_app:edgev3_mongodb_pass@mongodb:27017/edgev3?authSource=admin
2026-06-17 01:53:55 [32minfo[39m: 	HTTP CRON server up and running on port 5555 !
2026-06-17 01:53:55 [32minfo[39m: 	Successfully connected to database mongodb://edgev3_app:edgev3_mongodb_pass@mongodb:27017/edgev3?authSource=admin
2026-06-17 01:53:55 [32minfo[39m: 	HTTP production server up and running on port 5000 !
2026-06-17 01:53:56 [32minfo[39m: 	Successfully connected to database mongodb://edgev3_app:edgev3_mongodb_pass@mongodb:27017/edgev3?authSource=admin
2026-06-17 01:53:56 [32minfo[39m: 	HTTP production server up and running on port 5000 !
2026-06-17 01:53:58 [32minfo[39m: 	Successfully connected to database mongodb://edgev3_app:edgev3_mongodb_pass@mongodb:27017/edgev3?authSource=admin
2026-06-17 01:53:58 [32minfo[39m: 	HTTP production server up and running on port 5000 !
2026-06-17 01:54:23 [32minfo[39m: 	Successfully connected to database mongodb://edgev3_app:edgev3_mongodb_pass@mongodb:27017/edgev3?authSource=admin
2026-06-17 01:54:23 [32minfo[39m: 	HTTP production server up and running on port 5000 !
2026-06-17 01:54:24 [32minfo[39m: 	Successfully connected to database mongodb://edgev3_app:edgev3_mongodb_pass@mongodb:27017/edgev3?authSource=admin
2026-06-17 01:54:24 [32minfo[39m: 	HTTP CRON server up and running on port 5555 !
2026-06-17 01:54:25 [32minfo[39m: 	Successfully connected to database mongodb://edgev3_app:edgev3_mongodb_pass@mongodb:27017/edgev3?authSource=admin
2026-06-17 01:54:25 [32minfo[39m: 	HTTP production server up and running on port 5000 !
2026-06-17 01:54:26 [32minfo[39m: 	Successfully connected to database mongodb://edgev3_app:edgev3_mongodb_pass@mongodb:27017/edgev3?authSource=admin
2026-06-17 01:54:26 [32minfo[39m: 	HTTP production server up and running on port 5000 !
2026-06-17 01:54:28 [32minfo[39m: 	Successfully connected to database mongodb://edgev3_app:edgev3_mongodb_pass@mongodb:27017/edgev3?authSource=admin
2026-06-17 01:54:28 [32minfo[39m: 	HTTP production server up and running on port 5000 !
2026-06-17 01:54:53 [32minfo[39m: 	Successfully connected to database mongodb://edgev3_app:edgev3_mongodb_pass@mongodb:27017/edgev3?authSource=admin
2026-06-17 01:54:53 [32minfo[39m: 	HTTP production server up and running on port 5000 !
2026-06-17 01:54:54 [32minfo[39m: 	Successfully connected to database mongodb://edgev3_app:edgev3_mongodb_pass@mongodb:27017/edgev3?authSource=admin
2026-06-17 01:54:54 [32minfo[39m: 	HTTP CRON server up and running on port 5555 !
2026-06-17 01:54:54 [32minfo[39m: 	Successfully connected to database mongodb://edgev3_app:edgev3_mongodb_pass@mongodb:27017/edgev3?authSource=admin
2026-06-17 01:54:54 [32minfo[39m: 	HTTP production server up and running on port 5000 !
2026-06-17 01:54:56 [32minfo[39m: 	Successfully connected to database mongodb://edgev3_app:edgev3_mongodb_pass@mongodb:27017/edgev3?authSource=admin
2026-06-17 01:54:56 [32minfo[39m: 	HTTP production server up and running on port 5000 !
2026-06-17 01:54:58 [32minfo[39m: 	Successfully connected to database mongodb://edgev3_app:edgev3_mongodb_pass@mongodb:27017/edgev3?authSource=admin
2026-06-17 01:54:58 [32minfo[39m: 	HTTP production server up and running on port 5000 !
2026-06-17 01:55:23 [32minfo[39m: 	Successfully connected to database mongodb://edgev3_app:edgev3_mongodb_pass@mongodb:27017/edgev3?authSource=admin
2026-06-17 01:55:23 [32minfo[39m: 	HTTP production server up and running on port 5000 !
2026-06-17 01:55:24 [32minfo[39m: 	Successfully connected to database mongodb://edgev3_app:edgev3_mongodb_pass@mongodb:27017/edgev3?authSource=admin
2026-06-17 01:55:24 [32minfo[39m: 	HTTP CRON server up and running on port 5555 !
2026-06-17 01:55:25 [32minfo[39m: 	Successfully connected to database mongodb://edgev3_app:edgev3_mongodb_pass@mongodb:27017/edgev3?authSource=admin
2026-06-17 01:55:25 [32minfo[39m: 	HTTP production server up and running on port 5000 !
2026-06-17 01:55:26 [32minfo[39m: 	Successfully connected to database mongodb://edgev3_app:edgev3_mongodb_pass@mongodb:27017/edgev3?authSource=admin
2026-06-17 01:55:26 [32minfo[39m: 	HTTP production server up and running on port 5000 !
2026-06-17 01:55:28 [32minfo[39m: 	Successfully connected to database mongodb://edgev3_app:edgev3_mongodb_pass@mongodb:27017/edgev3?authSource=admin
2026-06-17 01:55:28 [32minfo[39m: 	HTTP production server up and running on port 5000 !
2026-06-17 01:55:53 [32minfo[39m: 	Successfully connected to database mongodb://edgev3_app:edgev3_mongodb_pass@mongodb:27017/edgev3?authSource=admin
2026-06-17 01:55:53 [32minfo[39m: 	HTTP production server up and running on port 5000 !
2026-06-17 01:55:54 [32minfo[39m: 	Successfully connected to database mongodb://edgev3_app:edgev3_mongodb_pass@mongodb:27017/edgev3?authSource=admin
2026-06-17 01:55:54 [32minfo[39m: 	HTTP CRON server up and running on port 5555 !
2026-06-17 01:55:55 [32minfo[39m: 	Successfully connected to database mongodb://edgev3_app:edgev3_mongodb_pass@mongodb:27017/edgev3?authSource=admin
2026-06-17 01:55:55 [32minfo[39m: 	HTTP production server up and running on port 5000 !
2026-06-17 01:55:56 [32minfo[39m: 	Successfully connected to database mongodb://edgev3_app:edgev3_mongodb_pass@mongodb:27017/edgev3?authSource=admin
2026-06-17 01:55:56 [32minfo[39m: 	HTTP production server up and running on port 5000 !
2026-06-17 01:55:58 [32minfo[39m: 	Successfully connected to database mongodb://edgev3_app:edgev3_mongodb_pass@mongodb:27017/edgev3?authSource=admin
2026-06-17 01:55:58 [32minfo[39m: 	HTTP production server up and running on port 5000 !
2026-06-17 01:56:23 [32minfo[39m: 	Successfully connected to database mongodb://edgev3_app:edgev3_mongodb_pass@mongodb:27017/edgev3?authSource=admin
2026-06-17 01:56:23 [32minfo[39m: 	HTTP production server up and running on port 5000 !
2026-06-17 01:56:24 [32minfo[39m: 	Successfully connected to database mongodb://edgev3_app:edgev3_mongodb_pass@mongodb:27017/edgev3?authSource=admin
2026-06-17 01:56:24 [32minfo[39m: 	HTTP CRON server up and running on port 5555 !
2026-06-17 01:56:25 [32minfo[39m: 	Successfully connected to database mongodb://edgev3_app:edgev3_mongodb_pass@mongodb:27017/edgev3?authSource=admin
2026-06-17 01:56:25 [32minfo[39m: 	HTTP production server up and running on port 5000 !
2026-06-17 01:56:26 [32minfo[39m: 	Successfully connected to database mongodb://edgev3_app:edgev3_mongodb_pass@mongodb:27017/edgev3?authSource=admin
2026-06-17 01:56:26 [32minfo[39m: 	HTTP production server up and running on port 5000 !
2026-06-17 01:56:28 [32minfo[39m: 	Successfully connected to database mongodb://edgev3_app:edgev3_mongodb_pass@mongodb:27017/edgev3?authSource=admin
2026-06-17 01:56:28 [32minfo[39m: 	HTTP production server up and running on port 5000 !
2026-06-17 01:56:53 [32minfo[39m: 	Successfully connected to database mongodb://edgev3_app:edgev3_mongodb_pass@mongodb:27017/edgev3?authSource=admin
2026-06-17 01:56:53 [32minfo[39m: 	HTTP production server up and running on port 5000 !
2026-06-17 01:56:54 [32minfo[39m: 	Successfully connected to database mongodb://edgev3_app:edgev3_mongodb_pass@mongodb:27017/edgev3?authSource=admin
2026-06-17 01:56:54 [32minfo[39m: 	HTTP CRON server up and running on port 5555 !
2026-06-17 01:56:55 [32minfo[39m: 	Successfully connected to database mongodb://edgev3_app:edgev3_mongodb_pass@mongodb:27017/edgev3?authSource=admin
2026-06-17 01:56:55 [32minfo[39m: 	HTTP production server up and running on port 5000 !
2026-06-17 01:56:56 [32minfo[39m: 	Successfully connected to database mongodb://edgev3_app:edgev3_mongodb_pass@mongodb:27017/edgev3?authSource=admin
2026-06-17 01:56:56 [32minfo[39m: 	HTTP production server up and running on port 5000 !
2026-06-17 01:56:58 [32minfo[39m: 	Successfully connected to database mongodb://edgev3_app:edgev3_mongodb_pass@mongodb:27017/edgev3?authSource=admin
2026-06-17 01:56:58 [32minfo[39m: 	HTTP production server up and running on port 5000 !
2026-06-17 01:57:23 [32minfo[39m: 	Successfully connected to database mongodb://edgev3_app:edgev3_mongodb_pass@mongodb:27017/edgev3?authSource=admin
2026-06-17 01:57:23 [32minfo[39m: 	HTTP production server up and running on port 5000 !
2026-06-17 01:57:24 [32minfo[39m: 	Successfully connected to database mongodb://edgev3_app:edgev3_mongodb_pass@mongodb:27017/edgev3?authSource=admin
2026-06-17 01:57:24 [32minfo[39m: 	HTTP CRON server up and running on port 5555 !
2026-06-17 01:57:25 [32minfo[39m: 	Successfully connected to database mongodb://edgev3_app:edgev3_mongodb_pass@mongodb:27017/edgev3?authSource=admin
2026-06-17 01:57:25 [32minfo[39m: 	HTTP production server up and running on port 5000 !
2026-06-17 01:57:26 [32minfo[39m: 	Successfully connected to database mongodb://edgev3_app:edgev3_mongodb_pass@mongodb:27017/edgev3?authSource=admin
2026-06-17 01:57:26 [32minfo[39m: 	HTTP production server up and running on port 5000 !
2026-06-17 01:57:28 [32minfo[39m: 	Successfully connected to database mongodb://edgev3_app:edgev3_mongodb_pass@mongodb:27017/edgev3?authSource=admin
2026-06-17 01:57:28 [32minfo[39m: 	HTTP production server up and running on port 5000 !
2026-06-17 01:57:53 [32minfo[39m: 	Successfully connected to database mongodb://edgev3_app:edgev3_mongodb_pass@mongodb:27017/edgev3?authSource=admin
2026-06-17 01:57:53 [32minfo[39m: 	HTTP production server up and running on port 5000 !
2026-06-17 01:57:54 [32minfo[39m: 	Successfully connected to database mongodb://edgev3_app:edgev3_mongodb_pass@mongodb:27017/edgev3?authSource=admin
2026-06-17 01:57:54 [32minfo[39m: 	HTTP CRON server up and running on port 5555 !
2026-06-17 01:57:55 [32minfo[39m: 	Successfully connected to database mongodb://edgev3_app:edgev3_mongodb_pass@mongodb:27017/edgev3?authSource=admin
2026-06-17 01:57:55 [32minfo[39m: 	HTTP production server up and running on port 5000 !
2026-06-17 01:57:56 [32minfo[39m: 	Successfully connected to database mongodb://edgev3_app:edgev3_mongodb_pass@mongodb:27017/edgev3?authSource=admin
2026-06-17 01:57:56 [32minfo[39m: 	HTTP production server up and running on port 5000 !
2026-06-17 01:57:58 [32minfo[39m: 	Successfully connected to database mongodb://edgev3_app:edgev3_mongodb_pass@mongodb:27017/edgev3?authSource=admin
2026-06-17 01:57:58 [32minfo[39m: 	HTTP production server up and running on port 5000 !
2026-06-17 01:58:23 [32minfo[39m: 	Successfully connected to database mongodb://edgev3_app:edgev3_mongodb_pass@mongodb:27017/edgev3?authSource=admin
2026-06-17 01:58:23 [32minfo[39m: 	HTTP production server up and running on port 5000 !
2026-06-17 01:58:24 [32minfo[39m: 	Successfully connected to database mongodb://edgev3_app:edgev3_mongodb_pass@mongodb:27017/edgev3?authSource=admin
2026-06-17 01:58:24 [32minfo[39m: 	HTTP CRON server up and running on port 5555 !
2026-06-17 01:58:25 [32minfo[39m: 	Successfully connected to database mongodb://edgev3_app:edgev3_mongodb_pass@mongodb:27017/edgev3?authSource=admin
2026-06-17 01:58:25 [32minfo[39m: 	HTTP production server up and running on port 5000 !
2026-06-17 01:58:26 [32minfo[39m: 	Successfully connected to database mongodb://edgev3_app:edgev3_mongodb_pass@mongodb:27017/edgev3?authSource=admin
2026-06-17 01:58:26 [32minfo[39m: 	HTTP production server up and running on port 5000 !
2026-06-17 01:58:28 [32minfo[39m: 	Successfully connected to database mongodb://edgev3_app:edgev3_mongodb_pass@mongodb:27017/edgev3?authSource=admin
2026-06-17 01:58:28 [32minfo[39m: 	HTTP production server up and running on port 5000 !
2026-06-17 01:58:53 [32minfo[39m: 	Successfully connected to database mongodb://edgev3_app:edgev3_mongodb_pass@mongodb:27017/edgev3?authSource=admin
2026-06-17 01:58:53 [32minfo[39m: 	HTTP production server up and running on port 5000 !
2026-06-17 01:58:54 [32minfo[39m: 	Successfully connected to database mongodb://edgev3_app:edgev3_mongodb_pass@mongodb:27017/edgev3?authSource=admin
2026-06-17 01:58:54 [32minfo[39m: 	HTTP CRON server up and running on port 5555 !
2026-06-17 01:58:55 [32minfo[39m: 	Successfully connected to database mongodb://edgev3_app:edgev3_mongodb_pass@mongodb:27017/edgev3?authSource=admin
2026-06-17 01:58:55 [32minfo[39m: 	HTTP production server up and running on port 5000 !
2026-06-17 01:58:56 [32minfo[39m: 	Successfully connected to database mongodb://edgev3_app:edgev3_mongodb_pass@mongodb:27017/edgev3?authSource=admin
2026-06-17 01:58:56 [32minfo[39m: 	HTTP production server up and running on port 5000 !
2026-06-17 01:58:58 [32minfo[39m: 	Successfully connected to database mongodb://edgev3_app:edgev3_mongodb_pass@mongodb:27017/edgev3?authSource=admin
2026-06-17 01:58:58 [32minfo[39m: 	HTTP production server up and running on port 5000 !
2026-06-17 01:59:23 [32minfo[39m: 	Successfully connected to database mongodb://edgev3_app:edgev3_mongodb_pass@mongodb:27017/edgev3?authSource=admin
2026-06-17 01:59:23 [32minfo[39m: 	HTTP production server up and running on port 5000 !
2026-06-17 01:59:24 [32minfo[39m: 	Successfully connected to database mongodb://edgev3_app:edgev3_mongodb_pass@mongodb:27017/edgev3?authSource=admin
2026-06-17 01:59:24 [32minfo[39m: 	HTTP CRON server up and running on port 5555 !
2026-06-17 01:59:25 [32minfo[39m: 	Successfully connected to database mongodb://edgev3_app:edgev3_mongodb_pass@mongodb:27017/edgev3?authSource=admin
2026-06-17 01:59:25 [32minfo[39m: 	HTTP production server up and running on port 5000 !
2026-06-17 01:59:26 [32minfo[39m: 	Successfully connected to database mongodb://edgev3_app:edgev3_mongodb_pass@mongodb:27017/edgev3?authSource=admin
2026-06-17 01:59:26 [32minfo[39m: 	HTTP production server up and running on port 5000 !
2026-06-17 01:59:28 [32minfo[39m: 	Successfully connected to database mongodb://edgev3_app:edgev3_mongodb_pass@mongodb:27017/edgev3?authSource=admin
2026-06-17 01:59:28 [32minfo[39m: 	HTTP production server up and running on port 5000 !
2026-06-17 01:59:53 [32minfo[39m: 	Successfully connected to database mongodb://edgev3_app:edgev3_mongodb_pass@mongodb:27017/edgev3?authSource=admin
2026-06-17 01:59:53 [32minfo[39m: 	HTTP production server up and running on port 5000 !
2026-06-17 01:59:54 [32minfo[39m: 	Successfully connected to database mongodb://edgev3_app:edgev3_mongodb_pass@mongodb:27017/edgev3?authSource=admin
2026-06-17 01:59:54 [32minfo[39m: 	HTTP CRON server up and running on port 5555 !
2026-06-17 01:59:55 [32minfo[39m: 	Successfully connected to database mongodb://edgev3_app:edgev3_mongodb_pass@mongodb:27017/edgev3?authSource=admin
2026-06-17 01:59:55 [32minfo[39m: 	HTTP production server up and running on port 5000 !
2026-06-17 01:59:56 [32minfo[39m: 	Successfully connected to database mongodb://edgev3_app:edgev3_mongodb_pass@mongodb:27017/edgev3?authSource=admin
2026-06-17 01:59:56 [32minfo[39m: 	HTTP production server up and running on port 5000 !
2026-06-17 01:59:58 [32minfo[39m: 	Successfully connected to database mongodb://edgev3_app:edgev3_mongodb_pass@mongodb:27017/edgev3?authSource=admin
2026-06-17 01:59:58 [32minfo[39m: 	HTTP production server up and running on port 5000 !
2026-06-17 02:00:00 [32minfo[39m: 	[object Object]
2026-06-17 02:00:23 [32minfo[39m: 	Successfully connected to database mongodb://edgev3_app:edgev3_mongodb_pass@mongodb:27017/edgev3?authSource=admin
2026-06-17 02:00:23 [32minfo[39m: 	HTTP production server up and running on port 5000 !
2026-06-17 02:00:24 [32minfo[39m: 	Successfully connected to database mongodb://edgev3_app:edgev3_mongodb_pass@mongodb:27017/edgev3?authSource=admin
2026-06-17 02:00:24 [32minfo[39m: 	HTTP CRON server up and running on port 5555 !
2026-06-17 02:00:25 [32minfo[39m: 	Successfully connected to database mongodb://edgev3_app:edgev3_mongodb_pass@mongodb:27017/edgev3?authSource=admin
2026-06-17 02:00:25 [32minfo[39m: 	HTTP production server up and running on port 5000 !
2026-06-17 02:00:26 [32minfo[39m: 	Successfully connected to database mongodb://edgev3_app:edgev3_mongodb_pass@mongodb:27017/edgev3?authSource=admin
2026-06-17 02:00:26 [32minfo[39m: 	HTTP production server up and running on port 5000 !
2026-06-17 02:00:28 [32minfo[39m: 	Successfully connected to database mongodb://edgev3_app:edgev3_mongodb_pass@mongodb:27017/edgev3?authSource=admin
2026-06-17 02:00:28 [32minfo[39m: 	HTTP production server up and running on port 5000 !
2026-06-17 02:00:53 [32minfo[39m: 	Successfully connected to database mongodb://edgev3_app:edgev3_mongodb_pass@mongodb:27017/edgev3?authSource=admin
2026-06-17 02:00:53 [32minfo[39m: 	HTTP production server up and running on port 5000 !
2026-06-17 02:00:54 [32minfo[39m: 	Successfully connected to database mongodb://edgev3_app:edgev3_mongodb_pass@mongodb:27017/edgev3?authSource=admin
2026-06-17 02:00:54 [32minfo[39m: 	HTTP CRON server up and running on port 5555 !
2026-06-17 02:00:55 [32minfo[39m: 	Successfully connected to database mongodb://edgev3_app:edgev3_mongodb_pass@mongodb:27017/edgev3?authSource=admin
2026-06-17 02:00:55 [32minfo[39m: 	HTTP production server up and running on port 5000 !
2026-06-17 02:00:56 [32minfo[39m: 	Successfully connected to database mongodb://edgev3_app:edgev3_mongodb_pass@mongodb:27017/edgev3?authSource=admin
2026-06-17 02:00:56 [32minfo[39m: 	HTTP production server up and running on port 5000 !
2026-06-17 02:00:58 [32minfo[39m: 	Successfully connected to database mongodb://edgev3_app:edgev3_mongodb_pass@mongodb:27017/edgev3?authSource=admin
2026-06-17 02:00:58 [32minfo[39m: 	HTTP production server up and running on port 5000 !
2026-06-17 02:01:23 [32minfo[39m: 	Successfully connected to database mongodb://edgev3_app:edgev3_mongodb_pass@mongodb:27017/edgev3?authSource=admin
2026-06-17 02:01:23 [32minfo[39m: 	HTTP production server up and running on port 5000 !
2026-06-17 02:01:24 [32minfo[39m: 	Successfully connected to database mongodb://edgev3_app:edgev3_mongodb_pass@mongodb:27017/edgev3?authSource=admin
2026-06-17 02:01:24 [32minfo[39m: 	HTTP CRON server up and running on port 5555 !
2026-06-17 02:01:25 [32minfo[39m: 	Successfully connected to database mongodb://edgev3_app:edgev3_mongodb_pass@mongodb:27017/edgev3?authSource=admin
2026-06-17 02:01:25 [32minfo[39m: 	HTTP production server up and running on port 5000 !
2026-06-17 02:01:26 [32minfo[39m: 	Successfully connected to database mongodb://edgev3_app:edgev3_mongodb_pass@mongodb:27017/edgev3?authSource=admin
2026-06-17 02:01:26 [32minfo[39m: 	HTTP production server up and running on port 5000 !
2026-06-17 02:01:28 [32minfo[39m: 	Successfully connected to database mongodb://edgev3_app:edgev3_mongodb_pass@mongodb:27017/edgev3?authSource=admin
2026-06-17 02:01:28 [32minfo[39m: 	HTTP production server up and running on port 5000 !
2026-06-17 02:01:53 [32minfo[39m: 	Successfully connected to database mongodb://edgev3_app:edgev3_mongodb_pass@mongodb:27017/edgev3?authSource=admin
2026-06-17 02:01:53 [32minfo[39m: 	HTTP production server up and running on port 5000 !
2026-06-17 02:01:54 [32minfo[39m: 	Successfully connected to database mongodb://edgev3_app:edgev3_mongodb_pass@mongodb:27017/edgev3?authSource=admin
2026-06-17 02:01:54 [32minfo[39m: 	HTTP CRON server up and running on port 5555 !
2026-06-17 02:01:55 [32minfo[39m: 	Successfully connected to database mongodb://edgev3_app:edgev3_mongodb_pass@mongodb:27017/edgev3?authSource=admin
2026-06-17 02:01:55 [32minfo[39m: 	HTTP production server up and running on port 5000 !
2026-06-17 02:01:56 [32minfo[39m: 	Successfully connected to database mongodb://edgev3_app:edgev3_mongodb_pass@mongodb:27017/edgev3?authSource=admin
2026-06-17 02:01:56 [32minfo[39m: 	HTTP production server up and running on port 5000 !
2026-06-17 02:01:58 [32minfo[39m: 	Successfully connected to database mongodb://edgev3_app:edgev3_mongodb_pass@mongodb:27017/edgev3?authSource=admin
2026-06-17 02:01:58 [32minfo[39m: 	HTTP production server up and running on port 5000 !
2026-06-17 02:02:23 [32minfo[39m: 	Successfully connected to database mongodb://edgev3_app:edgev3_mongodb_pass@mongodb:27017/edgev3?authSource=admin
2026-06-17 02:02:23 [32minfo[39m: 	HTTP production server up and running on port 5000 !
2026-06-17 02:02:24 [32minfo[39m: 	Successfully connected to database mongodb://edgev3_app:edgev3_mongodb_pass@mongodb:27017/edgev3?authSource=admin
2026-06-17 02:02:24 [32minfo[39m: 	HTTP CRON server up and running on port 5555 !
2026-06-17 02:02:25 [32minfo[39m: 	Successfully connected to database mongodb://edgev3_app:edgev3_mongodb_pass@mongodb:27017/edgev3?authSource=admin
2026-06-17 02:02:25 [32minfo[39m: 	HTTP production server up and running on port 5000 !
2026-06-17 02:02:26 [32minfo[39m: 	Successfully connected to database mongodb://edgev3_app:edgev3_mongodb_pass@mongodb:27017/edgev3?authSource=admin
2026-06-17 02:02:26 [32minfo[39m: 	HTTP production server up and running on port 5000 !
2026-06-17 02:02:28 [32minfo[39m: 	Successfully connected to database mongodb://edgev3_app:edgev3_mongodb_pass@mongodb:27017/edgev3?authSource=admin
2026-06-17 02:02:28 [32minfo[39m: 	HTTP production server up and running on port 5000 !
2026-06-17 02:02:53 [32minfo[39m: 	Successfully connected to database mongodb://edgev3_app:edgev3_mongodb_pass@mongodb:27017/edgev3?authSource=admin
2026-06-17 02:02:53 [32minfo[39m: 	HTTP production server up and running on port 5000 !
2026-06-17 02:02:54 [32minfo[39m: 	Successfully connected to database mongodb://edgev3_app:edgev3_mongodb_pass@mongodb:27017/edgev3?authSource=admin
2026-06-17 02:02:54 [32minfo[39m: 	HTTP CRON server up and running on port 5555 !
2026-06-17 02:02:55 [32minfo[39m: 	Successfully connected to database mongodb://edgev3_app:edgev3_mongodb_pass@mongodb:27017/edgev3?authSource=admin
2026-06-17 02:02:55 [32minfo[39m: 	HTTP production server up and running on port 5000 !
2026-06-17 02:02:56 [32minfo[39m: 	Successfully connected to database mongodb://edgev3_app:edgev3_mongodb_pass@mongodb:27017/edgev3?authSource=admin
2026-06-17 02:02:56 [32minfo[39m: 	HTTP production server up and running on port 5000 !
2026-06-17 02:02:58 [32minfo[39m: 	Successfully connected to database mongodb://edgev3_app:edgev3_mongodb_pass@mongodb:27017/edgev3?authSource=admin
2026-06-17 02:02:58 [32minfo[39m: 	HTTP production server up and running on port 5000 !
2026-06-17 02:03:23 [32minfo[39m: 	Successfully connected to database mongodb://edgev3_app:edgev3_mongodb_pass@mongodb:27017/edgev3?authSource=admin
2026-06-17 02:03:23 [32minfo[39m: 	HTTP production server up and running on port 5000 !
2026-06-17 02:03:24 [32minfo[39m: 	Successfully connected to database mongodb://edgev3_app:edgev3_mongodb_pass@mongodb:27017/edgev3?authSource=admin
2026-06-17 02:03:24 [32minfo[39m: 	HTTP CRON server up and running on port 5555 !
2026-06-17 02:03:25 [32minfo[39m: 	Successfully connected to database mongodb://edgev3_app:edgev3_mongodb_pass@mongodb:27017/edgev3?authSource=admin
2026-06-17 02:03:25 [32minfo[39m: 	HTTP production server up and running on port 5000 !
2026-06-17 02:03:26 [32minfo[39m: 	Successfully connected to database mongodb://edgev3_app:edgev3_mongodb_pass@mongodb:27017/edgev3?authSource=admin
2026-06-17 02:03:26 [32minfo[39m: 	HTTP production server up and running on port 5000 !
2026-06-17 02:03:28 [32minfo[39m: 	Successfully connected to database mongodb://edgev3_app:edgev3_mongodb_pass@mongodb:27017/edgev3?authSource=admin
2026-06-17 02:03:28 [32minfo[39m: 	HTTP production server up and running on port 5000 !
2026-06-17 02:03:53 [32minfo[39m: 	Successfully connected to database mongodb://edgev3_app:edgev3_mongodb_pass@mongodb:27017/edgev3?authSource=admin
2026-06-17 02:03:53 [32minfo[39m: 	HTTP production server up and running on port 5000 !
2026-06-17 02:03:55 [32minfo[39m: 	Successfully connected to database mongodb://edgev3_app:edgev3_mongodb_pass@mongodb:27017/edgev3?authSource=admin
2026-06-17 02:03:55 [32minfo[39m: 	HTTP CRON server up and running on port 5555 !
2026-06-17 02:03:55 [32minfo[39m: 	Successfully connected to database mongodb://edgev3_app:edgev3_mongodb_pass@mongodb:27017/edgev3?authSource=admin
2026-06-17 02:03:55 [32minfo[39m: 	HTTP production server up and running on port 5000 !
2026-06-17 02:03:56 [32minfo[39m: 	Successfully connected to database mongodb://edgev3_app:edgev3_mongodb_pass@mongodb:27017/edgev3?authSource=admin
2026-06-17 02:03:56 [32minfo[39m: 	HTTP production server up and running on port 5000 !
2026-06-17 02:03:58 [32minfo[39m: 	Successfully connected to database mongodb://edgev3_app:edgev3_mongodb_pass@mongodb:27017/edgev3?authSource=admin
2026-06-17 02:03:58 [32minfo[39m: 	HTTP production server up and running on port 5000 !
2026-06-17 02:04:23 [32minfo[39m: 	Successfully connected to database mongodb://edgev3_app:edgev3_mongodb_pass@mongodb:27017/edgev3?authSource=admin
2026-06-17 02:04:23 [32minfo[39m: 	HTTP production server up and running on port 5000 !
2026-06-17 02:04:24 [32minfo[39m: 	Successfully connected to database mongodb://edgev3_app:edgev3_mongodb_pass@mongodb:27017/edgev3?authSource=admin
2026-06-17 02:04:24 [32minfo[39m: 	HTTP CRON server up and running on port 5555 !
2026-06-17 02:04:25 [32minfo[39m: 	Successfully connected to database mongodb://edgev3_app:edgev3_mongodb_pass@mongodb:27017/edgev3?authSource=admin
2026-06-17 02:04:25 [32minfo[39m: 	HTTP production server up and running on port 5000 !
2026-06-17 02:04:26 [32minfo[39m: 	Successfully connected to database mongodb://edgev3_app:edgev3_mongodb_pass@mongodb:27017/edgev3?authSource=admin
2026-06-17 02:04:26 [32minfo[39m: 	HTTP production server up and running on port 5000 !
2026-06-17 02:04:28 [32minfo[39m: 	Successfully connected to database mongodb://edgev3_app:edgev3_mongodb_pass@mongodb:27017/edgev3?authSource=admin
2026-06-17 02:04:28 [32minfo[39m: 	HTTP production server up and running on port 5000 !
2026-06-17 02:04:53 [32minfo[39m: 	Successfully connected to database mongodb://edgev3_app:edgev3_mongodb_pass@mongodb:27017/edgev3?authSource=admin
2026-06-17 02:04:53 [32minfo[39m: 	HTTP production server up and running on port 5000 !
2026-06-17 02:04:55 [32minfo[39m: 	Successfully connected to database mongodb://edgev3_app:edgev3_mongodb_pass@mongodb:27017/edgev3?authSource=admin
2026-06-17 02:04:55 [32minfo[39m: 	HTTP CRON server up and running on port 5555 !
2026-06-17 02:04:55 [32minfo[39m: 	Successfully connected to database mongodb://edgev3_app:edgev3_mongodb_pass@mongodb:27017/edgev3?authSource=admin
2026-06-17 02:04:55 [32minfo[39m: 	HTTP production server up and running on port 5000 !
2026-06-17 02:04:56 [32minfo[39m: 	Successfully connected to database mongodb://edgev3_app:edgev3_mongodb_pass@mongodb:27017/edgev3?authSource=admin
2026-06-17 02:04:56 [32minfo[39m: 	HTTP production server up and running on port 5000 !
2026-06-17 02:04:58 [32minfo[39m: 	Successfully connected to database mongodb://edgev3_app:edgev3_mongodb_pass@mongodb:27017/edgev3?authSource=admin
2026-06-17 02:04:58 [32minfo[39m: 	HTTP production server up and running on port 5000 !
2026-06-17 02:05:23 [32minfo[39m: 	Successfully connected to database mongodb://edgev3_app:edgev3_mongodb_pass@mongodb:27017/edgev3?authSource=admin
2026-06-17 02:05:23 [32minfo[39m: 	HTTP production server up and running on port 5000 !
2026-06-17 02:05:24 [32minfo[39m: 	Successfully connected to database mongodb://edgev3_app:edgev3_mongodb_pass@mongodb:27017/edgev3?authSource=admin
2026-06-17 02:05:24 [32minfo[39m: 	HTTP CRON server up and running on port 5555 !
2026-06-17 02:05:25 [32minfo[39m: 	Successfully connected to database mongodb://edgev3_app:edgev3_mongodb_pass@mongodb:27017/edgev3?authSource=admin
2026-06-17 02:05:25 [32minfo[39m: 	HTTP production server up and running on port 5000 !
2026-06-17 02:05:26 [32minfo[39m: 	Successfully connected to database mongodb://edgev3_app:edgev3_mongodb_pass@mongodb:27017/edgev3?authSource=admin
2026-06-17 02:05:26 [32minfo[39m: 	HTTP production server up and running on port 5000 !
2026-06-17 02:05:28 [32minfo[39m: 	Successfully connected to database mongodb://edgev3_app:edgev3_mongodb_pass@mongodb:27017/edgev3?authSource=admin
2026-06-17 02:05:28 [32minfo[39m: 	HTTP production server up and running on port 5000 !
2026-06-17 02:05:53 [32minfo[39m: 	Successfully connected to database mongodb://edgev3_app:edgev3_mongodb_pass@mongodb:27017/edgev3?authSource=admin
2026-06-17 02:05:53 [32minfo[39m: 	HTTP production server up and running on port 5000 !
2026-06-17 02:05:54 [32minfo[39m: 	Successfully connected to database mongodb://edgev3_app:edgev3_mongodb_pass@mongodb:27017/edgev3?authSource=admin
2026-06-17 02:05:54 [32minfo[39m: 	HTTP CRON server up and running on port 5555 !
2026-06-17 02:05:55 [32minfo[39m: 	Successfully connected to database mongodb://edgev3_app:edgev3_mongodb_pass@mongodb:27017/edgev3?authSource=admin
2026-06-17 02:05:55 [32minfo[39m: 	HTTP production server up and running on port 5000 !
2026-06-17 02:05:56 [32minfo[39m: 	Successfully connected to database mongodb://edgev3_app:edgev3_mongodb_pass@mongodb:27017/edgev3?authSource=admin
2026-06-17 02:05:56 [32minfo[39m: 	HTTP production server up and running on port 5000 !
2026-06-17 02:05:58 [32minfo[39m: 	Successfully connected to database mongodb://edgev3_app:edgev3_mongodb_pass@mongodb:27017/edgev3?authSource=admin
2026-06-17 02:05:58 [32minfo[39m: 	HTTP production server up and running on port 5000 !
2026-06-17 02:06:23 [32minfo[39m: 	Successfully connected to database mongodb://edgev3_app:edgev3_mongodb_pass@mongodb:27017/edgev3?authSource=admin
2026-06-17 02:06:23 [32minfo[39m: 	HTTP production server up and running on port 5000 !
2026-06-17 02:06:24 [32minfo[39m: 	Successfully connected to database mongodb://edgev3_app:edgev3_mongodb_pass@mongodb:27017/edgev3?authSource=admin
2026-06-17 02:06:24 [32minfo[39m: 	HTTP CRON server up and running on port 5555 !
2026-06-17 02:06:25 [32minfo[39m: 	Successfully connected to database mongodb://edgev3_app:edgev3_mongodb_pass@mongodb:27017/edgev3?authSource=admin
2026-06-17 02:06:25 [32minfo[39m: 	HTTP production server up and running on port 5000 !
2026-06-17 02:06:26 [32minfo[39m: 	Successfully connected to database mongodb://edgev3_app:edgev3_mongodb_pass@mongodb:27017/edgev3?authSource=admin
2026-06-17 02:06:26 [32minfo[39m: 	HTTP production server up and running on port 5000 !
2026-06-17 02:06:28 [32minfo[39m: 	Successfully connected to database mongodb://edgev3_app:edgev3_mongodb_pass@mongodb:27017/edgev3?authSource=admin
2026-06-17 02:06:28 [32minfo[39m: 	HTTP production server up and running on port 5000 !
2026-06-17 02:06:53 [32minfo[39m: 	Successfully connected to database mongodb://edgev3_app:edgev3_mongodb_pass@mongodb:27017/edgev3?authSource=admin
2026-06-17 02:06:53 [32minfo[39m: 	HTTP production server up and running on port 5000 !
2026-06-17 02:06:54 [32minfo[39m: 	Successfully connected to database mongodb://edgev3_app:edgev3_mongodb_pass@mongodb:27017/edgev3?authSource=admin
2026-06-17 02:06:54 [32minfo[39m: 	HTTP CRON server up and running on port 5555 !
2026-06-17 02:06:55 [32minfo[39m: 	Successfully connected to database mongodb://edgev3_app:edgev3_mongodb_pass@mongodb:27017/edgev3?authSource=admin
2026-06-17 02:06:55 [32minfo[39m: 	HTTP production server up and running on port 5000 !
2026-06-17 02:06:56 [32minfo[39m: 	Successfully connected to database mongodb://edgev3_app:edgev3_mongodb_pass@mongodb:27017/edgev3?authSource=admin
2026-06-17 02:06:56 [32minfo[39m: 	HTTP production server up and running on port 5000 !
2026-06-17 02:06:58 [32minfo[39m: 	Successfully connected to database mongodb://edgev3_app:edgev3_mongodb_pass@mongodb:27017/edgev3?authSource=admin
2026-06-17 02:06:58 [32minfo[39m: 	HTTP production server up and running on port 5000 !
2026-06-17 02:07:23 [32minfo[39m: 	Successfully connected to database mongodb://edgev3_app:edgev3_mongodb_pass@mongodb:27017/edgev3?authSource=admin
2026-06-17 02:07:23 [32minfo[39m: 	HTTP production server up and running on port 5000 !
2026-06-17 02:07:25 [32minfo[39m: 	Successfully connected to database mongodb://edgev3_app:edgev3_mongodb_pass@mongodb:27017/edgev3?authSource=admin
2026-06-17 02:07:25 [32minfo[39m: 	HTTP CRON server up and running on port 5555 !
2026-06-17 02:07:25 [32minfo[39m: 	Successfully connected to database mongodb://edgev3_app:edgev3_mongodb_pass@mongodb:27017/edgev3?authSource=admin
2026-06-17 02:07:25 [32minfo[39m: 	HTTP production server up and running on port 5000 !
2026-06-17 02:07:26 [32minfo[39m: 	Successfully connected to database mongodb://edgev3_app:edgev3_mongodb_pass@mongodb:27017/edgev3?authSource=admin
2026-06-17 02:07:26 [32minfo[39m: 	HTTP production server up and running on port 5000 !
2026-06-17 02:07:28 [32minfo[39m: 	Successfully connected to database mongodb://edgev3_app:edgev3_mongodb_pass@mongodb:27017/edgev3?authSource=admin
2026-06-17 02:07:28 [32minfo[39m: 	HTTP production server up and running on port 5000 !
2026-06-17 02:07:53 [32minfo[39m: 	Successfully connected to database mongodb://edgev3_app:edgev3_mongodb_pass@mongodb:27017/edgev3?authSource=admin
2026-06-17 02:07:53 [32minfo[39m: 	HTTP production server up and running on port 5000 !
2026-06-17 02:07:54 [32minfo[39m: 	Successfully connected to database mongodb://edgev3_app:edgev3_mongodb_pass@mongodb:27017/edgev3?authSource=admin
2026-06-17 02:07:54 [32minfo[39m: 	HTTP CRON server up and running on port 5555 !
2026-06-17 02:07:55 [32minfo[39m: 	Successfully connected to database mongodb://edgev3_app:edgev3_mongodb_pass@mongodb:27017/edgev3?authSource=admin
2026-06-17 02:07:55 [32minfo[39m: 	HTTP production server up and running on port 5000 !
2026-06-17 02:07:56 [32minfo[39m: 	Successfully connected to database mongodb://edgev3_app:edgev3_mongodb_pass@mongodb:27017/edgev3?authSource=admin
2026-06-17 02:07:56 [32minfo[39m: 	HTTP production server up and running on port 5000 !
2026-06-17 02:07:58 [32minfo[39m: 	Successfully connected to database mongodb://edgev3_app:edgev3_mongodb_pass@mongodb:27017/edgev3?authSource=admin
2026-06-17 02:07:58 [32minfo[39m: 	HTTP production server up and running on port 5000 !
2026-06-17 02:08:23 [32minfo[39m: 	Successfully connected to database mongodb://edgev3_app:edgev3_mongodb_pass@mongodb:27017/edgev3?authSource=admin
2026-06-17 02:08:23 [32minfo[39m: 	HTTP production server up and running on port 5000 !
2026-06-17 02:08:24 [32minfo[39m: 	Successfully connected to database mongodb://edgev3_app:edgev3_mongodb_pass@mongodb:27017/edgev3?authSource=admin
2026-06-17 02:08:24 [32minfo[39m: 	HTTP CRON server up and running on port 5555 !
2026-06-17 02:08:25 [32minfo[39m: 	Successfully connected to database mongodb://edgev3_app:edgev3_mongodb_pass@mongodb:27017/edgev3?authSource=admin
2026-06-17 02:08:25 [32minfo[39m: 	HTTP production server up and running on port 5000 !
2026-06-17 02:08:26 [32minfo[39m: 	Successfully connected to database mongodb://edgev3_app:edgev3_mongodb_pass@mongodb:27017/edgev3?authSource=admin
2026-06-17 02:08:26 [32minfo[39m: 	HTTP production server up and running on port 5000 !
2026-06-17 02:08:28 [32minfo[39m: 	Successfully connected to database mongodb://edgev3_app:edgev3_mongodb_pass@mongodb:27017/edgev3?authSource=admin
2026-06-17 02:08:28 [32minfo[39m: 	HTTP production server up and running on port 5000 !
2026-06-17 02:08:53 [32minfo[39m: 	Successfully connected to database mongodb://edgev3_app:edgev3_mongodb_pass@mongodb:27017/edgev3?authSource=admin
2026-06-17 02:08:53 [32minfo[39m: 	HTTP production server up and running on port 5000 !
2026-06-17 02:08:54 [32minfo[39m: 	Successfully connected to database mongodb://edgev3_app:edgev3_mongodb_pass@mongodb:27017/edgev3?authSource=admin
2026-06-17 02:08:54 [32minfo[39m: 	HTTP CRON server up and running on port 5555 !
2026-06-17 02:08:55 [32minfo[39m: 	Successfully connected to database mongodb://edgev3_app:edgev3_mongodb_pass@mongodb:27017/edgev3?authSource=admin
2026-06-17 02:08:55 [32minfo[39m: 	HTTP production server up and running on port 5000 !
2026-06-17 02:08:56 [32minfo[39m: 	Successfully connected to database mongodb://edgev3_app:edgev3_mongodb_pass@mongodb:27017/edgev3?authSource=admin
2026-06-17 02:08:56 [32minfo[39m: 	HTTP production server up and running on port 5000 !
2026-06-17 02:08:58 [32minfo[39m: 	Successfully connected to database mongodb://edgev3_app:edgev3_mongodb_pass@mongodb:27017/edgev3?authSource=admin
2026-06-17 02:08:58 [32minfo[39m: 	HTTP production server up and running on port 5000 !
2026-06-17 02:09:23 [32minfo[39m: 	Successfully connected to database mongodb://edgev3_app:edgev3_mongodb_pass@mongodb:27017/edgev3?authSource=admin
2026-06-17 02:09:23 [32minfo[39m: 	HTTP production server up and running on port 5000 !
2026-06-17 02:09:25 [32minfo[39m: 	Successfully connected to database mongodb://edgev3_app:edgev3_mongodb_pass@mongodb:27017/edgev3?authSource=admin
2026-06-17 02:09:25 [32minfo[39m: 	HTTP CRON server up and running on port 5555 !
2026-06-17 02:09:25 [32minfo[39m: 	Successfully connected to database mongodb://edgev3_app:edgev3_mongodb_pass@mongodb:27017/edgev3?authSource=admin
2026-06-17 02:09:25 [32minfo[39m: 	HTTP production server up and running on port 5000 !
2026-06-17 02:09:26 [32minfo[39m: 	Successfully connected to database mongodb://edgev3_app:edgev3_mongodb_pass@mongodb:27017/edgev3?authSource=admin
2026-06-17 02:09:26 [32minfo[39m: 	HTTP production server up and running on port 5000 !
2026-06-17 02:09:28 [32minfo[39m: 	Successfully connected to database mongodb://edgev3_app:edgev3_mongodb_pass@mongodb:27017/edgev3?authSource=admin
2026-06-17 02:09:28 [32minfo[39m: 	HTTP production server up and running on port 5000 !
2026-06-17 02:09:53 [32minfo[39m: 	Successfully connected to database mongodb://edgev3_app:edgev3_mongodb_pass@mongodb:27017/edgev3?authSource=admin
2026-06-17 02:09:53 [32minfo[39m: 	HTTP production server up and running on port 5000 !
2026-06-17 02:09:54 [32minfo[39m: 	Successfully connected to database mongodb://edgev3_app:edgev3_mongodb_pass@mongodb:27017/edgev3?authSource=admin
2026-06-17 02:09:54 [32minfo[39m: 	HTTP CRON server up and running on port 5555 !
2026-06-17 02:09:55 [32minfo[39m: 	Successfully connected to database mongodb://edgev3_app:edgev3_mongodb_pass@mongodb:27017/edgev3?authSource=admin
2026-06-17 02:09:55 [32minfo[39m: 	HTTP production server up and running on port 5000 !
2026-06-17 02:09:56 [32minfo[39m: 	Successfully connected to database mongodb://edgev3_app:edgev3_mongodb_pass@mongodb:27017/edgev3?authSource=admin
2026-06-17 02:09:56 [32minfo[39m: 	HTTP production server up and running on port 5000 !
2026-06-17 02:09:58 [32minfo[39m: 	Successfully connected to database mongodb://edgev3_app:edgev3_mongodb_pass@mongodb:27017/edgev3?authSource=admin
2026-06-17 02:09:58 [32minfo[39m: 	HTTP production server up and running on port 5000 !
2026-06-17 02:10:23 [32minfo[39m: 	Successfully connected to database mongodb://edgev3_app:edgev3_mongodb_pass@mongodb:27017/edgev3?authSource=admin
2026-06-17 02:10:23 [32minfo[39m: 	HTTP production server up and running on port 5000 !
2026-06-17 02:10:24 [32minfo[39m: 	Successfully connected to database mongodb://edgev3_app:edgev3_mongodb_pass@mongodb:27017/edgev3?authSource=admin
2026-06-17 02:10:24 [32minfo[39m: 	HTTP CRON server up and running on port 5555 !
2026-06-17 02:10:25 [32minfo[39m: 	Successfully connected to database mongodb://edgev3_app:edgev3_mongodb_pass@mongodb:27017/edgev3?authSource=admin
2026-06-17 02:10:25 [32minfo[39m: 	HTTP production server up and running on port 5000 !
2026-06-17 02:10:26 [32minfo[39m: 	Successfully connected to database mongodb://edgev3_app:edgev3_mongodb_pass@mongodb:27017/edgev3?authSource=admin
2026-06-17 02:10:26 [32minfo[39m: 	HTTP production server up and running on port 5000 !
2026-06-17 02:10:28 [32minfo[39m: 	Successfully connected to database mongodb://edgev3_app:edgev3_mongodb_pass@mongodb:27017/edgev3?authSource=admin
2026-06-17 02:10:28 [32minfo[39m: 	HTTP production server up and running on port 5000 !
2026-06-17 02:10:53 [32minfo[39m: 	Successfully connected to database mongodb://edgev3_app:edgev3_mongodb_pass@mongodb:27017/edgev3?authSource=admin
2026-06-17 02:10:53 [32minfo[39m: 	HTTP production server up and running on port 5000 !
2026-06-17 02:10:54 [32minfo[39m: 	Successfully connected to database mongodb://edgev3_app:edgev3_mongodb_pass@mongodb:27017/edgev3?authSource=admin
2026-06-17 02:10:55 [32minfo[39m: 	HTTP CRON server up and running on port 5555 !
2026-06-17 02:10:55 [32minfo[39m: 	Successfully connected to database mongodb://edgev3_app:edgev3_mongodb_pass@mongodb:27017/edgev3?authSource=admin
2026-06-17 02:10:55 [32minfo[39m: 	HTTP production server up and running on port 5000 !
2026-06-17 02:10:56 [32minfo[39m: 	Successfully connected to database mongodb://edgev3_app:edgev3_mongodb_pass@mongodb:27017/edgev3?authSource=admin
2026-06-17 02:10:56 [32minfo[39m: 	HTTP production server up and running on port 5000 !
2026-06-17 02:10:58 [32minfo[39m: 	Successfully connected to database mongodb://edgev3_app:edgev3_mongodb_pass@mongodb:27017/edgev3?authSource=admin
2026-06-17 02:10:58 [32minfo[39m: 	HTTP production server up and running on port 5000 !
2026-06-17 02:11:23 [32minfo[39m: 	Successfully connected to database mongodb://edgev3_app:edgev3_mongodb_pass@mongodb:27017/edgev3?authSource=admin
2026-06-17 02:11:23 [32minfo[39m: 	HTTP production server up and running on port 5000 !
2026-06-17 02:11:25 [32minfo[39m: 	Successfully connected to database mongodb://edgev3_app:edgev3_mongodb_pass@mongodb:27017/edgev3?authSource=admin
2026-06-17 02:11:25 [32minfo[39m: 	HTTP CRON server up and running on port 5555 !
2026-06-17 02:11:25 [32minfo[39m: 	Successfully connected to database mongodb://edgev3_app:edgev3_mongodb_pass@mongodb:27017/edgev3?authSource=admin
2026-06-17 02:11:25 [32minfo[39m: 	HTTP production server up and running on port 5000 !
2026-06-17 02:11:26 [32minfo[39m: 	Successfully connected to database mongodb://edgev3_app:edgev3_mongodb_pass@mongodb:27017/edgev3?authSource=admin
2026-06-17 02:11:26 [32minfo[39m: 	HTTP production server up and running on port 5000 !
2026-06-17 02:11:28 [32minfo[39m: 	Successfully connected to database mongodb://edgev3_app:edgev3_mongodb_pass@mongodb:27017/edgev3?authSource=admin
2026-06-17 02:11:28 [32minfo[39m: 	HTTP production server up and running on port 5000 !
2026-06-17 02:11:53 [32minfo[39m: 	Successfully connected to database mongodb://edgev3_app:edgev3_mongodb_pass@mongodb:27017/edgev3?authSource=admin
2026-06-17 02:11:53 [32minfo[39m: 	HTTP production server up and running on port 5000 !
2026-06-17 02:11:55 [32minfo[39m: 	Successfully connected to database mongodb://edgev3_app:edgev3_mongodb_pass@mongodb:27017/edgev3?authSource=admin
2026-06-17 02:11:55 [32minfo[39m: 	HTTP CRON server up and running on port 5555 !
2026-06-17 02:11:55 [32minfo[39m: 	Successfully connected to database mongodb://edgev3_app:edgev3_mongodb_pass@mongodb:27017/edgev3?authSource=admin
2026-06-17 02:11:55 [32minfo[39m: 	HTTP production server up and running on port 5000 !
2026-06-17 02:11:56 [32minfo[39m: 	Successfully connected to database mongodb://edgev3_app:edgev3_mongodb_pass@mongodb:27017/edgev3?authSource=admin
2026-06-17 02:11:56 [32minfo[39m: 	HTTP production server up and running on port 5000 !
2026-06-17 02:11:58 [32minfo[39m: 	Successfully connected to database mongodb://edgev3_app:edgev3_mongodb_pass@mongodb:27017/edgev3?authSource=admin
2026-06-17 02:11:58 [32minfo[39m: 	HTTP production server up and running on port 5000 !
2026-06-17 02:12:23 [32minfo[39m: 	Successfully connected to database mongodb://edgev3_app:edgev3_mongodb_pass@mongodb:27017/edgev3?authSource=admin
2026-06-17 02:12:23 [32minfo[39m: 	HTTP production server up and running on port 5000 !
2026-06-17 02:12:25 [32minfo[39m: 	Successfully connected to database mongodb://edgev3_app:edgev3_mongodb_pass@mongodb:27017/edgev3?authSource=admin
2026-06-17 02:12:25 [32minfo[39m: 	HTTP CRON server up and running on port 5555 !
2026-06-17 02:12:25 [32minfo[39m: 	Successfully connected to database mongodb://edgev3_app:edgev3_mongodb_pass@mongodb:27017/edgev3?authSource=admin
2026-06-17 02:12:25 [32minfo[39m: 	HTTP production server up and running on port 5000 !
2026-06-17 02:12:26 [32minfo[39m: 	Successfully connected to database mongodb://edgev3_app:edgev3_mongodb_pass@mongodb:27017/edgev3?authSource=admin
2026-06-17 02:12:26 [32minfo[39m: 	HTTP production server up and running on port 5000 !
2026-06-17 02:12:28 [32minfo[39m: 	Successfully connected to database mongodb://edgev3_app:edgev3_mongodb_pass@mongodb:27017/edgev3?authSource=admin
2026-06-17 02:12:28 [32minfo[39m: 	HTTP production server up and running on port 5000 !
2026-06-17 02:12:53 [32minfo[39m: 	Successfully connected to database mongodb://edgev3_app:edgev3_mongodb_pass@mongodb:27017/edgev3?authSource=admin
2026-06-17 02:12:53 [32minfo[39m: 	HTTP production server up and running on port 5000 !
2026-06-17 02:12:55 [32minfo[39m: 	Successfully connected to database mongodb://edgev3_app:edgev3_mongodb_pass@mongodb:27017/edgev3?authSource=admin
2026-06-17 02:12:55 [32minfo[39m: 	HTTP production server up and running on port 5000 !
2026-06-17 02:12:56 [32minfo[39m: 	Successfully connected to database mongodb://edgev3_app:edgev3_mongodb_pass@mongodb:27017/edgev3?authSource=admin
2026-06-17 02:12:56 [32minfo[39m: 	HTTP production server up and running on port 5000 !
2026-06-17 02:12:58 [32minfo[39m: 	Successfully connected to database mongodb://edgev3_app:edgev3_mongodb_pass@mongodb:27017/edgev3?authSource=admin
2026-06-17 02:12:58 [32minfo[39m: 	HTTP production server up and running on port 5000 !
2026-06-17 02:13:23 [32minfo[39m: 	Successfully connected to database mongodb://edgev3_app:edgev3_mongodb_pass@mongodb:27017/edgev3?authSource=admin
2026-06-17 02:13:23 [32minfo[39m: 	HTTP production server up and running on port 5000 !
2026-06-17 02:13:25 [32minfo[39m: 	Successfully connected to database mongodb://edgev3_app:edgev3_mongodb_pass@mongodb:27017/edgev3?authSource=admin
2026-06-17 02:13:25 [32minfo[39m: 	HTTP CRON server up and running on port 5555 !
2026-06-17 02:13:25 [32minfo[39m: 	Successfully connected to database mongodb://edgev3_app:edgev3_mongodb_pass@mongodb:27017/edgev3?authSource=admin
2026-06-17 02:13:25 [32minfo[39m: 	HTTP production server up and running on port 5000 !
2026-06-17 02:13:26 [32minfo[39m: 	Successfully connected to database mongodb://edgev3_app:edgev3_mongodb_pass@mongodb:27017/edgev3?authSource=admin
2026-06-17 02:13:26 [32minfo[39m: 	HTTP production server up and running on port 5000 !
2026-06-17 02:13:28 [32minfo[39m: 	Successfully connected to database mongodb://edgev3_app:edgev3_mongodb_pass@mongodb:27017/edgev3?authSource=admin
2026-06-17 02:13:28 [32minfo[39m: 	HTTP production server up and running on port 5000 !
2026-06-17 02:13:53 [32minfo[39m: 	Successfully connected to database mongodb://edgev3_app:edgev3_mongodb_pass@mongodb:27017/edgev3?authSource=admin
2026-06-17 02:13:53 [32minfo[39m: 	HTTP production server up and running on port 5000 !
2026-06-17 02:13:55 [32minfo[39m: 	Successfully connected to database mongodb://edgev3_app:edgev3_mongodb_pass@mongodb:27017/edgev3?authSource=admin
2026-06-17 02:13:55 [32minfo[39m: 	HTTP CRON server up and running on port 5555 !
2026-06-17 02:13:55 [32minfo[39m: 	Successfully connected to database mongodb://edgev3_app:edgev3_mongodb_pass@mongodb:27017/edgev3?authSource=admin
2026-06-17 02:13:55 [32minfo[39m: 	HTTP production server up and running on port 5000 !
2026-06-17 02:13:57 [32minfo[39m: 	Successfully connected to database mongodb://edgev3_app:edgev3_mongodb_pass@mongodb:27017/edgev3?authSource=admin
2026-06-17 02:13:57 [32minfo[39m: 	HTTP production server up and running on port 5000 !
2026-06-17 02:13:58 [32minfo[39m: 	Successfully connected to database mongodb://edgev3_app:edgev3_mongodb_pass@mongodb:27017/edgev3?authSource=admin
2026-06-17 02:13:58 [32minfo[39m: 	HTTP production server up and running on port 5000 !
2026-06-17 02:14:23 [32minfo[39m: 	Successfully connected to database mongodb://edgev3_app:edgev3_mongodb_pass@mongodb:27017/edgev3?authSource=admin
2026-06-17 02:14:23 [32minfo[39m: 	HTTP production server up and running on port 5000 !
2026-06-17 02:14:25 [32minfo[39m: 	Successfully connected to database mongodb://edgev3_app:edgev3_mongodb_pass@mongodb:27017/edgev3?authSource=admin
2026-06-17 02:14:25 [32minfo[39m: 	HTTP CRON server up and running on port 5555 !
2026-06-17 02:14:25 [32minfo[39m: 	Successfully connected to database mongodb://edgev3_app:edgev3_mongodb_pass@mongodb:27017/edgev3?authSource=admin
2026-06-17 02:14:25 [32minfo[39m: 	HTTP production server up and running on port 5000 !
2026-06-17 02:14:26 [32minfo[39m: 	Successfully connected to database mongodb://edgev3_app:edgev3_mongodb_pass@mongodb:27017/edgev3?authSource=admin
2026-06-17 02:14:26 [32minfo[39m: 	HTTP production server up and running on port 5000 !
2026-06-17 02:14:28 [32minfo[39m: 	Successfully connected to database mongodb://edgev3_app:edgev3_mongodb_pass@mongodb:27017/edgev3?authSource=admin
2026-06-17 02:14:28 [32minfo[39m: 	HTTP production server up and running on port 5000 !
2026-06-17 02:14:53 [32minfo[39m: 	Successfully connected to database mongodb://edgev3_app:edgev3_mongodb_pass@mongodb:27017/edgev3?authSource=admin
2026-06-17 02:14:53 [32minfo[39m: 	HTTP production server up and running on port 5000 !
2026-06-17 02:14:55 [32minfo[39m: 	Successfully connected to database mongodb://edgev3_app:edgev3_mongodb_pass@mongodb:27017/edgev3?authSource=admin
2026-06-17 02:14:55 [32minfo[39m: 	HTTP CRON server up and running on port 5555 !
2026-06-17 02:14:55 [32minfo[39m: 	Successfully connected to database mongodb://edgev3_app:edgev3_mongodb_pass@mongodb:27017/edgev3?authSource=admin
2026-06-17 02:14:55 [32minfo[39m: 	HTTP production server up and running on port 5000 !
2026-06-17 02:14:56 [32minfo[39m: 	Successfully connected to database mongodb://edgev3_app:edgev3_mongodb_pass@mongodb:27017/edgev3?authSource=admin
2026-06-17 02:14:56 [32minfo[39m: 	HTTP production server up and running on port 5000 !
2026-06-17 02:14:58 [32minfo[39m: 	Successfully connected to database mongodb://edgev3_app:edgev3_mongodb_pass@mongodb:27017/edgev3?authSource=admin
2026-06-17 02:14:58 [32minfo[39m: 	HTTP production server up and running on port 5000 !
2026-06-17 02:15:23 [32minfo[39m: 	Successfully connected to database mongodb://edgev3_app:edgev3_mongodb_pass@mongodb:27017/edgev3?authSource=admin
2026-06-17 02:15:23 [32minfo[39m: 	HTTP production server up and running on port 5000 !
2026-06-17 02:15:25 [32minfo[39m: 	Successfully connected to database mongodb://edgev3_app:edgev3_mongodb_pass@mongodb:27017/edgev3?authSource=admin
2026-06-17 02:15:25 [32minfo[39m: 	HTTP CRON server up and running on port 5555 !
2026-06-17 02:15:25 [32minfo[39m: 	Successfully connected to database mongodb://edgev3_app:edgev3_mongodb_pass@mongodb:27017/edgev3?authSource=admin
2026-06-17 02:15:25 [32minfo[39m: 	HTTP production server up and running on port 5000 !
2026-06-17 02:15:26 [32minfo[39m: 	Successfully connected to database mongodb://edgev3_app:edgev3_mongodb_pass@mongodb:27017/edgev3?authSource=admin
2026-06-17 02:15:26 [32minfo[39m: 	HTTP production server up and running on port 5000 !
2026-06-17 02:15:28 [32minfo[39m: 	Successfully connected to database mongodb://edgev3_app:edgev3_mongodb_pass@mongodb:27017/edgev3?authSource=admin
2026-06-17 02:15:28 [32minfo[39m: 	HTTP production server up and running on port 5000 !
2026-06-17 02:15:53 [32minfo[39m: 	Successfully connected to database mongodb://edgev3_app:edgev3_mongodb_pass@mongodb:27017/edgev3?authSource=admin
2026-06-17 02:15:53 [32minfo[39m: 	HTTP production server up and running on port 5000 !
2026-06-17 02:15:55 [32minfo[39m: 	Successfully connected to database mongodb://edgev3_app:edgev3_mongodb_pass@mongodb:27017/edgev3?authSource=admin
2026-06-17 02:15:55 [32minfo[39m: 	HTTP CRON server up and running on port 5555 !
2026-06-17 02:15:55 [32minfo[39m: 	Successfully connected to database mongodb://edgev3_app:edgev3_mongodb_pass@mongodb:27017/edgev3?authSource=admin
2026-06-17 02:15:55 [32minfo[39m: 	HTTP production server up and running on port 5000 !
2026-06-17 02:15:56 [32minfo[39m: 	Successfully connected to database mongodb://edgev3_app:edgev3_mongodb_pass@mongodb:27017/edgev3?authSource=admin
2026-06-17 02:15:56 [32minfo[39m: 	HTTP production server up and running on port 5000 !
2026-06-17 02:15:58 [32minfo[39m: 	Successfully connected to database mongodb://edgev3_app:edgev3_mongodb_pass@mongodb:27017/edgev3?authSource=admin
2026-06-17 02:15:58 [32minfo[39m: 	HTTP production server up and running on port 5000 !
2026-06-17 02:16:23 [32minfo[39m: 	Successfully connected to database mongodb://edgev3_app:edgev3_mongodb_pass@mongodb:27017/edgev3?authSource=admin
2026-06-17 02:16:23 [32minfo[39m: 	HTTP production server up and running on port 5000 !
2026-06-17 02:16:25 [32minfo[39m: 	Successfully connected to database mongodb://edgev3_app:edgev3_mongodb_pass@mongodb:27017/edgev3?authSource=admin
2026-06-17 02:16:25 [32minfo[39m: 	HTTP CRON server up and running on port 5555 !
2026-06-17 02:16:25 [32minfo[39m: 	Successfully connected to database mongodb://edgev3_app:edgev3_mongodb_pass@mongodb:27017/edgev3?authSource=admin
2026-06-17 02:16:25 [32minfo[39m: 	HTTP production server up and running on port 5000 !
2026-06-17 02:16:26 [32minfo[39m: 	Successfully connected to database mongodb://edgev3_app:edgev3_mongodb_pass@mongodb:27017/edgev3?authSource=admin
2026-06-17 02:16:26 [32minfo[39m: 	HTTP production server up and running on port 5000 !
2026-06-17 02:16:28 [32minfo[39m: 	Successfully connected to database mongodb://edgev3_app:edgev3_mongodb_pass@mongodb:27017/edgev3?authSource=admin
2026-06-17 02:16:28 [32minfo[39m: 	HTTP production server up and running on port 5000 !
2026-06-17 02:16:53 [32minfo[39m: 	Successfully connected to database mongodb://edgev3_app:edgev3_mongodb_pass@mongodb:27017/edgev3?authSource=admin
2026-06-17 02:16:53 [32minfo[39m: 	HTTP production server up and running on port 5000 !
2026-06-17 02:16:55 [32minfo[39m: 	Successfully connected to database mongodb://edgev3_app:edgev3_mongodb_pass@mongodb:27017/edgev3?authSource=admin
2026-06-17 02:16:55 [32minfo[39m: 	HTTP CRON server up and running on port 5555 !
2026-06-17 02:16:55 [32minfo[39m: 	Successfully connected to database mongodb://edgev3_app:edgev3_mongodb_pass@mongodb:27017/edgev3?authSource=admin
2026-06-17 02:16:55 [32minfo[39m: 	HTTP production server up and running on port 5000 !
2026-06-17 02:16:56 [32minfo[39m: 	Successfully connected to database mongodb://edgev3_app:edgev3_mongodb_pass@mongodb:27017/edgev3?authSource=admin
2026-06-17 02:16:56 [32minfo[39m: 	HTTP production server up and running on port 5000 !
2026-06-17 02:16:58 [32minfo[39m: 	Successfully connected to database mongodb://edgev3_app:edgev3_mongodb_pass@mongodb:27017/edgev3?authSource=admin
2026-06-17 02:16:58 [32minfo[39m: 	HTTP production server up and running on port 5000 !
2026-06-17 02:17:23 [32minfo[39m: 	Successfully connected to database mongodb://edgev3_app:edgev3_mongodb_pass@mongodb:27017/edgev3?authSource=admin
2026-06-17 02:17:23 [32minfo[39m: 	HTTP production server up and running on port 5000 !
2026-06-17 02:17:25 [32minfo[39m: 	Successfully connected to database mongodb://edgev3_app:edgev3_mongodb_pass@mongodb:27017/edgev3?authSource=admin
2026-06-17 02:17:25 [32minfo[39m: 	HTTP CRON server up and running on port 5555 !
2026-06-17 02:17:25 [32minfo[39m: 	Successfully connected to database mongodb://edgev3_app:edgev3_mongodb_pass@mongodb:27017/edgev3?authSource=admin
2026-06-17 02:17:25 [32minfo[39m: 	HTTP production server up and running on port 5000 !
2026-06-17 02:17:26 [32minfo[39m: 	Successfully connected to database mongodb://edgev3_app:edgev3_mongodb_pass@mongodb:27017/edgev3?authSource=admin
2026-06-17 02:17:26 [32minfo[39m: 	HTTP production server up and running on port 5000 !
2026-06-17 02:17:28 [32minfo[39m: 	Successfully connected to database mongodb://edgev3_app:edgev3_mongodb_pass@mongodb:27017/edgev3?authSource=admin
2026-06-17 02:17:28 [32minfo[39m: 	HTTP production server up and running on port 5000 !
2026-06-17 02:17:53 [32minfo[39m: 	Successfully connected to database mongodb://edgev3_app:edgev3_mongodb_pass@mongodb:27017/edgev3?authSource=admin
2026-06-17 02:17:53 [32minfo[39m: 	HTTP production server up and running on port 5000 !
2026-06-17 02:17:55 [32minfo[39m: 	Successfully connected to database mongodb://edgev3_app:edgev3_mongodb_pass@mongodb:27017/edgev3?authSource=admin
2026-06-17 02:17:55 [32minfo[39m: 	HTTP CRON server up and running on port 5555 !
2026-06-17 02:17:55 [32minfo[39m: 	Successfully connected to database mongodb://edgev3_app:edgev3_mongodb_pass@mongodb:27017/edgev3?authSource=admin
2026-06-17 02:17:55 [32minfo[39m: 	HTTP production server up and running on port 5000 !
2026-06-17 02:17:56 [32minfo[39m: 	Successfully connected to database mongodb://edgev3_app:edgev3_mongodb_pass@mongodb:27017/edgev3?authSource=admin
2026-06-17 02:17:56 [32minfo[39m: 	HTTP production server up and running on port 5000 !
2026-06-17 02:17:58 [32minfo[39m: 	Successfully connected to database mongodb://edgev3_app:edgev3_mongodb_pass@mongodb:27017/edgev3?authSource=admin
2026-06-17 02:17:58 [32minfo[39m: 	HTTP production server up and running on port 5000 !
2026-06-17 02:18:23 [32minfo[39m: 	Successfully connected to database mongodb://edgev3_app:edgev3_mongodb_pass@mongodb:27017/edgev3?authSource=admin
2026-06-17 02:18:23 [32minfo[39m: 	HTTP production server up and running on port 5000 !
2026-06-17 02:18:25 [32minfo[39m: 	Successfully connected to database mongodb://edgev3_app:edgev3_mongodb_pass@mongodb:27017/edgev3?authSource=admin
2026-06-17 02:18:25 [32minfo[39m: 	HTTP CRON server up and running on port 5555 !
2026-06-17 02:18:25 [32minfo[39m: 	Successfully connected to database mongodb://edgev3_app:edgev3_mongodb_pass@mongodb:27017/edgev3?authSource=admin
2026-06-17 02:18:25 [32minfo[39m: 	HTTP production server up and running on port 5000 !
2026-06-17 02:18:26 [32minfo[39m: 	Successfully connected to database mongodb://edgev3_app:edgev3_mongodb_pass@mongodb:27017/edgev3?authSource=admin
2026-06-17 02:18:26 [32minfo[39m: 	HTTP production server up and running on port 5000 !
2026-06-17 02:18:28 [32minfo[39m: 	Successfully connected to database mongodb://edgev3_app:edgev3_mongodb_pass@mongodb:27017/edgev3?authSource=admin
2026-06-17 02:18:28 [32minfo[39m: 	HTTP production server up and running on port 5000 !
2026-06-17 02:18:53 [32minfo[39m: 	Successfully connected to database mongodb://edgev3_app:edgev3_mongodb_pass@mongodb:27017/edgev3?authSource=admin
2026-06-17 02:18:53 [32minfo[39m: 	HTTP production server up and running on port 5000 !
2026-06-17 02:18:55 [32minfo[39m: 	Successfully connected to database mongodb://edgev3_app:edgev3_mongodb_pass@mongodb:27017/edgev3?authSource=admin
2026-06-17 02:18:55 [32minfo[39m: 	HTTP CRON server up and running on port 5555 !
2026-06-17 02:18:55 [32minfo[39m: 	Successfully connected to database mongodb://edgev3_app:edgev3_mongodb_pass@mongodb:27017/edgev3?authSource=admin
2026-06-17 02:18:55 [32minfo[39m: 	HTTP production server up and running on port 5000 !
2026-06-17 02:18:56 [32minfo[39m: 	Successfully connected to database mongodb://edgev3_app:edgev3_mongodb_pass@mongodb:27017/edgev3?authSource=admin
2026-06-17 02:18:56 [32minfo[39m: 	HTTP production server up and running on port 5000 !
2026-06-17 02:18:58 [32minfo[39m: 	Successfully connected to database mongodb://edgev3_app:edgev3_mongodb_pass@mongodb:27017/edgev3?authSource=admin
2026-06-17 02:18:58 [32minfo[39m: 	HTTP production server up and running on port 5000 !
2026-06-17 02:19:23 [32minfo[39m: 	Successfully connected to database mongodb://edgev3_app:edgev3_mongodb_pass@mongodb:27017/edgev3?authSource=admin
2026-06-17 02:19:23 [32minfo[39m: 	HTTP production server up and running on port 5000 !
2026-06-17 02:19:25 [32minfo[39m: 	Successfully connected to database mongodb://edgev3_app:edgev3_mongodb_pass@mongodb:27017/edgev3?authSource=admin
2026-06-17 02:19:25 [32minfo[39m: 	HTTP CRON server up and running on port 5555 !
2026-06-17 02:19:25 [32minfo[39m: 	Successfully connected to database mongodb://edgev3_app:edgev3_mongodb_pass@mongodb:27017/edgev3?authSource=admin
2026-06-17 02:19:25 [32minfo[39m: 	HTTP production server up and running on port 5000 !
2026-06-17 02:19:26 [32minfo[39m: 	Successfully connected to database mongodb://edgev3_app:edgev3_mongodb_pass@mongodb:27017/edgev3?authSource=admin
2026-06-17 02:19:26 [32minfo[39m: 	HTTP production server up and running on port 5000 !
2026-06-17 02:19:28 [32minfo[39m: 	Successfully connected to database mongodb://edgev3_app:edgev3_mongodb_pass@mongodb:27017/edgev3?authSource=admin
2026-06-17 02:19:28 [32minfo[39m: 	HTTP production server up and running on port 5000 !
2026-06-17 02:19:53 [32minfo[39m: 	Successfully connected to database mongodb://edgev3_app:edgev3_mongodb_pass@mongodb:27017/edgev3?authSource=admin
2026-06-17 02:19:53 [32minfo[39m: 	HTTP production server up and running on port 5000 !
2026-06-17 02:19:55 [32minfo[39m: 	Successfully connected to database mongodb://edgev3_app:edgev3_mongodb_pass@mongodb:27017/edgev3?authSource=admin
2026-06-17 02:19:55 [32minfo[39m: 	HTTP CRON server up and running on port 5555 !
2026-06-17 02:19:55 [32minfo[39m: 	Successfully connected to database mongodb://edgev3_app:edgev3_mongodb_pass@mongodb:27017/edgev3?authSource=admin
2026-06-17 02:19:55 [32minfo[39m: 	HTTP production server up and running on port 5000 !
2026-06-17 02:19:56 [32minfo[39m: 	Successfully connected to database mongodb://edgev3_app:edgev3_mongodb_pass@mongodb:27017/edgev3?authSource=admin
2026-06-17 02:19:56 [32minfo[39m: 	HTTP production server up and running on port 5000 !
2026-06-17 02:19:58 [32minfo[39m: 	Successfully connected to database mongodb://edgev3_app:edgev3_mongodb_pass@mongodb:27017/edgev3?authSource=admin
2026-06-17 02:19:58 [32minfo[39m: 	HTTP production server up and running on port 5000 !
2026-06-17 02:20:23 [32minfo[39m: 	Successfully connected to database mongodb://edgev3_app:edgev3_mongodb_pass@mongodb:27017/edgev3?authSource=admin
2026-06-17 02:20:23 [32minfo[39m: 	HTTP production server up and running on port 5000 !
2026-06-17 02:20:25 [32minfo[39m: 	Successfully connected to database mongodb://edgev3_app:edgev3_mongodb_pass@mongodb:27017/edgev3?authSource=admin
2026-06-17 02:20:25 [32minfo[39m: 	HTTP CRON server up and running on port 5555 !
2026-06-17 02:20:25 [32minfo[39m: 	Successfully connected to database mongodb://edgev3_app:edgev3_mongodb_pass@mongodb:27017/edgev3?authSource=admin
2026-06-17 02:20:25 [32minfo[39m: 	HTTP production server up and running on port 5000 !
2026-06-17 02:20:26 [32minfo[39m: 	Successfully connected to database mongodb://edgev3_app:edgev3_mongodb_pass@mongodb:27017/edgev3?authSource=admin
2026-06-17 02:20:26 [32minfo[39m: 	HTTP production server up and running on port 5000 !
2026-06-17 02:20:28 [32minfo[39m: 	Successfully connected to database mongodb://edgev3_app:edgev3_mongodb_pass@mongodb:27017/edgev3?authSource=admin
2026-06-17 02:20:28 [32minfo[39m: 	HTTP production server up and running on port 5000 !
2026-06-17 02:20:53 [32minfo[39m: 	Successfully connected to database mongodb://edgev3_app:edgev3_mongodb_pass@mongodb:27017/edgev3?authSource=admin
2026-06-17 02:20:53 [32minfo[39m: 	HTTP production server up and running on port 5000 !
2026-06-17 02:20:55 [32minfo[39m: 	Successfully connected to database mongodb://edgev3_app:edgev3_mongodb_pass@mongodb:27017/edgev3?authSource=admin
2026-06-17 02:20:55 [32minfo[39m: 	HTTP CRON server up and running on port 5555 !
2026-06-17 02:20:55 [32minfo[39m: 	Successfully connected to database mongodb://edgev3_app:edgev3_mongodb_pass@mongodb:27017/edgev3?authSource=admin
2026-06-17 02:20:55 [32minfo[39m: 	HTTP production server up and running on port 5000 !
2026-06-17 02:20:56 [32minfo[39m: 	Successfully connected to database mongodb://edgev3_app:edgev3_mongodb_pass@mongodb:27017/edgev3?authSource=admin
2026-06-17 02:20:56 [32minfo[39m: 	HTTP production server up and running on port 5000 !
2026-06-17 02:20:58 [32minfo[39m: 	Successfully connected to database mongodb://edgev3_app:edgev3_mongodb_pass@mongodb:27017/edgev3?authSource=admin
2026-06-17 02:20:58 [32minfo[39m: 	HTTP production server up and running on port 5000 !
2026-06-17 02:21:23 [32minfo[39m: 	Successfully connected to database mongodb://edgev3_app:edgev3_mongodb_pass@mongodb:27017/edgev3?authSource=admin
2026-06-17 02:21:23 [32minfo[39m: 	HTTP production server up and running on port 5000 !
2026-06-17 02:21:25 [32minfo[39m: 	Successfully connected to database mongodb://edgev3_app:edgev3_mongodb_pass@mongodb:27017/edgev3?authSource=admin
2026-06-17 02:21:25 [32minfo[39m: 	HTTP CRON server up and running on port 5555 !
2026-06-17 02:21:25 [32minfo[39m: 	Successfully connected to database mongodb://edgev3_app:edgev3_mongodb_pass@mongodb:27017/edgev3?authSource=admin
2026-06-17 02:21:25 [32minfo[39m: 	HTTP production server up and running on port 5000 !
2026-06-17 02:21:26 [32minfo[39m: 	Successfully connected to database mongodb://edgev3_app:edgev3_mongodb_pass@mongodb:27017/edgev3?authSource=admin
2026-06-17 02:21:26 [32minfo[39m: 	HTTP production server up and running on port 5000 !
2026-06-17 02:21:28 [32minfo[39m: 	Successfully connected to database mongodb://edgev3_app:edgev3_mongodb_pass@mongodb:27017/edgev3?authSource=admin
2026-06-17 02:21:28 [32minfo[39m: 	HTTP production server up and running on port 5000 !
2026-06-17 02:21:53 [32minfo[39m: 	Successfully connected to database mongodb://edgev3_app:edgev3_mongodb_pass@mongodb:27017/edgev3?authSource=admin
2026-06-17 02:21:53 [32minfo[39m: 	HTTP production server up and running on port 5000 !
2026-06-17 02:21:55 [32minfo[39m: 	Successfully connected to database mongodb://edgev3_app:edgev3_mongodb_pass@mongodb:27017/edgev3?authSource=admin
2026-06-17 02:21:55 [32minfo[39m: 	HTTP CRON server up and running on port 5555 !
2026-06-17 02:21:55 [32minfo[39m: 	Successfully connected to database mongodb://edgev3_app:edgev3_mongodb_pass@mongodb:27017/edgev3?authSource=admin
2026-06-17 02:21:55 [32minfo[39m: 	HTTP production server up and running on port 5000 !
2026-06-17 02:21:56 [32minfo[39m: 	Successfully connected to database mongodb://edgev3_app:edgev3_mongodb_pass@mongodb:27017/edgev3?authSource=admin
2026-06-17 02:21:56 [32minfo[39m: 	HTTP production server up and running on port 5000 !
2026-06-17 02:21:58 [32minfo[39m: 	Successfully connected to database mongodb://edgev3_app:edgev3_mongodb_pass@mongodb:27017/edgev3?authSource=admin
2026-06-17 02:21:58 [32minfo[39m: 	HTTP production server up and running on port 5000 !
2026-06-17 02:22:23 [32minfo[39m: 	Successfully connected to database mongodb://edgev3_app:edgev3_mongodb_pass@mongodb:27017/edgev3?authSource=admin
2026-06-17 02:22:23 [32minfo[39m: 	HTTP production server up and running on port 5000 !
2026-06-17 02:22:25 [32minfo[39m: 	Successfully connected to database mongodb://edgev3_app:edgev3_mongodb_pass@mongodb:27017/edgev3?authSource=admin
2026-06-17 02:22:25 [32minfo[39m: 	HTTP CRON server up and running on port 5555 !
2026-06-17 02:22:25 [32minfo[39m: 	Successfully connected to database mongodb://edgev3_app:edgev3_mongodb_pass@mongodb:27017/edgev3?authSource=admin
2026-06-17 02:22:25 [32minfo[39m: 	HTTP production server up and running on port 5000 !
2026-06-17 02:22:26 [32minfo[39m: 	Successfully connected to database mongodb://edgev3_app:edgev3_mongodb_pass@mongodb:27017/edgev3?authSource=admin
2026-06-17 02:22:26 [32minfo[39m: 	HTTP production server up and running on port 5000 !
2026-06-17 02:22:28 [32minfo[39m: 	Successfully connected to database mongodb://edgev3_app:edgev3_mongodb_pass@mongodb:27017/edgev3?authSource=admin
2026-06-17 02:22:28 [32minfo[39m: 	HTTP production server up and running on port 5000 !
2026-06-17 02:22:53 [32minfo[39m: 	Successfully connected to database mongodb://edgev3_app:edgev3_mongodb_pass@mongodb:27017/edgev3?authSource=admin
2026-06-17 02:22:53 [32minfo[39m: 	HTTP production server up and running on port 5000 !
2026-06-17 02:22:55 [32minfo[39m: 	Successfully connected to database mongodb://edgev3_app:edgev3_mongodb_pass@mongodb:27017/edgev3?authSource=admin
2026-06-17 02:22:55 [32minfo[39m: 	HTTP CRON server up and running on port 5555 !
2026-06-17 02:22:55 [32minfo[39m: 	Successfully connected to database mongodb://edgev3_app:edgev3_mongodb_pass@mongodb:27017/edgev3?authSource=admin
2026-06-17 02:22:55 [32minfo[39m: 	HTTP production server up and running on port 5000 !
2026-06-17 02:22:56 [32minfo[39m: 	Successfully connected to database mongodb://edgev3_app:edgev3_mongodb_pass@mongodb:27017/edgev3?authSource=admin
2026-06-17 02:22:56 [32minfo[39m: 	HTTP production server up and running on port 5000 !
2026-06-17 02:22:58 [32minfo[39m: 	Successfully connected to database mongodb://edgev3_app:edgev3_mongodb_pass@mongodb:27017/edgev3?authSource=admin
2026-06-17 02:22:58 [32minfo[39m: 	HTTP production server up and running on port 5000 !
2026-06-17 02:23:23 [32minfo[39m: 	Successfully connected to database mongodb://edgev3_app:edgev3_mongodb_pass@mongodb:27017/edgev3?authSource=admin
2026-06-17 02:23:23 [32minfo[39m: 	HTTP production server up and running on port 5000 !
2026-06-17 02:23:25 [32minfo[39m: 	Successfully connected to database mongodb://edgev3_app:edgev3_mongodb_pass@mongodb:27017/edgev3?authSource=admin
2026-06-17 02:23:25 [32minfo[39m: 	HTTP CRON server up and running on port 5555 !
2026-06-17 02:23:25 [32minfo[39m: 	Successfully connected to database mongodb://edgev3_app:edgev3_mongodb_pass@mongodb:27017/edgev3?authSource=admin
2026-06-17 02:23:25 [32minfo[39m: 	HTTP production server up and running on port 5000 !
2026-06-17 02:23:26 [32minfo[39m: 	Successfully connected to database mongodb://edgev3_app:edgev3_mongodb_pass@mongodb:27017/edgev3?authSource=admin
2026-06-17 02:23:26 [32minfo[39m: 	HTTP production server up and running on port 5000 !
2026-06-17 02:23:28 [32minfo[39m: 	Successfully connected to database mongodb://edgev3_app:edgev3_mongodb_pass@mongodb:27017/edgev3?authSource=admin
2026-06-17 02:23:28 [32minfo[39m: 	HTTP production server up and running on port 5000 !
2026-06-17 02:23:53 [32minfo[39m: 	Successfully connected to database mongodb://edgev3_app:edgev3_mongodb_pass@mongodb:27017/edgev3?authSource=admin
2026-06-17 02:23:53 [32minfo[39m: 	HTTP production server up and running on port 5000 !
2026-06-17 02:23:55 [32minfo[39m: 	Successfully connected to database mongodb://edgev3_app:edgev3_mongodb_pass@mongodb:27017/edgev3?authSource=admin
2026-06-17 02:23:55 [32minfo[39m: 	HTTP production server up and running on port 5000 !
2026-06-17 02:23:56 [32minfo[39m: 	Successfully connected to database mongodb://edgev3_app:edgev3_mongodb_pass@mongodb:27017/edgev3?authSource=admin
2026-06-17 02:23:56 [32minfo[39m: 	HTTP production server up and running on port 5000 !
2026-06-17 02:23:58 [32minfo[39m: 	Successfully connected to database mongodb://edgev3_app:edgev3_mongodb_pass@mongodb:27017/edgev3?authSource=admin
2026-06-17 02:23:58 [32minfo[39m: 	HTTP production server up and running on port 5000 !
2026-06-17 02:24:23 [32minfo[39m: 	Successfully connected to database mongodb://edgev3_app:edgev3_mongodb_pass@mongodb:27017/edgev3?authSource=admin
2026-06-17 02:24:23 [32minfo[39m: 	HTTP production server up and running on port 5000 !
2026-06-17 02:24:25 [32minfo[39m: 	Successfully connected to database mongodb://edgev3_app:edgev3_mongodb_pass@mongodb:27017/edgev3?authSource=admin
2026-06-17 02:24:25 [32minfo[39m: 	HTTP CRON server up and running on port 5555 !
2026-06-17 02:24:25 [32minfo[39m: 	Successfully connected to database mongodb://edgev3_app:edgev3_mongodb_pass@mongodb:27017/edgev3?authSource=admin
2026-06-17 02:24:25 [32minfo[39m: 	HTTP production server up and running on port 5000 !
2026-06-17 02:24:26 [32minfo[39m: 	Successfully connected to database mongodb://edgev3_app:edgev3_mongodb_pass@mongodb:27017/edgev3?authSource=admin
2026-06-17 02:24:26 [32minfo[39m: 	HTTP production server up and running on port 5000 !
2026-06-17 02:24:28 [32minfo[39m: 	Successfully connected to database mongodb://edgev3_app:edgev3_mongodb_pass@mongodb:27017/edgev3?authSource=admin
2026-06-17 02:24:28 [32minfo[39m: 	HTTP production server up and running on port 5000 !
2026-06-17 02:24:53 [32minfo[39m: 	Successfully connected to database mongodb://edgev3_app:edgev3_mongodb_pass@mongodb:27017/edgev3?authSource=admin
2026-06-17 02:24:53 [32minfo[39m: 	HTTP production server up and running on port 5000 !
2026-06-17 02:24:55 [32minfo[39m: 	Successfully connected to database mongodb://edgev3_app:edgev3_mongodb_pass@mongodb:27017/edgev3?authSource=admin
2026-06-17 02:24:55 [32minfo[39m: 	HTTP CRON server up and running on port 5555 !
2026-06-17 02:24:55 [32minfo[39m: 	Successfully connected to database mongodb://edgev3_app:edgev3_mongodb_pass@mongodb:27017/edgev3?authSource=admin
2026-06-17 02:24:55 [32minfo[39m: 	HTTP production server up and running on port 5000 !
2026-06-17 02:24:56 [32minfo[39m: 	Successfully connected to database mongodb://edgev3_app:edgev3_mongodb_pass@mongodb:27017/edgev3?authSource=admin
2026-06-17 02:24:57 [32minfo[39m: 	HTTP production server up and running on port 5000 !
2026-06-17 02:24:58 [32minfo[39m: 	Successfully connected to database mongodb://edgev3_app:edgev3_mongodb_pass@mongodb:27017/edgev3?authSource=admin
2026-06-17 02:24:58 [32minfo[39m: 	HTTP production server up and running on port 5000 !
2026-06-17 02:25:23 [32minfo[39m: 	Successfully connected to database mongodb://edgev3_app:edgev3_mongodb_pass@mongodb:27017/edgev3?authSource=admin
2026-06-17 02:25:23 [32minfo[39m: 	HTTP production server up and running on port 5000 !
2026-06-17 02:25:25 [32minfo[39m: 	Successfully connected to database mongodb://edgev3_app:edgev3_mongodb_pass@mongodb:27017/edgev3?authSource=admin
2026-06-17 02:25:25 [32minfo[39m: 	HTTP CRON server up and running on port 5555 !
2026-06-17 02:25:25 [32minfo[39m: 	Successfully connected to database mongodb://edgev3_app:edgev3_mongodb_pass@mongodb:27017/edgev3?authSource=admin
2026-06-17 02:25:25 [32minfo[39m: 	HTTP production server up and running on port 5000 !
2026-06-17 02:25:26 [32minfo[39m: 	Successfully connected to database mongodb://edgev3_app:edgev3_mongodb_pass@mongodb:27017/edgev3?authSource=admin
2026-06-17 02:25:26 [32minfo[39m: 	HTTP production server up and running on port 5000 !
2026-06-17 02:25:28 [32minfo[39m: 	Successfully connected to database mongodb://edgev3_app:edgev3_mongodb_pass@mongodb:27017/edgev3?authSource=admin
2026-06-17 02:25:28 [32minfo[39m: 	HTTP production server up and running on port 5000 !
2026-06-17 02:25:53 [32minfo[39m: 	Successfully connected to database mongodb://edgev3_app:edgev3_mongodb_pass@mongodb:27017/edgev3?authSource=admin
2026-06-17 02:25:53 [32minfo[39m: 	HTTP production server up and running on port 5000 !
2026-06-17 02:25:55 [32minfo[39m: 	Successfully connected to database mongodb://edgev3_app:edgev3_mongodb_pass@mongodb:27017/edgev3?authSource=admin
2026-06-17 02:25:55 [32minfo[39m: 	HTTP CRON server up and running on port 5555 !
2026-06-17 02:25:55 [32minfo[39m: 	Successfully connected to database mongodb://edgev3_app:edgev3_mongodb_pass@mongodb:27017/edgev3?authSource=admin
2026-06-17 02:25:55 [32minfo[39m: 	HTTP production server up and running on port 5000 !
2026-06-17 02:25:56 [32minfo[39m: 	Successfully connected to database mongodb://edgev3_app:edgev3_mongodb_pass@mongodb:27017/edgev3?authSource=admin
2026-06-17 02:25:56 [32minfo[39m: 	HTTP production server up and running on port 5000 !
2026-06-17 02:25:58 [32minfo[39m: 	Successfully connected to database mongodb://edgev3_app:edgev3_mongodb_pass@mongodb:27017/edgev3?authSource=admin
2026-06-17 02:25:58 [32minfo[39m: 	HTTP production server up and running on port 5000 !
2026-06-17 02:26:23 [32minfo[39m: 	Successfully connected to database mongodb://edgev3_app:edgev3_mongodb_pass@mongodb:27017/edgev3?authSource=admin
2026-06-17 02:26:23 [32minfo[39m: 	HTTP production server up and running on port 5000 !
2026-06-17 02:26:25 [32minfo[39m: 	Successfully connected to database mongodb://edgev3_app:edgev3_mongodb_pass@mongodb:27017/edgev3?authSource=admin
2026-06-17 02:26:25 [32minfo[39m: 	HTTP CRON server up and running on port 5555 !
2026-06-17 02:26:25 [32minfo[39m: 	Successfully connected to database mongodb://edgev3_app:edgev3_mongodb_pass@mongodb:27017/edgev3?authSource=admin
2026-06-17 02:26:25 [32minfo[39m: 	HTTP production server up and running on port 5000 !
2026-06-17 02:26:26 [32minfo[39m: 	Successfully connected to database mongodb://edgev3_app:edgev3_mongodb_pass@mongodb:27017/edgev3?authSource=admin
2026-06-17 02:26:26 [32minfo[39m: 	HTTP production server up and running on port 5000 !
2026-06-17 02:26:28 [32minfo[39m: 	Successfully connected to database mongodb://edgev3_app:edgev3_mongodb_pass@mongodb:27017/edgev3?authSource=admin
2026-06-17 02:26:28 [32minfo[39m: 	HTTP production server up and running on port 5000 !
2026-06-17 02:26:53 [32minfo[39m: 	Successfully connected to database mongodb://edgev3_app:edgev3_mongodb_pass@mongodb:27017/edgev3?authSource=admin
2026-06-17 02:26:53 [32minfo[39m: 	HTTP production server up and running on port 5000 !
2026-06-17 02:26:55 [32minfo[39m: 	Successfully connected to database mongodb://edgev3_app:edgev3_mongodb_pass@mongodb:27017/edgev3?authSource=admin
2026-06-17 02:26:55 [32minfo[39m: 	HTTP CRON server up and running on port 5555 !
2026-06-17 02:26:55 [32minfo[39m: 	Successfully connected to database mongodb://edgev3_app:edgev3_mongodb_pass@mongodb:27017/edgev3?authSource=admin
2026-06-17 02:26:55 [32minfo[39m: 	HTTP production server up and running on port 5000 !
2026-06-17 02:26:56 [32minfo[39m: 	Successfully connected to database mongodb://edgev3_app:edgev3_mongodb_pass@mongodb:27017/edgev3?authSource=admin
2026-06-17 02:26:56 [32minfo[39m: 	HTTP production server up and running on port 5000 !
2026-06-17 02:26:58 [32minfo[39m: 	Successfully connected to database mongodb://edgev3_app:edgev3_mongodb_pass@mongodb:27017/edgev3?authSource=admin
2026-06-17 02:26:58 [32minfo[39m: 	HTTP production server up and running on port 5000 !
2026-06-17 02:27:23 [32minfo[39m: 	Successfully connected to database mongodb://edgev3_app:edgev3_mongodb_pass@mongodb:27017/edgev3?authSource=admin
2026-06-17 02:27:23 [32minfo[39m: 	HTTP production server up and running on port 5000 !
2026-06-17 02:27:25 [32minfo[39m: 	Successfully connected to database mongodb://edgev3_app:edgev3_mongodb_pass@mongodb:27017/edgev3?authSource=admin
2026-06-17 02:27:25 [32minfo[39m: 	HTTP CRON server up and running on port 5555 !
2026-06-17 02:27:25 [32minfo[39m: 	Successfully connected to database mongodb://edgev3_app:edgev3_mongodb_pass@mongodb:27017/edgev3?authSource=admin
2026-06-17 02:27:25 [32minfo[39m: 	HTTP production server up and running on port 5000 !
2026-06-17 02:27:26 [32minfo[39m: 	Successfully connected to database mongodb://edgev3_app:edgev3_mongodb_pass@mongodb:27017/edgev3?authSource=admin
2026-06-17 02:27:26 [32minfo[39m: 	HTTP production server up and running on port 5000 !
2026-06-17 02:27:28 [32minfo[39m: 	Successfully connected to database mongodb://edgev3_app:edgev3_mongodb_pass@mongodb:27017/edgev3?authSource=admin
2026-06-17 02:27:28 [32minfo[39m: 	HTTP production server up and running on port 5000 !
2026-06-17 02:27:53 [32minfo[39m: 	Successfully connected to database mongodb://edgev3_app:edgev3_mongodb_pass@mongodb:27017/edgev3?authSource=admin
2026-06-17 02:27:53 [32minfo[39m: 	HTTP production server up and running on port 5000 !
2026-06-17 02:27:55 [32minfo[39m: 	Successfully connected to database mongodb://edgev3_app:edgev3_mongodb_pass@mongodb:27017/edgev3?authSource=admin
2026-06-17 02:27:55 [32minfo[39m: 	HTTP CRON server up and running on port 5555 !
2026-06-17 02:27:55 [32minfo[39m: 	Successfully connected to database mongodb://edgev3_app:edgev3_mongodb_pass@mongodb:27017/edgev3?authSource=admin
2026-06-17 02:27:55 [32minfo[39m: 	HTTP production server up and running on port 5000 !
2026-06-17 02:27:57 [32minfo[39m: 	Successfully connected to database mongodb://edgev3_app:edgev3_mongodb_pass@mongodb:27017/edgev3?authSource=admin
2026-06-17 02:27:57 [32minfo[39m: 	HTTP production server up and running on port 5000 !
2026-06-17 02:27:58 [32minfo[39m: 	Successfully connected to database mongodb://edgev3_app:edgev3_mongodb_pass@mongodb:27017/edgev3?authSource=admin
2026-06-17 02:27:58 [32minfo[39m: 	HTTP production server up and running on port 5000 !
2026-06-17 02:28:23 [32minfo[39m: 	Successfully connected to database mongodb://edgev3_app:edgev3_mongodb_pass@mongodb:27017/edgev3?authSource=admin
2026-06-17 02:28:23 [32minfo[39m: 	HTTP production server up and running on port 5000 !
2026-06-17 02:28:25 [32minfo[39m: 	Successfully connected to database mongodb://edgev3_app:edgev3_mongodb_pass@mongodb:27017/edgev3?authSource=admin
2026-06-17 02:28:25 [32minfo[39m: 	HTTP CRON server up and running on port 5555 !
2026-06-17 02:28:25 [32minfo[39m: 	Successfully connected to database mongodb://edgev3_app:edgev3_mongodb_pass@mongodb:27017/edgev3?authSource=admin
2026-06-17 02:28:25 [32minfo[39m: 	HTTP production server up and running on port 5000 !
2026-06-17 02:28:26 [32minfo[39m: 	Successfully connected to database mongodb://edgev3_app:edgev3_mongodb_pass@mongodb:27017/edgev3?authSource=admin
2026-06-17 02:28:26 [32minfo[39m: 	HTTP production server up and running on port 5000 !
2026-06-17 02:28:28 [32minfo[39m: 	Successfully connected to database mongodb://edgev3_app:edgev3_mongodb_pass@mongodb:27017/edgev3?authSource=admin
2026-06-17 02:28:28 [32minfo[39m: 	HTTP production server up and running on port 5000 !
2026-06-17 02:28:53 [32minfo[39m: 	Successfully connected to database mongodb://edgev3_app:edgev3_mongodb_pass@mongodb:27017/edgev3?authSource=admin
2026-06-17 02:28:53 [32minfo[39m: 	HTTP production server up and running on port 5000 !
2026-06-17 02:28:55 [32minfo[39m: 	Successfully connected to database mongodb://edgev3_app:edgev3_mongodb_pass@mongodb:27017/edgev3?authSource=admin
2026-06-17 02:28:55 [32minfo[39m: 	HTTP CRON server up and running on port 5555 !
2026-06-17 02:28:55 [32minfo[39m: 	Successfully connected to database mongodb://edgev3_app:edgev3_mongodb_pass@mongodb:27017/edgev3?authSource=admin
2026-06-17 02:28:55 [32minfo[39m: 	HTTP production server up and running on port 5000 !
2026-06-17 02:28:56 [32minfo[39m: 	Successfully connected to database mongodb://edgev3_app:edgev3_mongodb_pass@mongodb:27017/edgev3?authSource=admin
2026-06-17 02:28:56 [32minfo[39m: 	HTTP production server up and running on port 5000 !
2026-06-17 02:28:58 [32minfo[39m: 	Successfully connected to database mongodb://edgev3_app:edgev3_mongodb_pass@mongodb:27017/edgev3?authSource=admin
2026-06-17 02:28:58 [32minfo[39m: 	HTTP production server up and running on port 5000 !
2026-06-17 02:29:23 [32minfo[39m: 	Successfully connected to database mongodb://edgev3_app:edgev3_mongodb_pass@mongodb:27017/edgev3?authSource=admin
2026-06-17 02:29:23 [32minfo[39m: 	HTTP production server up and running on port 5000 !
2026-06-17 02:29:25 [32minfo[39m: 	Successfully connected to database mongodb://edgev3_app:edgev3_mongodb_pass@mongodb:27017/edgev3?authSource=admin
2026-06-17 02:29:25 [32minfo[39m: 	HTTP CRON server up and running on port 5555 !
2026-06-17 02:29:25 [32minfo[39m: 	Successfully connected to database mongodb://edgev3_app:edgev3_mongodb_pass@mongodb:27017/edgev3?authSource=admin
2026-06-17 02:29:25 [32minfo[39m: 	HTTP production server up and running on port 5000 !
2026-06-17 02:29:27 [32minfo[39m: 	Successfully connected to database mongodb://edgev3_app:edgev3_mongodb_pass@mongodb:27017/edgev3?authSource=admin
2026-06-17 02:29:27 [32minfo[39m: 	HTTP production server up and running on port 5000 !
2026-06-17 02:29:28 [32minfo[39m: 	Successfully connected to database mongodb://edgev3_app:edgev3_mongodb_pass@mongodb:27017/edgev3?authSource=admin
2026-06-17 02:29:28 [32minfo[39m: 	HTTP production server up and running on port 5000 !
2026-06-17 02:29:53 [32minfo[39m: 	Successfully connected to database mongodb://edgev3_app:edgev3_mongodb_pass@mongodb:27017/edgev3?authSource=admin
2026-06-17 02:29:53 [32minfo[39m: 	HTTP production server up and running on port 5000 !
2026-06-17 02:29:55 [32minfo[39m: 	Successfully connected to database mongodb://edgev3_app:edgev3_mongodb_pass@mongodb:27017/edgev3?authSource=admin
2026-06-17 02:29:55 [32minfo[39m: 	HTTP CRON server up and running on port 5555 !
2026-06-17 02:29:55 [32minfo[39m: 	Successfully connected to database mongodb://edgev3_app:edgev3_mongodb_pass@mongodb:27017/edgev3?authSource=admin
2026-06-17 02:29:55 [32minfo[39m: 	HTTP production server up and running on port 5000 !
2026-06-17 02:29:57 [32minfo[39m: 	Successfully connected to database mongodb://edgev3_app:edgev3_mongodb_pass@mongodb:27017/edgev3?authSource=admin
2026-06-17 02:29:57 [32minfo[39m: 	HTTP production server up and running on port 5000 !
2026-06-17 02:29:58 [32minfo[39m: 	Successfully connected to database mongodb://edgev3_app:edgev3_mongodb_pass@mongodb:27017/edgev3?authSource=admin
2026-06-17 02:29:58 [32minfo[39m: 	HTTP production server up and running on port 5000 !
2026-06-17 02:30:23 [32minfo[39m: 	Successfully connected to database mongodb://edgev3_app:edgev3_mongodb_pass@mongodb:27017/edgev3?authSource=admin
2026-06-17 02:30:23 [32minfo[39m: 	HTTP production server up and running on port 5000 !
2026-06-17 02:30:25 [32minfo[39m: 	Successfully connected to database mongodb://edgev3_app:edgev3_mongodb_pass@mongodb:27017/edgev3?authSource=admin
2026-06-17 02:30:25 [32minfo[39m: 	HTTP CRON server up and running on port 5555 !
2026-06-17 02:30:25 [32minfo[39m: 	Successfully connected to database mongodb://edgev3_app:edgev3_mongodb_pass@mongodb:27017/edgev3?authSource=admin
2026-06-17 02:30:25 [32minfo[39m: 	HTTP production server up and running on port 5000 !
2026-06-17 02:30:26 [32minfo[39m: 	Successfully connected to database mongodb://edgev3_app:edgev3_mongodb_pass@mongodb:27017/edgev3?authSource=admin
2026-06-17 02:30:26 [32minfo[39m: 	HTTP production server up and running on port 5000 !
2026-06-17 02:30:28 [32minfo[39m: 	Successfully connected to database mongodb://edgev3_app:edgev3_mongodb_pass@mongodb:27017/edgev3?authSource=admin
2026-06-17 02:30:28 [32minfo[39m: 	HTTP production server up and running on port 5000 !
2026-06-17 02:30:53 [32minfo[39m: 	Successfully connected to database mongodb://edgev3_app:edgev3_mongodb_pass@mongodb:27017/edgev3?authSource=admin
2026-06-17 02:30:53 [32minfo[39m: 	HTTP production server up and running on port 5000 !
2026-06-17 02:30:55 [32minfo[39m: 	Successfully connected to database mongodb://edgev3_app:edgev3_mongodb_pass@mongodb:27017/edgev3?authSource=admin
2026-06-17 02:30:55 [32minfo[39m: 	HTTP CRON server up and running on port 5555 !
2026-06-17 02:30:55 [32minfo[39m: 	Successfully connected to database mongodb://edgev3_app:edgev3_mongodb_pass@mongodb:27017/edgev3?authSource=admin
2026-06-17 02:30:55 [32minfo[39m: 	HTTP production server up and running on port 5000 !
2026-06-17 02:30:56 [32minfo[39m: 	Successfully connected to database mongodb://edgev3_app:edgev3_mongodb_pass@mongodb:27017/edgev3?authSource=admin
2026-06-17 02:30:56 [32minfo[39m: 	HTTP production server up and running on port 5000 !
2026-06-17 02:30:58 [32minfo[39m: 	Successfully connected to database mongodb://edgev3_app:edgev3_mongodb_pass@mongodb:27017/edgev3?authSource=admin
2026-06-17 02:30:58 [32minfo[39m: 	HTTP production server up and running on port 5000 !
2026-06-17 02:31:23 [32minfo[39m: 	Successfully connected to database mongodb://edgev3_app:edgev3_mongodb_pass@mongodb:27017/edgev3?authSource=admin
2026-06-17 02:31:23 [32minfo[39m: 	HTTP production server up and running on port 5000 !
2026-06-17 02:31:25 [32minfo[39m: 	Successfully connected to database mongodb://edgev3_app:edgev3_mongodb_pass@mongodb:27017/edgev3?authSource=admin
2026-06-17 02:31:25 [32minfo[39m: 	HTTP CRON server up and running on port 5555 !
2026-06-17 02:31:25 [32minfo[39m: 	Successfully connected to database mongodb://edgev3_app:edgev3_mongodb_pass@mongodb:27017/edgev3?authSource=admin
2026-06-17 02:31:25 [32minfo[39m: 	HTTP production server up and running on port 5000 !
2026-06-17 02:31:26 [32minfo[39m: 	Successfully connected to database mongodb://edgev3_app:edgev3_mongodb_pass@mongodb:27017/edgev3?authSource=admin
2026-06-17 02:31:26 [32minfo[39m: 	HTTP production server up and running on port 5000 !
2026-06-17 02:31:28 [32minfo[39m: 	Successfully connected to database mongodb://edgev3_app:edgev3_mongodb_pass@mongodb:27017/edgev3?authSource=admin
2026-06-17 02:31:28 [32minfo[39m: 	HTTP production server up and running on port 5000 !
2026-06-17 02:31:53 [32minfo[39m: 	Successfully connected to database mongodb://edgev3_app:edgev3_mongodb_pass@mongodb:27017/edgev3?authSource=admin
2026-06-17 02:31:53 [32minfo[39m: 	HTTP production server up and running on port 5000 !
2026-06-17 02:31:55 [32minfo[39m: 	Successfully connected to database mongodb://edgev3_app:edgev3_mongodb_pass@mongodb:27017/edgev3?authSource=admin
2026-06-17 02:31:55 [32minfo[39m: 	HTTP CRON server up and running on port 5555 !
2026-06-17 02:31:55 [32minfo[39m: 	Successfully connected to database mongodb://edgev3_app:edgev3_mongodb_pass@mongodb:27017/edgev3?authSource=admin
2026-06-17 02:31:55 [32minfo[39m: 	HTTP production server up and running on port 5000 !
2026-06-17 02:31:57 [32minfo[39m: 	Successfully connected to database mongodb://edgev3_app:edgev3_mongodb_pass@mongodb:27017/edgev3?authSource=admin
2026-06-17 02:31:57 [32minfo[39m: 	HTTP production server up and running on port 5000 !
2026-06-17 02:31:58 [32minfo[39m: 	Successfully connected to database mongodb://edgev3_app:edgev3_mongodb_pass@mongodb:27017/edgev3?authSource=admin
2026-06-17 02:31:58 [32minfo[39m: 	HTTP production server up and running on port 5000 !
2026-06-17 02:32:23 [32minfo[39m: 	Successfully connected to database mongodb://edgev3_app:edgev3_mongodb_pass@mongodb:27017/edgev3?authSource=admin
2026-06-17 02:32:23 [32minfo[39m: 	HTTP production server up and running on port 5000 !
2026-06-17 02:32:25 [32minfo[39m: 	Successfully connected to database mongodb://edgev3_app:edgev3_mongodb_pass@mongodb:27017/edgev3?authSource=admin
2026-06-17 02:32:25 [32minfo[39m: 	HTTP CRON server up and running on port 5555 !
2026-06-17 02:32:25 [32minfo[39m: 	Successfully connected to database mongodb://edgev3_app:edgev3_mongodb_pass@mongodb:27017/edgev3?authSource=admin
2026-06-17 02:32:25 [32minfo[39m: 	HTTP production server up and running on port 5000 !
2026-06-17 02:32:26 [32minfo[39m: 	Successfully connected to database mongodb://edgev3_app:edgev3_mongodb_pass@mongodb:27017/edgev3?authSource=admin
2026-06-17 02:32:26 [32minfo[39m: 	HTTP production server up and running on port 5000 !
2026-06-17 02:32:28 [32minfo[39m: 	Successfully connected to database mongodb://edgev3_app:edgev3_mongodb_pass@mongodb:27017/edgev3?authSource=admin
2026-06-17 02:32:28 [32minfo[39m: 	HTTP production server up and running on port 5000 !
2026-06-17 02:32:53 [32minfo[39m: 	Successfully connected to database mongodb://edgev3_app:edgev3_mongodb_pass@mongodb:27017/edgev3?authSource=admin
2026-06-17 02:32:53 [32minfo[39m: 	HTTP production server up and running on port 5000 !
2026-06-17 02:32:55 [32minfo[39m: 	Successfully connected to database mongodb://edgev3_app:edgev3_mongodb_pass@mongodb:27017/edgev3?authSource=admin
2026-06-17 02:32:55 [32minfo[39m: 	HTTP CRON server up and running on port 5555 !
2026-06-17 02:32:55 [32minfo[39m: 	Successfully connected to database mongodb://edgev3_app:edgev3_mongodb_pass@mongodb:27017/edgev3?authSource=admin
2026-06-17 02:32:55 [32minfo[39m: 	HTTP production server up and running on port 5000 !
2026-06-17 02:32:56 [32minfo[39m: 	Successfully connected to database mongodb://edgev3_app:edgev3_mongodb_pass@mongodb:27017/edgev3?authSource=admin
2026-06-17 02:32:56 [32minfo[39m: 	HTTP production server up and running on port 5000 !
2026-06-17 02:32:58 [32minfo[39m: 	Successfully connected to database mongodb://edgev3_app:edgev3_mongodb_pass@mongodb:27017/edgev3?authSource=admin
2026-06-17 02:32:58 [32minfo[39m: 	HTTP production server up and running on port 5000 !
2026-06-17 02:33:23 [32minfo[39m: 	Successfully connected to database mongodb://edgev3_app:edgev3_mongodb_pass@mongodb:27017/edgev3?authSource=admin
2026-06-17 02:33:23 [32minfo[39m: 	HTTP production server up and running on port 5000 !
2026-06-17 02:33:25 [32minfo[39m: 	Successfully connected to database mongodb://edgev3_app:edgev3_mongodb_pass@mongodb:27017/edgev3?authSource=admin
2026-06-17 02:33:25 [32minfo[39m: 	HTTP CRON server up and running on port 5555 !
2026-06-17 02:33:25 [32minfo[39m: 	Successfully connected to database mongodb://edgev3_app:edgev3_mongodb_pass@mongodb:27017/edgev3?authSource=admin
2026-06-17 02:33:25 [32minfo[39m: 	HTTP production server up and running on port 5000 !
2026-06-17 02:33:26 [32minfo[39m: 	Successfully connected to database mongodb://edgev3_app:edgev3_mongodb_pass@mongodb:27017/edgev3?authSource=admin
2026-06-17 02:33:27 [32minfo[39m: 	HTTP production server up and running on port 5000 !
2026-06-17 02:33:28 [32minfo[39m: 	Successfully connected to database mongodb://edgev3_app:edgev3_mongodb_pass@mongodb:27017/edgev3?authSource=admin
2026-06-17 02:33:28 [32minfo[39m: 	HTTP production server up and running on port 5000 !
2026-06-17 02:33:53 [32minfo[39m: 	Successfully connected to database mongodb://edgev3_app:edgev3_mongodb_pass@mongodb:27017/edgev3?authSource=admin
2026-06-17 02:33:53 [32minfo[39m: 	HTTP production server up and running on port 5000 !
2026-06-17 02:33:55 [32minfo[39m: 	Successfully connected to database mongodb://edgev3_app:edgev3_mongodb_pass@mongodb:27017/edgev3?authSource=admin
2026-06-17 02:33:55 [32minfo[39m: 	HTTP CRON server up and running on port 5555 !
2026-06-17 02:33:55 [32minfo[39m: 	Successfully connected to database mongodb://edgev3_app:edgev3_mongodb_pass@mongodb:27017/edgev3?authSource=admin
2026-06-17 02:33:55 [32minfo[39m: 	HTTP production server up and running on port 5000 !
2026-06-17 02:33:57 [32minfo[39m: 	Successfully connected to database mongodb://edgev3_app:edgev3_mongodb_pass@mongodb:27017/edgev3?authSource=admin
2026-06-17 02:33:57 [32minfo[39m: 	HTTP production server up and running on port 5000 !
2026-06-17 02:33:59 [32minfo[39m: 	Successfully connected to database mongodb://edgev3_app:edgev3_mongodb_pass@mongodb:27017/edgev3?authSource=admin
2026-06-17 02:33:59 [32minfo[39m: 	HTTP production server up and running on port 5000 !
2026-06-17 02:34:23 [32minfo[39m: 	Successfully connected to database mongodb://edgev3_app:edgev3_mongodb_pass@mongodb:27017/edgev3?authSource=admin
2026-06-17 02:34:23 [32minfo[39m: 	HTTP production server up and running on port 5000 !
2026-06-17 02:34:25 [32minfo[39m: 	Successfully connected to database mongodb://edgev3_app:edgev3_mongodb_pass@mongodb:27017/edgev3?authSource=admin
2026-06-17 02:34:25 [32minfo[39m: 	HTTP CRON server up and running on port 5555 !
2026-06-17 02:34:25 [32minfo[39m: 	Successfully connected to database mongodb://edgev3_app:edgev3_mongodb_pass@mongodb:27017/edgev3?authSource=admin
2026-06-17 02:34:25 [32minfo[39m: 	HTTP production server up and running on port 5000 !
2026-06-17 02:34:27 [32minfo[39m: 	Successfully connected to database mongodb://edgev3_app:edgev3_mongodb_pass@mongodb:27017/edgev3?authSource=admin
2026-06-17 02:34:27 [32minfo[39m: 	HTTP production server up and running on port 5000 !
2026-06-17 02:34:29 [32minfo[39m: 	Successfully connected to database mongodb://edgev3_app:edgev3_mongodb_pass@mongodb:27017/edgev3?authSource=admin
2026-06-17 02:34:29 [32minfo[39m: 	HTTP production server up and running on port 5000 !
2026-06-17 02:34:53 [32minfo[39m: 	Successfully connected to database mongodb://edgev3_app:edgev3_mongodb_pass@mongodb:27017/edgev3?authSource=admin
2026-06-17 02:34:53 [32minfo[39m: 	HTTP production server up and running on port 5000 !
2026-06-17 02:34:55 [32minfo[39m: 	Successfully connected to database mongodb://edgev3_app:edgev3_mongodb_pass@mongodb:27017/edgev3?authSource=admin
2026-06-17 02:34:55 [32minfo[39m: 	HTTP CRON server up and running on port 5555 !
2026-06-17 02:34:55 [32minfo[39m: 	Successfully connected to database mongodb://edgev3_app:edgev3_mongodb_pass@mongodb:27017/edgev3?authSource=admin
2026-06-17 02:34:55 [32minfo[39m: 	HTTP production server up and running on port 5000 !
2026-06-17 02:34:57 [32minfo[39m: 	Successfully connected to database mongodb://edgev3_app:edgev3_mongodb_pass@mongodb:27017/edgev3?authSource=admin
2026-06-17 02:34:57 [32minfo[39m: 	HTTP production server up and running on port 5000 !
2026-06-17 02:34:58 [32minfo[39m: 	Successfully connected to database mongodb://edgev3_app:edgev3_mongodb_pass@mongodb:27017/edgev3?authSource=admin
2026-06-17 02:34:58 [32minfo[39m: 	HTTP production server up and running on port 5000 !
2026-06-17 02:35:23 [32minfo[39m: 	Successfully connected to database mongodb://edgev3_app:edgev3_mongodb_pass@mongodb:27017/edgev3?authSource=admin
2026-06-17 02:35:23 [32minfo[39m: 	HTTP production server up and running on port 5000 !
2026-06-17 02:35:25 [32minfo[39m: 	Successfully connected to database mongodb://edgev3_app:edgev3_mongodb_pass@mongodb:27017/edgev3?authSource=admin
2026-06-17 02:35:25 [32minfo[39m: 	HTTP CRON server up and running on port 5555 !
2026-06-17 02:35:25 [32minfo[39m: 	Successfully connected to database mongodb://edgev3_app:edgev3_mongodb_pass@mongodb:27017/edgev3?authSource=admin
2026-06-17 02:35:25 [32minfo[39m: 	HTTP production server up and running on port 5000 !
2026-06-17 02:35:27 [32minfo[39m: 	Successfully connected to database mongodb://edgev3_app:edgev3_mongodb_pass@mongodb:27017/edgev3?authSource=admin
2026-06-17 02:35:27 [32minfo[39m: 	HTTP production server up and running on port 5000 !
2026-06-17 02:35:28 [32minfo[39m: 	Successfully connected to database mongodb://edgev3_app:edgev3_mongodb_pass@mongodb:27017/edgev3?authSource=admin
2026-06-17 02:35:28 [32minfo[39m: 	HTTP production server up and running on port 5000 !
2026-06-17 02:35:53 [32minfo[39m: 	Successfully connected to database mongodb://edgev3_app:edgev3_mongodb_pass@mongodb:27017/edgev3?authSource=admin
2026-06-17 02:35:53 [32minfo[39m: 	HTTP production server up and running on port 5000 !
2026-06-17 02:35:55 [32minfo[39m: 	Successfully connected to database mongodb://edgev3_app:edgev3_mongodb_pass@mongodb:27017/edgev3?authSource=admin
2026-06-17 02:35:55 [32minfo[39m: 	HTTP CRON server up and running on port 5555 !
2026-06-17 02:35:55 [32minfo[39m: 	Successfully connected to database mongodb://edgev3_app:edgev3_mongodb_pass@mongodb:27017/edgev3?authSource=admin
2026-06-17 02:35:55 [32minfo[39m: 	HTTP production server up and running on port 5000 !
2026-06-17 02:35:57 [32minfo[39m: 	Successfully connected to database mongodb://edgev3_app:edgev3_mongodb_pass@mongodb:27017/edgev3?authSource=admin
2026-06-17 02:35:57 [32minfo[39m: 	HTTP production server up and running on port 5000 !
2026-06-17 02:35:58 [32minfo[39m: 	Successfully connected to database mongodb://edgev3_app:edgev3_mongodb_pass@mongodb:27017/edgev3?authSource=admin
2026-06-17 02:35:58 [32minfo[39m: 	HTTP production server up and running on port 5000 !
2026-06-17 02:36:23 [32minfo[39m: 	Successfully connected to database mongodb://edgev3_app:edgev3_mongodb_pass@mongodb:27017/edgev3?authSource=admin
2026-06-17 02:36:23 [32minfo[39m: 	HTTP production server up and running on port 5000 !
2026-06-17 02:36:25 [32minfo[39m: 	Successfully connected to database mongodb://edgev3_app:edgev3_mongodb_pass@mongodb:27017/edgev3?authSource=admin
2026-06-17 02:36:25 [32minfo[39m: 	HTTP CRON server up and running on port 5555 !
2026-06-17 02:36:25 [32minfo[39m: 	Successfully connected to database mongodb://edgev3_app:edgev3_mongodb_pass@mongodb:27017/edgev3?authSource=admin
2026-06-17 02:36:25 [32minfo[39m: 	HTTP production server up and running on port 5000 !
2026-06-17 02:36:27 [32minfo[39m: 	Successfully connected to database mongodb://edgev3_app:edgev3_mongodb_pass@mongodb:27017/edgev3?authSource=admin
2026-06-17 02:36:27 [32minfo[39m: 	HTTP production server up and running on port 5000 !
2026-06-17 02:36:28 [32minfo[39m: 	Successfully connected to database mongodb://edgev3_app:edgev3_mongodb_pass@mongodb:27017/edgev3?authSource=admin
2026-06-17 02:36:28 [32minfo[39m: 	HTTP production server up and running on port 5000 !
2026-06-17 02:36:53 [32minfo[39m: 	Successfully connected to database mongodb://edgev3_app:edgev3_mongodb_pass@mongodb:27017/edgev3?authSource=admin
2026-06-17 02:36:53 [32minfo[39m: 	HTTP production server up and running on port 5000 !
2026-06-17 02:36:55 [32minfo[39m: 	Successfully connected to database mongodb://edgev3_app:edgev3_mongodb_pass@mongodb:27017/edgev3?authSource=admin
2026-06-17 02:36:55 [32minfo[39m: 	HTTP CRON server up and running on port 5555 !
2026-06-17 02:36:55 [32minfo[39m: 	Successfully connected to database mongodb://edgev3_app:edgev3_mongodb_pass@mongodb:27017/edgev3?authSource=admin
2026-06-17 02:36:55 [32minfo[39m: 	HTTP production server up and running on port 5000 !
2026-06-17 02:36:57 [32minfo[39m: 	Successfully connected to database mongodb://edgev3_app:edgev3_mongodb_pass@mongodb:27017/edgev3?authSource=admin
2026-06-17 02:36:57 [32minfo[39m: 	HTTP production server up and running on port 5000 !
2026-06-17 02:36:58 [32minfo[39m: 	Successfully connected to database mongodb://edgev3_app:edgev3_mongodb_pass@mongodb:27017/edgev3?authSource=admin
2026-06-17 02:36:58 [32minfo[39m: 	HTTP production server up and running on port 5000 !
2026-06-17 02:37:23 [32minfo[39m: 	Successfully connected to database mongodb://edgev3_app:edgev3_mongodb_pass@mongodb:27017/edgev3?authSource=admin
2026-06-17 02:37:23 [32minfo[39m: 	HTTP production server up and running on port 5000 !
2026-06-17 02:37:25 [32minfo[39m: 	Successfully connected to database mongodb://edgev3_app:edgev3_mongodb_pass@mongodb:27017/edgev3?authSource=admin
2026-06-17 02:37:25 [32minfo[39m: 	HTTP CRON server up and running on port 5555 !
2026-06-17 02:37:25 [32minfo[39m: 	Successfully connected to database mongodb://edgev3_app:edgev3_mongodb_pass@mongodb:27017/edgev3?authSource=admin
2026-06-17 02:37:25 [32minfo[39m: 	HTTP production server up and running on port 5000 !
2026-06-17 02:37:27 [32minfo[39m: 	Successfully connected to database mongodb://edgev3_app:edgev3_mongodb_pass@mongodb:27017/edgev3?authSource=admin
2026-06-17 02:37:27 [32minfo[39m: 	HTTP production server up and running on port 5000 !
2026-06-17 02:37:28 [32minfo[39m: 	Successfully connected to database mongodb://edgev3_app:edgev3_mongodb_pass@mongodb:27017/edgev3?authSource=admin
2026-06-17 02:37:28 [32minfo[39m: 	HTTP production server up and running on port 5000 !
2026-06-17 02:37:53 [32minfo[39m: 	Successfully connected to database mongodb://edgev3_app:edgev3_mongodb_pass@mongodb:27017/edgev3?authSource=admin
2026-06-17 02:37:53 [32minfo[39m: 	HTTP production server up and running on port 5000 !
2026-06-17 02:37:55 [32minfo[39m: 	Successfully connected to database mongodb://edgev3_app:edgev3_mongodb_pass@mongodb:27017/edgev3?authSource=admin
2026-06-17 02:37:55 [32minfo[39m: 	HTTP CRON server up and running on port 5555 !
2026-06-17 02:37:55 [32minfo[39m: 	Successfully connected to database mongodb://edgev3_app:edgev3_mongodb_pass@mongodb:27017/edgev3?authSource=admin
2026-06-17 02:37:55 [32minfo[39m: 	HTTP production server up and running on port 5000 !
2026-06-17 02:37:57 [32minfo[39m: 	Successfully connected to database mongodb://edgev3_app:edgev3_mongodb_pass@mongodb:27017/edgev3?authSource=admin
2026-06-17 02:37:57 [32minfo[39m: 	HTTP production server up and running on port 5000 !
2026-06-17 02:37:58 [32minfo[39m: 	Successfully connected to database mongodb://edgev3_app:edgev3_mongodb_pass@mongodb:27017/edgev3?authSource=admin
2026-06-17 02:37:58 [32minfo[39m: 	HTTP production server up and running on port 5000 !
2026-06-17 02:38:23 [32minfo[39m: 	Successfully connected to database mongodb://edgev3_app:edgev3_mongodb_pass@mongodb:27017/edgev3?authSource=admin
2026-06-17 02:38:23 [32minfo[39m: 	HTTP production server up and running on port 5000 !
2026-06-17 02:38:25 [32minfo[39m: 	Successfully connected to database mongodb://edgev3_app:edgev3_mongodb_pass@mongodb:27017/edgev3?authSource=admin
2026-06-17 02:38:25 [32minfo[39m: 	HTTP CRON server up and running on port 5555 !
2026-06-17 02:38:25 [32minfo[39m: 	Successfully connected to database mongodb://edgev3_app:edgev3_mongodb_pass@mongodb:27017/edgev3?authSource=admin
2026-06-17 02:38:25 [32minfo[39m: 	HTTP production server up and running on port 5000 !
2026-06-17 02:38:27 [32minfo[39m: 	Successfully connected to database mongodb://edgev3_app:edgev3_mongodb_pass@mongodb:27017/edgev3?authSource=admin
2026-06-17 02:38:27 [32minfo[39m: 	HTTP production server up and running on port 5000 !
2026-06-17 02:38:28 [32minfo[39m: 	Successfully connected to database mongodb://edgev3_app:edgev3_mongodb_pass@mongodb:27017/edgev3?authSource=admin
2026-06-17 02:38:28 [32minfo[39m: 	HTTP production server up and running on port 5000 !
2026-06-17 02:38:53 [32minfo[39m: 	Successfully connected to database mongodb://edgev3_app:edgev3_mongodb_pass@mongodb:27017/edgev3?authSource=admin
2026-06-17 02:38:53 [32minfo[39m: 	HTTP production server up and running on port 5000 !
2026-06-17 02:38:55 [32minfo[39m: 	Successfully connected to database mongodb://edgev3_app:edgev3_mongodb_pass@mongodb:27017/edgev3?authSource=admin
2026-06-17 02:38:55 [32minfo[39m: 	HTTP CRON server up and running on port 5555 !
2026-06-17 02:38:55 [32minfo[39m: 	Successfully connected to database mongodb://edgev3_app:edgev3_mongodb_pass@mongodb:27017/edgev3?authSource=admin
2026-06-17 02:38:55 [32minfo[39m: 	HTTP production server up and running on port 5000 !
2026-06-17 02:38:57 [32minfo[39m: 	Successfully connected to database mongodb://edgev3_app:edgev3_mongodb_pass@mongodb:27017/edgev3?authSource=admin
2026-06-17 02:38:57 [32minfo[39m: 	HTTP production server up and running on port 5000 !
2026-06-17 02:38:58 [32minfo[39m: 	Successfully connected to database mongodb://edgev3_app:edgev3_mongodb_pass@mongodb:27017/edgev3?authSource=admin
2026-06-17 02:38:58 [32minfo[39m: 	HTTP production server up and running on port 5000 !
2026-06-17 02:39:23 [32minfo[39m: 	Successfully connected to database mongodb://edgev3_app:edgev3_mongodb_pass@mongodb:27017/edgev3?authSource=admin
2026-06-17 02:39:23 [32minfo[39m: 	HTTP production server up and running on port 5000 !
2026-06-17 02:39:25 [32minfo[39m: 	Successfully connected to database mongodb://edgev3_app:edgev3_mongodb_pass@mongodb:27017/edgev3?authSource=admin
2026-06-17 02:39:25 [32minfo[39m: 	HTTP CRON server up and running on port 5555 !
2026-06-17 02:39:25 [32minfo[39m: 	Successfully connected to database mongodb://edgev3_app:edgev3_mongodb_pass@mongodb:27017/edgev3?authSource=admin
2026-06-17 02:39:25 [32minfo[39m: 	HTTP production server up and running on port 5000 !
2026-06-17 02:39:27 [32minfo[39m: 	Successfully connected to database mongodb://edgev3_app:edgev3_mongodb_pass@mongodb:27017/edgev3?authSource=admin
2026-06-17 02:39:27 [32minfo[39m: 	HTTP production server up and running on port 5000 !
2026-06-17 02:39:28 [32minfo[39m: 	Successfully connected to database mongodb://edgev3_app:edgev3_mongodb_pass@mongodb:27017/edgev3?authSource=admin
2026-06-17 02:39:28 [32minfo[39m: 	HTTP production server up and running on port 5000 !
2026-06-17 02:39:53 [32minfo[39m: 	Successfully connected to database mongodb://edgev3_app:edgev3_mongodb_pass@mongodb:27017/edgev3?authSource=admin
2026-06-17 02:39:53 [32minfo[39m: 	HTTP production server up and running on port 5000 !
2026-06-17 02:39:55 [32minfo[39m: 	Successfully connected to database mongodb://edgev3_app:edgev3_mongodb_pass@mongodb:27017/edgev3?authSource=admin
2026-06-17 02:39:55 [32minfo[39m: 	HTTP CRON server up and running on port 5555 !
2026-06-17 02:39:55 [32minfo[39m: 	Successfully connected to database mongodb://edgev3_app:edgev3_mongodb_pass@mongodb:27017/edgev3?authSource=admin
2026-06-17 02:39:55 [32minfo[39m: 	HTTP production server up and running on port 5000 !
2026-06-17 02:39:57 [32minfo[39m: 	Successfully connected to database mongodb://edgev3_app:edgev3_mongodb_pass@mongodb:27017/edgev3?authSource=admin
2026-06-17 02:39:57 [32minfo[39m: 	HTTP production server up and running on port 5000 !
2026-06-17 02:39:58 [32minfo[39m: 	Successfully connected to database mongodb://edgev3_app:edgev3_mongodb_pass@mongodb:27017/edgev3?authSource=admin
2026-06-17 02:39:58 [32minfo[39m: 	HTTP production server up and running on port 5000 !
2026-06-17 02:40:23 [32minfo[39m: 	Successfully connected to database mongodb://edgev3_app:edgev3_mongodb_pass@mongodb:27017/edgev3?authSource=admin
2026-06-17 02:40:23 [32minfo[39m: 	HTTP production server up and running on port 5000 !
2026-06-17 02:40:25 [32minfo[39m: 	Successfully connected to database mongodb://edgev3_app:edgev3_mongodb_pass@mongodb:27017/edgev3?authSource=admin
2026-06-17 02:40:25 [32minfo[39m: 	HTTP CRON server up and running on port 5555 !
2026-06-17 02:40:25 [32minfo[39m: 	Successfully connected to database mongodb://edgev3_app:edgev3_mongodb_pass@mongodb:27017/edgev3?authSource=admin
2026-06-17 02:40:25 [32minfo[39m: 	HTTP production server up and running on port 5000 !
2026-06-17 02:40:27 [32minfo[39m: 	Successfully connected to database mongodb://edgev3_app:edgev3_mongodb_pass@mongodb:27017/edgev3?authSource=admin
2026-06-17 02:40:27 [32minfo[39m: 	HTTP production server up and running on port 5000 !
2026-06-17 02:40:28 [32minfo[39m: 	Successfully connected to database mongodb://edgev3_app:edgev3_mongodb_pass@mongodb:27017/edgev3?authSource=admin
2026-06-17 02:40:28 [32minfo[39m: 	HTTP production server up and running on port 5000 !
2026-06-17 02:40:53 [32minfo[39m: 	Successfully connected to database mongodb://edgev3_app:edgev3_mongodb_pass@mongodb:27017/edgev3?authSource=admin
2026-06-17 02:40:53 [32minfo[39m: 	HTTP production server up and running on port 5000 !
2026-06-17 02:40:55 [32minfo[39m: 	Successfully connected to database mongodb://edgev3_app:edgev3_mongodb_pass@mongodb:27017/edgev3?authSource=admin
2026-06-17 02:40:55 [32minfo[39m: 	HTTP CRON server up and running on port 5555 !
2026-06-17 02:40:55 [32minfo[39m: 	Successfully connected to database mongodb://edgev3_app:edgev3_mongodb_pass@mongodb:27017/edgev3?authSource=admin
2026-06-17 02:40:55 [32minfo[39m: 	HTTP production server up and running on port 5000 !
2026-06-17 02:40:57 [32minfo[39m: 	Successfully connected to database mongodb://edgev3_app:edgev3_mongodb_pass@mongodb:27017/edgev3?authSource=admin
2026-06-17 02:40:57 [32minfo[39m: 	HTTP production server up and running on port 5000 !
2026-06-17 02:40:58 [32minfo[39m: 	Successfully connected to database mongodb://edgev3_app:edgev3_mongodb_pass@mongodb:27017/edgev3?authSource=admin
2026-06-17 02:40:58 [32minfo[39m: 	HTTP production server up and running on port 5000 !
2026-06-17 02:41:23 [32minfo[39m: 	Successfully connected to database mongodb://edgev3_app:edgev3_mongodb_pass@mongodb:27017/edgev3?authSource=admin
2026-06-17 02:41:23 [32minfo[39m: 	HTTP production server up and running on port 5000 !
2026-06-17 02:41:25 [32minfo[39m: 	Successfully connected to database mongodb://edgev3_app:edgev3_mongodb_pass@mongodb:27017/edgev3?authSource=admin
2026-06-17 02:41:25 [32minfo[39m: 	HTTP CRON server up and running on port 5555 !
2026-06-17 02:41:25 [32minfo[39m: 	Successfully connected to database mongodb://edgev3_app:edgev3_mongodb_pass@mongodb:27017/edgev3?authSource=admin
2026-06-17 02:41:25 [32minfo[39m: 	HTTP production server up and running on port 5000 !
2026-06-17 02:41:27 [32minfo[39m: 	Successfully connected to database mongodb://edgev3_app:edgev3_mongodb_pass@mongodb:27017/edgev3?authSource=admin
2026-06-17 02:41:27 [32minfo[39m: 	HTTP production server up and running on port 5000 !
2026-06-17 02:41:28 [32minfo[39m: 	Successfully connected to database mongodb://edgev3_app:edgev3_mongodb_pass@mongodb:27017/edgev3?authSource=admin
2026-06-17 02:41:28 [32minfo[39m: 	HTTP production server up and running on port 5000 !
2026-06-17 02:41:53 [32minfo[39m: 	Successfully connected to database mongodb://edgev3_app:edgev3_mongodb_pass@mongodb:27017/edgev3?authSource=admin
2026-06-17 02:41:53 [32minfo[39m: 	HTTP production server up and running on port 5000 !
2026-06-17 02:41:55 [32minfo[39m: 	Successfully connected to database mongodb://edgev3_app:edgev3_mongodb_pass@mongodb:27017/edgev3?authSource=admin
2026-06-17 02:41:55 [32minfo[39m: 	HTTP CRON server up and running on port 5555 !
2026-06-17 02:41:55 [32minfo[39m: 	Successfully connected to database mongodb://edgev3_app:edgev3_mongodb_pass@mongodb:27017/edgev3?authSource=admin
2026-06-17 02:41:55 [32minfo[39m: 	HTTP production server up and running on port 5000 !
2026-06-17 02:41:57 [32minfo[39m: 	Successfully connected to database mongodb://edgev3_app:edgev3_mongodb_pass@mongodb:27017/edgev3?authSource=admin
2026-06-17 02:41:57 [32minfo[39m: 	HTTP production server up and running on port 5000 !
2026-06-17 02:41:58 [32minfo[39m: 	Successfully connected to database mongodb://edgev3_app:edgev3_mongodb_pass@mongodb:27017/edgev3?authSource=admin
2026-06-17 02:41:58 [32minfo[39m: 	HTTP production server up and running on port 5000 !
2026-06-17 02:42:23 [32minfo[39m: 	Successfully connected to database mongodb://edgev3_app:edgev3_mongodb_pass@mongodb:27017/edgev3?authSource=admin
2026-06-17 02:42:23 [32minfo[39m: 	HTTP production server up and running on port 5000 !
2026-06-17 02:42:25 [32minfo[39m: 	Successfully connected to database mongodb://edgev3_app:edgev3_mongodb_pass@mongodb:27017/edgev3?authSource=admin
2026-06-17 02:42:25 [32minfo[39m: 	HTTP CRON server up and running on port 5555 !
2026-06-17 02:42:25 [32minfo[39m: 	Successfully connected to database mongodb://edgev3_app:edgev3_mongodb_pass@mongodb:27017/edgev3?authSource=admin
2026-06-17 02:42:25 [32minfo[39m: 	HTTP production server up and running on port 5000 !
2026-06-17 02:42:27 [32minfo[39m: 	Successfully connected to database mongodb://edgev3_app:edgev3_mongodb_pass@mongodb:27017/edgev3?authSource=admin
2026-06-17 02:42:27 [32minfo[39m: 	HTTP production server up and running on port 5000 !
2026-06-17 02:42:28 [32minfo[39m: 	Successfully connected to database mongodb://edgev3_app:edgev3_mongodb_pass@mongodb:27017/edgev3?authSource=admin
2026-06-17 02:42:28 [32minfo[39m: 	HTTP production server up and running on port 5000 !
2026-06-17 02:42:53 [32minfo[39m: 	Successfully connected to database mongodb://edgev3_app:edgev3_mongodb_pass@mongodb:27017/edgev3?authSource=admin
2026-06-17 02:42:53 [32minfo[39m: 	HTTP production server up and running on port 5000 !
2026-06-17 02:42:55 [32minfo[39m: 	Successfully connected to database mongodb://edgev3_app:edgev3_mongodb_pass@mongodb:27017/edgev3?authSource=admin
2026-06-17 02:42:55 [32minfo[39m: 	HTTP CRON server up and running on port 5555 !
2026-06-17 02:42:55 [32minfo[39m: 	Successfully connected to database mongodb://edgev3_app:edgev3_mongodb_pass@mongodb:27017/edgev3?authSource=admin
2026-06-17 02:42:55 [32minfo[39m: 	HTTP production server up and running on port 5000 !
2026-06-17 02:42:57 [32minfo[39m: 	Successfully connected to database mongodb://edgev3_app:edgev3_mongodb_pass@mongodb:27017/edgev3?authSource=admin
2026-06-17 02:42:57 [32minfo[39m: 	HTTP production server up and running on port 5000 !
2026-06-17 02:42:58 [32minfo[39m: 	Successfully connected to database mongodb://edgev3_app:edgev3_mongodb_pass@mongodb:27017/edgev3?authSource=admin
2026-06-17 02:42:58 [32minfo[39m: 	HTTP production server up and running on port 5000 !
2026-06-17 02:43:23 [32minfo[39m: 	Successfully connected to database mongodb://edgev3_app:edgev3_mongodb_pass@mongodb:27017/edgev3?authSource=admin
2026-06-17 02:43:23 [32minfo[39m: 	HTTP production server up and running on port 5000 !
2026-06-17 02:43:25 [32minfo[39m: 	Successfully connected to database mongodb://edgev3_app:edgev3_mongodb_pass@mongodb:27017/edgev3?authSource=admin
2026-06-17 02:43:25 [32minfo[39m: 	HTTP CRON server up and running on port 5555 !
2026-06-17 02:43:25 [32minfo[39m: 	Successfully connected to database mongodb://edgev3_app:edgev3_mongodb_pass@mongodb:27017/edgev3?authSource=admin
2026-06-17 02:43:25 [32minfo[39m: 	HTTP production server up and running on port 5000 !
2026-06-17 02:43:27 [32minfo[39m: 	Successfully connected to database mongodb://edgev3_app:edgev3_mongodb_pass@mongodb:27017/edgev3?authSource=admin
2026-06-17 02:43:27 [32minfo[39m: 	HTTP production server up and running on port 5000 !
2026-06-17 02:43:28 [32minfo[39m: 	Successfully connected to database mongodb://edgev3_app:edgev3_mongodb_pass@mongodb:27017/edgev3?authSource=admin
2026-06-17 02:43:28 [32minfo[39m: 	HTTP production server up and running on port 5000 !
2026-06-17 02:43:53 [32minfo[39m: 	Successfully connected to database mongodb://edgev3_app:edgev3_mongodb_pass@mongodb:27017/edgev3?authSource=admin
2026-06-17 02:43:53 [32minfo[39m: 	HTTP production server up and running on port 5000 !
2026-06-17 02:43:55 [32minfo[39m: 	Successfully connected to database mongodb://edgev3_app:edgev3_mongodb_pass@mongodb:27017/edgev3?authSource=admin
2026-06-17 02:43:55 [32minfo[39m: 	HTTP CRON server up and running on port 5555 !
2026-06-17 02:43:55 [32minfo[39m: 	Successfully connected to database mongodb://edgev3_app:edgev3_mongodb_pass@mongodb:27017/edgev3?authSource=admin
2026-06-17 02:43:55 [32minfo[39m: 	HTTP production server up and running on port 5000 !
2026-06-17 02:43:57 [32minfo[39m: 	Successfully connected to database mongodb://edgev3_app:edgev3_mongodb_pass@mongodb:27017/edgev3?authSource=admin
2026-06-17 02:43:57 [32minfo[39m: 	HTTP production server up and running on port 5000 !
2026-06-17 02:43:58 [32minfo[39m: 	Successfully connected to database mongodb://edgev3_app:edgev3_mongodb_pass@mongodb:27017/edgev3?authSource=admin
2026-06-17 02:43:58 [32minfo[39m: 	HTTP production server up and running on port 5000 !
2026-06-17 02:44:23 [32minfo[39m: 	Successfully connected to database mongodb://edgev3_app:edgev3_mongodb_pass@mongodb:27017/edgev3?authSource=admin
2026-06-17 02:44:23 [32minfo[39m: 	HTTP production server up and running on port 5000 !
2026-06-17 02:44:25 [32minfo[39m: 	Successfully connected to database mongodb://edgev3_app:edgev3_mongodb_pass@mongodb:27017/edgev3?authSource=admin
2026-06-17 02:44:25 [32minfo[39m: 	HTTP CRON server up and running on port 5555 !
2026-06-17 02:44:25 [32minfo[39m: 	Successfully connected to database mongodb://edgev3_app:edgev3_mongodb_pass@mongodb:27017/edgev3?authSource=admin
2026-06-17 02:44:25 [32minfo[39m: 	HTTP production server up and running on port 5000 !
2026-06-17 02:44:27 [32minfo[39m: 	Successfully connected to database mongodb://edgev3_app:edgev3_mongodb_pass@mongodb:27017/edgev3?authSource=admin
2026-06-17 02:44:27 [32minfo[39m: 	HTTP production server up and running on port 5000 !
2026-06-17 02:44:28 [32minfo[39m: 	Successfully connected to database mongodb://edgev3_app:edgev3_mongodb_pass@mongodb:27017/edgev3?authSource=admin
2026-06-17 02:44:28 [32minfo[39m: 	HTTP production server up and running on port 5000 !
2026-06-17 02:44:53 [32minfo[39m: 	Successfully connected to database mongodb://edgev3_app:edgev3_mongodb_pass@mongodb:27017/edgev3?authSource=admin
2026-06-17 02:44:53 [32minfo[39m: 	HTTP production server up and running on port 5000 !
2026-06-17 02:44:55 [32minfo[39m: 	Successfully connected to database mongodb://edgev3_app:edgev3_mongodb_pass@mongodb:27017/edgev3?authSource=admin
2026-06-17 02:44:55 [32minfo[39m: 	HTTP CRON server up and running on port 5555 !
2026-06-17 02:44:55 [32minfo[39m: 	Successfully connected to database mongodb://edgev3_app:edgev3_mongodb_pass@mongodb:27017/edgev3?authSource=admin
2026-06-17 02:44:55 [32minfo[39m: 	HTTP production server up and running on port 5000 !
2026-06-17 02:44:57 [32minfo[39m: 	Successfully connected to database mongodb://edgev3_app:edgev3_mongodb_pass@mongodb:27017/edgev3?authSource=admin
2026-06-17 02:44:57 [32minfo[39m: 	HTTP production server up and running on port 5000 !
2026-06-17 02:44:58 [32minfo[39m: 	Successfully connected to database mongodb://edgev3_app:edgev3_mongodb_pass@mongodb:27017/edgev3?authSource=admin
2026-06-17 02:44:58 [32minfo[39m: 	HTTP production server up and running on port 5000 !
2026-06-17 02:45:23 [32minfo[39m: 	Successfully connected to database mongodb://edgev3_app:edgev3_mongodb_pass@mongodb:27017/edgev3?authSource=admin
2026-06-17 02:45:23 [32minfo[39m: 	HTTP production server up and running on port 5000 !
2026-06-17 02:45:25 [32minfo[39m: 	Successfully connected to database mongodb://edgev3_app:edgev3_mongodb_pass@mongodb:27017/edgev3?authSource=admin
2026-06-17 02:45:25 [32minfo[39m: 	HTTP CRON server up and running on port 5555 !
2026-06-17 02:45:25 [32minfo[39m: 	Successfully connected to database mongodb://edgev3_app:edgev3_mongodb_pass@mongodb:27017/edgev3?authSource=admin
2026-06-17 02:45:25 [32minfo[39m: 	HTTP production server up and running on port 5000 !
2026-06-17 02:45:27 [32minfo[39m: 	Successfully connected to database mongodb://edgev3_app:edgev3_mongodb_pass@mongodb:27017/edgev3?authSource=admin
2026-06-17 02:45:27 [32minfo[39m: 	HTTP production server up and running on port 5000 !
2026-06-17 02:45:28 [32minfo[39m: 	Successfully connected to database mongodb://edgev3_app:edgev3_mongodb_pass@mongodb:27017/edgev3?authSource=admin
2026-06-17 02:45:28 [32minfo[39m: 	HTTP production server up and running on port 5000 !
2026-06-17 02:45:53 [32minfo[39m: 	Successfully connected to database mongodb://edgev3_app:edgev3_mongodb_pass@mongodb:27017/edgev3?authSource=admin
2026-06-17 02:45:53 [32minfo[39m: 	HTTP production server up and running on port 5000 !
2026-06-17 02:45:55 [32minfo[39m: 	Successfully connected to database mongodb://edgev3_app:edgev3_mongodb_pass@mongodb:27017/edgev3?authSource=admin
2026-06-17 02:45:55 [32minfo[39m: 	HTTP CRON server up and running on port 5555 !
2026-06-17 02:45:55 [32minfo[39m: 	Successfully connected to database mongodb://edgev3_app:edgev3_mongodb_pass@mongodb:27017/edgev3?authSource=admin
2026-06-17 02:45:55 [32minfo[39m: 	HTTP production server up and running on port 5000 !
2026-06-17 02:45:57 [32minfo[39m: 	Successfully connected to database mongodb://edgev3_app:edgev3_mongodb_pass@mongodb:27017/edgev3?authSource=admin
2026-06-17 02:45:57 [32minfo[39m: 	HTTP production server up and running on port 5000 !
2026-06-17 02:45:58 [32minfo[39m: 	Successfully connected to database mongodb://edgev3_app:edgev3_mongodb_pass@mongodb:27017/edgev3?authSource=admin
2026-06-17 02:45:58 [32minfo[39m: 	HTTP production server up and running on port 5000 !
2026-06-17 02:46:23 [32minfo[39m: 	Successfully connected to database mongodb://edgev3_app:edgev3_mongodb_pass@mongodb:27017/edgev3?authSource=admin
2026-06-17 02:46:23 [32minfo[39m: 	HTTP production server up and running on port 5000 !
2026-06-17 02:46:25 [32minfo[39m: 	Successfully connected to database mongodb://edgev3_app:edgev3_mongodb_pass@mongodb:27017/edgev3?authSource=admin
2026-06-17 02:46:25 [32minfo[39m: 	HTTP CRON server up and running on port 5555 !
2026-06-17 02:46:25 [32minfo[39m: 	Successfully connected to database mongodb://edgev3_app:edgev3_mongodb_pass@mongodb:27017/edgev3?authSource=admin
2026-06-17 02:46:25 [32minfo[39m: 	HTTP production server up and running on port 5000 !
2026-06-17 02:46:27 [32minfo[39m: 	Successfully connected to database mongodb://edgev3_app:edgev3_mongodb_pass@mongodb:27017/edgev3?authSource=admin
2026-06-17 02:46:27 [32minfo[39m: 	HTTP production server up and running on port 5000 !
2026-06-17 02:46:28 [32minfo[39m: 	Successfully connected to database mongodb://edgev3_app:edgev3_mongodb_pass@mongodb:27017/edgev3?authSource=admin
2026-06-17 02:46:28 [32minfo[39m: 	HTTP production server up and running on port 5000 !
2026-06-17 02:46:53 [32minfo[39m: 	Successfully connected to database mongodb://edgev3_app:edgev3_mongodb_pass@mongodb:27017/edgev3?authSource=admin
2026-06-17 02:46:53 [32minfo[39m: 	HTTP production server up and running on port 5000 !
2026-06-17 02:46:55 [32minfo[39m: 	Successfully connected to database mongodb://edgev3_app:edgev3_mongodb_pass@mongodb:27017/edgev3?authSource=admin
2026-06-17 02:46:55 [32minfo[39m: 	HTTP CRON server up and running on port 5555 !
2026-06-17 02:46:55 [32minfo[39m: 	Successfully connected to database mongodb://edgev3_app:edgev3_mongodb_pass@mongodb:27017/edgev3?authSource=admin
2026-06-17 02:46:55 [32minfo[39m: 	HTTP production server up and running on port 5000 !
2026-06-17 02:46:57 [32minfo[39m: 	Successfully connected to database mongodb://edgev3_app:edgev3_mongodb_pass@mongodb:27017/edgev3?authSource=admin
2026-06-17 02:46:57 [32minfo[39m: 	HTTP production server up and running on port 5000 !
2026-06-17 02:46:58 [32minfo[39m: 	Successfully connected to database mongodb://edgev3_app:edgev3_mongodb_pass@mongodb:27017/edgev3?authSource=admin
2026-06-17 02:46:58 [32minfo[39m: 	HTTP production server up and running on port 5000 !
2026-06-17 02:47:23 [32minfo[39m: 	Successfully connected to database mongodb://edgev3_app:edgev3_mongodb_pass@mongodb:27017/edgev3?authSource=admin
2026-06-17 02:47:23 [32minfo[39m: 	HTTP production server up and running on port 5000 !
2026-06-17 02:47:25 [32minfo[39m: 	Successfully connected to database mongodb://edgev3_app:edgev3_mongodb_pass@mongodb:27017/edgev3?authSource=admin
2026-06-17 02:47:25 [32minfo[39m: 	HTTP CRON server up and running on port 5555 !
2026-06-17 02:47:25 [32minfo[39m: 	Successfully connected to database mongodb://edgev3_app:edgev3_mongodb_pass@mongodb:27017/edgev3?authSource=admin
2026-06-17 02:47:25 [32minfo[39m: 	HTTP production server up and running on port 5000 !
2026-06-17 02:47:27 [32minfo[39m: 	Successfully connected to database mongodb://edgev3_app:edgev3_mongodb_pass@mongodb:27017/edgev3?authSource=admin
2026-06-17 02:47:27 [32minfo[39m: 	HTTP production server up and running on port 5000 !
2026-06-17 02:47:28 [32minfo[39m: 	Successfully connected to database mongodb://edgev3_app:edgev3_mongodb_pass@mongodb:27017/edgev3?authSource=admin
2026-06-17 02:47:28 [32minfo[39m: 	HTTP production server up and running on port 5000 !
2026-06-17 02:47:53 [32minfo[39m: 	Successfully connected to database mongodb://edgev3_app:edgev3_mongodb_pass@mongodb:27017/edgev3?authSource=admin
2026-06-17 02:47:53 [32minfo[39m: 	HTTP production server up and running on port 5000 !
2026-06-17 02:47:55 [32minfo[39m: 	Successfully connected to database mongodb://edgev3_app:edgev3_mongodb_pass@mongodb:27017/edgev3?authSource=admin
2026-06-17 02:47:55 [32minfo[39m: 	HTTP CRON server up and running on port 5555 !
2026-06-17 02:47:55 [32minfo[39m: 	Successfully connected to database mongodb://edgev3_app:edgev3_mongodb_pass@mongodb:27017/edgev3?authSource=admin
2026-06-17 02:47:55 [32minfo[39m: 	HTTP production server up and running on port 5000 !
2026-06-17 02:47:57 [32minfo[39m: 	Successfully connected to database mongodb://edgev3_app:edgev3_mongodb_pass@mongodb:27017/edgev3?authSource=admin
2026-06-17 02:47:57 [32minfo[39m: 	HTTP production server up and running on port 5000 !
2026-06-17 02:47:58 [32minfo[39m: 	Successfully connected to database mongodb://edgev3_app:edgev3_mongodb_pass@mongodb:27017/edgev3?authSource=admin
2026-06-17 02:47:58 [32minfo[39m: 	HTTP production server up and running on port 5000 !
2026-06-17 02:48:23 [32minfo[39m: 	Successfully connected to database mongodb://edgev3_app:edgev3_mongodb_pass@mongodb:27017/edgev3?authSource=admin
2026-06-17 02:48:23 [32minfo[39m: 	HTTP production server up and running on port 5000 !
2026-06-17 02:48:25 [32minfo[39m: 	Successfully connected to database mongodb://edgev3_app:edgev3_mongodb_pass@mongodb:27017/edgev3?authSource=admin
2026-06-17 02:48:25 [32minfo[39m: 	HTTP CRON server up and running on port 5555 !
2026-06-17 02:48:25 [32minfo[39m: 	Successfully connected to database mongodb://edgev3_app:edgev3_mongodb_pass@mongodb:27017/edgev3?authSource=admin
2026-06-17 02:48:25 [32minfo[39m: 	HTTP production server up and running on port 5000 !
2026-06-17 02:48:27 [32minfo[39m: 	Successfully connected to database mongodb://edgev3_app:edgev3_mongodb_pass@mongodb:27017/edgev3?authSource=admin
2026-06-17 02:48:27 [32minfo[39m: 	HTTP production server up and running on port 5000 !
2026-06-17 02:48:28 [32minfo[39m: 	Successfully connected to database mongodb://edgev3_app:edgev3_mongodb_pass@mongodb:27017/edgev3?authSource=admin
2026-06-17 02:48:28 [32minfo[39m: 	HTTP production server up and running on port 5000 !
2026-06-17 02:48:53 [32minfo[39m: 	Successfully connected to database mongodb://edgev3_app:edgev3_mongodb_pass@mongodb:27017/edgev3?authSource=admin
2026-06-17 02:48:53 [32minfo[39m: 	HTTP production server up and running on port 5000 !
2026-06-17 02:48:55 [32minfo[39m: 	Successfully connected to database mongodb://edgev3_app:edgev3_mongodb_pass@mongodb:27017/edgev3?authSource=admin
2026-06-17 02:48:55 [32minfo[39m: 	HTTP CRON server up and running on port 5555 !
2026-06-17 02:48:55 [32minfo[39m: 	Successfully connected to database mongodb://edgev3_app:edgev3_mongodb_pass@mongodb:27017/edgev3?authSource=admin
2026-06-17 02:48:55 [32minfo[39m: 	HTTP production server up and running on port 5000 !
2026-06-17 02:48:57 [32minfo[39m: 	Successfully connected to database mongodb://edgev3_app:edgev3_mongodb_pass@mongodb:27017/edgev3?authSource=admin
2026-06-17 02:48:57 [32minfo[39m: 	HTTP production server up and running on port 5000 !
2026-06-17 02:48:58 [32minfo[39m: 	Successfully connected to database mongodb://edgev3_app:edgev3_mongodb_pass@mongodb:27017/edgev3?authSource=admin
2026-06-17 02:48:58 [32minfo[39m: 	HTTP production server up and running on port 5000 !
2026-06-17 02:49:23 [32minfo[39m: 	Successfully connected to database mongodb://edgev3_app:edgev3_mongodb_pass@mongodb:27017/edgev3?authSource=admin
2026-06-17 02:49:23 [32minfo[39m: 	HTTP production server up and running on port 5000 !
2026-06-17 02:49:25 [32minfo[39m: 	Successfully connected to database mongodb://edgev3_app:edgev3_mongodb_pass@mongodb:27017/edgev3?authSource=admin
2026-06-17 02:49:25 [32minfo[39m: 	HTTP CRON server up and running on port 5555 !
2026-06-17 02:49:25 [32minfo[39m: 	Successfully connected to database mongodb://edgev3_app:edgev3_mongodb_pass@mongodb:27017/edgev3?authSource=admin
2026-06-17 02:49:25 [32minfo[39m: 	HTTP production server up and running on port 5000 !
2026-06-17 02:49:27 [32minfo[39m: 	Successfully connected to database mongodb://edgev3_app:edgev3_mongodb_pass@mongodb:27017/edgev3?authSource=admin
2026-06-17 02:49:27 [32minfo[39m: 	HTTP production server up and running on port 5000 !
2026-06-17 02:49:28 [32minfo[39m: 	Successfully connected to database mongodb://edgev3_app:edgev3_mongodb_pass@mongodb:27017/edgev3?authSource=admin
2026-06-17 02:49:28 [32minfo[39m: 	HTTP production server up and running on port 5000 !
2026-06-17 02:49:53 [32minfo[39m: 	Successfully connected to database mongodb://edgev3_app:edgev3_mongodb_pass@mongodb:27017/edgev3?authSource=admin
2026-06-17 02:49:53 [32minfo[39m: 	HTTP production server up and running on port 5000 !
2026-06-17 02:49:55 [32minfo[39m: 	Successfully connected to database mongodb://edgev3_app:edgev3_mongodb_pass@mongodb:27017/edgev3?authSource=admin
2026-06-17 02:49:55 [32minfo[39m: 	HTTP CRON server up and running on port 5555 !
2026-06-17 02:49:55 [32minfo[39m: 	Successfully connected to database mongodb://edgev3_app:edgev3_mongodb_pass@mongodb:27017/edgev3?authSource=admin
2026-06-17 02:49:55 [32minfo[39m: 	HTTP production server up and running on port 5000 !
2026-06-17 02:49:57 [32minfo[39m: 	Successfully connected to database mongodb://edgev3_app:edgev3_mongodb_pass@mongodb:27017/edgev3?authSource=admin
2026-06-17 02:49:57 [32minfo[39m: 	HTTP production server up and running on port 5000 !
2026-06-17 02:49:58 [32minfo[39m: 	Successfully connected to database mongodb://edgev3_app:edgev3_mongodb_pass@mongodb:27017/edgev3?authSource=admin
2026-06-17 02:49:58 [32minfo[39m: 	HTTP production server up and running on port 5000 !
2026-06-17 02:50:23 [32minfo[39m: 	Successfully connected to database mongodb://edgev3_app:edgev3_mongodb_pass@mongodb:27017/edgev3?authSource=admin
2026-06-17 02:50:23 [32minfo[39m: 	HTTP production server up and running on port 5000 !
2026-06-17 02:50:25 [32minfo[39m: 	Successfully connected to database mongodb://edgev3_app:edgev3_mongodb_pass@mongodb:27017/edgev3?authSource=admin
2026-06-17 02:50:25 [32minfo[39m: 	HTTP CRON server up and running on port 5555 !
2026-06-17 02:50:25 [32minfo[39m: 	Successfully connected to database mongodb://edgev3_app:edgev3_mongodb_pass@mongodb:27017/edgev3?authSource=admin
2026-06-17 02:50:25 [32minfo[39m: 	HTTP production server up and running on port 5000 !
2026-06-17 02:50:27 [32minfo[39m: 	Successfully connected to database mongodb://edgev3_app:edgev3_mongodb_pass@mongodb:27017/edgev3?authSource=admin
2026-06-17 02:50:27 [32minfo[39m: 	HTTP production server up and running on port 5000 !
2026-06-17 02:50:28 [32minfo[39m: 	Successfully connected to database mongodb://edgev3_app:edgev3_mongodb_pass@mongodb:27017/edgev3?authSource=admin
2026-06-17 02:50:28 [32minfo[39m: 	HTTP production server up and running on port 5000 !
2026-06-17 02:50:53 [32minfo[39m: 	Successfully connected to database mongodb://edgev3_app:edgev3_mongodb_pass@mongodb:27017/edgev3?authSource=admin
2026-06-17 02:50:53 [32minfo[39m: 	HTTP production server up and running on port 5000 !
2026-06-17 02:50:55 [32minfo[39m: 	Successfully connected to database mongodb://edgev3_app:edgev3_mongodb_pass@mongodb:27017/edgev3?authSource=admin
2026-06-17 02:50:55 [32minfo[39m: 	HTTP CRON server up and running on port 5555 !
2026-06-17 02:50:55 [32minfo[39m: 	Successfully connected to database mongodb://edgev3_app:edgev3_mongodb_pass@mongodb:27017/edgev3?authSource=admin
2026-06-17 02:50:55 [32minfo[39m: 	HTTP production server up and running on port 5000 !
2026-06-17 02:50:57 [32minfo[39m: 	Successfully connected to database mongodb://edgev3_app:edgev3_mongodb_pass@mongodb:27017/edgev3?authSource=admin
2026-06-17 02:50:57 [32minfo[39m: 	HTTP production server up and running on port 5000 !
2026-06-17 02:50:58 [32minfo[39m: 	Successfully connected to database mongodb://edgev3_app:edgev3_mongodb_pass@mongodb:27017/edgev3?authSource=admin
2026-06-17 02:50:58 [32minfo[39m: 	HTTP production server up and running on port 5000 !
2026-06-17 02:51:23 [32minfo[39m: 	Successfully connected to database mongodb://edgev3_app:edgev3_mongodb_pass@mongodb:27017/edgev3?authSource=admin
2026-06-17 02:51:23 [32minfo[39m: 	HTTP production server up and running on port 5000 !
2026-06-17 02:51:25 [32minfo[39m: 	Successfully connected to database mongodb://edgev3_app:edgev3_mongodb_pass@mongodb:27017/edgev3?authSource=admin
2026-06-17 02:51:25 [32minfo[39m: 	HTTP CRON server up and running on port 5555 !
2026-06-17 02:51:25 [32minfo[39m: 	Successfully connected to database mongodb://edgev3_app:edgev3_mongodb_pass@mongodb:27017/edgev3?authSource=admin
2026-06-17 02:51:25 [32minfo[39m: 	HTTP production server up and running on port 5000 !
2026-06-17 02:51:27 [32minfo[39m: 	Successfully connected to database mongodb://edgev3_app:edgev3_mongodb_pass@mongodb:27017/edgev3?authSource=admin
2026-06-17 02:51:27 [32minfo[39m: 	HTTP production server up and running on port 5000 !
2026-06-17 02:51:28 [32minfo[39m: 	Successfully connected to database mongodb://edgev3_app:edgev3_mongodb_pass@mongodb:27017/edgev3?authSource=admin
2026-06-17 02:51:28 [32minfo[39m: 	HTTP production server up and running on port 5000 !
2026-06-17 02:51:53 [32minfo[39m: 	Successfully connected to database mongodb://edgev3_app:edgev3_mongodb_pass@mongodb:27017/edgev3?authSource=admin
2026-06-17 02:51:53 [32minfo[39m: 	HTTP production server up and running on port 5000 !
2026-06-17 02:51:55 [32minfo[39m: 	Successfully connected to database mongodb://edgev3_app:edgev3_mongodb_pass@mongodb:27017/edgev3?authSource=admin
2026-06-17 02:51:55 [32minfo[39m: 	HTTP CRON server up and running on port 5555 !
2026-06-17 02:51:55 [32minfo[39m: 	Successfully connected to database mongodb://edgev3_app:edgev3_mongodb_pass@mongodb:27017/edgev3?authSource=admin
2026-06-17 02:51:55 [32minfo[39m: 	HTTP production server up and running on port 5000 !
2026-06-17 02:51:57 [32minfo[39m: 	Successfully connected to database mongodb://edgev3_app:edgev3_mongodb_pass@mongodb:27017/edgev3?authSource=admin
2026-06-17 02:51:57 [32minfo[39m: 	HTTP production server up and running on port 5000 !
2026-06-17 02:51:58 [32minfo[39m: 	Successfully connected to database mongodb://edgev3_app:edgev3_mongodb_pass@mongodb:27017/edgev3?authSource=admin
2026-06-17 02:51:58 [32minfo[39m: 	HTTP production server up and running on port 5000 !
2026-06-17 02:52:23 [32minfo[39m: 	Successfully connected to database mongodb://edgev3_app:edgev3_mongodb_pass@mongodb:27017/edgev3?authSource=admin
2026-06-17 02:52:23 [32minfo[39m: 	HTTP production server up and running on port 5000 !
2026-06-17 02:52:25 [32minfo[39m: 	Successfully connected to database mongodb://edgev3_app:edgev3_mongodb_pass@mongodb:27017/edgev3?authSource=admin
2026-06-17 02:52:25 [32minfo[39m: 	HTTP CRON server up and running on port 5555 !
2026-06-17 02:52:25 [32minfo[39m: 	Successfully connected to database mongodb://edgev3_app:edgev3_mongodb_pass@mongodb:27017/edgev3?authSource=admin
2026-06-17 02:52:25 [32minfo[39m: 	HTTP production server up and running on port 5000 !
2026-06-17 02:52:27 [32minfo[39m: 	Successfully connected to database mongodb://edgev3_app:edgev3_mongodb_pass@mongodb:27017/edgev3?authSource=admin
2026-06-17 02:52:27 [32minfo[39m: 	HTTP production server up and running on port 5000 !
2026-06-17 02:52:28 [32minfo[39m: 	Successfully connected to database mongodb://edgev3_app:edgev3_mongodb_pass@mongodb:27017/edgev3?authSource=admin
2026-06-17 02:52:28 [32minfo[39m: 	HTTP production server up and running on port 5000 !
2026-06-17 02:52:53 [32minfo[39m: 	Successfully connected to database mongodb://edgev3_app:edgev3_mongodb_pass@mongodb:27017/edgev3?authSource=admin
2026-06-17 02:52:53 [32minfo[39m: 	HTTP production server up and running on port 5000 !
2026-06-17 02:52:55 [32minfo[39m: 	Successfully connected to database mongodb://edgev3_app:edgev3_mongodb_pass@mongodb:27017/edgev3?authSource=admin
2026-06-17 02:52:55 [32minfo[39m: 	HTTP CRON server up and running on port 5555 !
2026-06-17 02:52:55 [32minfo[39m: 	Successfully connected to database mongodb://edgev3_app:edgev3_mongodb_pass@mongodb:27017/edgev3?authSource=admin
2026-06-17 02:52:55 [32minfo[39m: 	HTTP production server up and running on port 5000 !
2026-06-17 02:52:57 [32minfo[39m: 	Successfully connected to database mongodb://edgev3_app:edgev3_mongodb_pass@mongodb:27017/edgev3?authSource=admin
2026-06-17 02:52:57 [32minfo[39m: 	HTTP production server up and running on port 5000 !
2026-06-17 02:52:58 [32minfo[39m: 	Successfully connected to database mongodb://edgev3_app:edgev3_mongodb_pass@mongodb:27017/edgev3?authSource=admin
2026-06-17 02:52:58 [32minfo[39m: 	HTTP production server up and running on port 5000 !
2026-06-17 02:53:23 [32minfo[39m: 	Successfully connected to database mongodb://edgev3_app:edgev3_mongodb_pass@mongodb:27017/edgev3?authSource=admin
2026-06-17 02:53:23 [32minfo[39m: 	HTTP production server up and running on port 5000 !
2026-06-17 02:53:25 [32minfo[39m: 	Successfully connected to database mongodb://edgev3_app:edgev3_mongodb_pass@mongodb:27017/edgev3?authSource=admin
2026-06-17 02:53:25 [32minfo[39m: 	HTTP CRON server up and running on port 5555 !
2026-06-17 02:53:25 [32minfo[39m: 	Successfully connected to database mongodb://edgev3_app:edgev3_mongodb_pass@mongodb:27017/edgev3?authSource=admin
2026-06-17 02:53:25 [32minfo[39m: 	HTTP production server up and running on port 5000 !
2026-06-17 02:53:27 [32minfo[39m: 	Successfully connected to database mongodb://edgev3_app:edgev3_mongodb_pass@mongodb:27017/edgev3?authSource=admin
2026-06-17 02:53:27 [32minfo[39m: 	HTTP production server up and running on port 5000 !
2026-06-17 02:53:28 [32minfo[39m: 	Successfully connected to database mongodb://edgev3_app:edgev3_mongodb_pass@mongodb:27017/edgev3?authSource=admin
2026-06-17 02:53:28 [32minfo[39m: 	HTTP production server up and running on port 5000 !
2026-06-17 02:53:53 [32minfo[39m: 	Successfully connected to database mongodb://edgev3_app:edgev3_mongodb_pass@mongodb:27017/edgev3?authSource=admin
2026-06-17 02:53:54 [32minfo[39m: 	HTTP production server up and running on port 5000 !
2026-06-17 02:53:55 [32minfo[39m: 	Successfully connected to database mongodb://edgev3_app:edgev3_mongodb_pass@mongodb:27017/edgev3?authSource=admin
2026-06-17 02:53:55 [32minfo[39m: 	HTTP CRON server up and running on port 5555 !
2026-06-17 02:53:55 [32minfo[39m: 	Successfully connected to database mongodb://edgev3_app:edgev3_mongodb_pass@mongodb:27017/edgev3?authSource=admin
2026-06-17 02:53:55 [32minfo[39m: 	HTTP production server up and running on port 5000 !
2026-06-17 02:53:57 [32minfo[39m: 	Successfully connected to database mongodb://edgev3_app:edgev3_mongodb_pass@mongodb:27017/edgev3?authSource=admin
2026-06-17 02:53:57 [32minfo[39m: 	HTTP production server up and running on port 5000 !
2026-06-17 02:53:58 [32minfo[39m: 	Successfully connected to database mongodb://edgev3_app:edgev3_mongodb_pass@mongodb:27017/edgev3?authSource=admin
2026-06-17 02:53:58 [32minfo[39m: 	HTTP production server up and running on port 5000 !
2026-06-17 02:54:23 [32minfo[39m: 	Successfully connected to database mongodb://edgev3_app:edgev3_mongodb_pass@mongodb:27017/edgev3?authSource=admin
2026-06-17 02:54:23 [32minfo[39m: 	HTTP production server up and running on port 5000 !
2026-06-17 02:54:25 [32minfo[39m: 	Successfully connected to database mongodb://edgev3_app:edgev3_mongodb_pass@mongodb:27017/edgev3?authSource=admin
2026-06-17 02:54:25 [32minfo[39m: 	HTTP CRON server up and running on port 5555 !
2026-06-17 02:54:25 [32minfo[39m: 	Successfully connected to database mongodb://edgev3_app:edgev3_mongodb_pass@mongodb:27017/edgev3?authSource=admin
2026-06-17 02:54:25 [32minfo[39m: 	HTTP production server up and running on port 5000 !
2026-06-17 02:54:27 [32minfo[39m: 	Successfully connected to database mongodb://edgev3_app:edgev3_mongodb_pass@mongodb:27017/edgev3?authSource=admin
2026-06-17 02:54:27 [32minfo[39m: 	HTTP production server up and running on port 5000 !
2026-06-17 02:54:28 [32minfo[39m: 	Successfully connected to database mongodb://edgev3_app:edgev3_mongodb_pass@mongodb:27017/edgev3?authSource=admin
2026-06-17 02:54:28 [32minfo[39m: 	HTTP production server up and running on port 5000 !
2026-06-17 02:54:53 [32minfo[39m: 	Successfully connected to database mongodb://edgev3_app:edgev3_mongodb_pass@mongodb:27017/edgev3?authSource=admin
2026-06-17 02:54:53 [32minfo[39m: 	HTTP production server up and running on port 5000 !
2026-06-17 02:54:55 [32minfo[39m: 	Successfully connected to database mongodb://edgev3_app:edgev3_mongodb_pass@mongodb:27017/edgev3?authSource=admin
2026-06-17 02:54:55 [32minfo[39m: 	HTTP CRON server up and running on port 5555 !
2026-06-17 02:54:55 [32minfo[39m: 	Successfully connected to database mongodb://edgev3_app:edgev3_mongodb_pass@mongodb:27017/edgev3?authSource=admin
2026-06-17 02:54:55 [32minfo[39m: 	HTTP production server up and running on port 5000 !
2026-06-17 02:54:57 [32minfo[39m: 	Successfully connected to database mongodb://edgev3_app:edgev3_mongodb_pass@mongodb:27017/edgev3?authSource=admin
2026-06-17 02:54:57 [32minfo[39m: 	HTTP production server up and running on port 5000 !
2026-06-17 02:54:58 [32minfo[39m: 	Successfully connected to database mongodb://edgev3_app:edgev3_mongodb_pass@mongodb:27017/edgev3?authSource=admin
2026-06-17 02:54:58 [32minfo[39m: 	HTTP production server up and running on port 5000 !
2026-06-17 02:55:23 [32minfo[39m: 	Successfully connected to database mongodb://edgev3_app:edgev3_mongodb_pass@mongodb:27017/edgev3?authSource=admin
2026-06-17 02:55:23 [32minfo[39m: 	HTTP production server up and running on port 5000 !
2026-06-17 02:55:25 [32minfo[39m: 	Successfully connected to database mongodb://edgev3_app:edgev3_mongodb_pass@mongodb:27017/edgev3?authSource=admin
2026-06-17 02:55:25 [32minfo[39m: 	HTTP CRON server up and running on port 5555 !
2026-06-17 02:55:25 [32minfo[39m: 	Successfully connected to database mongodb://edgev3_app:edgev3_mongodb_pass@mongodb:27017/edgev3?authSource=admin
2026-06-17 02:55:25 [32minfo[39m: 	HTTP production server up and running on port 5000 !
2026-06-17 02:55:27 [32minfo[39m: 	Successfully connected to database mongodb://edgev3_app:edgev3_mongodb_pass@mongodb:27017/edgev3?authSource=admin
2026-06-17 02:55:27 [32minfo[39m: 	HTTP production server up and running on port 5000 !
2026-06-17 02:55:28 [32minfo[39m: 	Successfully connected to database mongodb://edgev3_app:edgev3_mongodb_pass@mongodb:27017/edgev3?authSource=admin
2026-06-17 02:55:28 [32minfo[39m: 	HTTP production server up and running on port 5000 !
2026-06-17 02:55:54 [32minfo[39m: 	Successfully connected to database mongodb://edgev3_app:edgev3_mongodb_pass@mongodb:27017/edgev3?authSource=admin
2026-06-17 02:55:54 [32minfo[39m: 	HTTP production server up and running on port 5000 !
2026-06-17 02:55:55 [32minfo[39m: 	Successfully connected to database mongodb://edgev3_app:edgev3_mongodb_pass@mongodb:27017/edgev3?authSource=admin
2026-06-17 02:55:55 [32minfo[39m: 	HTTP CRON server up and running on port 5555 !
2026-06-17 02:55:55 [32minfo[39m: 	Successfully connected to database mongodb://edgev3_app:edgev3_mongodb_pass@mongodb:27017/edgev3?authSource=admin
2026-06-17 02:55:55 [32minfo[39m: 	HTTP production server up and running on port 5000 !
2026-06-17 02:55:57 [32minfo[39m: 	Successfully connected to database mongodb://edgev3_app:edgev3_mongodb_pass@mongodb:27017/edgev3?authSource=admin
2026-06-17 02:55:57 [32minfo[39m: 	HTTP production server up and running on port 5000 !
2026-06-17 02:55:58 [32minfo[39m: 	Successfully connected to database mongodb://edgev3_app:edgev3_mongodb_pass@mongodb:27017/edgev3?authSource=admin
2026-06-17 02:55:58 [32minfo[39m: 	HTTP production server up and running on port 5000 !
2026-06-17 02:56:23 [32minfo[39m: 	Successfully connected to database mongodb://edgev3_app:edgev3_mongodb_pass@mongodb:27017/edgev3?authSource=admin
2026-06-17 02:56:23 [32minfo[39m: 	HTTP production server up and running on port 5000 !
2026-06-17 02:56:25 [32minfo[39m: 	Successfully connected to database mongodb://edgev3_app:edgev3_mongodb_pass@mongodb:27017/edgev3?authSource=admin
2026-06-17 02:56:25 [32minfo[39m: 	HTTP CRON server up and running on port 5555 !
2026-06-17 02:56:25 [32minfo[39m: 	Successfully connected to database mongodb://edgev3_app:edgev3_mongodb_pass@mongodb:27017/edgev3?authSource=admin
2026-06-17 02:56:25 [32minfo[39m: 	HTTP production server up and running on port 5000 !
2026-06-17 02:56:27 [32minfo[39m: 	Successfully connected to database mongodb://edgev3_app:edgev3_mongodb_pass@mongodb:27017/edgev3?authSource=admin
2026-06-17 02:56:27 [32minfo[39m: 	HTTP production server up and running on port 5000 !
2026-06-17 02:56:28 [32minfo[39m: 	Successfully connected to database mongodb://edgev3_app:edgev3_mongodb_pass@mongodb:27017/edgev3?authSource=admin
2026-06-17 02:56:28 [32minfo[39m: 	HTTP production server up and running on port 5000 !
2026-06-17 02:56:53 [32minfo[39m: 	Successfully connected to database mongodb://edgev3_app:edgev3_mongodb_pass@mongodb:27017/edgev3?authSource=admin
2026-06-17 02:56:53 [32minfo[39m: 	HTTP production server up and running on port 5000 !
2026-06-17 02:56:55 [32minfo[39m: 	Successfully connected to database mongodb://edgev3_app:edgev3_mongodb_pass@mongodb:27017/edgev3?authSource=admin
2026-06-17 02:56:55 [32minfo[39m: 	HTTP CRON server up and running on port 5555 !
2026-06-17 02:56:55 [32minfo[39m: 	Successfully connected to database mongodb://edgev3_app:edgev3_mongodb_pass@mongodb:27017/edgev3?authSource=admin
2026-06-17 02:56:55 [32minfo[39m: 	HTTP production server up and running on port 5000 !
2026-06-17 02:56:57 [32minfo[39m: 	Successfully connected to database mongodb://edgev3_app:edgev3_mongodb_pass@mongodb:27017/edgev3?authSource=admin
2026-06-17 02:56:57 [32minfo[39m: 	HTTP production server up and running on port 5000 !
2026-06-17 02:56:58 [32minfo[39m: 	Successfully connected to database mongodb://edgev3_app:edgev3_mongodb_pass@mongodb:27017/edgev3?authSource=admin
2026-06-17 02:56:58 [32minfo[39m: 	HTTP production server up and running on port 5000 !
2026-06-17 02:57:23 [32minfo[39m: 	Successfully connected to database mongodb://edgev3_app:edgev3_mongodb_pass@mongodb:27017/edgev3?authSource=admin
2026-06-17 02:57:23 [32minfo[39m: 	HTTP production server up and running on port 5000 !
2026-06-17 02:57:25 [32minfo[39m: 	Successfully connected to database mongodb://edgev3_app:edgev3_mongodb_pass@mongodb:27017/edgev3?authSource=admin
2026-06-17 02:57:25 [32minfo[39m: 	HTTP CRON server up and running on port 5555 !
2026-06-17 02:57:25 [32minfo[39m: 	Successfully connected to database mongodb://edgev3_app:edgev3_mongodb_pass@mongodb:27017/edgev3?authSource=admin
2026-06-17 02:57:25 [32minfo[39m: 	HTTP production server up and running on port 5000 !
2026-06-17 02:57:27 [32minfo[39m: 	Successfully connected to database mongodb://edgev3_app:edgev3_mongodb_pass@mongodb:27017/edgev3?authSource=admin
2026-06-17 02:57:27 [32minfo[39m: 	HTTP production server up and running on port 5000 !
2026-06-17 02:57:28 [32minfo[39m: 	Successfully connected to database mongodb://edgev3_app:edgev3_mongodb_pass@mongodb:27017/edgev3?authSource=admin
2026-06-17 02:57:28 [32minfo[39m: 	HTTP production server up and running on port 5000 !
2026-06-17 02:57:53 [32minfo[39m: 	Successfully connected to database mongodb://edgev3_app:edgev3_mongodb_pass@mongodb:27017/edgev3?authSource=admin
2026-06-17 02:57:53 [32minfo[39m: 	HTTP production server up and running on port 5000 !
2026-06-17 02:57:55 [32minfo[39m: 	Successfully connected to database mongodb://edgev3_app:edgev3_mongodb_pass@mongodb:27017/edgev3?authSource=admin
2026-06-17 02:57:55 [32minfo[39m: 	HTTP CRON server up and running on port 5555 !
2026-06-17 02:57:55 [32minfo[39m: 	Successfully connected to database mongodb://edgev3_app:edgev3_mongodb_pass@mongodb:27017/edgev3?authSource=admin
2026-06-17 02:57:55 [32minfo[39m: 	HTTP production server up and running on port 5000 !
2026-06-17 02:57:57 [32minfo[39m: 	Successfully connected to database mongodb://edgev3_app:edgev3_mongodb_pass@mongodb:27017/edgev3?authSource=admin
2026-06-17 02:57:57 [32minfo[39m: 	HTTP production server up and running on port 5000 !
2026-06-17 02:57:58 [32minfo[39m: 	Successfully connected to database mongodb://edgev3_app:edgev3_mongodb_pass@mongodb:27017/edgev3?authSource=admin
2026-06-17 02:57:58 [32minfo[39m: 	HTTP production server up and running on port 5000 !
2026-06-17 02:58:24 [32minfo[39m: 	Successfully connected to database mongodb://edgev3_app:edgev3_mongodb_pass@mongodb:27017/edgev3?authSource=admin
2026-06-17 02:58:24 [32minfo[39m: 	HTTP production server up and running on port 5000 !
2026-06-17 02:58:25 [32minfo[39m: 	Successfully connected to database mongodb://edgev3_app:edgev3_mongodb_pass@mongodb:27017/edgev3?authSource=admin
2026-06-17 02:58:25 [32minfo[39m: 	HTTP CRON server up and running on port 5555 !
2026-06-17 02:58:25 [32minfo[39m: 	Successfully connected to database mongodb://edgev3_app:edgev3_mongodb_pass@mongodb:27017/edgev3?authSource=admin
2026-06-17 02:58:25 [32minfo[39m: 	HTTP production server up and running on port 5000 !
2026-06-17 02:58:27 [32minfo[39m: 	Successfully connected to database mongodb://edgev3_app:edgev3_mongodb_pass@mongodb:27017/edgev3?authSource=admin
2026-06-17 02:58:27 [32minfo[39m: 	HTTP production server up and running on port 5000 !
2026-06-17 02:58:28 [32minfo[39m: 	Successfully connected to database mongodb://edgev3_app:edgev3_mongodb_pass@mongodb:27017/edgev3?authSource=admin
2026-06-17 02:58:28 [32minfo[39m: 	HTTP production server up and running on port 5000 !
2026-06-17 02:58:53 [32minfo[39m: 	Successfully connected to database mongodb://edgev3_app:edgev3_mongodb_pass@mongodb:27017/edgev3?authSource=admin
2026-06-17 02:58:53 [32minfo[39m: 	HTTP production server up and running on port 5000 !
2026-06-17 02:58:55 [32minfo[39m: 	Successfully connected to database mongodb://edgev3_app:edgev3_mongodb_pass@mongodb:27017/edgev3?authSource=admin
2026-06-17 02:58:55 [32minfo[39m: 	HTTP CRON server up and running on port 5555 !
2026-06-17 02:58:55 [32minfo[39m: 	Successfully connected to database mongodb://edgev3_app:edgev3_mongodb_pass@mongodb:27017/edgev3?authSource=admin
2026-06-17 02:58:55 [32minfo[39m: 	HTTP production server up and running on port 5000 !
2026-06-17 02:58:57 [32minfo[39m: 	Successfully connected to database mongodb://edgev3_app:edgev3_mongodb_pass@mongodb:27017/edgev3?authSource=admin
2026-06-17 02:58:57 [32minfo[39m: 	HTTP production server up and running on port 5000 !
2026-06-17 02:58:58 [32minfo[39m: 	Successfully connected to database mongodb://edgev3_app:edgev3_mongodb_pass@mongodb:27017/edgev3?authSource=admin
2026-06-17 02:58:58 [32minfo[39m: 	HTTP production server up and running on port 5000 !
2026-06-17 02:59:24 [32minfo[39m: 	Successfully connected to database mongodb://edgev3_app:edgev3_mongodb_pass@mongodb:27017/edgev3?authSource=admin
2026-06-17 02:59:24 [32minfo[39m: 	HTTP production server up and running on port 5000 !
2026-06-17 02:59:25 [32minfo[39m: 	Successfully connected to database mongodb://edgev3_app:edgev3_mongodb_pass@mongodb:27017/edgev3?authSource=admin
2026-06-17 02:59:25 [32minfo[39m: 	HTTP CRON server up and running on port 5555 !
2026-06-17 02:59:25 [32minfo[39m: 	Successfully connected to database mongodb://edgev3_app:edgev3_mongodb_pass@mongodb:27017/edgev3?authSource=admin
2026-06-17 02:59:25 [32minfo[39m: 	HTTP production server up and running on port 5000 !
2026-06-17 02:59:27 [32minfo[39m: 	Successfully connected to database mongodb://edgev3_app:edgev3_mongodb_pass@mongodb:27017/edgev3?authSource=admin
2026-06-17 02:59:27 [32minfo[39m: 	HTTP production server up and running on port 5000 !
2026-06-17 02:59:28 [32minfo[39m: 	Successfully connected to database mongodb://edgev3_app:edgev3_mongodb_pass@mongodb:27017/edgev3?authSource=admin
2026-06-17 02:59:28 [32minfo[39m: 	HTTP production server up and running on port 5000 !
2026-06-17 02:59:53 [32minfo[39m: 	Successfully connected to database mongodb://edgev3_app:edgev3_mongodb_pass@mongodb:27017/edgev3?authSource=admin
2026-06-17 02:59:53 [32minfo[39m: 	HTTP production server up and running on port 5000 !
2026-06-17 02:59:55 [32minfo[39m: 	Successfully connected to database mongodb://edgev3_app:edgev3_mongodb_pass@mongodb:27017/edgev3?authSource=admin
2026-06-17 02:59:55 [32minfo[39m: 	HTTP CRON server up and running on port 5555 !
2026-06-17 02:59:55 [32minfo[39m: 	Successfully connected to database mongodb://edgev3_app:edgev3_mongodb_pass@mongodb:27017/edgev3?authSource=admin
2026-06-17 02:59:55 [32minfo[39m: 	HTTP production server up and running on port 5000 !
2026-06-17 02:59:57 [32minfo[39m: 	Successfully connected to database mongodb://edgev3_app:edgev3_mongodb_pass@mongodb:27017/edgev3?authSource=admin
2026-06-17 02:59:57 [32minfo[39m: 	HTTP production server up and running on port 5000 !
2026-06-17 02:59:58 [32minfo[39m: 	Successfully connected to database mongodb://edgev3_app:edgev3_mongodb_pass@mongodb:27017/edgev3?authSource=admin
2026-06-17 02:59:58 [32minfo[39m: 	HTTP production server up and running on port 5000 !
2026-06-17 03:00:24 [32minfo[39m: 	Successfully connected to database mongodb://edgev3_app:edgev3_mongodb_pass@mongodb:27017/edgev3?authSource=admin
2026-06-17 03:00:24 [32minfo[39m: 	HTTP production server up and running on port 5000 !
2026-06-17 03:00:25 [32minfo[39m: 	Successfully connected to database mongodb://edgev3_app:edgev3_mongodb_pass@mongodb:27017/edgev3?authSource=admin
2026-06-17 03:00:25 [32minfo[39m: 	HTTP CRON server up and running on port 5555 !
2026-06-17 03:00:25 [32minfo[39m: 	Successfully connected to database mongodb://edgev3_app:edgev3_mongodb_pass@mongodb:27017/edgev3?authSource=admin
2026-06-17 03:00:25 [32minfo[39m: 	HTTP production server up and running on port 5000 !
2026-06-17 03:00:27 [32minfo[39m: 	Successfully connected to database mongodb://edgev3_app:edgev3_mongodb_pass@mongodb:27017/edgev3?authSource=admin
2026-06-17 03:00:27 [32minfo[39m: 	HTTP production server up and running on port 5000 !
2026-06-17 03:00:29 [32minfo[39m: 	Successfully connected to database mongodb://edgev3_app:edgev3_mongodb_pass@mongodb:27017/edgev3?authSource=admin
2026-06-17 03:00:29 [32minfo[39m: 	HTTP production server up and running on port 5000 !
2026-06-17 03:00:53 [32minfo[39m: 	Successfully connected to database mongodb://edgev3_app:edgev3_mongodb_pass@mongodb:27017/edgev3?authSource=admin
2026-06-17 03:00:53 [32minfo[39m: 	HTTP production server up and running on port 5000 !
2026-06-17 03:00:55 [32minfo[39m: 	Successfully connected to database mongodb://edgev3_app:edgev3_mongodb_pass@mongodb:27017/edgev3?authSource=admin
2026-06-17 03:00:55 [32minfo[39m: 	HTTP CRON server up and running on port 5555 !
2026-06-17 03:00:55 [32minfo[39m: 	Successfully connected to database mongodb://edgev3_app:edgev3_mongodb_pass@mongodb:27017/edgev3?authSource=admin
2026-06-17 03:00:55 [32minfo[39m: 	HTTP production server up and running on port 5000 !
2026-06-17 03:00:57 [32minfo[39m: 	Successfully connected to database mongodb://edgev3_app:edgev3_mongodb_pass@mongodb:27017/edgev3?authSource=admin
2026-06-17 03:00:57 [32minfo[39m: 	HTTP production server up and running on port 5000 !
2026-06-17 03:00:58 [32minfo[39m: 	Successfully connected to database mongodb://edgev3_app:edgev3_mongodb_pass@mongodb:27017/edgev3?authSource=admin
2026-06-17 03:00:58 [32minfo[39m: 	HTTP production server up and running on port 5000 !
2026-06-17 03:01:24 [32minfo[39m: 	Successfully connected to database mongodb://edgev3_app:edgev3_mongodb_pass@mongodb:27017/edgev3?authSource=admin
2026-06-17 03:01:24 [32minfo[39m: 	HTTP production server up and running on port 5000 !
2026-06-17 03:01:25 [32minfo[39m: 	Successfully connected to database mongodb://edgev3_app:edgev3_mongodb_pass@mongodb:27017/edgev3?authSource=admin
2026-06-17 03:01:25 [32minfo[39m: 	HTTP CRON server up and running on port 5555 !
2026-06-17 03:01:25 [32minfo[39m: 	Successfully connected to database mongodb://edgev3_app:edgev3_mongodb_pass@mongodb:27017/edgev3?authSource=admin
2026-06-17 03:01:25 [32minfo[39m: 	HTTP production server up and running on port 5000 !
2026-06-17 03:01:27 [32minfo[39m: 	Successfully connected to database mongodb://edgev3_app:edgev3_mongodb_pass@mongodb:27017/edgev3?authSource=admin
2026-06-17 03:01:27 [32minfo[39m: 	HTTP production server up and running on port 5000 !
2026-06-17 03:01:29 [32minfo[39m: 	Successfully connected to database mongodb://edgev3_app:edgev3_mongodb_pass@mongodb:27017/edgev3?authSource=admin
2026-06-17 03:01:29 [32minfo[39m: 	HTTP production server up and running on port 5000 !
2026-06-17 03:01:54 [32minfo[39m: 	Successfully connected to database mongodb://edgev3_app:edgev3_mongodb_pass@mongodb:27017/edgev3?authSource=admin
2026-06-17 03:01:54 [32minfo[39m: 	HTTP production server up and running on port 5000 !
2026-06-17 03:01:55 [32minfo[39m: 	Successfully connected to database mongodb://edgev3_app:edgev3_mongodb_pass@mongodb:27017/edgev3?authSource=admin
2026-06-17 03:01:55 [32minfo[39m: 	HTTP CRON server up and running on port 5555 !
2026-06-17 03:01:55 [32minfo[39m: 	Successfully connected to database mongodb://edgev3_app:edgev3_mongodb_pass@mongodb:27017/edgev3?authSource=admin
2026-06-17 03:01:55 [32minfo[39m: 	HTTP production server up and running on port 5000 !
2026-06-17 03:01:57 [32minfo[39m: 	Successfully connected to database mongodb://edgev3_app:edgev3_mongodb_pass@mongodb:27017/edgev3?authSource=admin
2026-06-17 03:01:57 [32minfo[39m: 	HTTP production server up and running on port 5000 !
2026-06-17 03:01:58 [32minfo[39m: 	Successfully connected to database mongodb://edgev3_app:edgev3_mongodb_pass@mongodb:27017/edgev3?authSource=admin
2026-06-17 03:01:58 [32minfo[39m: 	HTTP production server up and running on port 5000 !
2026-06-17 03:02:23 [32minfo[39m: 	Successfully connected to database mongodb://edgev3_app:edgev3_mongodb_pass@mongodb:27017/edgev3?authSource=admin
2026-06-17 03:02:23 [32minfo[39m: 	HTTP production server up and running on port 5000 !
2026-06-17 03:02:25 [32minfo[39m: 	Successfully connected to database mongodb://edgev3_app:edgev3_mongodb_pass@mongodb:27017/edgev3?authSource=admin
2026-06-17 03:02:25 [32minfo[39m: 	HTTP CRON server up and running on port 5555 !
2026-06-17 03:02:25 [32minfo[39m: 	Successfully connected to database mongodb://edgev3_app:edgev3_mongodb_pass@mongodb:27017/edgev3?authSource=admin
2026-06-17 03:02:25 [32minfo[39m: 	HTTP production server up and running on port 5000 !
2026-06-17 03:02:27 [32minfo[39m: 	Successfully connected to database mongodb://edgev3_app:edgev3_mongodb_pass@mongodb:27017/edgev3?authSource=admin
2026-06-17 03:02:27 [32minfo[39m: 	HTTP production server up and running on port 5000 !
2026-06-17 03:02:28 [32minfo[39m: 	Successfully connected to database mongodb://edgev3_app:edgev3_mongodb_pass@mongodb:27017/edgev3?authSource=admin
2026-06-17 03:02:28 [32minfo[39m: 	HTTP production server up and running on port 5000 !
2026-06-17 03:02:53 [32minfo[39m: 	Successfully connected to database mongodb://edgev3_app:edgev3_mongodb_pass@mongodb:27017/edgev3?authSource=admin
2026-06-17 03:02:53 [32minfo[39m: 	HTTP production server up and running on port 5000 !
2026-06-17 03:02:55 [32minfo[39m: 	Successfully connected to database mongodb://edgev3_app:edgev3_mongodb_pass@mongodb:27017/edgev3?authSource=admin
2026-06-17 03:02:55 [32minfo[39m: 	HTTP CRON server up and running on port 5555 !
2026-06-17 03:02:55 [32minfo[39m: 	Successfully connected to database mongodb://edgev3_app:edgev3_mongodb_pass@mongodb:27017/edgev3?authSource=admin
2026-06-17 03:02:55 [32minfo[39m: 	HTTP production server up and running on port 5000 !
2026-06-17 03:02:57 [32minfo[39m: 	Successfully connected to database mongodb://edgev3_app:edgev3_mongodb_pass@mongodb:27017/edgev3?authSource=admin
2026-06-17 03:02:57 [32minfo[39m: 	HTTP production server up and running on port 5000 !
2026-06-17 03:02:58 [32minfo[39m: 	Successfully connected to database mongodb://edgev3_app:edgev3_mongodb_pass@mongodb:27017/edgev3?authSource=admin
2026-06-17 03:02:58 [32minfo[39m: 	HTTP production server up and running on port 5000 !
2026-06-17 03:03:23 [32minfo[39m: 	Successfully connected to database mongodb://edgev3_app:edgev3_mongodb_pass@mongodb:27017/edgev3?authSource=admin
2026-06-17 03:03:23 [32minfo[39m: 	HTTP production server up and running on port 5000 !
2026-06-17 03:03:25 [32minfo[39m: 	Successfully connected to database mongodb://edgev3_app:edgev3_mongodb_pass@mongodb:27017/edgev3?authSource=admin
2026-06-17 03:03:25 [32minfo[39m: 	HTTP CRON server up and running on port 5555 !
2026-06-17 03:03:25 [32minfo[39m: 	Successfully connected to database mongodb://edgev3_app:edgev3_mongodb_pass@mongodb:27017/edgev3?authSource=admin
2026-06-17 03:03:25 [32minfo[39m: 	HTTP production server up and running on port 5000 !
2026-06-17 03:03:27 [32minfo[39m: 	Successfully connected to database mongodb://edgev3_app:edgev3_mongodb_pass@mongodb:27017/edgev3?authSource=admin
2026-06-17 03:03:27 [32minfo[39m: 	HTTP production server up and running on port 5000 !
2026-06-17 03:03:28 [32minfo[39m: 	Successfully connected to database mongodb://edgev3_app:edgev3_mongodb_pass@mongodb:27017/edgev3?authSource=admin
2026-06-17 03:03:28 [32minfo[39m: 	HTTP production server up and running on port 5000 !
2026-06-17 03:03:54 [32minfo[39m: 	Successfully connected to database mongodb://edgev3_app:edgev3_mongodb_pass@mongodb:27017/edgev3?authSource=admin
2026-06-17 03:03:54 [32minfo[39m: 	HTTP production server up and running on port 5000 !
2026-06-17 03:03:55 [32minfo[39m: 	Successfully connected to database mongodb://edgev3_app:edgev3_mongodb_pass@mongodb:27017/edgev3?authSource=admin
2026-06-17 03:03:55 [32minfo[39m: 	HTTP CRON server up and running on port 5555 !
2026-06-17 03:03:56 [32minfo[39m: 	Successfully connected to database mongodb://edgev3_app:edgev3_mongodb_pass@mongodb:27017/edgev3?authSource=admin
2026-06-17 03:03:56 [32minfo[39m: 	HTTP production server up and running on port 5000 !
2026-06-17 03:03:57 [32minfo[39m: 	Successfully connected to database mongodb://edgev3_app:edgev3_mongodb_pass@mongodb:27017/edgev3?authSource=admin
2026-06-17 03:03:57 [32minfo[39m: 	HTTP production server up and running on port 5000 !
2026-06-17 03:03:59 [32minfo[39m: 	Successfully connected to database mongodb://edgev3_app:edgev3_mongodb_pass@mongodb:27017/edgev3?authSource=admin
2026-06-17 03:03:59 [32minfo[39m: 	HTTP production server up and running on port 5000 !
2026-06-17 03:04:24 [32minfo[39m: 	Successfully connected to database mongodb://edgev3_app:edgev3_mongodb_pass@mongodb:27017/edgev3?authSource=admin
2026-06-17 03:04:24 [32minfo[39m: 	HTTP production server up and running on port 5000 !
2026-06-17 03:04:25 [32minfo[39m: 	Successfully connected to database mongodb://edgev3_app:edgev3_mongodb_pass@mongodb:27017/edgev3?authSource=admin
2026-06-17 03:04:25 [32minfo[39m: 	HTTP CRON server up and running on port 5555 !
2026-06-17 03:04:25 [32minfo[39m: 	Successfully connected to database mongodb://edgev3_app:edgev3_mongodb_pass@mongodb:27017/edgev3?authSource=admin
2026-06-17 03:04:25 [32minfo[39m: 	HTTP production server up and running on port 5000 !
2026-06-17 03:04:27 [32minfo[39m: 	Successfully connected to database mongodb://edgev3_app:edgev3_mongodb_pass@mongodb:27017/edgev3?authSource=admin
2026-06-17 03:04:27 [32minfo[39m: 	HTTP production server up and running on port 5000 !
2026-06-17 03:04:28 [32minfo[39m: 	Successfully connected to database mongodb://edgev3_app:edgev3_mongodb_pass@mongodb:27017/edgev3?authSource=admin
2026-06-17 03:04:28 [32minfo[39m: 	HTTP production server up and running on port 5000 !
2026-06-17 03:04:54 [32minfo[39m: 	Successfully connected to database mongodb://edgev3_app:edgev3_mongodb_pass@mongodb:27017/edgev3?authSource=admin
2026-06-17 03:04:54 [32minfo[39m: 	HTTP production server up and running on port 5000 !
2026-06-17 03:04:55 [32minfo[39m: 	Successfully connected to database mongodb://edgev3_app:edgev3_mongodb_pass@mongodb:27017/edgev3?authSource=admin
2026-06-17 03:04:55 [32minfo[39m: 	HTTP CRON server up and running on port 5555 !
2026-06-17 03:04:55 [32minfo[39m: 	Successfully connected to database mongodb://edgev3_app:edgev3_mongodb_pass@mongodb:27017/edgev3?authSource=admin
2026-06-17 03:04:55 [32minfo[39m: 	HTTP production server up and running on port 5000 !
2026-06-17 03:04:57 [32minfo[39m: 	Successfully connected to database mongodb://edgev3_app:edgev3_mongodb_pass@mongodb:27017/edgev3?authSource=admin
2026-06-17 03:04:57 [32minfo[39m: 	HTTP production server up and running on port 5000 !
2026-06-17 03:04:58 [32minfo[39m: 	Successfully connected to database mongodb://edgev3_app:edgev3_mongodb_pass@mongodb:27017/edgev3?authSource=admin
2026-06-17 03:04:58 [32minfo[39m: 	HTTP production server up and running on port 5000 !
2026-06-17 03:05:23 [32minfo[39m: 	Successfully connected to database mongodb://edgev3_app:edgev3_mongodb_pass@mongodb:27017/edgev3?authSource=admin
2026-06-17 03:05:24 [32minfo[39m: 	HTTP production server up and running on port 5000 !
2026-06-17 03:05:25 [32minfo[39m: 	Successfully connected to database mongodb://edgev3_app:edgev3_mongodb_pass@mongodb:27017/edgev3?authSource=admin
2026-06-17 03:05:25 [32minfo[39m: 	HTTP CRON server up and running on port 5555 !
2026-06-17 03:05:25 [32minfo[39m: 	Successfully connected to database mongodb://edgev3_app:edgev3_mongodb_pass@mongodb:27017/edgev3?authSource=admin
2026-06-17 03:05:25 [32minfo[39m: 	HTTP production server up and running on port 5000 !
2026-06-17 03:05:27 [32minfo[39m: 	Successfully connected to database mongodb://edgev3_app:edgev3_mongodb_pass@mongodb:27017/edgev3?authSource=admin
2026-06-17 03:05:27 [32minfo[39m: 	HTTP production server up and running on port 5000 !
2026-06-17 03:05:28 [32minfo[39m: 	Successfully connected to database mongodb://edgev3_app:edgev3_mongodb_pass@mongodb:27017/edgev3?authSource=admin
2026-06-17 03:05:28 [32minfo[39m: 	HTTP production server up and running on port 5000 !
2026-06-17 03:05:54 [32minfo[39m: 	Successfully connected to database mongodb://edgev3_app:edgev3_mongodb_pass@mongodb:27017/edgev3?authSource=admin
2026-06-17 03:05:54 [32minfo[39m: 	HTTP production server up and running on port 5000 !
2026-06-17 03:05:55 [32minfo[39m: 	Successfully connected to database mongodb://edgev3_app:edgev3_mongodb_pass@mongodb:27017/edgev3?authSource=admin
2026-06-17 03:05:55 [32minfo[39m: 	HTTP CRON server up and running on port 5555 !
2026-06-17 03:05:55 [32minfo[39m: 	Successfully connected to database mongodb://edgev3_app:edgev3_mongodb_pass@mongodb:27017/edgev3?authSource=admin
2026-06-17 03:05:55 [32minfo[39m: 	HTTP production server up and running on port 5000 !
2026-06-17 03:05:57 [32minfo[39m: 	Successfully connected to database mongodb://edgev3_app:edgev3_mongodb_pass@mongodb:27017/edgev3?authSource=admin
2026-06-17 03:05:57 [32minfo[39m: 	HTTP production server up and running on port 5000 !
2026-06-17 03:05:59 [32minfo[39m: 	Successfully connected to database mongodb://edgev3_app:edgev3_mongodb_pass@mongodb:27017/edgev3?authSource=admin
2026-06-17 03:05:59 [32minfo[39m: 	HTTP production server up and running on port 5000 !
2026-06-17 03:06:24 [32minfo[39m: 	Successfully connected to database mongodb://edgev3_app:edgev3_mongodb_pass@mongodb:27017/edgev3?authSource=admin
2026-06-17 03:06:24 [32minfo[39m: 	HTTP production server up and running on port 5000 !
2026-06-17 03:06:25 [32minfo[39m: 	Successfully connected to database mongodb://edgev3_app:edgev3_mongodb_pass@mongodb:27017/edgev3?authSource=admin
2026-06-17 03:06:25 [32minfo[39m: 	HTTP CRON server up and running on port 5555 !
2026-06-17 03:06:25 [32minfo[39m: 	Successfully connected to database mongodb://edgev3_app:edgev3_mongodb_pass@mongodb:27017/edgev3?authSource=admin
2026-06-17 03:06:25 [32minfo[39m: 	HTTP production server up and running on port 5000 !
2026-06-17 03:06:27 [32minfo[39m: 	Successfully connected to database mongodb://edgev3_app:edgev3_mongodb_pass@mongodb:27017/edgev3?authSource=admin
2026-06-17 03:06:27 [32minfo[39m: 	HTTP production server up and running on port 5000 !
2026-06-17 03:06:28 [32minfo[39m: 	Successfully connected to database mongodb://edgev3_app:edgev3_mongodb_pass@mongodb:27017/edgev3?authSource=admin
2026-06-17 03:06:28 [32minfo[39m: 	HTTP production server up and running on port 5000 !
2026-06-17 03:06:54 [32minfo[39m: 	Successfully connected to database mongodb://edgev3_app:edgev3_mongodb_pass@mongodb:27017/edgev3?authSource=admin
2026-06-17 03:06:54 [32minfo[39m: 	HTTP production server up and running on port 5000 !
2026-06-17 03:06:55 [32minfo[39m: 	Successfully connected to database mongodb://edgev3_app:edgev3_mongodb_pass@mongodb:27017/edgev3?authSource=admin
2026-06-17 03:06:55 [32minfo[39m: 	HTTP CRON server up and running on port 5555 !
2026-06-17 03:06:55 [32minfo[39m: 	Successfully connected to database mongodb://edgev3_app:edgev3_mongodb_pass@mongodb:27017/edgev3?authSource=admin
2026-06-17 03:06:55 [32minfo[39m: 	HTTP production server up and running on port 5000 !
2026-06-17 03:06:57 [32minfo[39m: 	Successfully connected to database mongodb://edgev3_app:edgev3_mongodb_pass@mongodb:27017/edgev3?authSource=admin
2026-06-17 03:06:57 [32minfo[39m: 	HTTP production server up and running on port 5000 !
2026-06-17 03:06:58 [32minfo[39m: 	Successfully connected to database mongodb://edgev3_app:edgev3_mongodb_pass@mongodb:27017/edgev3?authSource=admin
2026-06-17 03:06:58 [32minfo[39m: 	HTTP production server up and running on port 5000 !
2026-06-17 03:07:24 [32minfo[39m: 	Successfully connected to database mongodb://edgev3_app:edgev3_mongodb_pass@mongodb:27017/edgev3?authSource=admin
2026-06-17 03:07:24 [32minfo[39m: 	HTTP production server up and running on port 5000 !
2026-06-17 03:07:25 [32minfo[39m: 	Successfully connected to database mongodb://edgev3_app:edgev3_mongodb_pass@mongodb:27017/edgev3?authSource=admin
2026-06-17 03:07:25 [32minfo[39m: 	HTTP CRON server up and running on port 5555 !
2026-06-17 03:07:25 [32minfo[39m: 	Successfully connected to database mongodb://edgev3_app:edgev3_mongodb_pass@mongodb:27017/edgev3?authSource=admin
2026-06-17 03:07:25 [32minfo[39m: 	HTTP production server up and running on port 5000 !
2026-06-17 03:07:27 [32minfo[39m: 	Successfully connected to database mongodb://edgev3_app:edgev3_mongodb_pass@mongodb:27017/edgev3?authSource=admin
2026-06-17 03:07:27 [32minfo[39m: 	HTTP production server up and running on port 5000 !
2026-06-17 03:07:29 [32minfo[39m: 	Successfully connected to database mongodb://edgev3_app:edgev3_mongodb_pass@mongodb:27017/edgev3?authSource=admin
2026-06-17 03:07:29 [32minfo[39m: 	HTTP production server up and running on port 5000 !
2026-06-17 03:07:54 [32minfo[39m: 	Successfully connected to database mongodb://edgev3_app:edgev3_mongodb_pass@mongodb:27017/edgev3?authSource=admin
2026-06-17 03:07:54 [32minfo[39m: 	HTTP production server up and running on port 5000 !
2026-06-17 03:07:55 [32minfo[39m: 	Successfully connected to database mongodb://edgev3_app:edgev3_mongodb_pass@mongodb:27017/edgev3?authSource=admin
2026-06-17 03:07:55 [32minfo[39m: 	HTTP CRON server up and running on port 5555 !
2026-06-17 03:07:55 [32minfo[39m: 	Successfully connected to database mongodb://edgev3_app:edgev3_mongodb_pass@mongodb:27017/edgev3?authSource=admin
2026-06-17 03:07:55 [32minfo[39m: 	HTTP production server up and running on port 5000 !
2026-06-17 03:07:57 [32minfo[39m: 	Successfully connected to database mongodb://edgev3_app:edgev3_mongodb_pass@mongodb:27017/edgev3?authSource=admin
2026-06-17 03:07:57 [32minfo[39m: 	HTTP production server up and running on port 5000 !
2026-06-17 03:07:58 [32minfo[39m: 	Successfully connected to database mongodb://edgev3_app:edgev3_mongodb_pass@mongodb:27017/edgev3?authSource=admin
2026-06-17 03:07:58 [32minfo[39m: 	HTTP production server up and running on port 5000 !
2026-06-17 03:08:24 [32minfo[39m: 	Successfully connected to database mongodb://edgev3_app:edgev3_mongodb_pass@mongodb:27017/edgev3?authSource=admin
2026-06-17 03:08:24 [32minfo[39m: 	HTTP production server up and running on port 5000 !
2026-06-17 03:08:25 [32minfo[39m: 	Successfully connected to database mongodb://edgev3_app:edgev3_mongodb_pass@mongodb:27017/edgev3?authSource=admin
2026-06-17 03:08:25 [32minfo[39m: 	HTTP CRON server up and running on port 5555 !
2026-06-17 03:08:25 [32minfo[39m: 	Successfully connected to database mongodb://edgev3_app:edgev3_mongodb_pass@mongodb:27017/edgev3?authSource=admin
2026-06-17 03:08:25 [32minfo[39m: 	HTTP production server up and running on port 5000 !
2026-06-17 03:08:27 [32minfo[39m: 	Successfully connected to database mongodb://edgev3_app:edgev3_mongodb_pass@mongodb:27017/edgev3?authSource=admin
2026-06-17 03:08:27 [32minfo[39m: 	HTTP production server up and running on port 5000 !
2026-06-17 03:08:28 [32minfo[39m: 	Successfully connected to database mongodb://edgev3_app:edgev3_mongodb_pass@mongodb:27017/edgev3?authSource=admin
2026-06-17 03:08:28 [32minfo[39m: 	HTTP production server up and running on port 5000 !
2026-06-17 03:08:54 [32minfo[39m: 	Successfully connected to database mongodb://edgev3_app:edgev3_mongodb_pass@mongodb:27017/edgev3?authSource=admin
2026-06-17 03:08:54 [32minfo[39m: 	HTTP production server up and running on port 5000 !
2026-06-17 03:08:55 [32minfo[39m: 	Successfully connected to database mongodb://edgev3_app:edgev3_mongodb_pass@mongodb:27017/edgev3?authSource=admin
2026-06-17 03:08:55 [32minfo[39m: 	HTTP CRON server up and running on port 5555 !
2026-06-17 03:08:55 [32minfo[39m: 	Successfully connected to database mongodb://edgev3_app:edgev3_mongodb_pass@mongodb:27017/edgev3?authSource=admin
2026-06-17 03:08:55 [32minfo[39m: 	HTTP production server up and running on port 5000 !
2026-06-17 03:08:57 [32minfo[39m: 	Successfully connected to database mongodb://edgev3_app:edgev3_mongodb_pass@mongodb:27017/edgev3?authSource=admin
2026-06-17 03:08:57 [32minfo[39m: 	HTTP production server up and running on port 5000 !
2026-06-17 03:08:58 [32minfo[39m: 	Successfully connected to database mongodb://edgev3_app:edgev3_mongodb_pass@mongodb:27017/edgev3?authSource=admin
2026-06-17 03:08:58 [32minfo[39m: 	HTTP production server up and running on port 5000 !
2026-06-17 03:09:24 [32minfo[39m: 	Successfully connected to database mongodb://edgev3_app:edgev3_mongodb_pass@mongodb:27017/edgev3?authSource=admin
2026-06-17 03:09:24 [32minfo[39m: 	HTTP production server up and running on port 5000 !
2026-06-17 03:09:25 [32minfo[39m: 	Successfully connected to database mongodb://edgev3_app:edgev3_mongodb_pass@mongodb:27017/edgev3?authSource=admin
2026-06-17 03:09:25 [32minfo[39m: 	HTTP CRON server up and running on port 5555 !
2026-06-17 03:09:25 [32minfo[39m: 	Successfully connected to database mongodb://edgev3_app:edgev3_mongodb_pass@mongodb:27017/edgev3?authSource=admin
2026-06-17 03:09:25 [32minfo[39m: 	HTTP production server up and running on port 5000 !
2026-06-17 03:09:27 [32minfo[39m: 	Successfully connected to database mongodb://edgev3_app:edgev3_mongodb_pass@mongodb:27017/edgev3?authSource=admin
2026-06-17 03:09:27 [32minfo[39m: 	HTTP production server up and running on port 5000 !
2026-06-17 03:09:29 [32minfo[39m: 	Successfully connected to database mongodb://edgev3_app:edgev3_mongodb_pass@mongodb:27017/edgev3?authSource=admin
2026-06-17 03:09:29 [32minfo[39m: 	HTTP production server up and running on port 5000 !
2026-06-17 03:09:54 [32minfo[39m: 	Successfully connected to database mongodb://edgev3_app:edgev3_mongodb_pass@mongodb:27017/edgev3?authSource=admin
2026-06-17 03:09:54 [32minfo[39m: 	HTTP production server up and running on port 5000 !
2026-06-17 03:09:55 [32minfo[39m: 	Successfully connected to database mongodb://edgev3_app:edgev3_mongodb_pass@mongodb:27017/edgev3?authSource=admin
2026-06-17 03:09:55 [32minfo[39m: 	HTTP CRON server up and running on port 5555 !
2026-06-17 03:09:55 [32minfo[39m: 	Successfully connected to database mongodb://edgev3_app:edgev3_mongodb_pass@mongodb:27017/edgev3?authSource=admin
2026-06-17 03:09:55 [32minfo[39m: 	HTTP production server up and running on port 5000 !
2026-06-17 03:09:57 [32minfo[39m: 	Successfully connected to database mongodb://edgev3_app:edgev3_mongodb_pass@mongodb:27017/edgev3?authSource=admin
2026-06-17 03:09:57 [32minfo[39m: 	HTTP production server up and running on port 5000 !
2026-06-17 03:09:59 [32minfo[39m: 	Successfully connected to database mongodb://edgev3_app:edgev3_mongodb_pass@mongodb:27017/edgev3?authSource=admin
2026-06-17 03:09:59 [32minfo[39m: 	HTTP production server up and running on port 5000 !
2026-06-17 03:10:24 [32minfo[39m: 	Successfully connected to database mongodb://edgev3_app:edgev3_mongodb_pass@mongodb:27017/edgev3?authSource=admin
2026-06-17 03:10:24 [32minfo[39m: 	HTTP production server up and running on port 5000 !
2026-06-17 03:10:25 [32minfo[39m: 	Successfully connected to database mongodb://edgev3_app:edgev3_mongodb_pass@mongodb:27017/edgev3?authSource=admin
2026-06-17 03:10:25 [32minfo[39m: 	HTTP CRON server up and running on port 5555 !
2026-06-17 03:10:25 [32minfo[39m: 	Successfully connected to database mongodb://edgev3_app:edgev3_mongodb_pass@mongodb:27017/edgev3?authSource=admin
2026-06-17 03:10:25 [32minfo[39m: 	HTTP production server up and running on port 5000 !
2026-06-17 03:10:27 [32minfo[39m: 	Successfully connected to database mongodb://edgev3_app:edgev3_mongodb_pass@mongodb:27017/edgev3?authSource=admin
2026-06-17 03:10:27 [32minfo[39m: 	HTTP production server up and running on port 5000 !
2026-06-17 03:10:29 [32minfo[39m: 	Successfully connected to database mongodb://edgev3_app:edgev3_mongodb_pass@mongodb:27017/edgev3?authSource=admin
2026-06-17 03:10:29 [32minfo[39m: 	HTTP production server up and running on port 5000 !
2026-06-17 03:10:54 [32minfo[39m: 	Successfully connected to database mongodb://edgev3_app:edgev3_mongodb_pass@mongodb:27017/edgev3?authSource=admin
2026-06-17 03:10:54 [32minfo[39m: 	HTTP production server up and running on port 5000 !
2026-06-17 03:10:55 [32minfo[39m: 	Successfully connected to database mongodb://edgev3_app:edgev3_mongodb_pass@mongodb:27017/edgev3?authSource=admin
2026-06-17 03:10:55 [32minfo[39m: 	HTTP CRON server up and running on port 5555 !
2026-06-17 03:10:55 [32minfo[39m: 	Successfully connected to database mongodb://edgev3_app:edgev3_mongodb_pass@mongodb:27017/edgev3?authSource=admin
2026-06-17 03:10:55 [32minfo[39m: 	HTTP production server up and running on port 5000 !
2026-06-17 03:10:57 [32minfo[39m: 	Successfully connected to database mongodb://edgev3_app:edgev3_mongodb_pass@mongodb:27017/edgev3?authSource=admin
2026-06-17 03:10:57 [32minfo[39m: 	HTTP production server up and running on port 5000 !
2026-06-17 03:10:59 [32minfo[39m: 	Successfully connected to database mongodb://edgev3_app:edgev3_mongodb_pass@mongodb:27017/edgev3?authSource=admin
2026-06-17 03:10:59 [32minfo[39m: 	HTTP production server up and running on port 5000 !
2026-06-17 03:11:24 [32minfo[39m: 	Successfully connected to database mongodb://edgev3_app:edgev3_mongodb_pass@mongodb:27017/edgev3?authSource=admin
2026-06-17 03:11:24 [32minfo[39m: 	HTTP production server up and running on port 5000 !
2026-06-17 03:11:25 [32minfo[39m: 	Successfully connected to database mongodb://edgev3_app:edgev3_mongodb_pass@mongodb:27017/edgev3?authSource=admin
2026-06-17 03:11:25 [32minfo[39m: 	HTTP CRON server up and running on port 5555 !
2026-06-17 03:11:26 [32minfo[39m: 	Successfully connected to database mongodb://edgev3_app:edgev3_mongodb_pass@mongodb:27017/edgev3?authSource=admin
2026-06-17 03:11:26 [32minfo[39m: 	HTTP production server up and running on port 5000 !
2026-06-17 03:11:27 [32minfo[39m: 	Successfully connected to database mongodb://edgev3_app:edgev3_mongodb_pass@mongodb:27017/edgev3?authSource=admin
2026-06-17 03:11:27 [32minfo[39m: 	HTTP production server up and running on port 5000 !
2026-06-17 03:11:29 [32minfo[39m: 	Successfully connected to database mongodb://edgev3_app:edgev3_mongodb_pass@mongodb:27017/edgev3?authSource=admin
2026-06-17 03:11:29 [32minfo[39m: 	HTTP production server up and running on port 5000 !
2026-06-17 03:11:54 [32minfo[39m: 	Successfully connected to database mongodb://edgev3_app:edgev3_mongodb_pass@mongodb:27017/edgev3?authSource=admin
2026-06-17 03:11:54 [32minfo[39m: 	HTTP production server up and running on port 5000 !
2026-06-17 03:11:55 [32minfo[39m: 	Successfully connected to database mongodb://edgev3_app:edgev3_mongodb_pass@mongodb:27017/edgev3?authSource=admin
2026-06-17 03:11:55 [32minfo[39m: 	HTTP CRON server up and running on port 5555 !
2026-06-17 03:11:55 [32minfo[39m: 	Successfully connected to database mongodb://edgev3_app:edgev3_mongodb_pass@mongodb:27017/edgev3?authSource=admin
2026-06-17 03:11:55 [32minfo[39m: 	HTTP production server up and running on port 5000 !
2026-06-17 03:11:57 [32minfo[39m: 	Successfully connected to database mongodb://edgev3_app:edgev3_mongodb_pass@mongodb:27017/edgev3?authSource=admin
2026-06-17 03:11:57 [32minfo[39m: 	HTTP production server up and running on port 5000 !
2026-06-17 03:11:59 [32minfo[39m: 	Successfully connected to database mongodb://edgev3_app:edgev3_mongodb_pass@mongodb:27017/edgev3?authSource=admin
2026-06-17 03:11:59 [32minfo[39m: 	HTTP production server up and running on port 5000 !
2026-06-17 03:12:24 [32minfo[39m: 	Successfully connected to database mongodb://edgev3_app:edgev3_mongodb_pass@mongodb:27017/edgev3?authSource=admin
2026-06-17 03:12:24 [32minfo[39m: 	HTTP production server up and running on port 5000 !
2026-06-17 03:12:25 [32minfo[39m: 	Successfully connected to database mongodb://edgev3_app:edgev3_mongodb_pass@mongodb:27017/edgev3?authSource=admin
2026-06-17 03:12:25 [32minfo[39m: 	HTTP CRON server up and running on port 5555 !
2026-06-17 03:12:25 [32minfo[39m: 	Successfully connected to database mongodb://edgev3_app:edgev3_mongodb_pass@mongodb:27017/edgev3?authSource=admin
2026-06-17 03:12:25 [32minfo[39m: 	HTTP production server up and running on port 5000 !
2026-06-17 03:12:27 [32minfo[39m: 	Successfully connected to database mongodb://edgev3_app:edgev3_mongodb_pass@mongodb:27017/edgev3?authSource=admin
2026-06-17 03:12:27 [32minfo[39m: 	HTTP production server up and running on port 5000 !
2026-06-17 03:12:29 [32minfo[39m: 	Successfully connected to database mongodb://edgev3_app:edgev3_mongodb_pass@mongodb:27017/edgev3?authSource=admin
2026-06-17 03:12:29 [32minfo[39m: 	HTTP production server up and running on port 5000 !
2026-06-17 03:12:54 [32minfo[39m: 	Successfully connected to database mongodb://edgev3_app:edgev3_mongodb_pass@mongodb:27017/edgev3?authSource=admin
2026-06-17 03:12:54 [32minfo[39m: 	HTTP production server up and running on port 5000 !
2026-06-17 03:12:55 [32minfo[39m: 	Successfully connected to database mongodb://edgev3_app:edgev3_mongodb_pass@mongodb:27017/edgev3?authSource=admin
2026-06-17 03:12:55 [32minfo[39m: 	HTTP CRON server up and running on port 5555 !
2026-06-17 03:12:55 [32minfo[39m: 	Successfully connected to database mongodb://edgev3_app:edgev3_mongodb_pass@mongodb:27017/edgev3?authSource=admin
2026-06-17 03:12:55 [32minfo[39m: 	HTTP production server up and running on port 5000 !
2026-06-17 03:12:57 [32minfo[39m: 	Successfully connected to database mongodb://edgev3_app:edgev3_mongodb_pass@mongodb:27017/edgev3?authSource=admin
2026-06-17 03:12:57 [32minfo[39m: 	HTTP production server up and running on port 5000 !
2026-06-17 03:12:59 [32minfo[39m: 	Successfully connected to database mongodb://edgev3_app:edgev3_mongodb_pass@mongodb:27017/edgev3?authSource=admin
2026-06-17 03:12:59 [32minfo[39m: 	HTTP production server up and running on port 5000 !
2026-06-17 03:13:24 [32minfo[39m: 	Successfully connected to database mongodb://edgev3_app:edgev3_mongodb_pass@mongodb:27017/edgev3?authSource=admin
2026-06-17 03:13:24 [32minfo[39m: 	HTTP production server up and running on port 5000 !
2026-06-17 03:13:25 [32minfo[39m: 	Successfully connected to database mongodb://edgev3_app:edgev3_mongodb_pass@mongodb:27017/edgev3?authSource=admin
2026-06-17 03:13:25 [32minfo[39m: 	HTTP CRON server up and running on port 5555 !
2026-06-17 03:13:25 [32minfo[39m: 	Successfully connected to database mongodb://edgev3_app:edgev3_mongodb_pass@mongodb:27017/edgev3?authSource=admin
2026-06-17 03:13:25 [32minfo[39m: 	HTTP production server up and running on port 5000 !
2026-06-17 03:13:27 [32minfo[39m: 	Successfully connected to database mongodb://edgev3_app:edgev3_mongodb_pass@mongodb:27017/edgev3?authSource=admin
2026-06-17 03:13:27 [32minfo[39m: 	HTTP production server up and running on port 5000 !
2026-06-17 03:13:29 [32minfo[39m: 	Successfully connected to database mongodb://edgev3_app:edgev3_mongodb_pass@mongodb:27017/edgev3?authSource=admin
2026-06-17 03:13:29 [32minfo[39m: 	HTTP production server up and running on port 5000 !
2026-06-17 03:13:54 [32minfo[39m: 	Successfully connected to database mongodb://edgev3_app:edgev3_mongodb_pass@mongodb:27017/edgev3?authSource=admin
2026-06-17 03:13:54 [32minfo[39m: 	HTTP production server up and running on port 5000 !
2026-06-17 03:13:55 [32minfo[39m: 	Successfully connected to database mongodb://edgev3_app:edgev3_mongodb_pass@mongodb:27017/edgev3?authSource=admin
2026-06-17 03:13:55 [32minfo[39m: 	HTTP CRON server up and running on port 5555 !
2026-06-17 03:13:56 [32minfo[39m: 	Successfully connected to database mongodb://edgev3_app:edgev3_mongodb_pass@mongodb:27017/edgev3?authSource=admin
2026-06-17 03:13:56 [32minfo[39m: 	HTTP production server up and running on port 5000 !
2026-06-17 03:13:57 [32minfo[39m: 	Successfully connected to database mongodb://edgev3_app:edgev3_mongodb_pass@mongodb:27017/edgev3?authSource=admin
2026-06-17 03:13:57 [32minfo[39m: 	HTTP production server up and running on port 5000 !
2026-06-17 03:13:59 [32minfo[39m: 	Successfully connected to database mongodb://edgev3_app:edgev3_mongodb_pass@mongodb:27017/edgev3?authSource=admin
2026-06-17 03:13:59 [32minfo[39m: 	HTTP production server up and running on port 5000 !
2026-06-17 03:14:24 [32minfo[39m: 	Successfully connected to database mongodb://edgev3_app:edgev3_mongodb_pass@mongodb:27017/edgev3?authSource=admin
2026-06-17 03:14:24 [32minfo[39m: 	HTTP production server up and running on port 5000 !
2026-06-17 03:14:25 [32minfo[39m: 	Successfully connected to database mongodb://edgev3_app:edgev3_mongodb_pass@mongodb:27017/edgev3?authSource=admin
2026-06-17 03:14:25 [32minfo[39m: 	HTTP CRON server up and running on port 5555 !
2026-06-17 03:14:25 [32minfo[39m: 	Successfully connected to database mongodb://edgev3_app:edgev3_mongodb_pass@mongodb:27017/edgev3?authSource=admin
2026-06-17 03:14:25 [32minfo[39m: 	HTTP production server up and running on port 5000 !
2026-06-17 03:14:27 [32minfo[39m: 	Successfully connected to database mongodb://edgev3_app:edgev3_mongodb_pass@mongodb:27017/edgev3?authSource=admin
2026-06-17 03:14:27 [32minfo[39m: 	HTTP production server up and running on port 5000 !
2026-06-17 03:14:29 [32minfo[39m: 	Successfully connected to database mongodb://edgev3_app:edgev3_mongodb_pass@mongodb:27017/edgev3?authSource=admin
2026-06-17 03:14:29 [32minfo[39m: 	HTTP production server up and running on port 5000 !
2026-06-17 03:14:54 [32minfo[39m: 	Successfully connected to database mongodb://edgev3_app:edgev3_mongodb_pass@mongodb:27017/edgev3?authSource=admin
2026-06-17 03:14:54 [32minfo[39m: 	HTTP production server up and running on port 5000 !
2026-06-17 03:14:55 [32minfo[39m: 	Successfully connected to database mongodb://edgev3_app:edgev3_mongodb_pass@mongodb:27017/edgev3?authSource=admin
2026-06-17 03:14:55 [32minfo[39m: 	HTTP CRON server up and running on port 5555 !
2026-06-17 03:14:55 [32minfo[39m: 	Successfully connected to database mongodb://edgev3_app:edgev3_mongodb_pass@mongodb:27017/edgev3?authSource=admin
2026-06-17 03:14:55 [32minfo[39m: 	HTTP production server up and running on port 5000 !
2026-06-17 03:14:57 [32minfo[39m: 	Successfully connected to database mongodb://edgev3_app:edgev3_mongodb_pass@mongodb:27017/edgev3?authSource=admin
2026-06-17 03:14:57 [32minfo[39m: 	HTTP production server up and running on port 5000 !
2026-06-17 03:14:59 [32minfo[39m: 	Successfully connected to database mongodb://edgev3_app:edgev3_mongodb_pass@mongodb:27017/edgev3?authSource=admin
2026-06-17 03:14:59 [32minfo[39m: 	HTTP production server up and running on port 5000 !
2026-06-17 03:15:24 [32minfo[39m: 	Successfully connected to database mongodb://edgev3_app:edgev3_mongodb_pass@mongodb:27017/edgev3?authSource=admin
2026-06-17 03:15:24 [32minfo[39m: 	HTTP production server up and running on port 5000 !
2026-06-17 03:15:25 [32minfo[39m: 	Successfully connected to database mongodb://edgev3_app:edgev3_mongodb_pass@mongodb:27017/edgev3?authSource=admin
2026-06-17 03:15:25 [32minfo[39m: 	HTTP CRON server up and running on port 5555 !
2026-06-17 03:15:25 [32minfo[39m: 	Successfully connected to database mongodb://edgev3_app:edgev3_mongodb_pass@mongodb:27017/edgev3?authSource=admin
2026-06-17 03:15:25 [32minfo[39m: 	HTTP production server up and running on port 5000 !
2026-06-17 03:15:27 [32minfo[39m: 	Successfully connected to database mongodb://edgev3_app:edgev3_mongodb_pass@mongodb:27017/edgev3?authSource=admin
2026-06-17 03:15:27 [32minfo[39m: 	HTTP production server up and running on port 5000 !
2026-06-17 03:15:29 [32minfo[39m: 	Successfully connected to database mongodb://edgev3_app:edgev3_mongodb_pass@mongodb:27017/edgev3?authSource=admin
2026-06-17 03:15:29 [32minfo[39m: 	HTTP production server up and running on port 5000 !
2026-06-17 03:15:54 [32minfo[39m: 	Successfully connected to database mongodb://edgev3_app:edgev3_mongodb_pass@mongodb:27017/edgev3?authSource=admin
2026-06-17 03:15:54 [32minfo[39m: 	HTTP production server up and running on port 5000 !
2026-06-17 03:15:55 [32minfo[39m: 	Successfully connected to database mongodb://edgev3_app:edgev3_mongodb_pass@mongodb:27017/edgev3?authSource=admin
2026-06-17 03:15:55 [32minfo[39m: 	HTTP CRON server up and running on port 5555 !
2026-06-17 03:15:56 [32minfo[39m: 	Successfully connected to database mongodb://edgev3_app:edgev3_mongodb_pass@mongodb:27017/edgev3?authSource=admin
2026-06-17 03:15:56 [32minfo[39m: 	HTTP production server up and running on port 5000 !
2026-06-17 03:15:57 [32minfo[39m: 	Successfully connected to database mongodb://edgev3_app:edgev3_mongodb_pass@mongodb:27017/edgev3?authSource=admin
2026-06-17 03:15:57 [32minfo[39m: 	HTTP production server up and running on port 5000 !
2026-06-17 03:15:59 [32minfo[39m: 	Successfully connected to database mongodb://edgev3_app:edgev3_mongodb_pass@mongodb:27017/edgev3?authSource=admin
2026-06-17 03:15:59 [32minfo[39m: 	HTTP production server up and running on port 5000 !
2026-06-17 03:16:24 [32minfo[39m: 	Successfully connected to database mongodb://edgev3_app:edgev3_mongodb_pass@mongodb:27017/edgev3?authSource=admin
2026-06-17 03:16:24 [32minfo[39m: 	HTTP production server up and running on port 5000 !
2026-06-17 03:16:25 [32minfo[39m: 	Successfully connected to database mongodb://edgev3_app:edgev3_mongodb_pass@mongodb:27017/edgev3?authSource=admin
2026-06-17 03:16:25 [32minfo[39m: 	HTTP CRON server up and running on port 5555 !
2026-06-17 03:16:25 [32minfo[39m: 	Successfully connected to database mongodb://edgev3_app:edgev3_mongodb_pass@mongodb:27017/edgev3?authSource=admin
2026-06-17 03:16:25 [32minfo[39m: 	HTTP production server up and running on port 5000 !
2026-06-17 03:16:27 [32minfo[39m: 	Successfully connected to database mongodb://edgev3_app:edgev3_mongodb_pass@mongodb:27017/edgev3?authSource=admin
2026-06-17 03:16:27 [32minfo[39m: 	HTTP production server up and running on port 5000 !
2026-06-17 03:16:29 [32minfo[39m: 	Successfully connected to database mongodb://edgev3_app:edgev3_mongodb_pass@mongodb:27017/edgev3?authSource=admin
2026-06-17 03:16:29 [32minfo[39m: 	HTTP production server up and running on port 5000 !
2026-06-17 03:16:54 [32minfo[39m: 	Successfully connected to database mongodb://edgev3_app:edgev3_mongodb_pass@mongodb:27017/edgev3?authSource=admin
2026-06-17 03:16:54 [32minfo[39m: 	HTTP production server up and running on port 5000 !
2026-06-17 03:16:55 [32minfo[39m: 	Successfully connected to database mongodb://edgev3_app:edgev3_mongodb_pass@mongodb:27017/edgev3?authSource=admin
2026-06-17 03:16:55 [32minfo[39m: 	HTTP CRON server up and running on port 5555 !
2026-06-17 03:16:55 [32minfo[39m: 	Successfully connected to database mongodb://edgev3_app:edgev3_mongodb_pass@mongodb:27017/edgev3?authSource=admin
2026-06-17 03:16:55 [32minfo[39m: 	HTTP production server up and running on port 5000 !
2026-06-17 03:16:57 [32minfo[39m: 	Successfully connected to database mongodb://edgev3_app:edgev3_mongodb_pass@mongodb:27017/edgev3?authSource=admin
2026-06-17 03:16:57 [32minfo[39m: 	HTTP production server up and running on port 5000 !
2026-06-17 03:16:59 [32minfo[39m: 	Successfully connected to database mongodb://edgev3_app:edgev3_mongodb_pass@mongodb:27017/edgev3?authSource=admin
2026-06-17 03:16:59 [32minfo[39m: 	HTTP production server up and running on port 5000 !
2026-06-17 03:17:24 [32minfo[39m: 	Successfully connected to database mongodb://edgev3_app:edgev3_mongodb_pass@mongodb:27017/edgev3?authSource=admin
2026-06-17 03:17:24 [32minfo[39m: 	HTTP production server up and running on port 5000 !
2026-06-17 03:17:25 [32minfo[39m: 	Successfully connected to database mongodb://edgev3_app:edgev3_mongodb_pass@mongodb:27017/edgev3?authSource=admin
2026-06-17 03:17:25 [32minfo[39m: 	HTTP CRON server up and running on port 5555 !
2026-06-17 03:17:25 [32minfo[39m: 	Successfully connected to database mongodb://edgev3_app:edgev3_mongodb_pass@mongodb:27017/edgev3?authSource=admin
2026-06-17 03:17:25 [32minfo[39m: 	HTTP production server up and running on port 5000 !
2026-06-17 03:17:27 [32minfo[39m: 	Successfully connected to database mongodb://edgev3_app:edgev3_mongodb_pass@mongodb:27017/edgev3?authSource=admin
2026-06-17 03:17:27 [32minfo[39m: 	HTTP production server up and running on port 5000 !
2026-06-17 03:17:29 [32minfo[39m: 	Successfully connected to database mongodb://edgev3_app:edgev3_mongodb_pass@mongodb:27017/edgev3?authSource=admin
2026-06-17 03:17:29 [32minfo[39m: 	HTTP production server up and running on port 5000 !
2026-06-17 03:17:54 [32minfo[39m: 	Successfully connected to database mongodb://edgev3_app:edgev3_mongodb_pass@mongodb:27017/edgev3?authSource=admin
2026-06-17 03:17:54 [32minfo[39m: 	HTTP production server up and running on port 5000 !
2026-06-17 03:17:55 [32minfo[39m: 	Successfully connected to database mongodb://edgev3_app:edgev3_mongodb_pass@mongodb:27017/edgev3?authSource=admin
2026-06-17 03:17:55 [32minfo[39m: 	HTTP CRON server up and running on port 5555 !
2026-06-17 03:17:55 [32minfo[39m: 	Successfully connected to database mongodb://edgev3_app:edgev3_mongodb_pass@mongodb:27017/edgev3?authSource=admin
2026-06-17 03:17:55 [32minfo[39m: 	HTTP production server up and running on port 5000 !
2026-06-17 03:17:57 [32minfo[39m: 	Successfully connected to database mongodb://edgev3_app:edgev3_mongodb_pass@mongodb:27017/edgev3?authSource=admin
2026-06-17 03:17:57 [32minfo[39m: 	HTTP production server up and running on port 5000 !
2026-06-17 03:17:59 [32minfo[39m: 	Successfully connected to database mongodb://edgev3_app:edgev3_mongodb_pass@mongodb:27017/edgev3?authSource=admin
2026-06-17 03:17:59 [32minfo[39m: 	HTTP production server up and running on port 5000 !
2026-06-17 03:18:24 [32minfo[39m: 	Successfully connected to database mongodb://edgev3_app:edgev3_mongodb_pass@mongodb:27017/edgev3?authSource=admin
2026-06-17 03:18:24 [32minfo[39m: 	HTTP production server up and running on port 5000 !
2026-06-17 03:18:25 [32minfo[39m: 	Successfully connected to database mongodb://edgev3_app:edgev3_mongodb_pass@mongodb:27017/edgev3?authSource=admin
2026-06-17 03:18:25 [32minfo[39m: 	HTTP CRON server up and running on port 5555 !
2026-06-17 03:18:25 [32minfo[39m: 	Successfully connected to database mongodb://edgev3_app:edgev3_mongodb_pass@mongodb:27017/edgev3?authSource=admin
2026-06-17 03:18:26 [32minfo[39m: 	HTTP production server up and running on port 5000 !
2026-06-17 03:18:27 [32minfo[39m: 	Successfully connected to database mongodb://edgev3_app:edgev3_mongodb_pass@mongodb:27017/edgev3?authSource=admin
2026-06-17 03:18:27 [32minfo[39m: 	HTTP production server up and running on port 5000 !
2026-06-17 03:18:29 [32minfo[39m: 	Successfully connected to database mongodb://edgev3_app:edgev3_mongodb_pass@mongodb:27017/edgev3?authSource=admin
2026-06-17 03:18:29 [32minfo[39m: 	HTTP production server up and running on port 5000 !
2026-06-17 03:18:54 [32minfo[39m: 	Successfully connected to database mongodb://edgev3_app:edgev3_mongodb_pass@mongodb:27017/edgev3?authSource=admin
2026-06-17 03:18:54 [32minfo[39m: 	HTTP production server up and running on port 5000 !
2026-06-17 03:18:55 [32minfo[39m: 	Successfully connected to database mongodb://edgev3_app:edgev3_mongodb_pass@mongodb:27017/edgev3?authSource=admin
2026-06-17 03:18:55 [32minfo[39m: 	HTTP CRON server up and running on port 5555 !
2026-06-17 03:18:56 [32minfo[39m: 	Successfully connected to database mongodb://edgev3_app:edgev3_mongodb_pass@mongodb:27017/edgev3?authSource=admin
2026-06-17 03:18:56 [32minfo[39m: 	HTTP production server up and running on port 5000 !
2026-06-17 03:18:57 [32minfo[39m: 	Successfully connected to database mongodb://edgev3_app:edgev3_mongodb_pass@mongodb:27017/edgev3?authSource=admin
2026-06-17 03:18:57 [32minfo[39m: 	HTTP production server up and running on port 5000 !
2026-06-17 03:18:59 [32minfo[39m: 	Successfully connected to database mongodb://edgev3_app:edgev3_mongodb_pass@mongodb:27017/edgev3?authSource=admin
2026-06-17 03:18:59 [32minfo[39m: 	HTTP production server up and running on port 5000 !
2026-06-17 03:19:24 [32minfo[39m: 	Successfully connected to database mongodb://edgev3_app:edgev3_mongodb_pass@mongodb:27017/edgev3?authSource=admin
2026-06-17 03:19:24 [32minfo[39m: 	HTTP production server up and running on port 5000 !
2026-06-17 03:19:25 [32minfo[39m: 	Successfully connected to database mongodb://edgev3_app:edgev3_mongodb_pass@mongodb:27017/edgev3?authSource=admin
2026-06-17 03:19:25 [32minfo[39m: 	HTTP CRON server up and running on port 5555 !
2026-06-17 03:19:25 [32minfo[39m: 	Successfully connected to database mongodb://edgev3_app:edgev3_mongodb_pass@mongodb:27017/edgev3?authSource=admin
2026-06-17 03:19:25 [32minfo[39m: 	HTTP production server up and running on port 5000 !
2026-06-17 03:19:27 [32minfo[39m: 	Successfully connected to database mongodb://edgev3_app:edgev3_mongodb_pass@mongodb:27017/edgev3?authSource=admin
2026-06-17 03:19:27 [32minfo[39m: 	HTTP production server up and running on port 5000 !
2026-06-17 03:19:29 [32minfo[39m: 	Successfully connected to database mongodb://edgev3_app:edgev3_mongodb_pass@mongodb:27017/edgev3?authSource=admin
2026-06-17 03:19:29 [32minfo[39m: 	HTTP production server up and running on port 5000 !
2026-06-17 03:19:54 [32minfo[39m: 	Successfully connected to database mongodb://edgev3_app:edgev3_mongodb_pass@mongodb:27017/edgev3?authSource=admin
2026-06-17 03:19:54 [32minfo[39m: 	HTTP production server up and running on port 5000 !
2026-06-17 03:19:55 [32minfo[39m: 	Successfully connected to database mongodb://edgev3_app:edgev3_mongodb_pass@mongodb:27017/edgev3?authSource=admin
2026-06-17 03:19:55 [32minfo[39m: 	HTTP CRON server up and running on port 5555 !
2026-06-17 03:19:55 [32minfo[39m: 	Successfully connected to database mongodb://edgev3_app:edgev3_mongodb_pass@mongodb:27017/edgev3?authSource=admin
2026-06-17 03:19:55 [32minfo[39m: 	HTTP production server up and running on port 5000 !
2026-06-17 03:19:57 [32minfo[39m: 	Successfully connected to database mongodb://edgev3_app:edgev3_mongodb_pass@mongodb:27017/edgev3?authSource=admin
2026-06-17 03:19:57 [32minfo[39m: 	HTTP production server up and running on port 5000 !
2026-06-17 03:19:59 [32minfo[39m: 	Successfully connected to database mongodb://edgev3_app:edgev3_mongodb_pass@mongodb:27017/edgev3?authSource=admin
2026-06-17 03:19:59 [32minfo[39m: 	HTTP production server up and running on port 5000 !
2026-06-17 03:20:24 [32minfo[39m: 	Successfully connected to database mongodb://edgev3_app:edgev3_mongodb_pass@mongodb:27017/edgev3?authSource=admin
2026-06-17 03:20:24 [32minfo[39m: 	HTTP production server up and running on port 5000 !
2026-06-17 03:20:25 [32minfo[39m: 	Successfully connected to database mongodb://edgev3_app:edgev3_mongodb_pass@mongodb:27017/edgev3?authSource=admin
2026-06-17 03:20:25 [32minfo[39m: 	HTTP CRON server up and running on port 5555 !
2026-06-17 03:20:26 [32minfo[39m: 	Successfully connected to database mongodb://edgev3_app:edgev3_mongodb_pass@mongodb:27017/edgev3?authSource=admin
2026-06-17 03:20:26 [32minfo[39m: 	HTTP production server up and running on port 5000 !
2026-06-17 03:20:27 [32minfo[39m: 	Successfully connected to database mongodb://edgev3_app:edgev3_mongodb_pass@mongodb:27017/edgev3?authSource=admin
2026-06-17 03:20:27 [32minfo[39m: 	HTTP production server up and running on port 5000 !
2026-06-17 03:20:29 [32minfo[39m: 	Successfully connected to database mongodb://edgev3_app:edgev3_mongodb_pass@mongodb:27017/edgev3?authSource=admin
2026-06-17 03:20:29 [32minfo[39m: 	HTTP production server up and running on port 5000 !
2026-06-17 03:20:54 [32minfo[39m: 	Successfully connected to database mongodb://edgev3_app:edgev3_mongodb_pass@mongodb:27017/edgev3?authSource=admin
2026-06-17 03:20:54 [32minfo[39m: 	HTTP production server up and running on port 5000 !
2026-06-17 03:20:55 [32minfo[39m: 	Successfully connected to database mongodb://edgev3_app:edgev3_mongodb_pass@mongodb:27017/edgev3?authSource=admin
2026-06-17 03:20:55 [32minfo[39m: 	HTTP CRON server up and running on port 5555 !
2026-06-17 03:20:55 [32minfo[39m: 	Successfully connected to database mongodb://edgev3_app:edgev3_mongodb_pass@mongodb:27017/edgev3?authSource=admin
2026-06-17 03:20:55 [32minfo[39m: 	HTTP production server up and running on port 5000 !
2026-06-17 03:20:57 [32minfo[39m: 	Successfully connected to database mongodb://edgev3_app:edgev3_mongodb_pass@mongodb:27017/edgev3?authSource=admin
2026-06-17 03:20:57 [32minfo[39m: 	HTTP production server up and running on port 5000 !
2026-06-17 03:20:59 [32minfo[39m: 	Successfully connected to database mongodb://edgev3_app:edgev3_mongodb_pass@mongodb:27017/edgev3?authSource=admin
2026-06-17 03:20:59 [32minfo[39m: 	HTTP production server up and running on port 5000 !
2026-06-17 03:21:24 [32minfo[39m: 	Successfully connected to database mongodb://edgev3_app:edgev3_mongodb_pass@mongodb:27017/edgev3?authSource=admin
2026-06-17 03:21:24 [32minfo[39m: 	HTTP production server up and running on port 5000 !
2026-06-17 03:21:25 [32minfo[39m: 	Successfully connected to database mongodb://edgev3_app:edgev3_mongodb_pass@mongodb:27017/edgev3?authSource=admin
2026-06-17 03:21:25 [32minfo[39m: 	HTTP CRON server up and running on port 5555 !
2026-06-17 03:21:26 [32minfo[39m: 	Successfully connected to database mongodb://edgev3_app:edgev3_mongodb_pass@mongodb:27017/edgev3?authSource=admin
2026-06-17 03:21:26 [32minfo[39m: 	HTTP production server up and running on port 5000 !
2026-06-17 03:21:27 [32minfo[39m: 	Successfully connected to database mongodb://edgev3_app:edgev3_mongodb_pass@mongodb:27017/edgev3?authSource=admin
2026-06-17 03:21:27 [32minfo[39m: 	HTTP production server up and running on port 5000 !
2026-06-17 03:21:29 [32minfo[39m: 	Successfully connected to database mongodb://edgev3_app:edgev3_mongodb_pass@mongodb:27017/edgev3?authSource=admin
2026-06-17 03:21:29 [32minfo[39m: 	HTTP production server up and running on port 5000 !
2026-06-17 03:21:54 [32minfo[39m: 	Successfully connected to database mongodb://edgev3_app:edgev3_mongodb_pass@mongodb:27017/edgev3?authSource=admin
2026-06-17 03:21:54 [32minfo[39m: 	HTTP production server up and running on port 5000 !
2026-06-17 03:21:55 [32minfo[39m: 	Successfully connected to database mongodb://edgev3_app:edgev3_mongodb_pass@mongodb:27017/edgev3?authSource=admin
2026-06-17 03:21:55 [32minfo[39m: 	HTTP CRON server up and running on port 5555 !
2026-06-17 03:21:55 [32minfo[39m: 	Successfully connected to database mongodb://edgev3_app:edgev3_mongodb_pass@mongodb:27017/edgev3?authSource=admin
2026-06-17 03:21:56 [32minfo[39m: 	HTTP production server up and running on port 5000 !
2026-06-17 03:21:57 [32minfo[39m: 	Successfully connected to database mongodb://edgev3_app:edgev3_mongodb_pass@mongodb:27017/edgev3?authSource=admin
2026-06-17 03:21:57 [32minfo[39m: 	HTTP production server up and running on port 5000 !
2026-06-17 03:21:59 [32minfo[39m: 	Successfully connected to database mongodb://edgev3_app:edgev3_mongodb_pass@mongodb:27017/edgev3?authSource=admin
2026-06-17 03:21:59 [32minfo[39m: 	HTTP production server up and running on port 5000 !
2026-06-17 03:22:24 [32minfo[39m: 	Successfully connected to database mongodb://edgev3_app:edgev3_mongodb_pass@mongodb:27017/edgev3?authSource=admin
2026-06-17 03:22:24 [32minfo[39m: 	HTTP production server up and running on port 5000 !
2026-06-17 03:22:25 [32minfo[39m: 	Successfully connected to database mongodb://edgev3_app:edgev3_mongodb_pass@mongodb:27017/edgev3?authSource=admin
2026-06-17 03:22:25 [32minfo[39m: 	HTTP CRON server up and running on port 5555 !
2026-06-17 03:22:26 [32minfo[39m: 	Successfully connected to database mongodb://edgev3_app:edgev3_mongodb_pass@mongodb:27017/edgev3?authSource=admin
2026-06-17 03:22:26 [32minfo[39m: 	HTTP production server up and running on port 5000 !
2026-06-17 03:22:27 [32minfo[39m: 	Successfully connected to database mongodb://edgev3_app:edgev3_mongodb_pass@mongodb:27017/edgev3?authSource=admin
2026-06-17 03:22:27 [32minfo[39m: 	HTTP production server up and running on port 5000 !
2026-06-17 03:22:29 [32minfo[39m: 	Successfully connected to database mongodb://edgev3_app:edgev3_mongodb_pass@mongodb:27017/edgev3?authSource=admin
2026-06-17 03:22:29 [32minfo[39m: 	HTTP production server up and running on port 5000 !
2026-06-17 03:22:54 [32minfo[39m: 	Successfully connected to database mongodb://edgev3_app:edgev3_mongodb_pass@mongodb:27017/edgev3?authSource=admin
2026-06-17 03:22:54 [32minfo[39m: 	HTTP production server up and running on port 5000 !
2026-06-17 03:22:55 [32minfo[39m: 	Successfully connected to database mongodb://edgev3_app:edgev3_mongodb_pass@mongodb:27017/edgev3?authSource=admin
2026-06-17 03:22:55 [32minfo[39m: 	HTTP CRON server up and running on port 5555 !
2026-06-17 03:22:56 [32minfo[39m: 	Successfully connected to database mongodb://edgev3_app:edgev3_mongodb_pass@mongodb:27017/edgev3?authSource=admin
2026-06-17 03:22:56 [32minfo[39m: 	HTTP production server up and running on port 5000 !
2026-06-17 03:22:57 [32minfo[39m: 	Successfully connected to database mongodb://edgev3_app:edgev3_mongodb_pass@mongodb:27017/edgev3?authSource=admin
2026-06-17 03:22:57 [32minfo[39m: 	HTTP production server up and running on port 5000 !
2026-06-17 03:22:59 [32minfo[39m: 	Successfully connected to database mongodb://edgev3_app:edgev3_mongodb_pass@mongodb:27017/edgev3?authSource=admin
2026-06-17 03:22:59 [32minfo[39m: 	HTTP production server up and running on port 5000 !
2026-06-17 03:23:24 [32minfo[39m: 	Successfully connected to database mongodb://edgev3_app:edgev3_mongodb_pass@mongodb:27017/edgev3?authSource=admin
2026-06-17 03:23:24 [32minfo[39m: 	HTTP production server up and running on port 5000 !
2026-06-17 03:23:25 [32minfo[39m: 	Successfully connected to database mongodb://edgev3_app:edgev3_mongodb_pass@mongodb:27017/edgev3?authSource=admin
2026-06-17 03:23:25 [32minfo[39m: 	HTTP CRON server up and running on port 5555 !
2026-06-17 03:23:26 [32minfo[39m: 	Successfully connected to database mongodb://edgev3_app:edgev3_mongodb_pass@mongodb:27017/edgev3?authSource=admin
2026-06-17 03:23:26 [32minfo[39m: 	HTTP production server up and running on port 5000 !
2026-06-17 03:23:27 [32minfo[39m: 	Successfully connected to database mongodb://edgev3_app:edgev3_mongodb_pass@mongodb:27017/edgev3?authSource=admin
2026-06-17 03:23:27 [32minfo[39m: 	HTTP production server up and running on port 5000 !
2026-06-17 03:23:29 [32minfo[39m: 	Successfully connected to database mongodb://edgev3_app:edgev3_mongodb_pass@mongodb:27017/edgev3?authSource=admin
2026-06-17 03:23:29 [32minfo[39m: 	HTTP production server up and running on port 5000 !
2026-06-17 03:23:54 [32minfo[39m: 	Successfully connected to database mongodb://edgev3_app:edgev3_mongodb_pass@mongodb:27017/edgev3?authSource=admin
2026-06-17 03:23:54 [32minfo[39m: 	HTTP production server up and running on port 5000 !
2026-06-17 03:23:56 [32minfo[39m: 	Successfully connected to database mongodb://edgev3_app:edgev3_mongodb_pass@mongodb:27017/edgev3?authSource=admin
2026-06-17 03:23:56 [32minfo[39m: 	HTTP CRON server up and running on port 5555 !
2026-06-17 03:23:56 [32minfo[39m: 	Successfully connected to database mongodb://edgev3_app:edgev3_mongodb_pass@mongodb:27017/edgev3?authSource=admin
2026-06-17 03:23:56 [32minfo[39m: 	HTTP production server up and running on port 5000 !
2026-06-17 03:23:57 [32minfo[39m: 	Successfully connected to database mongodb://edgev3_app:edgev3_mongodb_pass@mongodb:27017/edgev3?authSource=admin
2026-06-17 03:23:57 [32minfo[39m: 	HTTP production server up and running on port 5000 !
2026-06-17 03:23:59 [32minfo[39m: 	Successfully connected to database mongodb://edgev3_app:edgev3_mongodb_pass@mongodb:27017/edgev3?authSource=admin
2026-06-17 03:23:59 [32minfo[39m: 	HTTP production server up and running on port 5000 !
2026-06-17 03:24:24 [32minfo[39m: 	Successfully connected to database mongodb://edgev3_app:edgev3_mongodb_pass@mongodb:27017/edgev3?authSource=admin
2026-06-17 03:24:24 [32minfo[39m: 	HTTP production server up and running on port 5000 !
2026-06-17 03:24:25 [32minfo[39m: 	Successfully connected to database mongodb://edgev3_app:edgev3_mongodb_pass@mongodb:27017/edgev3?authSource=admin
2026-06-17 03:24:25 [32minfo[39m: 	HTTP CRON server up and running on port 5555 !
2026-06-17 03:24:26 [32minfo[39m: 	Successfully connected to database mongodb://edgev3_app:edgev3_mongodb_pass@mongodb:27017/edgev3?authSource=admin
2026-06-17 03:24:26 [32minfo[39m: 	HTTP production server up and running on port 5000 !
2026-06-17 03:24:27 [32minfo[39m: 	Successfully connected to database mongodb://edgev3_app:edgev3_mongodb_pass@mongodb:27017/edgev3?authSource=admin
2026-06-17 03:24:27 [32minfo[39m: 	HTTP production server up and running on port 5000 !
2026-06-17 03:24:29 [32minfo[39m: 	Successfully connected to database mongodb://edgev3_app:edgev3_mongodb_pass@mongodb:27017/edgev3?authSource=admin
2026-06-17 03:24:29 [32minfo[39m: 	HTTP production server up and running on port 5000 !
2026-06-17 03:24:54 [32minfo[39m: 	Successfully connected to database mongodb://edgev3_app:edgev3_mongodb_pass@mongodb:27017/edgev3?authSource=admin
2026-06-17 03:24:54 [32minfo[39m: 	HTTP production server up and running on port 5000 !
2026-06-17 03:24:55 [32minfo[39m: 	Successfully connected to database mongodb://edgev3_app:edgev3_mongodb_pass@mongodb:27017/edgev3?authSource=admin
2026-06-17 03:24:55 [32minfo[39m: 	HTTP CRON server up and running on port 5555 !
2026-06-17 03:24:56 [32minfo[39m: 	Successfully connected to database mongodb://edgev3_app:edgev3_mongodb_pass@mongodb:27017/edgev3?authSource=admin
2026-06-17 03:24:56 [32minfo[39m: 	HTTP production server up and running on port 5000 !
2026-06-17 03:24:57 [32minfo[39m: 	Successfully connected to database mongodb://edgev3_app:edgev3_mongodb_pass@mongodb:27017/edgev3?authSource=admin
2026-06-17 03:24:57 [32minfo[39m: 	HTTP production server up and running on port 5000 !
2026-06-17 03:24:59 [32minfo[39m: 	Successfully connected to database mongodb://edgev3_app:edgev3_mongodb_pass@mongodb:27017/edgev3?authSource=admin
2026-06-17 03:24:59 [32minfo[39m: 	HTTP production server up and running on port 5000 !
2026-06-17 03:25:24 [32minfo[39m: 	Successfully connected to database mongodb://edgev3_app:edgev3_mongodb_pass@mongodb:27017/edgev3?authSource=admin
2026-06-17 03:25:24 [32minfo[39m: 	HTTP production server up and running on port 5000 !
2026-06-17 03:25:25 [32minfo[39m: 	Successfully connected to database mongodb://edgev3_app:edgev3_mongodb_pass@mongodb:27017/edgev3?authSource=admin
2026-06-17 03:25:25 [32minfo[39m: 	HTTP CRON server up and running on port 5555 !
2026-06-17 03:25:26 [32minfo[39m: 	Successfully connected to database mongodb://edgev3_app:edgev3_mongodb_pass@mongodb:27017/edgev3?authSource=admin
2026-06-17 03:25:26 [32minfo[39m: 	HTTP production server up and running on port 5000 !
2026-06-17 03:25:27 [32minfo[39m: 	Successfully connected to database mongodb://edgev3_app:edgev3_mongodb_pass@mongodb:27017/edgev3?authSource=admin
2026-06-17 03:25:27 [32minfo[39m: 	HTTP production server up and running on port 5000 !
2026-06-17 03:25:29 [32minfo[39m: 	Successfully connected to database mongodb://edgev3_app:edgev3_mongodb_pass@mongodb:27017/edgev3?authSource=admin
2026-06-17 03:25:29 [32minfo[39m: 	HTTP production server up and running on port 5000 !
2026-06-17 03:25:54 [32minfo[39m: 	Successfully connected to database mongodb://edgev3_app:edgev3_mongodb_pass@mongodb:27017/edgev3?authSource=admin
2026-06-17 03:25:54 [32minfo[39m: 	HTTP production server up and running on port 5000 !
2026-06-17 03:25:55 [32minfo[39m: 	Successfully connected to database mongodb://edgev3_app:edgev3_mongodb_pass@mongodb:27017/edgev3?authSource=admin
2026-06-17 03:25:55 [32minfo[39m: 	HTTP CRON server up and running on port 5555 !
2026-06-17 03:25:56 [32minfo[39m: 	Successfully connected to database mongodb://edgev3_app:edgev3_mongodb_pass@mongodb:27017/edgev3?authSource=admin
2026-06-17 03:25:56 [32minfo[39m: 	HTTP production server up and running on port 5000 !
2026-06-17 03:25:57 [32minfo[39m: 	Successfully connected to database mongodb://edgev3_app:edgev3_mongodb_pass@mongodb:27017/edgev3?authSource=admin
2026-06-17 03:25:57 [32minfo[39m: 	HTTP production server up and running on port 5000 !
2026-06-17 03:25:59 [32minfo[39m: 	Successfully connected to database mongodb://edgev3_app:edgev3_mongodb_pass@mongodb:27017/edgev3?authSource=admin
2026-06-17 03:25:59 [32minfo[39m: 	HTTP production server up and running on port 5000 !
2026-06-17 03:26:24 [32minfo[39m: 	Successfully connected to database mongodb://edgev3_app:edgev3_mongodb_pass@mongodb:27017/edgev3?authSource=admin
2026-06-17 03:26:24 [32minfo[39m: 	HTTP production server up and running on port 5000 !
2026-06-17 03:26:25 [32minfo[39m: 	Successfully connected to database mongodb://edgev3_app:edgev3_mongodb_pass@mongodb:27017/edgev3?authSource=admin
2026-06-17 03:26:25 [32minfo[39m: 	HTTP CRON server up and running on port 5555 !
2026-06-17 03:26:26 [32minfo[39m: 	Successfully connected to database mongodb://edgev3_app:edgev3_mongodb_pass@mongodb:27017/edgev3?authSource=admin
2026-06-17 03:26:26 [32minfo[39m: 	HTTP production server up and running on port 5000 !
2026-06-17 03:26:27 [32minfo[39m: 	Successfully connected to database mongodb://edgev3_app:edgev3_mongodb_pass@mongodb:27017/edgev3?authSource=admin
2026-06-17 03:26:27 [32minfo[39m: 	HTTP production server up and running on port 5000 !
2026-06-17 03:26:29 [32minfo[39m: 	Successfully connected to database mongodb://edgev3_app:edgev3_mongodb_pass@mongodb:27017/edgev3?authSource=admin
2026-06-17 03:26:29 [32minfo[39m: 	HTTP production server up and running on port 5000 !
2026-06-17 03:26:54 [32minfo[39m: 	Successfully connected to database mongodb://edgev3_app:edgev3_mongodb_pass@mongodb:27017/edgev3?authSource=admin
2026-06-17 03:26:54 [32minfo[39m: 	HTTP production server up and running on port 5000 !
2026-06-17 03:26:55 [32minfo[39m: 	Successfully connected to database mongodb://edgev3_app:edgev3_mongodb_pass@mongodb:27017/edgev3?authSource=admin
2026-06-17 03:26:55 [32minfo[39m: 	HTTP CRON server up and running on port 5555 !
2026-06-17 03:26:56 [32minfo[39m: 	Successfully connected to database mongodb://edgev3_app:edgev3_mongodb_pass@mongodb:27017/edgev3?authSource=admin
2026-06-17 03:26:56 [32minfo[39m: 	HTTP production server up and running on port 5000 !
2026-06-17 03:26:57 [32minfo[39m: 	Successfully connected to database mongodb://edgev3_app:edgev3_mongodb_pass@mongodb:27017/edgev3?authSource=admin
2026-06-17 03:26:57 [32minfo[39m: 	HTTP production server up and running on port 5000 !
2026-06-17 03:26:59 [32minfo[39m: 	Successfully connected to database mongodb://edgev3_app:edgev3_mongodb_pass@mongodb:27017/edgev3?authSource=admin
2026-06-17 03:26:59 [32minfo[39m: 	HTTP production server up and running on port 5000 !
2026-06-17 03:27:24 [32minfo[39m: 	Successfully connected to database mongodb://edgev3_app:edgev3_mongodb_pass@mongodb:27017/edgev3?authSource=admin
2026-06-17 03:27:24 [32minfo[39m: 	HTTP production server up and running on port 5000 !
2026-06-17 03:27:25 [32minfo[39m: 	Successfully connected to database mongodb://edgev3_app:edgev3_mongodb_pass@mongodb:27017/edgev3?authSource=admin
2026-06-17 03:27:25 [32minfo[39m: 	HTTP CRON server up and running on port 5555 !
2026-06-17 03:27:26 [32minfo[39m: 	Successfully connected to database mongodb://edgev3_app:edgev3_mongodb_pass@mongodb:27017/edgev3?authSource=admin
2026-06-17 03:27:26 [32minfo[39m: 	HTTP production server up and running on port 5000 !
2026-06-17 03:27:27 [32minfo[39m: 	Successfully connected to database mongodb://edgev3_app:edgev3_mongodb_pass@mongodb:27017/edgev3?authSource=admin
2026-06-17 03:27:27 [32minfo[39m: 	HTTP production server up and running on port 5000 !
2026-06-17 03:27:29 [32minfo[39m: 	Successfully connected to database mongodb://edgev3_app:edgev3_mongodb_pass@mongodb:27017/edgev3?authSource=admin
2026-06-17 03:27:29 [32minfo[39m: 	HTTP production server up and running on port 5000 !
2026-06-17 03:27:54 [32minfo[39m: 	Successfully connected to database mongodb://edgev3_app:edgev3_mongodb_pass@mongodb:27017/edgev3?authSource=admin
2026-06-17 03:27:54 [32minfo[39m: 	HTTP production server up and running on port 5000 !
2026-06-17 03:27:55 [32minfo[39m: 	Successfully connected to database mongodb://edgev3_app:edgev3_mongodb_pass@mongodb:27017/edgev3?authSource=admin
2026-06-17 03:27:55 [32minfo[39m: 	HTTP CRON server up and running on port 5555 !
2026-06-17 03:27:56 [32minfo[39m: 	Successfully connected to database mongodb://edgev3_app:edgev3_mongodb_pass@mongodb:27017/edgev3?authSource=admin
2026-06-17 03:27:56 [32minfo[39m: 	HTTP production server up and running on port 5000 !
2026-06-17 03:27:57 [32minfo[39m: 	Successfully connected to database mongodb://edgev3_app:edgev3_mongodb_pass@mongodb:27017/edgev3?authSource=admin
2026-06-17 03:27:57 [32minfo[39m: 	HTTP production server up and running on port 5000 !
2026-06-17 03:27:59 [32minfo[39m: 	Successfully connected to database mongodb://edgev3_app:edgev3_mongodb_pass@mongodb:27017/edgev3?authSource=admin
2026-06-17 03:27:59 [32minfo[39m: 	HTTP production server up and running on port 5000 !
2026-06-17 03:28:24 [32minfo[39m: 	Successfully connected to database mongodb://edgev3_app:edgev3_mongodb_pass@mongodb:27017/edgev3?authSource=admin
2026-06-17 03:28:24 [32minfo[39m: 	HTTP production server up and running on port 5000 !
2026-06-17 03:28:25 [32minfo[39m: 	Successfully connected to database mongodb://edgev3_app:edgev3_mongodb_pass@mongodb:27017/edgev3?authSource=admin
2026-06-17 03:28:25 [32minfo[39m: 	HTTP CRON server up and running on port 5555 !
2026-06-17 03:28:26 [32minfo[39m: 	Successfully connected to database mongodb://edgev3_app:edgev3_mongodb_pass@mongodb:27017/edgev3?authSource=admin
2026-06-17 03:28:26 [32minfo[39m: 	HTTP production server up and running on port 5000 !
2026-06-17 03:28:27 [32minfo[39m: 	Successfully connected to database mongodb://edgev3_app:edgev3_mongodb_pass@mongodb:27017/edgev3?authSource=admin
2026-06-17 03:28:27 [32minfo[39m: 	HTTP production server up and running on port 5000 !
2026-06-17 03:28:29 [32minfo[39m: 	Successfully connected to database mongodb://edgev3_app:edgev3_mongodb_pass@mongodb:27017/edgev3?authSource=admin
2026-06-17 03:28:29 [32minfo[39m: 	HTTP production server up and running on port 5000 !
2026-06-17 03:28:54 [32minfo[39m: 	Successfully connected to database mongodb://edgev3_app:edgev3_mongodb_pass@mongodb:27017/edgev3?authSource=admin
2026-06-17 03:28:54 [32minfo[39m: 	HTTP production server up and running on port 5000 !
2026-06-17 03:28:55 [32minfo[39m: 	Successfully connected to database mongodb://edgev3_app:edgev3_mongodb_pass@mongodb:27017/edgev3?authSource=admin
2026-06-17 03:28:55 [32minfo[39m: 	HTTP CRON server up and running on port 5555 !
2026-06-17 03:28:56 [32minfo[39m: 	Successfully connected to database mongodb://edgev3_app:edgev3_mongodb_pass@mongodb:27017/edgev3?authSource=admin
2026-06-17 03:28:56 [32minfo[39m: 	HTTP production server up and running on port 5000 !
2026-06-17 03:28:57 [32minfo[39m: 	Successfully connected to database mongodb://edgev3_app:edgev3_mongodb_pass@mongodb:27017/edgev3?authSource=admin
2026-06-17 03:28:57 [32minfo[39m: 	HTTP production server up and running on port 5000 !
2026-06-17 03:28:59 [32minfo[39m: 	Successfully connected to database mongodb://edgev3_app:edgev3_mongodb_pass@mongodb:27017/edgev3?authSource=admin
2026-06-17 03:28:59 [32minfo[39m: 	HTTP production server up and running on port 5000 !
2026-06-17 03:29:24 [32minfo[39m: 	Successfully connected to database mongodb://edgev3_app:edgev3_mongodb_pass@mongodb:27017/edgev3?authSource=admin
2026-06-17 03:29:24 [32minfo[39m: 	HTTP production server up and running on port 5000 !
2026-06-17 03:29:25 [32minfo[39m: 	Successfully connected to database mongodb://edgev3_app:edgev3_mongodb_pass@mongodb:27017/edgev3?authSource=admin
2026-06-17 03:29:25 [32minfo[39m: 	HTTP CRON server up and running on port 5555 !
2026-06-17 03:29:26 [32minfo[39m: 	Successfully connected to database mongodb://edgev3_app:edgev3_mongodb_pass@mongodb:27017/edgev3?authSource=admin
2026-06-17 03:29:26 [32minfo[39m: 	HTTP production server up and running on port 5000 !
2026-06-17 03:29:27 [32minfo[39m: 	Successfully connected to database mongodb://edgev3_app:edgev3_mongodb_pass@mongodb:27017/edgev3?authSource=admin
2026-06-17 03:29:27 [32minfo[39m: 	HTTP production server up and running on port 5000 !
2026-06-17 03:29:29 [32minfo[39m: 	Successfully connected to database mongodb://edgev3_app:edgev3_mongodb_pass@mongodb:27017/edgev3?authSource=admin
2026-06-17 03:29:29 [32minfo[39m: 	HTTP production server up and running on port 5000 !
2026-06-17 03:29:54 [32minfo[39m: 	Successfully connected to database mongodb://edgev3_app:edgev3_mongodb_pass@mongodb:27017/edgev3?authSource=admin
2026-06-17 03:29:54 [32minfo[39m: 	HTTP production server up and running on port 5000 !
2026-06-17 03:29:55 [32minfo[39m: 	Successfully connected to database mongodb://edgev3_app:edgev3_mongodb_pass@mongodb:27017/edgev3?authSource=admin
2026-06-17 03:29:55 [32minfo[39m: 	HTTP CRON server up and running on port 5555 !
2026-06-17 03:29:56 [32minfo[39m: 	Successfully connected to database mongodb://edgev3_app:edgev3_mongodb_pass@mongodb:27017/edgev3?authSource=admin
2026-06-17 03:29:56 [32minfo[39m: 	HTTP production server up and running on port 5000 !
2026-06-17 03:29:57 [32minfo[39m: 	Successfully connected to database mongodb://edgev3_app:edgev3_mongodb_pass@mongodb:27017/edgev3?authSource=admin
2026-06-17 03:29:57 [32minfo[39m: 	HTTP production server up and running on port 5000 !
2026-06-17 03:29:59 [32minfo[39m: 	Successfully connected to database mongodb://edgev3_app:edgev3_mongodb_pass@mongodb:27017/edgev3?authSource=admin
2026-06-17 03:29:59 [32minfo[39m: 	HTTP production server up and running on port 5000 !
2026-06-17 03:30:24 [32minfo[39m: 	Successfully connected to database mongodb://edgev3_app:edgev3_mongodb_pass@mongodb:27017/edgev3?authSource=admin
2026-06-17 03:30:24 [32minfo[39m: 	HTTP production server up and running on port 5000 !
2026-06-17 03:30:25 [32minfo[39m: 	Successfully connected to database mongodb://edgev3_app:edgev3_mongodb_pass@mongodb:27017/edgev3?authSource=admin
2026-06-17 03:30:25 [32minfo[39m: 	HTTP CRON server up and running on port 5555 !
2026-06-17 03:30:26 [32minfo[39m: 	Successfully connected to database mongodb://edgev3_app:edgev3_mongodb_pass@mongodb:27017/edgev3?authSource=admin
2026-06-17 03:30:26 [32minfo[39m: 	HTTP production server up and running on port 5000 !
2026-06-17 03:30:27 [32minfo[39m: 	Successfully connected to database mongodb://edgev3_app:edgev3_mongodb_pass@mongodb:27017/edgev3?authSource=admin
2026-06-17 03:30:27 [32minfo[39m: 	HTTP production server up and running on port 5000 !
2026-06-17 03:30:29 [32minfo[39m: 	Successfully connected to database mongodb://edgev3_app:edgev3_mongodb_pass@mongodb:27017/edgev3?authSource=admin
2026-06-17 03:30:29 [32minfo[39m: 	HTTP production server up and running on port 5000 !
2026-06-17 03:30:54 [32minfo[39m: 	Successfully connected to database mongodb://edgev3_app:edgev3_mongodb_pass@mongodb:27017/edgev3?authSource=admin
2026-06-17 03:30:54 [32minfo[39m: 	HTTP production server up and running on port 5000 !
2026-06-17 03:30:55 [32minfo[39m: 	Successfully connected to database mongodb://edgev3_app:edgev3_mongodb_pass@mongodb:27017/edgev3?authSource=admin
2026-06-17 03:30:55 [32minfo[39m: 	HTTP CRON server up and running on port 5555 !
2026-06-17 03:30:56 [32minfo[39m: 	Successfully connected to database mongodb://edgev3_app:edgev3_mongodb_pass@mongodb:27017/edgev3?authSource=admin
2026-06-17 03:30:56 [32minfo[39m: 	HTTP production server up and running on port 5000 !
2026-06-17 03:30:57 [32minfo[39m: 	Successfully connected to database mongodb://edgev3_app:edgev3_mongodb_pass@mongodb:27017/edgev3?authSource=admin
2026-06-17 03:30:57 [32minfo[39m: 	HTTP production server up and running on port 5000 !
2026-06-17 03:30:59 [32minfo[39m: 	Successfully connected to database mongodb://edgev3_app:edgev3_mongodb_pass@mongodb:27017/edgev3?authSource=admin
2026-06-17 03:30:59 [32minfo[39m: 	HTTP production server up and running on port 5000 !
2026-06-17 03:31:24 [32minfo[39m: 	Successfully connected to database mongodb://edgev3_app:edgev3_mongodb_pass@mongodb:27017/edgev3?authSource=admin
2026-06-17 03:31:24 [32minfo[39m: 	HTTP production server up and running on port 5000 !
2026-06-17 03:31:26 [32minfo[39m: 	Successfully connected to database mongodb://edgev3_app:edgev3_mongodb_pass@mongodb:27017/edgev3?authSource=admin
2026-06-17 03:31:26 [32minfo[39m: 	HTTP CRON server up and running on port 5555 !
2026-06-17 03:31:26 [32minfo[39m: 	Successfully connected to database mongodb://edgev3_app:edgev3_mongodb_pass@mongodb:27017/edgev3?authSource=admin
2026-06-17 03:31:26 [32minfo[39m: 	HTTP production server up and running on port 5000 !
2026-06-17 03:31:27 [32minfo[39m: 	Successfully connected to database mongodb://edgev3_app:edgev3_mongodb_pass@mongodb:27017/edgev3?authSource=admin
2026-06-17 03:31:27 [32minfo[39m: 	HTTP production server up and running on port 5000 !
2026-06-17 03:31:29 [32minfo[39m: 	Successfully connected to database mongodb://edgev3_app:edgev3_mongodb_pass@mongodb:27017/edgev3?authSource=admin
2026-06-17 03:31:29 [32minfo[39m: 	HTTP production server up and running on port 5000 !
2026-06-17 03:31:54 [32minfo[39m: 	Successfully connected to database mongodb://edgev3_app:edgev3_mongodb_pass@mongodb:27017/edgev3?authSource=admin
2026-06-17 03:31:54 [32minfo[39m: 	HTTP production server up and running on port 5000 !
2026-06-17 03:31:55 [32minfo[39m: 	Successfully connected to database mongodb://edgev3_app:edgev3_mongodb_pass@mongodb:27017/edgev3?authSource=admin
2026-06-17 03:31:55 [32minfo[39m: 	HTTP CRON server up and running on port 5555 !
2026-06-17 03:31:56 [32minfo[39m: 	Successfully connected to database mongodb://edgev3_app:edgev3_mongodb_pass@mongodb:27017/edgev3?authSource=admin
2026-06-17 03:31:56 [32minfo[39m: 	HTTP production server up and running on port 5000 !
2026-06-17 03:31:57 [32minfo[39m: 	Successfully connected to database mongodb://edgev3_app:edgev3_mongodb_pass@mongodb:27017/edgev3?authSource=admin
2026-06-17 03:31:57 [32minfo[39m: 	HTTP production server up and running on port 5000 !
2026-06-17 03:31:59 [32minfo[39m: 	Successfully connected to database mongodb://edgev3_app:edgev3_mongodb_pass@mongodb:27017/edgev3?authSource=admin
2026-06-17 03:31:59 [32minfo[39m: 	HTTP production server up and running on port 5000 !
2026-06-17 03:32:24 [32minfo[39m: 	Successfully connected to database mongodb://edgev3_app:edgev3_mongodb_pass@mongodb:27017/edgev3?authSource=admin
2026-06-17 03:32:24 [32minfo[39m: 	HTTP production server up and running on port 5000 !
2026-06-17 03:32:25 [32minfo[39m: 	Successfully connected to database mongodb://edgev3_app:edgev3_mongodb_pass@mongodb:27017/edgev3?authSource=admin
2026-06-17 03:32:25 [32minfo[39m: 	HTTP CRON server up and running on port 5555 !
2026-06-17 03:32:26 [32minfo[39m: 	Successfully connected to database mongodb://edgev3_app:edgev3_mongodb_pass@mongodb:27017/edgev3?authSource=admin
2026-06-17 03:32:26 [32minfo[39m: 	HTTP production server up and running on port 5000 !
2026-06-17 03:32:27 [32minfo[39m: 	Successfully connected to database mongodb://edgev3_app:edgev3_mongodb_pass@mongodb:27017/edgev3?authSource=admin
2026-06-17 03:32:27 [32minfo[39m: 	HTTP production server up and running on port 5000 !
2026-06-17 03:32:29 [32minfo[39m: 	Successfully connected to database mongodb://edgev3_app:edgev3_mongodb_pass@mongodb:27017/edgev3?authSource=admin
2026-06-17 03:32:29 [32minfo[39m: 	HTTP production server up and running on port 5000 !
2026-06-17 03:32:54 [32minfo[39m: 	Successfully connected to database mongodb://edgev3_app:edgev3_mongodb_pass@mongodb:27017/edgev3?authSource=admin
2026-06-17 03:32:54 [32minfo[39m: 	HTTP production server up and running on port 5000 !
2026-06-17 03:32:55 [32minfo[39m: 	Successfully connected to database mongodb://edgev3_app:edgev3_mongodb_pass@mongodb:27017/edgev3?authSource=admin
2026-06-17 03:32:55 [32minfo[39m: 	HTTP CRON server up and running on port 5555 !
2026-06-17 03:32:56 [32minfo[39m: 	Successfully connected to database mongodb://edgev3_app:edgev3_mongodb_pass@mongodb:27017/edgev3?authSource=admin
2026-06-17 03:32:56 [32minfo[39m: 	HTTP production server up and running on port 5000 !
2026-06-17 03:32:57 [32minfo[39m: 	Successfully connected to database mongodb://edgev3_app:edgev3_mongodb_pass@mongodb:27017/edgev3?authSource=admin
2026-06-17 03:32:57 [32minfo[39m: 	HTTP production server up and running on port 5000 !
2026-06-17 03:32:59 [32minfo[39m: 	Successfully connected to database mongodb://edgev3_app:edgev3_mongodb_pass@mongodb:27017/edgev3?authSource=admin
2026-06-17 03:32:59 [32minfo[39m: 	HTTP production server up and running on port 5000 !
2026-06-17 03:33:24 [32minfo[39m: 	Successfully connected to database mongodb://edgev3_app:edgev3_mongodb_pass@mongodb:27017/edgev3?authSource=admin
2026-06-17 03:33:24 [32minfo[39m: 	HTTP production server up and running on port 5000 !
2026-06-17 03:33:25 [32minfo[39m: 	Successfully connected to database mongodb://edgev3_app:edgev3_mongodb_pass@mongodb:27017/edgev3?authSource=admin
2026-06-17 03:33:25 [32minfo[39m: 	HTTP CRON server up and running on port 5555 !
2026-06-17 03:33:26 [32minfo[39m: 	Successfully connected to database mongodb://edgev3_app:edgev3_mongodb_pass@mongodb:27017/edgev3?authSource=admin
2026-06-17 03:33:26 [32minfo[39m: 	HTTP production server up and running on port 5000 !
2026-06-17 03:33:27 [32minfo[39m: 	Successfully connected to database mongodb://edgev3_app:edgev3_mongodb_pass@mongodb:27017/edgev3?authSource=admin
2026-06-17 03:33:27 [32minfo[39m: 	HTTP production server up and running on port 5000 !
2026-06-17 03:33:29 [32minfo[39m: 	Successfully connected to database mongodb://edgev3_app:edgev3_mongodb_pass@mongodb:27017/edgev3?authSource=admin
2026-06-17 03:33:29 [32minfo[39m: 	HTTP production server up and running on port 5000 !
2026-06-17 03:33:54 [32minfo[39m: 	Successfully connected to database mongodb://edgev3_app:edgev3_mongodb_pass@mongodb:27017/edgev3?authSource=admin
2026-06-17 03:33:54 [32minfo[39m: 	HTTP production server up and running on port 5000 !
2026-06-17 03:33:56 [32minfo[39m: 	Successfully connected to database mongodb://edgev3_app:edgev3_mongodb_pass@mongodb:27017/edgev3?authSource=admin
2026-06-17 03:33:56 [32minfo[39m: 	HTTP CRON server up and running on port 5555 !
2026-06-17 03:33:56 [32minfo[39m: 	Successfully connected to database mongodb://edgev3_app:edgev3_mongodb_pass@mongodb:27017/edgev3?authSource=admin
2026-06-17 03:33:56 [32minfo[39m: 	HTTP production server up and running on port 5000 !
2026-06-17 03:33:58 [32minfo[39m: 	Successfully connected to database mongodb://edgev3_app:edgev3_mongodb_pass@mongodb:27017/edgev3?authSource=admin
2026-06-17 03:33:58 [32minfo[39m: 	HTTP production server up and running on port 5000 !
2026-06-17 03:33:59 [32minfo[39m: 	Successfully connected to database mongodb://edgev3_app:edgev3_mongodb_pass@mongodb:27017/edgev3?authSource=admin
2026-06-17 03:33:59 [32minfo[39m: 	HTTP production server up and running on port 5000 !
2026-06-17 03:34:24 [32minfo[39m: 	Successfully connected to database mongodb://edgev3_app:edgev3_mongodb_pass@mongodb:27017/edgev3?authSource=admin
2026-06-17 03:34:24 [32minfo[39m: 	HTTP production server up and running on port 5000 !
2026-06-17 03:34:26 [32minfo[39m: 	Successfully connected to database mongodb://edgev3_app:edgev3_mongodb_pass@mongodb:27017/edgev3?authSource=admin
2026-06-17 03:34:26 [32minfo[39m: 	HTTP CRON server up and running on port 5555 !
2026-06-17 03:34:26 [32minfo[39m: 	Successfully connected to database mongodb://edgev3_app:edgev3_mongodb_pass@mongodb:27017/edgev3?authSource=admin
2026-06-17 03:34:26 [32minfo[39m: 	HTTP production server up and running on port 5000 !
2026-06-17 03:34:27 [32minfo[39m: 	Successfully connected to database mongodb://edgev3_app:edgev3_mongodb_pass@mongodb:27017/edgev3?authSource=admin
2026-06-17 03:34:27 [32minfo[39m: 	HTTP production server up and running on port 5000 !
2026-06-17 03:34:29 [32minfo[39m: 	Successfully connected to database mongodb://edgev3_app:edgev3_mongodb_pass@mongodb:27017/edgev3?authSource=admin
2026-06-17 03:34:29 [32minfo[39m: 	HTTP production server up and running on port 5000 !
2026-06-17 03:34:54 [32minfo[39m: 	Successfully connected to database mongodb://edgev3_app:edgev3_mongodb_pass@mongodb:27017/edgev3?authSource=admin
2026-06-17 03:34:54 [32minfo[39m: 	HTTP production server up and running on port 5000 !
2026-06-17 03:34:56 [32minfo[39m: 	Successfully connected to database mongodb://edgev3_app:edgev3_mongodb_pass@mongodb:27017/edgev3?authSource=admin
2026-06-17 03:34:56 [32minfo[39m: 	HTTP CRON server up and running on port 5555 !
2026-06-17 03:34:56 [32minfo[39m: 	Successfully connected to database mongodb://edgev3_app:edgev3_mongodb_pass@mongodb:27017/edgev3?authSource=admin
2026-06-17 03:34:56 [32minfo[39m: 	HTTP production server up and running on port 5000 !
2026-06-17 03:34:57 [32minfo[39m: 	Successfully connected to database mongodb://edgev3_app:edgev3_mongodb_pass@mongodb:27017/edgev3?authSource=admin
2026-06-17 03:34:57 [32minfo[39m: 	HTTP production server up and running on port 5000 !
2026-06-17 03:34:59 [32minfo[39m: 	Successfully connected to database mongodb://edgev3_app:edgev3_mongodb_pass@mongodb:27017/edgev3?authSource=admin
2026-06-17 03:34:59 [32minfo[39m: 	HTTP production server up and running on port 5000 !
2026-06-17 03:35:24 [32minfo[39m: 	Successfully connected to database mongodb://edgev3_app:edgev3_mongodb_pass@mongodb:27017/edgev3?authSource=admin
2026-06-17 03:35:24 [32minfo[39m: 	HTTP production server up and running on port 5000 !
2026-06-17 03:35:26 [32minfo[39m: 	Successfully connected to database mongodb://edgev3_app:edgev3_mongodb_pass@mongodb:27017/edgev3?authSource=admin
2026-06-17 03:35:26 [32minfo[39m: 	HTTP CRON server up and running on port 5555 !
2026-06-17 03:35:26 [32minfo[39m: 	Successfully connected to database mongodb://edgev3_app:edgev3_mongodb_pass@mongodb:27017/edgev3?authSource=admin
2026-06-17 03:35:26 [32minfo[39m: 	HTTP production server up and running on port 5000 !
2026-06-17 03:35:27 [32minfo[39m: 	Successfully connected to database mongodb://edgev3_app:edgev3_mongodb_pass@mongodb:27017/edgev3?authSource=admin
2026-06-17 03:35:27 [32minfo[39m: 	HTTP production server up and running on port 5000 !
2026-06-17 03:35:29 [32minfo[39m: 	Successfully connected to database mongodb://edgev3_app:edgev3_mongodb_pass@mongodb:27017/edgev3?authSource=admin
2026-06-17 03:35:29 [32minfo[39m: 	HTTP production server up and running on port 5000 !
2026-06-17 03:35:54 [32minfo[39m: 	Successfully connected to database mongodb://edgev3_app:edgev3_mongodb_pass@mongodb:27017/edgev3?authSource=admin
2026-06-17 03:35:54 [32minfo[39m: 	HTTP production server up and running on port 5000 !
2026-06-17 03:35:56 [32minfo[39m: 	Successfully connected to database mongodb://edgev3_app:edgev3_mongodb_pass@mongodb:27017/edgev3?authSource=admin
2026-06-17 03:35:56 [32minfo[39m: 	HTTP CRON server up and running on port 5555 !
2026-06-17 03:35:56 [32minfo[39m: 	Successfully connected to database mongodb://edgev3_app:edgev3_mongodb_pass@mongodb:27017/edgev3?authSource=admin
2026-06-17 03:35:56 [32minfo[39m: 	HTTP production server up and running on port 5000 !
2026-06-17 03:35:57 [32minfo[39m: 	Successfully connected to database mongodb://edgev3_app:edgev3_mongodb_pass@mongodb:27017/edgev3?authSource=admin
2026-06-17 03:35:57 [32minfo[39m: 	HTTP production server up and running on port 5000 !
2026-06-17 03:35:59 [32minfo[39m: 	Successfully connected to database mongodb://edgev3_app:edgev3_mongodb_pass@mongodb:27017/edgev3?authSource=admin
2026-06-17 03:35:59 [32minfo[39m: 	HTTP production server up and running on port 5000 !
2026-06-17 03:36:24 [32minfo[39m: 	Successfully connected to database mongodb://edgev3_app:edgev3_mongodb_pass@mongodb:27017/edgev3?authSource=admin
2026-06-17 03:36:24 [32minfo[39m: 	HTTP production server up and running on port 5000 !
2026-06-17 03:36:26 [32minfo[39m: 	Successfully connected to database mongodb://edgev3_app:edgev3_mongodb_pass@mongodb:27017/edgev3?authSource=admin
2026-06-17 03:36:26 [32minfo[39m: 	HTTP CRON server up and running on port 5555 !
2026-06-17 03:36:26 [32minfo[39m: 	Successfully connected to database mongodb://edgev3_app:edgev3_mongodb_pass@mongodb:27017/edgev3?authSource=admin
2026-06-17 03:36:26 [32minfo[39m: 	HTTP production server up and running on port 5000 !
2026-06-17 03:36:27 [32minfo[39m: 	Successfully connected to database mongodb://edgev3_app:edgev3_mongodb_pass@mongodb:27017/edgev3?authSource=admin
2026-06-17 03:36:27 [32minfo[39m: 	HTTP production server up and running on port 5000 !
2026-06-17 03:36:29 [32minfo[39m: 	Successfully connected to database mongodb://edgev3_app:edgev3_mongodb_pass@mongodb:27017/edgev3?authSource=admin
2026-06-17 03:36:29 [32minfo[39m: 	HTTP production server up and running on port 5000 !
2026-06-17 03:36:54 [32minfo[39m: 	Successfully connected to database mongodb://edgev3_app:edgev3_mongodb_pass@mongodb:27017/edgev3?authSource=admin
2026-06-17 03:36:54 [32minfo[39m: 	HTTP production server up and running on port 5000 !
2026-06-17 03:36:56 [32minfo[39m: 	Successfully connected to database mongodb://edgev3_app:edgev3_mongodb_pass@mongodb:27017/edgev3?authSource=admin
2026-06-17 03:36:56 [32minfo[39m: 	HTTP CRON server up and running on port 5555 !
2026-06-17 03:36:56 [32minfo[39m: 	Successfully connected to database mongodb://edgev3_app:edgev3_mongodb_pass@mongodb:27017/edgev3?authSource=admin
2026-06-17 03:36:56 [32minfo[39m: 	HTTP production server up and running on port 5000 !
2026-06-17 03:36:57 [32minfo[39m: 	Successfully connected to database mongodb://edgev3_app:edgev3_mongodb_pass@mongodb:27017/edgev3?authSource=admin
2026-06-17 03:36:57 [32minfo[39m: 	HTTP production server up and running on port 5000 !
2026-06-17 03:36:59 [32minfo[39m: 	Successfully connected to database mongodb://edgev3_app:edgev3_mongodb_pass@mongodb:27017/edgev3?authSource=admin
2026-06-17 03:36:59 [32minfo[39m: 	HTTP production server up and running on port 5000 !
2026-06-17 03:37:24 [32minfo[39m: 	Successfully connected to database mongodb://edgev3_app:edgev3_mongodb_pass@mongodb:27017/edgev3?authSource=admin
2026-06-17 03:37:24 [32minfo[39m: 	HTTP production server up and running on port 5000 !
2026-06-17 03:37:26 [32minfo[39m: 	Successfully connected to database mongodb://edgev3_app:edgev3_mongodb_pass@mongodb:27017/edgev3?authSource=admin
2026-06-17 03:37:26 [32minfo[39m: 	HTTP CRON server up and running on port 5555 !
2026-06-17 03:37:26 [32minfo[39m: 	Successfully connected to database mongodb://edgev3_app:edgev3_mongodb_pass@mongodb:27017/edgev3?authSource=admin
2026-06-17 03:37:26 [32minfo[39m: 	HTTP production server up and running on port 5000 !
2026-06-17 03:37:27 [32minfo[39m: 	Successfully connected to database mongodb://edgev3_app:edgev3_mongodb_pass@mongodb:27017/edgev3?authSource=admin
2026-06-17 03:37:27 [32minfo[39m: 	HTTP production server up and running on port 5000 !
2026-06-17 03:37:29 [32minfo[39m: 	Successfully connected to database mongodb://edgev3_app:edgev3_mongodb_pass@mongodb:27017/edgev3?authSource=admin
2026-06-17 03:37:29 [32minfo[39m: 	HTTP production server up and running on port 5000 !
2026-06-17 03:37:54 [32minfo[39m: 	Successfully connected to database mongodb://edgev3_app:edgev3_mongodb_pass@mongodb:27017/edgev3?authSource=admin
2026-06-17 03:37:54 [32minfo[39m: 	HTTP production server up and running on port 5000 !
2026-06-17 03:37:56 [32minfo[39m: 	Successfully connected to database mongodb://edgev3_app:edgev3_mongodb_pass@mongodb:27017/edgev3?authSource=admin
2026-06-17 03:37:56 [32minfo[39m: 	HTTP CRON server up and running on port 5555 !
2026-06-17 03:37:56 [32minfo[39m: 	Successfully connected to database mongodb://edgev3_app:edgev3_mongodb_pass@mongodb:27017/edgev3?authSource=admin
2026-06-17 03:37:56 [32minfo[39m: 	HTTP production server up and running on port 5000 !
2026-06-17 03:37:57 [32minfo[39m: 	Successfully connected to database mongodb://edgev3_app:edgev3_mongodb_pass@mongodb:27017/edgev3?authSource=admin
2026-06-17 03:37:57 [32minfo[39m: 	HTTP production server up and running on port 5000 !
2026-06-17 03:37:59 [32minfo[39m: 	Successfully connected to database mongodb://edgev3_app:edgev3_mongodb_pass@mongodb:27017/edgev3?authSource=admin
2026-06-17 03:37:59 [32minfo[39m: 	HTTP production server up and running on port 5000 !
2026-06-17 03:38:24 [32minfo[39m: 	Successfully connected to database mongodb://edgev3_app:edgev3_mongodb_pass@mongodb:27017/edgev3?authSource=admin
2026-06-17 03:38:24 [32minfo[39m: 	HTTP production server up and running on port 5000 !
2026-06-17 03:38:26 [32minfo[39m: 	Successfully connected to database mongodb://edgev3_app:edgev3_mongodb_pass@mongodb:27017/edgev3?authSource=admin
2026-06-17 03:38:26 [32minfo[39m: 	HTTP CRON server up and running on port 5555 !
2026-06-17 03:38:26 [32minfo[39m: 	Successfully connected to database mongodb://edgev3_app:edgev3_mongodb_pass@mongodb:27017/edgev3?authSource=admin
2026-06-17 03:38:26 [32minfo[39m: 	HTTP production server up and running on port 5000 !
2026-06-17 03:38:27 [32minfo[39m: 	Successfully connected to database mongodb://edgev3_app:edgev3_mongodb_pass@mongodb:27017/edgev3?authSource=admin
2026-06-17 03:38:27 [32minfo[39m: 	HTTP production server up and running on port 5000 !
2026-06-17 03:38:29 [32minfo[39m: 	Successfully connected to database mongodb://edgev3_app:edgev3_mongodb_pass@mongodb:27017/edgev3?authSource=admin
2026-06-17 03:38:29 [32minfo[39m: 	HTTP production server up and running on port 5000 !
2026-06-17 03:38:54 [32minfo[39m: 	Successfully connected to database mongodb://edgev3_app:edgev3_mongodb_pass@mongodb:27017/edgev3?authSource=admin
2026-06-17 03:38:54 [32minfo[39m: 	HTTP production server up and running on port 5000 !
2026-06-17 03:38:56 [32minfo[39m: 	Successfully connected to database mongodb://edgev3_app:edgev3_mongodb_pass@mongodb:27017/edgev3?authSource=admin
2026-06-17 03:38:56 [32minfo[39m: 	HTTP CRON server up and running on port 5555 !
2026-06-17 03:38:56 [32minfo[39m: 	Successfully connected to database mongodb://edgev3_app:edgev3_mongodb_pass@mongodb:27017/edgev3?authSource=admin
2026-06-17 03:38:56 [32minfo[39m: 	HTTP production server up and running on port 5000 !
2026-06-17 03:38:57 [32minfo[39m: 	Successfully connected to database mongodb://edgev3_app:edgev3_mongodb_pass@mongodb:27017/edgev3?authSource=admin
2026-06-17 03:38:57 [32minfo[39m: 	HTTP production server up and running on port 5000 !
2026-06-17 03:38:59 [32minfo[39m: 	Successfully connected to database mongodb://edgev3_app:edgev3_mongodb_pass@mongodb:27017/edgev3?authSource=admin
2026-06-17 03:38:59 [32minfo[39m: 	HTTP production server up and running on port 5000 !
2026-06-17 03:39:24 [32minfo[39m: 	Successfully connected to database mongodb://edgev3_app:edgev3_mongodb_pass@mongodb:27017/edgev3?authSource=admin
2026-06-17 03:39:24 [32minfo[39m: 	HTTP production server up and running on port 5000 !
2026-06-17 03:39:26 [32minfo[39m: 	Successfully connected to database mongodb://edgev3_app:edgev3_mongodb_pass@mongodb:27017/edgev3?authSource=admin
2026-06-17 03:39:26 [32minfo[39m: 	HTTP CRON server up and running on port 5555 !
2026-06-17 03:39:26 [32minfo[39m: 	Successfully connected to database mongodb://edgev3_app:edgev3_mongodb_pass@mongodb:27017/edgev3?authSource=admin
2026-06-17 03:39:26 [32minfo[39m: 	HTTP production server up and running on port 5000 !
2026-06-17 03:39:27 [32minfo[39m: 	Successfully connected to database mongodb://edgev3_app:edgev3_mongodb_pass@mongodb:27017/edgev3?authSource=admin
2026-06-17 03:39:27 [32minfo[39m: 	HTTP production server up and running on port 5000 !
2026-06-17 03:39:29 [32minfo[39m: 	Successfully connected to database mongodb://edgev3_app:edgev3_mongodb_pass@mongodb:27017/edgev3?authSource=admin
2026-06-17 03:39:29 [32minfo[39m: 	HTTP production server up and running on port 5000 !
2026-06-17 03:39:54 [32minfo[39m: 	Successfully connected to database mongodb://edgev3_app:edgev3_mongodb_pass@mongodb:27017/edgev3?authSource=admin
2026-06-17 03:39:54 [32minfo[39m: 	HTTP production server up and running on port 5000 !
2026-06-17 03:39:56 [32minfo[39m: 	Successfully connected to database mongodb://edgev3_app:edgev3_mongodb_pass@mongodb:27017/edgev3?authSource=admin
2026-06-17 03:39:56 [32minfo[39m: 	HTTP CRON server up and running on port 5555 !
2026-06-17 03:39:56 [32minfo[39m: 	Successfully connected to database mongodb://edgev3_app:edgev3_mongodb_pass@mongodb:27017/edgev3?authSource=admin
2026-06-17 03:39:56 [32minfo[39m: 	HTTP production server up and running on port 5000 !
2026-06-17 03:39:57 [32minfo[39m: 	Successfully connected to database mongodb://edgev3_app:edgev3_mongodb_pass@mongodb:27017/edgev3?authSource=admin
2026-06-17 03:39:57 [32minfo[39m: 	HTTP production server up and running on port 5000 !
2026-06-17 03:39:59 [32minfo[39m: 	Successfully connected to database mongodb://edgev3_app:edgev3_mongodb_pass@mongodb:27017/edgev3?authSource=admin
2026-06-17 03:39:59 [32minfo[39m: 	HTTP production server up and running on port 5000 !
2026-06-17 03:40:24 [32minfo[39m: 	Successfully connected to database mongodb://edgev3_app:edgev3_mongodb_pass@mongodb:27017/edgev3?authSource=admin
2026-06-17 03:40:24 [32minfo[39m: 	HTTP production server up and running on port 5000 !
2026-06-17 03:40:26 [32minfo[39m: 	Successfully connected to database mongodb://edgev3_app:edgev3_mongodb_pass@mongodb:27017/edgev3?authSource=admin
2026-06-17 03:40:26 [32minfo[39m: 	HTTP CRON server up and running on port 5555 !
2026-06-17 03:40:26 [32minfo[39m: 	Successfully connected to database mongodb://edgev3_app:edgev3_mongodb_pass@mongodb:27017/edgev3?authSource=admin
2026-06-17 03:40:26 [32minfo[39m: 	HTTP production server up and running on port 5000 !
2026-06-17 03:40:27 [32minfo[39m: 	Successfully connected to database mongodb://edgev3_app:edgev3_mongodb_pass@mongodb:27017/edgev3?authSource=admin
2026-06-17 03:40:27 [32minfo[39m: 	HTTP production server up and running on port 5000 !
2026-06-17 03:40:29 [32minfo[39m: 	Successfully connected to database mongodb://edgev3_app:edgev3_mongodb_pass@mongodb:27017/edgev3?authSource=admin
2026-06-17 03:40:29 [32minfo[39m: 	HTTP production server up and running on port 5000 !
2026-06-17 03:40:54 [32minfo[39m: 	Successfully connected to database mongodb://edgev3_app:edgev3_mongodb_pass@mongodb:27017/edgev3?authSource=admin
2026-06-17 03:40:54 [32minfo[39m: 	HTTP production server up and running on port 5000 !
2026-06-17 03:40:56 [32minfo[39m: 	Successfully connected to database mongodb://edgev3_app:edgev3_mongodb_pass@mongodb:27017/edgev3?authSource=admin
2026-06-17 03:40:56 [32minfo[39m: 	HTTP CRON server up and running on port 5555 !
2026-06-17 03:40:56 [32minfo[39m: 	Successfully connected to database mongodb://edgev3_app:edgev3_mongodb_pass@mongodb:27017/edgev3?authSource=admin
2026-06-17 03:40:56 [32minfo[39m: 	HTTP production server up and running on port 5000 !
2026-06-17 03:40:57 [32minfo[39m: 	Successfully connected to database mongodb://edgev3_app:edgev3_mongodb_pass@mongodb:27017/edgev3?authSource=admin
2026-06-17 03:40:57 [32minfo[39m: 	HTTP production server up and running on port 5000 !
2026-06-17 03:40:59 [32minfo[39m: 	Successfully connected to database mongodb://edgev3_app:edgev3_mongodb_pass@mongodb:27017/edgev3?authSource=admin
2026-06-17 03:40:59 [32minfo[39m: 	HTTP production server up and running on port 5000 !
2026-06-17 03:41:24 [32minfo[39m: 	Successfully connected to database mongodb://edgev3_app:edgev3_mongodb_pass@mongodb:27017/edgev3?authSource=admin
2026-06-17 03:41:24 [32minfo[39m: 	HTTP production server up and running on port 5000 !
2026-06-17 03:41:26 [32minfo[39m: 	Successfully connected to database mongodb://edgev3_app:edgev3_mongodb_pass@mongodb:27017/edgev3?authSource=admin
2026-06-17 03:41:26 [32minfo[39m: 	HTTP CRON server up and running on port 5555 !
2026-06-17 03:41:26 [32minfo[39m: 	Successfully connected to database mongodb://edgev3_app:edgev3_mongodb_pass@mongodb:27017/edgev3?authSource=admin
2026-06-17 03:41:26 [32minfo[39m: 	HTTP production server up and running on port 5000 !
2026-06-17 03:41:27 [32minfo[39m: 	Successfully connected to database mongodb://edgev3_app:edgev3_mongodb_pass@mongodb:27017/edgev3?authSource=admin
2026-06-17 03:41:27 [32minfo[39m: 	HTTP production server up and running on port 5000 !
2026-06-17 03:41:29 [32minfo[39m: 	Successfully connected to database mongodb://edgev3_app:edgev3_mongodb_pass@mongodb:27017/edgev3?authSource=admin
2026-06-17 03:41:29 [32minfo[39m: 	HTTP production server up and running on port 5000 !
2026-06-17 03:41:54 [32minfo[39m: 	Successfully connected to database mongodb://edgev3_app:edgev3_mongodb_pass@mongodb:27017/edgev3?authSource=admin
2026-06-17 03:41:54 [32minfo[39m: 	HTTP production server up and running on port 5000 !
2026-06-17 03:41:56 [32minfo[39m: 	Successfully connected to database mongodb://edgev3_app:edgev3_mongodb_pass@mongodb:27017/edgev3?authSource=admin
2026-06-17 03:41:56 [32minfo[39m: 	HTTP CRON server up and running on port 5555 !
2026-06-17 03:41:56 [32minfo[39m: 	Successfully connected to database mongodb://edgev3_app:edgev3_mongodb_pass@mongodb:27017/edgev3?authSource=admin
2026-06-17 03:41:56 [32minfo[39m: 	HTTP production server up and running on port 5000 !
2026-06-17 03:41:57 [32minfo[39m: 	Successfully connected to database mongodb://edgev3_app:edgev3_mongodb_pass@mongodb:27017/edgev3?authSource=admin
2026-06-17 03:41:57 [32minfo[39m: 	HTTP production server up and running on port 5000 !
2026-06-17 03:41:59 [32minfo[39m: 	Successfully connected to database mongodb://edgev3_app:edgev3_mongodb_pass@mongodb:27017/edgev3?authSource=admin
2026-06-17 03:41:59 [32minfo[39m: 	HTTP production server up and running on port 5000 !
2026-06-17 03:42:24 [32minfo[39m: 	Successfully connected to database mongodb://edgev3_app:edgev3_mongodb_pass@mongodb:27017/edgev3?authSource=admin
2026-06-17 03:42:24 [32minfo[39m: 	HTTP production server up and running on port 5000 !
2026-06-17 03:42:26 [32minfo[39m: 	Successfully connected to database mongodb://edgev3_app:edgev3_mongodb_pass@mongodb:27017/edgev3?authSource=admin
2026-06-17 03:42:26 [32minfo[39m: 	HTTP CRON server up and running on port 5555 !
2026-06-17 03:42:26 [32minfo[39m: 	Successfully connected to database mongodb://edgev3_app:edgev3_mongodb_pass@mongodb:27017/edgev3?authSource=admin
2026-06-17 03:42:26 [32minfo[39m: 	HTTP production server up and running on port 5000 !
2026-06-17 03:42:27 [32minfo[39m: 	Successfully connected to database mongodb://edgev3_app:edgev3_mongodb_pass@mongodb:27017/edgev3?authSource=admin
2026-06-17 03:42:27 [32minfo[39m: 	HTTP production server up and running on port 5000 !
2026-06-17 03:42:29 [32minfo[39m: 	Successfully connected to database mongodb://edgev3_app:edgev3_mongodb_pass@mongodb:27017/edgev3?authSource=admin
2026-06-17 03:42:29 [32minfo[39m: 	HTTP production server up and running on port 5000 !
2026-06-17 03:42:54 [32minfo[39m: 	Successfully connected to database mongodb://edgev3_app:edgev3_mongodb_pass@mongodb:27017/edgev3?authSource=admin
2026-06-17 03:42:54 [32minfo[39m: 	HTTP production server up and running on port 5000 !
2026-06-17 03:42:56 [32minfo[39m: 	Successfully connected to database mongodb://edgev3_app:edgev3_mongodb_pass@mongodb:27017/edgev3?authSource=admin
2026-06-17 03:42:56 [32minfo[39m: 	HTTP CRON server up and running on port 5555 !
2026-06-17 03:42:56 [32minfo[39m: 	Successfully connected to database mongodb://edgev3_app:edgev3_mongodb_pass@mongodb:27017/edgev3?authSource=admin
2026-06-17 03:42:56 [32minfo[39m: 	HTTP production server up and running on port 5000 !
2026-06-17 03:42:57 [32minfo[39m: 	Successfully connected to database mongodb://edgev3_app:edgev3_mongodb_pass@mongodb:27017/edgev3?authSource=admin
2026-06-17 03:42:57 [32minfo[39m: 	HTTP production server up and running on port 5000 !
2026-06-17 03:42:59 [32minfo[39m: 	Successfully connected to database mongodb://edgev3_app:edgev3_mongodb_pass@mongodb:27017/edgev3?authSource=admin
2026-06-17 03:42:59 [32minfo[39m: 	HTTP production server up and running on port 5000 !
2026-06-17 03:43:24 [32minfo[39m: 	Successfully connected to database mongodb://edgev3_app:edgev3_mongodb_pass@mongodb:27017/edgev3?authSource=admin
2026-06-17 03:43:24 [32minfo[39m: 	HTTP production server up and running on port 5000 !
2026-06-17 03:43:26 [32minfo[39m: 	Successfully connected to database mongodb://edgev3_app:edgev3_mongodb_pass@mongodb:27017/edgev3?authSource=admin
2026-06-17 03:43:26 [32minfo[39m: 	HTTP CRON server up and running on port 5555 !
2026-06-17 03:43:26 [32minfo[39m: 	Successfully connected to database mongodb://edgev3_app:edgev3_mongodb_pass@mongodb:27017/edgev3?authSource=admin
2026-06-17 03:43:26 [32minfo[39m: 	HTTP production server up and running on port 5000 !
2026-06-17 03:43:27 [32minfo[39m: 	Successfully connected to database mongodb://edgev3_app:edgev3_mongodb_pass@mongodb:27017/edgev3?authSource=admin
2026-06-17 03:43:27 [32minfo[39m: 	HTTP production server up and running on port 5000 !
2026-06-17 03:43:29 [32minfo[39m: 	Successfully connected to database mongodb://edgev3_app:edgev3_mongodb_pass@mongodb:27017/edgev3?authSource=admin
2026-06-17 03:43:29 [32minfo[39m: 	HTTP production server up and running on port 5000 !
2026-06-17 03:43:54 [32minfo[39m: 	Successfully connected to database mongodb://edgev3_app:edgev3_mongodb_pass@mongodb:27017/edgev3?authSource=admin
2026-06-17 03:43:54 [32minfo[39m: 	HTTP production server up and running on port 5000 !
2026-06-17 03:43:56 [32minfo[39m: 	Successfully connected to database mongodb://edgev3_app:edgev3_mongodb_pass@mongodb:27017/edgev3?authSource=admin
2026-06-17 03:43:56 [32minfo[39m: 	HTTP CRON server up and running on port 5555 !
2026-06-17 03:43:56 [32minfo[39m: 	Successfully connected to database mongodb://edgev3_app:edgev3_mongodb_pass@mongodb:27017/edgev3?authSource=admin
2026-06-17 03:43:56 [32minfo[39m: 	HTTP production server up and running on port 5000 !
2026-06-17 03:43:58 [32minfo[39m: 	Successfully connected to database mongodb://edgev3_app:edgev3_mongodb_pass@mongodb:27017/edgev3?authSource=admin
2026-06-17 03:43:58 [32minfo[39m: 	HTTP production server up and running on port 5000 !
2026-06-17 03:44:00 [32minfo[39m: 	Successfully connected to database mongodb://edgev3_app:edgev3_mongodb_pass@mongodb:27017/edgev3?authSource=admin
2026-06-17 03:44:00 [32minfo[39m: 	HTTP production server up and running on port 5000 !
2026-06-17 03:44:32 [32minfo[39m: 	Successfully connected to database mongodb://edgev3_app:edgev3_mongodb_pass@mongodb:27017/edgev3?authSource=admin
2026-06-17 03:44:32 [32minfo[39m: 	HTTP production server up and running on port 5000 !
2026-06-17 03:44:33 [32minfo[39m: 	Successfully connected to database mongodb://edgev3_app:edgev3_mongodb_pass@mongodb:27017/edgev3?authSource=admin
2026-06-17 03:44:33 [32minfo[39m: 	HTTP CRON server up and running on port 5555 !
2026-06-17 03:44:34 [32minfo[39m: 	Successfully connected to database mongodb://edgev3_app:edgev3_mongodb_pass@mongodb:27017/edgev3?authSource=admin
2026-06-17 03:44:34 [32minfo[39m: 	HTTP production server up and running on port 5000 !
2026-06-17 03:44:35 [32minfo[39m: 	Successfully connected to database mongodb://edgev3_app:edgev3_mongodb_pass@mongodb:27017/edgev3?authSource=admin
2026-06-17 03:44:35 [32minfo[39m: 	HTTP production server up and running on port 5000 !
2026-06-17 03:44:37 [32minfo[39m: 	Successfully connected to database mongodb://edgev3_app:edgev3_mongodb_pass@mongodb:27017/edgev3?authSource=admin
2026-06-17 03:44:37 [32minfo[39m: 	HTTP production server up and running on port 5000 !
2026-06-17 03:50:02 [32minfo[39m: 	Successfully connected to database mongodb://edgev3_app:edgev3_mongodb_pass@mongodb:27017/edgev3?authSource=admin
2026-06-17 03:50:02 [32minfo[39m: 	HTTP production server up and running on port 5000 !
2026-06-17 03:50:04 [32minfo[39m: 	Successfully connected to database mongodb://edgev3_app:edgev3_mongodb_pass@mongodb:27017/edgev3?authSource=admin
2026-06-17 03:50:04 [32minfo[39m: 	HTTP CRON server up and running on port 5555 !
2026-06-17 03:50:04 [32minfo[39m: 	Successfully connected to database mongodb://edgev3_app:edgev3_mongodb_pass@mongodb:27017/edgev3?authSource=admin
2026-06-17 03:50:04 [32minfo[39m: 	HTTP production server up and running on port 5000 !
2026-06-17 03:50:05 [32minfo[39m: 	Successfully connected to database mongodb://edgev3_app:edgev3_mongodb_pass@mongodb:27017/edgev3?authSource=admin
2026-06-17 03:50:05 [32minfo[39m: 	HTTP production server up and running on port 5000 !
2026-06-17 03:50:07 [32minfo[39m: 	Successfully connected to database mongodb://edgev3_app:edgev3_mongodb_pass@mongodb:27017/edgev3?authSource=admin
2026-06-17 03:50:07 [32minfo[39m: 	HTTP production server up and running on port 5000 !
2026-06-17 03:50:32 [32minfo[39m: 	Successfully connected to database mongodb://edgev3_app:edgev3_mongodb_pass@mongodb:27017/edgev3?authSource=admin
2026-06-17 03:50:32 [32minfo[39m: 	HTTP production server up and running on port 5000 !
2026-06-17 03:50:34 [32minfo[39m: 	Successfully connected to database mongodb://edgev3_app:edgev3_mongodb_pass@mongodb:27017/edgev3?authSource=admin
2026-06-17 03:50:34 [32minfo[39m: 	HTTP CRON server up and running on port 5555 !
2026-06-17 03:50:34 [32minfo[39m: 	Successfully connected to database mongodb://edgev3_app:edgev3_mongodb_pass@mongodb:27017/edgev3?authSource=admin
2026-06-17 03:50:34 [32minfo[39m: 	HTTP production server up and running on port 5000 !
2026-06-17 03:50:35 [32minfo[39m: 	Successfully connected to database mongodb://edgev3_app:edgev3_mongodb_pass@mongodb:27017/edgev3?authSource=admin
2026-06-17 03:50:35 [32minfo[39m: 	HTTP production server up and running on port 5000 !
2026-06-17 03:50:37 [32minfo[39m: 	Successfully connected to database mongodb://edgev3_app:edgev3_mongodb_pass@mongodb:27017/edgev3?authSource=admin
2026-06-17 03:50:37 [32minfo[39m: 	HTTP production server up and running on port 5000 !
2026-06-17 03:51:02 [32minfo[39m: 	Successfully connected to database mongodb://edgev3_app:edgev3_mongodb_pass@mongodb:27017/edgev3?authSource=admin
2026-06-17 03:51:02 [32minfo[39m: 	HTTP production server up and running on port 5000 !
2026-06-17 03:51:04 [32minfo[39m: 	Successfully connected to database mongodb://edgev3_app:edgev3_mongodb_pass@mongodb:27017/edgev3?authSource=admin
2026-06-17 03:51:04 [32minfo[39m: 	HTTP CRON server up and running on port 5555 !
2026-06-17 03:51:04 [32minfo[39m: 	Successfully connected to database mongodb://edgev3_app:edgev3_mongodb_pass@mongodb:27017/edgev3?authSource=admin
2026-06-17 03:51:04 [32minfo[39m: 	HTTP production server up and running on port 5000 !
2026-06-17 03:51:05 [32minfo[39m: 	Successfully connected to database mongodb://edgev3_app:edgev3_mongodb_pass@mongodb:27017/edgev3?authSource=admin
2026-06-17 03:51:05 [32minfo[39m: 	HTTP production server up and running on port 5000 !
2026-06-17 03:51:07 [32minfo[39m: 	Successfully connected to database mongodb://edgev3_app:edgev3_mongodb_pass@mongodb:27017/edgev3?authSource=admin
2026-06-17 03:51:07 [32minfo[39m: 	HTTP production server up and running on port 5000 !
2026-06-17 03:56:31 [32minfo[39m: 	Successfully connected to database mongodb://edgev3_app:edgev3_mongodb_pass@mongodb:27017/edgev3?authSource=admin
2026-06-17 03:56:31 [32minfo[39m: 	HTTP production server up and running on port 5000 !
2026-06-17 03:56:33 [32minfo[39m: 	Successfully connected to database mongodb://edgev3_app:edgev3_mongodb_pass@mongodb:27017/edgev3?authSource=admin
2026-06-17 03:56:33 [32minfo[39m: 	HTTP CRON server up and running on port 5555 !
2026-06-17 03:56:33 [32minfo[39m: 	Successfully connected to database mongodb://edgev3_app:edgev3_mongodb_pass@mongodb:27017/edgev3?authSource=admin
2026-06-17 03:56:33 [32minfo[39m: 	HTTP production server up and running on port 5000 !
2026-06-17 03:56:34 [32minfo[39m: 	Successfully connected to database mongodb://edgev3_app:edgev3_mongodb_pass@mongodb:27017/edgev3?authSource=admin
2026-06-17 03:56:34 [32minfo[39m: 	HTTP production server up and running on port 5000 !
2026-06-17 03:56:36 [32minfo[39m: 	Successfully connected to database mongodb://edgev3_app:edgev3_mongodb_pass@mongodb:27017/edgev3?authSource=admin
2026-06-17 03:56:36 [32minfo[39m: 	HTTP production server up and running on port 5000 !
2026-06-17 03:57:01 [32minfo[39m: 	Successfully connected to database mongodb://edgev3_app:edgev3_mongodb_pass@mongodb:27017/edgev3?authSource=admin
2026-06-17 03:57:01 [32minfo[39m: 	HTTP production server up and running on port 5000 !
2026-06-17 03:57:03 [32minfo[39m: 	Successfully connected to database mongodb://edgev3_app:edgev3_mongodb_pass@mongodb:27017/edgev3?authSource=admin
2026-06-17 03:57:03 [32minfo[39m: 	HTTP CRON server up and running on port 5555 !
2026-06-17 03:57:03 [32minfo[39m: 	Successfully connected to database mongodb://edgev3_app:edgev3_mongodb_pass@mongodb:27017/edgev3?authSource=admin
2026-06-17 03:57:03 [32minfo[39m: 	HTTP production server up and running on port 5000 !
2026-06-17 03:57:04 [32minfo[39m: 	Successfully connected to database mongodb://edgev3_app:edgev3_mongodb_pass@mongodb:27017/edgev3?authSource=admin
2026-06-17 03:57:04 [32minfo[39m: 	HTTP production server up and running on port 5000 !
2026-06-17 03:57:06 [32minfo[39m: 	Successfully connected to database mongodb://edgev3_app:edgev3_mongodb_pass@mongodb:27017/edgev3?authSource=admin
2026-06-17 03:57:06 [32minfo[39m: 	HTTP production server up and running on port 5000 !
2026-06-17 04:13:24 [32minfo[39m: 	Successfully connected to database mongodb://edgev3_app:edgev3_mongodb_pass@mongodb:27017/edgev3?authSource=admin
2026-06-17 04:13:24 [32minfo[39m: 	HTTP production server up and running on port 5000 !
2026-06-17 04:13:26 [32minfo[39m: 	Successfully connected to database mongodb://edgev3_app:edgev3_mongodb_pass@mongodb:27017/edgev3?authSource=admin
2026-06-17 04:13:26 [32minfo[39m: 	HTTP CRON server up and running on port 5555 !
2026-06-17 04:13:26 [32minfo[39m: 	Successfully connected to database mongodb://edgev3_app:edgev3_mongodb_pass@mongodb:27017/edgev3?authSource=admin
2026-06-17 04:13:26 [32minfo[39m: 	HTTP production server up and running on port 5000 !
2026-06-17 04:13:27 [32minfo[39m: 	Successfully connected to database mongodb://edgev3_app:edgev3_mongodb_pass@mongodb:27017/edgev3?authSource=admin
2026-06-17 04:13:28 [32minfo[39m: 	HTTP production server up and running on port 5000 !
2026-06-17 04:13:29 [32minfo[39m: 	Successfully connected to database mongodb://edgev3_app:edgev3_mongodb_pass@mongodb:27017/edgev3?authSource=admin
2026-06-17 04:13:29 [32minfo[39m: 	HTTP production server up and running on port 5000 !
2026-06-17 04:13:54 [32minfo[39m: 	Successfully connected to database mongodb://edgev3_app:edgev3_mongodb_pass@mongodb:27017/edgev3?authSource=admin
2026-06-17 04:13:54 [32minfo[39m: 	HTTP production server up and running on port 5000 !
2026-06-17 04:13:56 [32minfo[39m: 	Successfully connected to database mongodb://edgev3_app:edgev3_mongodb_pass@mongodb:27017/edgev3?authSource=admin
2026-06-17 04:13:56 [32minfo[39m: 	HTTP CRON server up and running on port 5555 !
2026-06-17 04:13:56 [32minfo[39m: 	Successfully connected to database mongodb://edgev3_app:edgev3_mongodb_pass@mongodb:27017/edgev3?authSource=admin
2026-06-17 04:13:56 [32minfo[39m: 	HTTP production server up and running on port 5000 !
2026-06-17 04:13:57 [32minfo[39m: 	Successfully connected to database mongodb://edgev3_app:edgev3_mongodb_pass@mongodb:27017/edgev3?authSource=admin
2026-06-17 04:13:57 [32minfo[39m: 	HTTP production server up and running on port 5000 !
2026-06-17 04:13:59 [32minfo[39m: 	Successfully connected to database mongodb://edgev3_app:edgev3_mongodb_pass@mongodb:27017/edgev3?authSource=admin
2026-06-17 04:13:59 [32minfo[39m: 	HTTP production server up and running on port 5000 !
2026-06-17 04:14:24 [32minfo[39m: 	Successfully connected to database mongodb://edgev3_app:edgev3_mongodb_pass@mongodb:27017/edgev3?authSource=admin
2026-06-17 04:14:24 [32minfo[39m: 	HTTP production server up and running on port 5000 !
2026-06-17 04:14:26 [32minfo[39m: 	Successfully connected to database mongodb://edgev3_app:edgev3_mongodb_pass@mongodb:27017/edgev3?authSource=admin
2026-06-17 04:14:26 [32minfo[39m: 	HTTP CRON server up and running on port 5555 !
2026-06-17 04:14:26 [32minfo[39m: 	Successfully connected to database mongodb://edgev3_app:edgev3_mongodb_pass@mongodb:27017/edgev3?authSource=admin
2026-06-17 04:14:26 [32minfo[39m: 	HTTP production server up and running on port 5000 !
2026-06-17 04:14:27 [32minfo[39m: 	Successfully connected to database mongodb://edgev3_app:edgev3_mongodb_pass@mongodb:27017/edgev3?authSource=admin
2026-06-17 04:14:27 [32minfo[39m: 	HTTP production server up and running on port 5000 !
2026-06-17 04:14:29 [32minfo[39m: 	Successfully connected to database mongodb://edgev3_app:edgev3_mongodb_pass@mongodb:27017/edgev3?authSource=admin
2026-06-17 04:14:29 [32minfo[39m: 	HTTP production server up and running on port 5000 !
2026-06-17 04:14:54 [32minfo[39m: 	Successfully connected to database mongodb://edgev3_app:edgev3_mongodb_pass@mongodb:27017/edgev3?authSource=admin
2026-06-17 04:14:54 [32minfo[39m: 	HTTP production server up and running on port 5000 !
2026-06-17 04:14:56 [32minfo[39m: 	Successfully connected to database mongodb://edgev3_app:edgev3_mongodb_pass@mongodb:27017/edgev3?authSource=admin
2026-06-17 04:14:56 [32minfo[39m: 	HTTP CRON server up and running on port 5555 !
2026-06-17 04:14:56 [32minfo[39m: 	Successfully connected to database mongodb://edgev3_app:edgev3_mongodb_pass@mongodb:27017/edgev3?authSource=admin
2026-06-17 04:14:56 [32minfo[39m: 	HTTP production server up and running on port 5000 !
2026-06-17 04:14:57 [32minfo[39m: 	Successfully connected to database mongodb://edgev3_app:edgev3_mongodb_pass@mongodb:27017/edgev3?authSource=admin
2026-06-17 04:14:57 [32minfo[39m: 	HTTP production server up and running on port 5000 !
2026-06-17 04:14:59 [32minfo[39m: 	Successfully connected to database mongodb://edgev3_app:edgev3_mongodb_pass@mongodb:27017/edgev3?authSource=admin
2026-06-17 04:14:59 [32minfo[39m: 	HTTP production server up and running on port 5000 !
2026-06-17 04:15:24 [32minfo[39m: 	Successfully connected to database mongodb://edgev3_app:edgev3_mongodb_pass@mongodb:27017/edgev3?authSource=admin
2026-06-17 04:15:24 [32minfo[39m: 	HTTP production server up and running on port 5000 !
2026-06-17 04:15:26 [32minfo[39m: 	Successfully connected to database mongodb://edgev3_app:edgev3_mongodb_pass@mongodb:27017/edgev3?authSource=admin
2026-06-17 04:15:26 [32minfo[39m: 	HTTP CRON server up and running on port 5555 !
2026-06-17 04:15:26 [32minfo[39m: 	Successfully connected to database mongodb://edgev3_app:edgev3_mongodb_pass@mongodb:27017/edgev3?authSource=admin
2026-06-17 04:15:26 [32minfo[39m: 	HTTP production server up and running on port 5000 !
2026-06-17 04:15:27 [32minfo[39m: 	Successfully connected to database mongodb://edgev3_app:edgev3_mongodb_pass@mongodb:27017/edgev3?authSource=admin
2026-06-17 04:15:27 [32minfo[39m: 	HTTP production server up and running on port 5000 !
2026-06-17 04:15:29 [32minfo[39m: 	Successfully connected to database mongodb://edgev3_app:edgev3_mongodb_pass@mongodb:27017/edgev3?authSource=admin
2026-06-17 04:15:29 [32minfo[39m: 	HTTP production server up and running on port 5000 !
2026-06-17 04:15:54 [32minfo[39m: 	Successfully connected to database mongodb://edgev3_app:edgev3_mongodb_pass@mongodb:27017/edgev3?authSource=admin
2026-06-17 04:15:54 [32minfo[39m: 	HTTP production server up and running on port 5000 !
2026-06-17 04:15:56 [32minfo[39m: 	Successfully connected to database mongodb://edgev3_app:edgev3_mongodb_pass@mongodb:27017/edgev3?authSource=admin
2026-06-17 04:15:56 [32minfo[39m: 	HTTP CRON server up and running on port 5555 !
2026-06-17 04:15:56 [32minfo[39m: 	Successfully connected to database mongodb://edgev3_app:edgev3_mongodb_pass@mongodb:27017/edgev3?authSource=admin
2026-06-17 04:15:56 [32minfo[39m: 	HTTP production server up and running on port 5000 !
2026-06-17 04:15:57 [32minfo[39m: 	Successfully connected to database mongodb://edgev3_app:edgev3_mongodb_pass@mongodb:27017/edgev3?authSource=admin
2026-06-17 04:15:57 [32minfo[39m: 	HTTP production server up and running on port 5000 !
2026-06-17 04:15:59 [32minfo[39m: 	Successfully connected to database mongodb://edgev3_app:edgev3_mongodb_pass@mongodb:27017/edgev3?authSource=admin
2026-06-17 04:15:59 [32minfo[39m: 	HTTP production server up and running on port 5000 !
2026-06-17 04:16:24 [32minfo[39m: 	Successfully connected to database mongodb://edgev3_app:edgev3_mongodb_pass@mongodb:27017/edgev3?authSource=admin
2026-06-17 04:16:24 [32minfo[39m: 	HTTP production server up and running on port 5000 !
2026-06-17 04:16:26 [32minfo[39m: 	Successfully connected to database mongodb://edgev3_app:edgev3_mongodb_pass@mongodb:27017/edgev3?authSource=admin
2026-06-17 04:16:26 [32minfo[39m: 	HTTP CRON server up and running on port 5555 !
2026-06-17 04:16:26 [32minfo[39m: 	Successfully connected to database mongodb://edgev3_app:edgev3_mongodb_pass@mongodb:27017/edgev3?authSource=admin
2026-06-17 04:16:26 [32minfo[39m: 	HTTP production server up and running on port 5000 !
2026-06-17 04:16:27 [32minfo[39m: 	Successfully connected to database mongodb://edgev3_app:edgev3_mongodb_pass@mongodb:27017/edgev3?authSource=admin
2026-06-17 04:16:27 [32minfo[39m: 	HTTP production server up and running on port 5000 !
2026-06-17 04:16:29 [32minfo[39m: 	Successfully connected to database mongodb://edgev3_app:edgev3_mongodb_pass@mongodb:27017/edgev3?authSource=admin
2026-06-17 04:16:29 [32minfo[39m: 	HTTP production server up and running on port 5000 !
2026-06-17 04:16:54 [32minfo[39m: 	Successfully connected to database mongodb://edgev3_app:edgev3_mongodb_pass@mongodb:27017/edgev3?authSource=admin
2026-06-17 04:16:54 [32minfo[39m: 	HTTP production server up and running on port 5000 !
2026-06-17 04:16:56 [32minfo[39m: 	Successfully connected to database mongodb://edgev3_app:edgev3_mongodb_pass@mongodb:27017/edgev3?authSource=admin
2026-06-17 04:16:56 [32minfo[39m: 	HTTP CRON server up and running on port 5555 !
2026-06-17 04:16:56 [32minfo[39m: 	Successfully connected to database mongodb://edgev3_app:edgev3_mongodb_pass@mongodb:27017/edgev3?authSource=admin
2026-06-17 04:16:56 [32minfo[39m: 	HTTP production server up and running on port 5000 !
2026-06-17 04:16:57 [32minfo[39m: 	Successfully connected to database mongodb://edgev3_app:edgev3_mongodb_pass@mongodb:27017/edgev3?authSource=admin
2026-06-17 04:16:57 [32minfo[39m: 	HTTP production server up and running on port 5000 !
2026-06-17 04:16:59 [32minfo[39m: 	Successfully connected to database mongodb://edgev3_app:edgev3_mongodb_pass@mongodb:27017/edgev3?authSource=admin
2026-06-17 04:16:59 [32minfo[39m: 	HTTP production server up and running on port 5000 !
2026-06-17 04:17:24 [32minfo[39m: 	Successfully connected to database mongodb://edgev3_app:edgev3_mongodb_pass@mongodb:27017/edgev3?authSource=admin
2026-06-17 04:17:24 [32minfo[39m: 	HTTP production server up and running on port 5000 !
2026-06-17 04:17:26 [32minfo[39m: 	Successfully connected to database mongodb://edgev3_app:edgev3_mongodb_pass@mongodb:27017/edgev3?authSource=admin
2026-06-17 04:17:26 [32minfo[39m: 	HTTP CRON server up and running on port 5555 !
2026-06-17 04:17:26 [32minfo[39m: 	Successfully connected to database mongodb://edgev3_app:edgev3_mongodb_pass@mongodb:27017/edgev3?authSource=admin
2026-06-17 04:17:26 [32minfo[39m: 	HTTP production server up and running on port 5000 !
2026-06-17 04:17:27 [32minfo[39m: 	Successfully connected to database mongodb://edgev3_app:edgev3_mongodb_pass@mongodb:27017/edgev3?authSource=admin
2026-06-17 04:17:28 [32minfo[39m: 	HTTP production server up and running on port 5000 !
2026-06-17 04:17:29 [32minfo[39m: 	Successfully connected to database mongodb://edgev3_app:edgev3_mongodb_pass@mongodb:27017/edgev3?authSource=admin
2026-06-17 04:17:29 [32minfo[39m: 	HTTP production server up and running on port 5000 !
2026-06-17 04:17:54 [32minfo[39m: 	Successfully connected to database mongodb://edgev3_app:edgev3_mongodb_pass@mongodb:27017/edgev3?authSource=admin
2026-06-17 04:17:54 [32minfo[39m: 	HTTP production server up and running on port 5000 !
2026-06-17 04:17:56 [32minfo[39m: 	Successfully connected to database mongodb://edgev3_app:edgev3_mongodb_pass@mongodb:27017/edgev3?authSource=admin
2026-06-17 04:17:56 [32minfo[39m: 	HTTP CRON server up and running on port 5555 !
2026-06-17 04:17:56 [32minfo[39m: 	Successfully connected to database mongodb://edgev3_app:edgev3_mongodb_pass@mongodb:27017/edgev3?authSource=admin
2026-06-17 04:17:56 [32minfo[39m: 	HTTP production server up and running on port 5000 !
2026-06-17 04:17:57 [32minfo[39m: 	Successfully connected to database mongodb://edgev3_app:edgev3_mongodb_pass@mongodb:27017/edgev3?authSource=admin
2026-06-17 04:17:57 [32minfo[39m: 	HTTP production server up and running on port 5000 !
2026-06-17 04:17:59 [32minfo[39m: 	Successfully connected to database mongodb://edgev3_app:edgev3_mongodb_pass@mongodb:27017/edgev3?authSource=admin
2026-06-17 04:17:59 [32minfo[39m: 	HTTP production server up and running on port 5000 !
2026-06-17 04:18:24 [32minfo[39m: 	Successfully connected to database mongodb://edgev3_app:edgev3_mongodb_pass@mongodb:27017/edgev3?authSource=admin
2026-06-17 04:18:24 [32minfo[39m: 	HTTP production server up and running on port 5000 !
2026-06-17 04:18:26 [32minfo[39m: 	Successfully connected to database mongodb://edgev3_app:edgev3_mongodb_pass@mongodb:27017/edgev3?authSource=admin
2026-06-17 04:18:26 [32minfo[39m: 	HTTP CRON server up and running on port 5555 !
2026-06-17 04:18:26 [32minfo[39m: 	Successfully connected to database mongodb://edgev3_app:edgev3_mongodb_pass@mongodb:27017/edgev3?authSource=admin
2026-06-17 04:18:26 [32minfo[39m: 	HTTP production server up and running on port 5000 !
2026-06-17 04:18:27 [32minfo[39m: 	Successfully connected to database mongodb://edgev3_app:edgev3_mongodb_pass@mongodb:27017/edgev3?authSource=admin
2026-06-17 04:18:27 [32minfo[39m: 	HTTP production server up and running on port 5000 !
2026-06-17 04:18:29 [32minfo[39m: 	Successfully connected to database mongodb://edgev3_app:edgev3_mongodb_pass@mongodb:27017/edgev3?authSource=admin
2026-06-17 04:18:29 [32minfo[39m: 	HTTP production server up and running on port 5000 !
2026-06-17 04:18:54 [32minfo[39m: 	Successfully connected to database mongodb://edgev3_app:edgev3_mongodb_pass@mongodb:27017/edgev3?authSource=admin
2026-06-17 04:18:54 [32minfo[39m: 	HTTP production server up and running on port 5000 !
2026-06-17 04:18:56 [32minfo[39m: 	Successfully connected to database mongodb://edgev3_app:edgev3_mongodb_pass@mongodb:27017/edgev3?authSource=admin
2026-06-17 04:18:56 [32minfo[39m: 	HTTP CRON server up and running on port 5555 !
2026-06-17 04:18:56 [32minfo[39m: 	Successfully connected to database mongodb://edgev3_app:edgev3_mongodb_pass@mongodb:27017/edgev3?authSource=admin
2026-06-17 04:18:56 [32minfo[39m: 	HTTP production server up and running on port 5000 !
2026-06-17 04:18:57 [32minfo[39m: 	Successfully connected to database mongodb://edgev3_app:edgev3_mongodb_pass@mongodb:27017/edgev3?authSource=admin
2026-06-17 04:18:57 [32minfo[39m: 	HTTP production server up and running on port 5000 !
2026-06-17 04:18:59 [32minfo[39m: 	Successfully connected to database mongodb://edgev3_app:edgev3_mongodb_pass@mongodb:27017/edgev3?authSource=admin
2026-06-17 04:18:59 [32minfo[39m: 	HTTP production server up and running on port 5000 !
2026-06-17 04:19:24 [32minfo[39m: 	Successfully connected to database mongodb://edgev3_app:edgev3_mongodb_pass@mongodb:27017/edgev3?authSource=admin
2026-06-17 04:19:24 [32minfo[39m: 	HTTP production server up and running on port 5000 !
2026-06-17 04:19:26 [32minfo[39m: 	Successfully connected to database mongodb://edgev3_app:edgev3_mongodb_pass@mongodb:27017/edgev3?authSource=admin
2026-06-17 04:19:26 [32minfo[39m: 	HTTP CRON server up and running on port 5555 !
2026-06-17 04:19:26 [32minfo[39m: 	Successfully connected to database mongodb://edgev3_app:edgev3_mongodb_pass@mongodb:27017/edgev3?authSource=admin
2026-06-17 04:19:26 [32minfo[39m: 	HTTP production server up and running on port 5000 !
2026-06-17 04:19:27 [32minfo[39m: 	Successfully connected to database mongodb://edgev3_app:edgev3_mongodb_pass@mongodb:27017/edgev3?authSource=admin
2026-06-17 04:19:27 [32minfo[39m: 	HTTP production server up and running on port 5000 !
2026-06-17 04:19:29 [32minfo[39m: 	Successfully connected to database mongodb://edgev3_app:edgev3_mongodb_pass@mongodb:27017/edgev3?authSource=admin
2026-06-17 04:19:29 [32minfo[39m: 	HTTP production server up and running on port 5000 !
2026-06-17 04:19:54 [32minfo[39m: 	Successfully connected to database mongodb://edgev3_app:edgev3_mongodb_pass@mongodb:27017/edgev3?authSource=admin
2026-06-17 04:19:54 [32minfo[39m: 	HTTP production server up and running on port 5000 !
2026-06-17 04:19:56 [32minfo[39m: 	Successfully connected to database mongodb://edgev3_app:edgev3_mongodb_pass@mongodb:27017/edgev3?authSource=admin
2026-06-17 04:19:56 [32minfo[39m: 	HTTP CRON server up and running on port 5555 !
2026-06-17 04:19:56 [32minfo[39m: 	Successfully connected to database mongodb://edgev3_app:edgev3_mongodb_pass@mongodb:27017/edgev3?authSource=admin
2026-06-17 04:19:56 [32minfo[39m: 	HTTP production server up and running on port 5000 !
2026-06-17 04:19:58 [32minfo[39m: 	Successfully connected to database mongodb://edgev3_app:edgev3_mongodb_pass@mongodb:27017/edgev3?authSource=admin
2026-06-17 04:19:58 [32minfo[39m: 	HTTP production server up and running on port 5000 !
2026-06-17 04:19:59 [32minfo[39m: 	Successfully connected to database mongodb://edgev3_app:edgev3_mongodb_pass@mongodb:27017/edgev3?authSource=admin
2026-06-17 04:19:59 [32minfo[39m: 	HTTP production server up and running on port 5000 !
2026-06-17 04:20:24 [32minfo[39m: 	Successfully connected to database mongodb://edgev3_app:edgev3_mongodb_pass@mongodb:27017/edgev3?authSource=admin
2026-06-17 04:20:24 [32minfo[39m: 	HTTP production server up and running on port 5000 !
2026-06-17 04:20:26 [32minfo[39m: 	Successfully connected to database mongodb://edgev3_app:edgev3_mongodb_pass@mongodb:27017/edgev3?authSource=admin
2026-06-17 04:20:26 [32minfo[39m: 	HTTP CRON server up and running on port 5555 !
2026-06-17 04:20:26 [32minfo[39m: 	Successfully connected to database mongodb://edgev3_app:edgev3_mongodb_pass@mongodb:27017/edgev3?authSource=admin
2026-06-17 04:20:26 [32minfo[39m: 	HTTP production server up and running on port 5000 !
2026-06-17 04:20:28 [32minfo[39m: 	Successfully connected to database mongodb://edgev3_app:edgev3_mongodb_pass@mongodb:27017/edgev3?authSource=admin
2026-06-17 04:20:28 [32minfo[39m: 	HTTP production server up and running on port 5000 !
2026-06-17 04:20:29 [32minfo[39m: 	Successfully connected to database mongodb://edgev3_app:edgev3_mongodb_pass@mongodb:27017/edgev3?authSource=admin
2026-06-17 04:20:29 [32minfo[39m: 	HTTP production server up and running on port 5000 !
2026-06-17 04:20:54 [32minfo[39m: 	Successfully connected to database mongodb://edgev3_app:edgev3_mongodb_pass@mongodb:27017/edgev3?authSource=admin
2026-06-17 04:20:54 [32minfo[39m: 	HTTP production server up and running on port 5000 !
2026-06-17 04:20:56 [32minfo[39m: 	Successfully connected to database mongodb://edgev3_app:edgev3_mongodb_pass@mongodb:27017/edgev3?authSource=admin
2026-06-17 04:20:56 [32minfo[39m: 	HTTP CRON server up and running on port 5555 !
2026-06-17 04:20:56 [32minfo[39m: 	Successfully connected to database mongodb://edgev3_app:edgev3_mongodb_pass@mongodb:27017/edgev3?authSource=admin
2026-06-17 04:20:56 [32minfo[39m: 	HTTP production server up and running on port 5000 !
2026-06-17 04:20:57 [32minfo[39m: 	Successfully connected to database mongodb://edgev3_app:edgev3_mongodb_pass@mongodb:27017/edgev3?authSource=admin
2026-06-17 04:20:57 [32minfo[39m: 	HTTP production server up and running on port 5000 !
2026-06-17 04:20:59 [32minfo[39m: 	Successfully connected to database mongodb://edgev3_app:edgev3_mongodb_pass@mongodb:27017/edgev3?authSource=admin
2026-06-17 04:20:59 [32minfo[39m: 	HTTP production server up and running on port 5000 !
2026-06-17 04:21:24 [32minfo[39m: 	Successfully connected to database mongodb://edgev3_app:edgev3_mongodb_pass@mongodb:27017/edgev3?authSource=admin
2026-06-17 04:21:24 [32minfo[39m: 	HTTP production server up and running on port 5000 !
2026-06-17 04:21:26 [32minfo[39m: 	Successfully connected to database mongodb://edgev3_app:edgev3_mongodb_pass@mongodb:27017/edgev3?authSource=admin
2026-06-17 04:21:26 [32minfo[39m: 	HTTP CRON server up and running on port 5555 !
2026-06-17 04:21:26 [32minfo[39m: 	Successfully connected to database mongodb://edgev3_app:edgev3_mongodb_pass@mongodb:27017/edgev3?authSource=admin
2026-06-17 04:21:26 [32minfo[39m: 	HTTP production server up and running on port 5000 !
2026-06-17 04:21:27 [32minfo[39m: 	Successfully connected to database mongodb://edgev3_app:edgev3_mongodb_pass@mongodb:27017/edgev3?authSource=admin
2026-06-17 04:21:27 [32minfo[39m: 	HTTP production server up and running on port 5000 !
2026-06-17 04:21:29 [32minfo[39m: 	Successfully connected to database mongodb://edgev3_app:edgev3_mongodb_pass@mongodb:27017/edgev3?authSource=admin
2026-06-17 04:21:29 [32minfo[39m: 	HTTP production server up and running on port 5000 !
2026-06-17 04:21:54 [32minfo[39m: 	Successfully connected to database mongodb://edgev3_app:edgev3_mongodb_pass@mongodb:27017/edgev3?authSource=admin
2026-06-17 04:21:54 [32minfo[39m: 	HTTP production server up and running on port 5000 !
2026-06-17 04:21:56 [32minfo[39m: 	Successfully connected to database mongodb://edgev3_app:edgev3_mongodb_pass@mongodb:27017/edgev3?authSource=admin
2026-06-17 04:21:56 [32minfo[39m: 	HTTP CRON server up and running on port 5555 !
2026-06-17 04:21:56 [32minfo[39m: 	Successfully connected to database mongodb://edgev3_app:edgev3_mongodb_pass@mongodb:27017/edgev3?authSource=admin
2026-06-17 04:21:56 [32minfo[39m: 	HTTP production server up and running on port 5000 !
2026-06-17 04:21:58 [32minfo[39m: 	Successfully connected to database mongodb://edgev3_app:edgev3_mongodb_pass@mongodb:27017/edgev3?authSource=admin
2026-06-17 04:21:58 [32minfo[39m: 	HTTP production server up and running on port 5000 !
2026-06-17 04:21:59 [32minfo[39m: 	Successfully connected to database mongodb://edgev3_app:edgev3_mongodb_pass@mongodb:27017/edgev3?authSource=admin
2026-06-17 04:21:59 [32minfo[39m: 	HTTP production server up and running on port 5000 !
2026-06-17 04:22:24 [32minfo[39m: 	Successfully connected to database mongodb://edgev3_app:edgev3_mongodb_pass@mongodb:27017/edgev3?authSource=admin
2026-06-17 04:22:24 [32minfo[39m: 	HTTP production server up and running on port 5000 !
2026-06-17 04:22:26 [32minfo[39m: 	Successfully connected to database mongodb://edgev3_app:edgev3_mongodb_pass@mongodb:27017/edgev3?authSource=admin
2026-06-17 04:22:26 [32minfo[39m: 	HTTP CRON server up and running on port 5555 !
2026-06-17 04:22:26 [32minfo[39m: 	Successfully connected to database mongodb://edgev3_app:edgev3_mongodb_pass@mongodb:27017/edgev3?authSource=admin
2026-06-17 04:22:26 [32minfo[39m: 	HTTP production server up and running on port 5000 !
2026-06-17 04:22:28 [32minfo[39m: 	Successfully connected to database mongodb://edgev3_app:edgev3_mongodb_pass@mongodb:27017/edgev3?authSource=admin
2026-06-17 04:22:28 [32minfo[39m: 	HTTP production server up and running on port 5000 !
2026-06-17 04:22:29 [32minfo[39m: 	Successfully connected to database mongodb://edgev3_app:edgev3_mongodb_pass@mongodb:27017/edgev3?authSource=admin
2026-06-17 04:22:29 [32minfo[39m: 	HTTP production server up and running on port 5000 !
2026-06-17 04:22:54 [32minfo[39m: 	Successfully connected to database mongodb://edgev3_app:edgev3_mongodb_pass@mongodb:27017/edgev3?authSource=admin
2026-06-17 04:22:54 [32minfo[39m: 	HTTP production server up and running on port 5000 !
2026-06-17 04:22:56 [32minfo[39m: 	Successfully connected to database mongodb://edgev3_app:edgev3_mongodb_pass@mongodb:27017/edgev3?authSource=admin
2026-06-17 04:22:56 [32minfo[39m: 	HTTP CRON server up and running on port 5555 !
2026-06-17 04:22:56 [32minfo[39m: 	Successfully connected to database mongodb://edgev3_app:edgev3_mongodb_pass@mongodb:27017/edgev3?authSource=admin
2026-06-17 04:22:56 [32minfo[39m: 	HTTP production server up and running on port 5000 !
2026-06-17 04:22:57 [32minfo[39m: 	Successfully connected to database mongodb://edgev3_app:edgev3_mongodb_pass@mongodb:27017/edgev3?authSource=admin
2026-06-17 04:22:57 [32minfo[39m: 	HTTP production server up and running on port 5000 !
2026-06-17 04:22:59 [32minfo[39m: 	Successfully connected to database mongodb://edgev3_app:edgev3_mongodb_pass@mongodb:27017/edgev3?authSource=admin
2026-06-17 04:22:59 [32minfo[39m: 	HTTP production server up and running on port 5000 !
2026-06-17 04:23:24 [32minfo[39m: 	Successfully connected to database mongodb://edgev3_app:edgev3_mongodb_pass@mongodb:27017/edgev3?authSource=admin
2026-06-17 04:23:24 [32minfo[39m: 	HTTP production server up and running on port 5000 !
2026-06-17 04:23:26 [32minfo[39m: 	Successfully connected to database mongodb://edgev3_app:edgev3_mongodb_pass@mongodb:27017/edgev3?authSource=admin
2026-06-17 04:23:26 [32minfo[39m: 	HTTP CRON server up and running on port 5555 !
2026-06-17 04:23:26 [32minfo[39m: 	Successfully connected to database mongodb://edgev3_app:edgev3_mongodb_pass@mongodb:27017/edgev3?authSource=admin
2026-06-17 04:23:26 [32minfo[39m: 	HTTP production server up and running on port 5000 !
2026-06-17 04:23:27 [32minfo[39m: 	Successfully connected to database mongodb://edgev3_app:edgev3_mongodb_pass@mongodb:27017/edgev3?authSource=admin
2026-06-17 04:23:27 [32minfo[39m: 	HTTP production server up and running on port 5000 !
2026-06-17 04:23:29 [32minfo[39m: 	Successfully connected to database mongodb://edgev3_app:edgev3_mongodb_pass@mongodb:27017/edgev3?authSource=admin
2026-06-17 04:23:29 [32minfo[39m: 	HTTP production server up and running on port 5000 !
2026-06-17 04:23:54 [32minfo[39m: 	Successfully connected to database mongodb://edgev3_app:edgev3_mongodb_pass@mongodb:27017/edgev3?authSource=admin
2026-06-17 04:23:54 [32minfo[39m: 	HTTP production server up and running on port 5000 !
2026-06-17 04:23:56 [32minfo[39m: 	Successfully connected to database mongodb://edgev3_app:edgev3_mongodb_pass@mongodb:27017/edgev3?authSource=admin
2026-06-17 04:23:56 [32minfo[39m: 	HTTP CRON server up and running on port 5555 !
2026-06-17 04:23:56 [32minfo[39m: 	Successfully connected to database mongodb://edgev3_app:edgev3_mongodb_pass@mongodb:27017/edgev3?authSource=admin
2026-06-17 04:23:56 [32minfo[39m: 	HTTP production server up and running on port 5000 !
2026-06-17 04:23:58 [32minfo[39m: 	Successfully connected to database mongodb://edgev3_app:edgev3_mongodb_pass@mongodb:27017/edgev3?authSource=admin
2026-06-17 04:23:58 [32minfo[39m: 	HTTP production server up and running on port 5000 !
2026-06-17 04:23:59 [32minfo[39m: 	Successfully connected to database mongodb://edgev3_app:edgev3_mongodb_pass@mongodb:27017/edgev3?authSource=admin
2026-06-17 04:23:59 [32minfo[39m: 	HTTP production server up and running on port 5000 !
2026-06-17 04:24:24 [32minfo[39m: 	Successfully connected to database mongodb://edgev3_app:edgev3_mongodb_pass@mongodb:27017/edgev3?authSource=admin
2026-06-17 04:24:24 [32minfo[39m: 	HTTP production server up and running on port 5000 !
2026-06-17 04:24:26 [32minfo[39m: 	Successfully connected to database mongodb://edgev3_app:edgev3_mongodb_pass@mongodb:27017/edgev3?authSource=admin
2026-06-17 04:24:26 [32minfo[39m: 	HTTP CRON server up and running on port 5555 !
2026-06-17 04:24:26 [32minfo[39m: 	Successfully connected to database mongodb://edgev3_app:edgev3_mongodb_pass@mongodb:27017/edgev3?authSource=admin
2026-06-17 04:24:26 [32minfo[39m: 	HTTP production server up and running on port 5000 !
2026-06-17 04:24:28 [32minfo[39m: 	Successfully connected to database mongodb://edgev3_app:edgev3_mongodb_pass@mongodb:27017/edgev3?authSource=admin
2026-06-17 04:24:28 [32minfo[39m: 	HTTP production server up and running on port 5000 !
2026-06-17 04:24:29 [32minfo[39m: 	Successfully connected to database mongodb://edgev3_app:edgev3_mongodb_pass@mongodb:27017/edgev3?authSource=admin
2026-06-17 04:24:29 [32minfo[39m: 	HTTP production server up and running on port 5000 !
2026-06-17 04:24:54 [32minfo[39m: 	Successfully connected to database mongodb://edgev3_app:edgev3_mongodb_pass@mongodb:27017/edgev3?authSource=admin
2026-06-17 04:24:54 [32minfo[39m: 	HTTP production server up and running on port 5000 !
2026-06-17 04:24:56 [32minfo[39m: 	Successfully connected to database mongodb://edgev3_app:edgev3_mongodb_pass@mongodb:27017/edgev3?authSource=admin
2026-06-17 04:24:56 [32minfo[39m: 	HTTP CRON server up and running on port 5555 !
2026-06-17 04:24:56 [32minfo[39m: 	Successfully connected to database mongodb://edgev3_app:edgev3_mongodb_pass@mongodb:27017/edgev3?authSource=admin
2026-06-17 04:24:56 [32minfo[39m: 	HTTP production server up and running on port 5000 !
2026-06-17 04:24:58 [32minfo[39m: 	Successfully connected to database mongodb://edgev3_app:edgev3_mongodb_pass@mongodb:27017/edgev3?authSource=admin
2026-06-17 04:24:58 [32minfo[39m: 	HTTP production server up and running on port 5000 !
2026-06-17 04:24:59 [32minfo[39m: 	Successfully connected to database mongodb://edgev3_app:edgev3_mongodb_pass@mongodb:27017/edgev3?authSource=admin
2026-06-17 04:24:59 [32minfo[39m: 	HTTP production server up and running on port 5000 !
2026-06-17 04:25:24 [32minfo[39m: 	Successfully connected to database mongodb://edgev3_app:edgev3_mongodb_pass@mongodb:27017/edgev3?authSource=admin
2026-06-17 04:25:24 [32minfo[39m: 	HTTP production server up and running on port 5000 !
2026-06-17 04:25:26 [32minfo[39m: 	Successfully connected to database mongodb://edgev3_app:edgev3_mongodb_pass@mongodb:27017/edgev3?authSource=admin
2026-06-17 04:25:26 [32minfo[39m: 	HTTP CRON server up and running on port 5555 !
2026-06-17 04:25:26 [32minfo[39m: 	Successfully connected to database mongodb://edgev3_app:edgev3_mongodb_pass@mongodb:27017/edgev3?authSource=admin
2026-06-17 04:25:26 [32minfo[39m: 	HTTP production server up and running on port 5000 !
2026-06-17 04:25:28 [32minfo[39m: 	Successfully connected to database mongodb://edgev3_app:edgev3_mongodb_pass@mongodb:27017/edgev3?authSource=admin
2026-06-17 04:25:28 [32minfo[39m: 	HTTP production server up and running on port 5000 !
2026-06-17 04:25:29 [32minfo[39m: 	Successfully connected to database mongodb://edgev3_app:edgev3_mongodb_pass@mongodb:27017/edgev3?authSource=admin
2026-06-17 04:25:29 [32minfo[39m: 	HTTP production server up and running on port 5000 !
2026-06-17 04:25:54 [32minfo[39m: 	Successfully connected to database mongodb://edgev3_app:edgev3_mongodb_pass@mongodb:27017/edgev3?authSource=admin
2026-06-17 04:25:54 [32minfo[39m: 	HTTP production server up and running on port 5000 !
2026-06-17 04:25:56 [32minfo[39m: 	Successfully connected to database mongodb://edgev3_app:edgev3_mongodb_pass@mongodb:27017/edgev3?authSource=admin
2026-06-17 04:25:56 [32minfo[39m: 	HTTP CRON server up and running on port 5555 !
2026-06-17 04:25:56 [32minfo[39m: 	Successfully connected to database mongodb://edgev3_app:edgev3_mongodb_pass@mongodb:27017/edgev3?authSource=admin
2026-06-17 04:25:56 [32minfo[39m: 	HTTP production server up and running on port 5000 !
2026-06-17 04:25:58 [32minfo[39m: 	Successfully connected to database mongodb://edgev3_app:edgev3_mongodb_pass@mongodb:27017/edgev3?authSource=admin
2026-06-17 04:25:58 [32minfo[39m: 	HTTP production server up and running on port 5000 !
2026-06-17 04:25:59 [32minfo[39m: 	Successfully connected to database mongodb://edgev3_app:edgev3_mongodb_pass@mongodb:27017/edgev3?authSource=admin
2026-06-17 04:25:59 [32minfo[39m: 	HTTP production server up and running on port 5000 !
2026-06-17 04:26:24 [32minfo[39m: 	Successfully connected to database mongodb://edgev3_app:edgev3_mongodb_pass@mongodb:27017/edgev3?authSource=admin
2026-06-17 04:26:24 [32minfo[39m: 	HTTP production server up and running on port 5000 !
2026-06-17 04:26:26 [32minfo[39m: 	Successfully connected to database mongodb://edgev3_app:edgev3_mongodb_pass@mongodb:27017/edgev3?authSource=admin
2026-06-17 04:26:26 [32minfo[39m: 	HTTP CRON server up and running on port 5555 !
2026-06-17 04:26:26 [32minfo[39m: 	Successfully connected to database mongodb://edgev3_app:edgev3_mongodb_pass@mongodb:27017/edgev3?authSource=admin
2026-06-17 04:26:26 [32minfo[39m: 	HTTP production server up and running on port 5000 !
2026-06-17 04:26:28 [32minfo[39m: 	Successfully connected to database mongodb://edgev3_app:edgev3_mongodb_pass@mongodb:27017/edgev3?authSource=admin
2026-06-17 04:26:28 [32minfo[39m: 	HTTP production server up and running on port 5000 !
2026-06-17 04:26:29 [32minfo[39m: 	Successfully connected to database mongodb://edgev3_app:edgev3_mongodb_pass@mongodb:27017/edgev3?authSource=admin
2026-06-17 04:26:29 [32minfo[39m: 	HTTP production server up and running on port 5000 !
2026-06-17 04:26:54 [32minfo[39m: 	Successfully connected to database mongodb://edgev3_app:edgev3_mongodb_pass@mongodb:27017/edgev3?authSource=admin
2026-06-17 04:26:54 [32minfo[39m: 	HTTP production server up and running on port 5000 !
2026-06-17 04:26:56 [32minfo[39m: 	Successfully connected to database mongodb://edgev3_app:edgev3_mongodb_pass@mongodb:27017/edgev3?authSource=admin
2026-06-17 04:26:56 [32minfo[39m: 	HTTP CRON server up and running on port 5555 !
2026-06-17 04:26:56 [32minfo[39m: 	Successfully connected to database mongodb://edgev3_app:edgev3_mongodb_pass@mongodb:27017/edgev3?authSource=admin
2026-06-17 04:26:56 [32minfo[39m: 	HTTP production server up and running on port 5000 !
2026-06-17 04:26:58 [32minfo[39m: 	Successfully connected to database mongodb://edgev3_app:edgev3_mongodb_pass@mongodb:27017/edgev3?authSource=admin
2026-06-17 04:26:58 [32minfo[39m: 	HTTP production server up and running on port 5000 !
2026-06-17 04:26:59 [32minfo[39m: 	Successfully connected to database mongodb://edgev3_app:edgev3_mongodb_pass@mongodb:27017/edgev3?authSource=admin
2026-06-17 04:26:59 [32minfo[39m: 	HTTP production server up and running on port 5000 !
2026-06-17 04:27:24 [32minfo[39m: 	Successfully connected to database mongodb://edgev3_app:edgev3_mongodb_pass@mongodb:27017/edgev3?authSource=admin
2026-06-17 04:27:24 [32minfo[39m: 	HTTP production server up and running on port 5000 !
2026-06-17 04:27:26 [32minfo[39m: 	Successfully connected to database mongodb://edgev3_app:edgev3_mongodb_pass@mongodb:27017/edgev3?authSource=admin
2026-06-17 04:27:26 [32minfo[39m: 	HTTP CRON server up and running on port 5555 !
2026-06-17 04:27:26 [32minfo[39m: 	Successfully connected to database mongodb://edgev3_app:edgev3_mongodb_pass@mongodb:27017/edgev3?authSource=admin
2026-06-17 04:27:26 [32minfo[39m: 	HTTP production server up and running on port 5000 !
2026-06-17 04:27:27 [32minfo[39m: 	Successfully connected to database mongodb://edgev3_app:edgev3_mongodb_pass@mongodb:27017/edgev3?authSource=admin
2026-06-17 04:27:28 [32minfo[39m: 	HTTP production server up and running on port 5000 !
2026-06-17 04:27:29 [32minfo[39m: 	Successfully connected to database mongodb://edgev3_app:edgev3_mongodb_pass@mongodb:27017/edgev3?authSource=admin
2026-06-17 04:27:29 [32minfo[39m: 	HTTP production server up and running on port 5000 !
2026-06-17 04:27:54 [32minfo[39m: 	Successfully connected to database mongodb://edgev3_app:edgev3_mongodb_pass@mongodb:27017/edgev3?authSource=admin
2026-06-17 04:27:54 [32minfo[39m: 	HTTP production server up and running on port 5000 !
2026-06-17 04:27:56 [32minfo[39m: 	Successfully connected to database mongodb://edgev3_app:edgev3_mongodb_pass@mongodb:27017/edgev3?authSource=admin
2026-06-17 04:27:56 [32minfo[39m: 	HTTP CRON server up and running on port 5555 !
2026-06-17 04:27:56 [32minfo[39m: 	Successfully connected to database mongodb://edgev3_app:edgev3_mongodb_pass@mongodb:27017/edgev3?authSource=admin
2026-06-17 04:27:56 [32minfo[39m: 	HTTP production server up and running on port 5000 !
2026-06-17 04:27:58 [32minfo[39m: 	Successfully connected to database mongodb://edgev3_app:edgev3_mongodb_pass@mongodb:27017/edgev3?authSource=admin
2026-06-17 04:27:58 [32minfo[39m: 	HTTP production server up and running on port 5000 !
2026-06-17 04:27:59 [32minfo[39m: 	Successfully connected to database mongodb://edgev3_app:edgev3_mongodb_pass@mongodb:27017/edgev3?authSource=admin
2026-06-17 04:27:59 [32minfo[39m: 	HTTP production server up and running on port 5000 !
2026-06-17 04:28:24 [32minfo[39m: 	Successfully connected to database mongodb://edgev3_app:edgev3_mongodb_pass@mongodb:27017/edgev3?authSource=admin
2026-06-17 04:28:24 [32minfo[39m: 	HTTP production server up and running on port 5000 !
2026-06-17 04:28:26 [32minfo[39m: 	Successfully connected to database mongodb://edgev3_app:edgev3_mongodb_pass@mongodb:27017/edgev3?authSource=admin
2026-06-17 04:28:26 [32minfo[39m: 	HTTP CRON server up and running on port 5555 !
2026-06-17 04:28:26 [32minfo[39m: 	Successfully connected to database mongodb://edgev3_app:edgev3_mongodb_pass@mongodb:27017/edgev3?authSource=admin
2026-06-17 04:28:26 [32minfo[39m: 	HTTP production server up and running on port 5000 !
2026-06-17 04:28:28 [32minfo[39m: 	Successfully connected to database mongodb://edgev3_app:edgev3_mongodb_pass@mongodb:27017/edgev3?authSource=admin
2026-06-17 04:28:28 [32minfo[39m: 	HTTP production server up and running on port 5000 !
2026-06-17 04:28:29 [32minfo[39m: 	Successfully connected to database mongodb://edgev3_app:edgev3_mongodb_pass@mongodb:27017/edgev3?authSource=admin
2026-06-17 04:28:29 [32minfo[39m: 	HTTP production server up and running on port 5000 !
2026-06-17 04:28:54 [32minfo[39m: 	Successfully connected to database mongodb://edgev3_app:edgev3_mongodb_pass@mongodb:27017/edgev3?authSource=admin
2026-06-17 04:28:54 [32minfo[39m: 	HTTP production server up and running on port 5000 !
2026-06-17 04:28:56 [32minfo[39m: 	Successfully connected to database mongodb://edgev3_app:edgev3_mongodb_pass@mongodb:27017/edgev3?authSource=admin
2026-06-17 04:28:56 [32minfo[39m: 	HTTP CRON server up and running on port 5555 !
2026-06-17 04:28:56 [32minfo[39m: 	Successfully connected to database mongodb://edgev3_app:edgev3_mongodb_pass@mongodb:27017/edgev3?authSource=admin
2026-06-17 04:28:56 [32minfo[39m: 	HTTP production server up and running on port 5000 !
2026-06-17 04:28:58 [32minfo[39m: 	Successfully connected to database mongodb://edgev3_app:edgev3_mongodb_pass@mongodb:27017/edgev3?authSource=admin
2026-06-17 04:28:58 [32minfo[39m: 	HTTP production server up and running on port 5000 !
2026-06-17 04:28:59 [32minfo[39m: 	Successfully connected to database mongodb://edgev3_app:edgev3_mongodb_pass@mongodb:27017/edgev3?authSource=admin
2026-06-17 04:28:59 [32minfo[39m: 	HTTP production server up and running on port 5000 !
2026-06-17 04:29:24 [32minfo[39m: 	Successfully connected to database mongodb://edgev3_app:edgev3_mongodb_pass@mongodb:27017/edgev3?authSource=admin
2026-06-17 04:29:24 [32minfo[39m: 	HTTP production server up and running on port 5000 !
2026-06-17 04:29:26 [32minfo[39m: 	Successfully connected to database mongodb://edgev3_app:edgev3_mongodb_pass@mongodb:27017/edgev3?authSource=admin
2026-06-17 04:29:26 [32minfo[39m: 	HTTP CRON server up and running on port 5555 !
2026-06-17 04:29:26 [32minfo[39m: 	Successfully connected to database mongodb://edgev3_app:edgev3_mongodb_pass@mongodb:27017/edgev3?authSource=admin
2026-06-17 04:29:26 [32minfo[39m: 	HTTP production server up and running on port 5000 !
2026-06-17 04:29:28 [32minfo[39m: 	Successfully connected to database mongodb://edgev3_app:edgev3_mongodb_pass@mongodb:27017/edgev3?authSource=admin
2026-06-17 04:29:28 [32minfo[39m: 	HTTP production server up and running on port 5000 !
2026-06-17 04:29:29 [32minfo[39m: 	Successfully connected to database mongodb://edgev3_app:edgev3_mongodb_pass@mongodb:27017/edgev3?authSource=admin
2026-06-17 04:29:29 [32minfo[39m: 	HTTP production server up and running on port 5000 !
2026-06-17 04:29:55 [32minfo[39m: 	Successfully connected to database mongodb://edgev3_app:edgev3_mongodb_pass@mongodb:27017/edgev3?authSource=admin
2026-06-17 04:29:55 [32minfo[39m: 	HTTP production server up and running on port 5000 !
2026-06-17 04:29:56 [32minfo[39m: 	Successfully connected to database mongodb://edgev3_app:edgev3_mongodb_pass@mongodb:27017/edgev3?authSource=admin
2026-06-17 04:29:56 [32minfo[39m: 	HTTP CRON server up and running on port 5555 !
2026-06-17 04:29:56 [32minfo[39m: 	Successfully connected to database mongodb://edgev3_app:edgev3_mongodb_pass@mongodb:27017/edgev3?authSource=admin
2026-06-17 04:29:56 [32minfo[39m: 	HTTP production server up and running on port 5000 !
2026-06-17 04:29:58 [32minfo[39m: 	Successfully connected to database mongodb://edgev3_app:edgev3_mongodb_pass@mongodb:27017/edgev3?authSource=admin
2026-06-17 04:29:58 [32minfo[39m: 	HTTP production server up and running on port 5000 !
2026-06-17 04:29:59 [32minfo[39m: 	Successfully connected to database mongodb://edgev3_app:edgev3_mongodb_pass@mongodb:27017/edgev3?authSource=admin
2026-06-17 04:29:59 [32minfo[39m: 	HTTP production server up and running on port 5000 !
2026-06-17 04:30:24 [32minfo[39m: 	Successfully connected to database mongodb://edgev3_app:edgev3_mongodb_pass@mongodb:27017/edgev3?authSource=admin
2026-06-17 04:30:24 [32minfo[39m: 	HTTP production server up and running on port 5000 !
2026-06-17 04:30:26 [32minfo[39m: 	Successfully connected to database mongodb://edgev3_app:edgev3_mongodb_pass@mongodb:27017/edgev3?authSource=admin
2026-06-17 04:30:26 [32minfo[39m: 	HTTP CRON server up and running on port 5555 !
2026-06-17 04:30:26 [32minfo[39m: 	Successfully connected to database mongodb://edgev3_app:edgev3_mongodb_pass@mongodb:27017/edgev3?authSource=admin
2026-06-17 04:30:26 [32minfo[39m: 	HTTP production server up and running on port 5000 !
2026-06-17 04:30:28 [32minfo[39m: 	Successfully connected to database mongodb://edgev3_app:edgev3_mongodb_pass@mongodb:27017/edgev3?authSource=admin
2026-06-17 04:30:28 [32minfo[39m: 	HTTP production server up and running on port 5000 !
2026-06-17 04:30:29 [32minfo[39m: 	Successfully connected to database mongodb://edgev3_app:edgev3_mongodb_pass@mongodb:27017/edgev3?authSource=admin
2026-06-17 04:30:29 [32minfo[39m: 	HTTP production server up and running on port 5000 !
2026-06-17 04:30:54 [32minfo[39m: 	Successfully connected to database mongodb://edgev3_app:edgev3_mongodb_pass@mongodb:27017/edgev3?authSource=admin
2026-06-17 04:30:54 [32minfo[39m: 	HTTP production server up and running on port 5000 !
2026-06-17 04:30:56 [32minfo[39m: 	Successfully connected to database mongodb://edgev3_app:edgev3_mongodb_pass@mongodb:27017/edgev3?authSource=admin
2026-06-17 04:30:56 [32minfo[39m: 	HTTP CRON server up and running on port 5555 !
2026-06-17 04:30:56 [32minfo[39m: 	Successfully connected to database mongodb://edgev3_app:edgev3_mongodb_pass@mongodb:27017/edgev3?authSource=admin
2026-06-17 04:30:56 [32minfo[39m: 	HTTP production server up and running on port 5000 !
2026-06-17 04:30:58 [32minfo[39m: 	Successfully connected to database mongodb://edgev3_app:edgev3_mongodb_pass@mongodb:27017/edgev3?authSource=admin
2026-06-17 04:30:58 [32minfo[39m: 	HTTP production server up and running on port 5000 !
2026-06-17 04:30:59 [32minfo[39m: 	Successfully connected to database mongodb://edgev3_app:edgev3_mongodb_pass@mongodb:27017/edgev3?authSource=admin
2026-06-17 04:30:59 [32minfo[39m: 	HTTP production server up and running on port 5000 !
2026-06-17 04:31:24 [32minfo[39m: 	Successfully connected to database mongodb://edgev3_app:edgev3_mongodb_pass@mongodb:27017/edgev3?authSource=admin
2026-06-17 04:31:24 [32minfo[39m: 	HTTP production server up and running on port 5000 !
2026-06-17 04:31:26 [32minfo[39m: 	Successfully connected to database mongodb://edgev3_app:edgev3_mongodb_pass@mongodb:27017/edgev3?authSource=admin
2026-06-17 04:31:26 [32minfo[39m: 	HTTP CRON server up and running on port 5555 !
2026-06-17 04:31:26 [32minfo[39m: 	Successfully connected to database mongodb://edgev3_app:edgev3_mongodb_pass@mongodb:27017/edgev3?authSource=admin
2026-06-17 04:31:26 [32minfo[39m: 	HTTP production server up and running on port 5000 !
2026-06-17 04:31:28 [32minfo[39m: 	Successfully connected to database mongodb://edgev3_app:edgev3_mongodb_pass@mongodb:27017/edgev3?authSource=admin
2026-06-17 04:31:28 [32minfo[39m: 	HTTP production server up and running on port 5000 !
2026-06-17 04:31:29 [32minfo[39m: 	Successfully connected to database mongodb://edgev3_app:edgev3_mongodb_pass@mongodb:27017/edgev3?authSource=admin
2026-06-17 04:31:29 [32minfo[39m: 	HTTP production server up and running on port 5000 !
2026-06-17 04:31:54 [32minfo[39m: 	Successfully connected to database mongodb://edgev3_app:edgev3_mongodb_pass@mongodb:27017/edgev3?authSource=admin
2026-06-17 04:31:54 [32minfo[39m: 	HTTP production server up and running on port 5000 !
2026-06-17 04:31:56 [32minfo[39m: 	Successfully connected to database mongodb://edgev3_app:edgev3_mongodb_pass@mongodb:27017/edgev3?authSource=admin
2026-06-17 04:31:56 [32minfo[39m: 	HTTP CRON server up and running on port 5555 !
2026-06-17 04:31:56 [32minfo[39m: 	Successfully connected to database mongodb://edgev3_app:edgev3_mongodb_pass@mongodb:27017/edgev3?authSource=admin
2026-06-17 04:31:56 [32minfo[39m: 	HTTP production server up and running on port 5000 !
2026-06-17 04:31:58 [32minfo[39m: 	Successfully connected to database mongodb://edgev3_app:edgev3_mongodb_pass@mongodb:27017/edgev3?authSource=admin
2026-06-17 04:31:58 [32minfo[39m: 	HTTP production server up and running on port 5000 !
2026-06-17 04:31:59 [32minfo[39m: 	Successfully connected to database mongodb://edgev3_app:edgev3_mongodb_pass@mongodb:27017/edgev3?authSource=admin
2026-06-17 04:31:59 [32minfo[39m: 	HTTP production server up and running on port 5000 !
2026-06-17 04:32:24 [32minfo[39m: 	Successfully connected to database mongodb://edgev3_app:edgev3_mongodb_pass@mongodb:27017/edgev3?authSource=admin
2026-06-17 04:32:24 [32minfo[39m: 	HTTP production server up and running on port 5000 !
2026-06-17 04:32:26 [32minfo[39m: 	Successfully connected to database mongodb://edgev3_app:edgev3_mongodb_pass@mongodb:27017/edgev3?authSource=admin
2026-06-17 04:32:26 [32minfo[39m: 	HTTP CRON server up and running on port 5555 !
2026-06-17 04:32:26 [32minfo[39m: 	Successfully connected to database mongodb://edgev3_app:edgev3_mongodb_pass@mongodb:27017/edgev3?authSource=admin
2026-06-17 04:32:26 [32minfo[39m: 	HTTP production server up and running on port 5000 !
2026-06-17 04:32:28 [32minfo[39m: 	Successfully connected to database mongodb://edgev3_app:edgev3_mongodb_pass@mongodb:27017/edgev3?authSource=admin
2026-06-17 04:32:28 [32minfo[39m: 	HTTP production server up and running on port 5000 !
2026-06-17 04:32:29 [32minfo[39m: 	Successfully connected to database mongodb://edgev3_app:edgev3_mongodb_pass@mongodb:27017/edgev3?authSource=admin
2026-06-17 04:32:29 [32minfo[39m: 	HTTP production server up and running on port 5000 !
2026-06-17 04:32:54 [32minfo[39m: 	Successfully connected to database mongodb://edgev3_app:edgev3_mongodb_pass@mongodb:27017/edgev3?authSource=admin
2026-06-17 04:32:54 [32minfo[39m: 	HTTP production server up and running on port 5000 !
2026-06-17 04:32:56 [32minfo[39m: 	Successfully connected to database mongodb://edgev3_app:edgev3_mongodb_pass@mongodb:27017/edgev3?authSource=admin
2026-06-17 04:32:56 [32minfo[39m: 	HTTP CRON server up and running on port 5555 !
2026-06-17 04:32:56 [32minfo[39m: 	Successfully connected to database mongodb://edgev3_app:edgev3_mongodb_pass@mongodb:27017/edgev3?authSource=admin
2026-06-17 04:32:56 [32minfo[39m: 	HTTP production server up and running on port 5000 !
2026-06-17 04:32:58 [32minfo[39m: 	Successfully connected to database mongodb://edgev3_app:edgev3_mongodb_pass@mongodb:27017/edgev3?authSource=admin
2026-06-17 04:32:58 [32minfo[39m: 	HTTP production server up and running on port 5000 !
2026-06-17 04:32:59 [32minfo[39m: 	Successfully connected to database mongodb://edgev3_app:edgev3_mongodb_pass@mongodb:27017/edgev3?authSource=admin
2026-06-17 04:32:59 [32minfo[39m: 	HTTP production server up and running on port 5000 !
2026-06-17 04:33:24 [32minfo[39m: 	Successfully connected to database mongodb://edgev3_app:edgev3_mongodb_pass@mongodb:27017/edgev3?authSource=admin
2026-06-17 04:33:24 [32minfo[39m: 	HTTP production server up and running on port 5000 !
2026-06-17 04:33:26 [32minfo[39m: 	Successfully connected to database mongodb://edgev3_app:edgev3_mongodb_pass@mongodb:27017/edgev3?authSource=admin
2026-06-17 04:33:26 [32minfo[39m: 	HTTP CRON server up and running on port 5555 !
2026-06-17 04:33:26 [32minfo[39m: 	Successfully connected to database mongodb://edgev3_app:edgev3_mongodb_pass@mongodb:27017/edgev3?authSource=admin
2026-06-17 04:33:26 [32minfo[39m: 	HTTP production server up and running on port 5000 !
2026-06-17 04:33:28 [32minfo[39m: 	Successfully connected to database mongodb://edgev3_app:edgev3_mongodb_pass@mongodb:27017/edgev3?authSource=admin
2026-06-17 04:33:28 [32minfo[39m: 	HTTP production server up and running on port 5000 !
2026-06-17 04:33:29 [32minfo[39m: 	Successfully connected to database mongodb://edgev3_app:edgev3_mongodb_pass@mongodb:27017/edgev3?authSource=admin
2026-06-17 04:33:29 [32minfo[39m: 	HTTP production server up and running on port 5000 !
2026-06-17 04:33:54 [32minfo[39m: 	Successfully connected to database mongodb://edgev3_app:edgev3_mongodb_pass@mongodb:27017/edgev3?authSource=admin
2026-06-17 04:33:54 [32minfo[39m: 	HTTP production server up and running on port 5000 !
2026-06-17 04:33:56 [32minfo[39m: 	Successfully connected to database mongodb://edgev3_app:edgev3_mongodb_pass@mongodb:27017/edgev3?authSource=admin
2026-06-17 04:33:56 [32minfo[39m: 	HTTP CRON server up and running on port 5555 !
2026-06-17 04:33:56 [32minfo[39m: 	Successfully connected to database mongodb://edgev3_app:edgev3_mongodb_pass@mongodb:27017/edgev3?authSource=admin
2026-06-17 04:33:56 [32minfo[39m: 	HTTP production server up and running on port 5000 !
2026-06-17 04:33:58 [32minfo[39m: 	Successfully connected to database mongodb://edgev3_app:edgev3_mongodb_pass@mongodb:27017/edgev3?authSource=admin
2026-06-17 04:33:58 [32minfo[39m: 	HTTP production server up and running on port 5000 !
2026-06-17 04:33:59 [32minfo[39m: 	Successfully connected to database mongodb://edgev3_app:edgev3_mongodb_pass@mongodb:27017/edgev3?authSource=admin
2026-06-17 04:33:59 [32minfo[39m: 	HTTP production server up and running on port 5000 !
2026-06-17 04:34:24 [32minfo[39m: 	Successfully connected to database mongodb://edgev3_app:edgev3_mongodb_pass@mongodb:27017/edgev3?authSource=admin
2026-06-17 04:34:24 [32minfo[39m: 	HTTP production server up and running on port 5000 !
2026-06-17 04:34:26 [32minfo[39m: 	Successfully connected to database mongodb://edgev3_app:edgev3_mongodb_pass@mongodb:27017/edgev3?authSource=admin
2026-06-17 04:34:26 [32minfo[39m: 	HTTP CRON server up and running on port 5555 !
2026-06-17 04:34:26 [32minfo[39m: 	Successfully connected to database mongodb://edgev3_app:edgev3_mongodb_pass@mongodb:27017/edgev3?authSource=admin
2026-06-17 04:34:26 [32minfo[39m: 	HTTP production server up and running on port 5000 !
2026-06-17 04:34:28 [32minfo[39m: 	Successfully connected to database mongodb://edgev3_app:edgev3_mongodb_pass@mongodb:27017/edgev3?authSource=admin
2026-06-17 04:34:28 [32minfo[39m: 	HTTP production server up and running on port 5000 !
2026-06-17 04:34:29 [32minfo[39m: 	Successfully connected to database mongodb://edgev3_app:edgev3_mongodb_pass@mongodb:27017/edgev3?authSource=admin
2026-06-17 04:34:29 [32minfo[39m: 	HTTP production server up and running on port 5000 !
2026-06-17 04:34:54 [32minfo[39m: 	Successfully connected to database mongodb://edgev3_app:edgev3_mongodb_pass@mongodb:27017/edgev3?authSource=admin
2026-06-17 04:34:54 [32minfo[39m: 	HTTP production server up and running on port 5000 !
2026-06-17 04:34:56 [32minfo[39m: 	Successfully connected to database mongodb://edgev3_app:edgev3_mongodb_pass@mongodb:27017/edgev3?authSource=admin
2026-06-17 04:34:56 [32minfo[39m: 	HTTP CRON server up and running on port 5555 !
2026-06-17 04:34:56 [32minfo[39m: 	Successfully connected to database mongodb://edgev3_app:edgev3_mongodb_pass@mongodb:27017/edgev3?authSource=admin
2026-06-17 04:34:56 [32minfo[39m: 	HTTP production server up and running on port 5000 !
2026-06-17 04:34:58 [32minfo[39m: 	Successfully connected to database mongodb://edgev3_app:edgev3_mongodb_pass@mongodb:27017/edgev3?authSource=admin
2026-06-17 04:34:58 [32minfo[39m: 	HTTP production server up and running on port 5000 !
2026-06-17 04:34:59 [32minfo[39m: 	Successfully connected to database mongodb://edgev3_app:edgev3_mongodb_pass@mongodb:27017/edgev3?authSource=admin
2026-06-17 04:34:59 [32minfo[39m: 	HTTP production server up and running on port 5000 !
2026-06-17 04:35:24 [32minfo[39m: 	Successfully connected to database mongodb://edgev3_app:edgev3_mongodb_pass@mongodb:27017/edgev3?authSource=admin
2026-06-17 04:35:24 [32minfo[39m: 	HTTP production server up and running on port 5000 !
2026-06-17 04:35:26 [32minfo[39m: 	Successfully connected to database mongodb://edgev3_app:edgev3_mongodb_pass@mongodb:27017/edgev3?authSource=admin
2026-06-17 04:35:26 [32minfo[39m: 	HTTP CRON server up and running on port 5555 !
2026-06-17 04:35:26 [32minfo[39m: 	Successfully connected to database mongodb://edgev3_app:edgev3_mongodb_pass@mongodb:27017/edgev3?authSource=admin
2026-06-17 04:35:26 [32minfo[39m: 	HTTP production server up and running on port 5000 !
2026-06-17 04:35:28 [32minfo[39m: 	Successfully connected to database mongodb://edgev3_app:edgev3_mongodb_pass@mongodb:27017/edgev3?authSource=admin
2026-06-17 04:35:28 [32minfo[39m: 	HTTP production server up and running on port 5000 !
2026-06-17 04:35:29 [32minfo[39m: 	Successfully connected to database mongodb://edgev3_app:edgev3_mongodb_pass@mongodb:27017/edgev3?authSource=admin
2026-06-17 04:35:29 [32minfo[39m: 	HTTP production server up and running on port 5000 !
2026-06-17 04:35:54 [32minfo[39m: 	Successfully connected to database mongodb://edgev3_app:edgev3_mongodb_pass@mongodb:27017/edgev3?authSource=admin
2026-06-17 04:35:54 [32minfo[39m: 	HTTP production server up and running on port 5000 !
2026-06-17 04:35:56 [32minfo[39m: 	Successfully connected to database mongodb://edgev3_app:edgev3_mongodb_pass@mongodb:27017/edgev3?authSource=admin
2026-06-17 04:35:56 [32minfo[39m: 	HTTP CRON server up and running on port 5555 !
2026-06-17 04:35:56 [32minfo[39m: 	Successfully connected to database mongodb://edgev3_app:edgev3_mongodb_pass@mongodb:27017/edgev3?authSource=admin
2026-06-17 04:35:56 [32minfo[39m: 	HTTP production server up and running on port 5000 !
2026-06-17 04:35:58 [32minfo[39m: 	Successfully connected to database mongodb://edgev3_app:edgev3_mongodb_pass@mongodb:27017/edgev3?authSource=admin
2026-06-17 04:35:58 [32minfo[39m: 	HTTP production server up and running on port 5000 !
2026-06-17 04:35:59 [32minfo[39m: 	Successfully connected to database mongodb://edgev3_app:edgev3_mongodb_pass@mongodb:27017/edgev3?authSource=admin
2026-06-17 04:35:59 [32minfo[39m: 	HTTP production server up and running on port 5000 !
2026-06-17 04:36:24 [32minfo[39m: 	Successfully connected to database mongodb://edgev3_app:edgev3_mongodb_pass@mongodb:27017/edgev3?authSource=admin
2026-06-17 04:36:24 [32minfo[39m: 	HTTP production server up and running on port 5000 !
2026-06-17 04:36:26 [32minfo[39m: 	Successfully connected to database mongodb://edgev3_app:edgev3_mongodb_pass@mongodb:27017/edgev3?authSource=admin
2026-06-17 04:36:26 [32minfo[39m: 	HTTP CRON server up and running on port 5555 !
2026-06-17 04:36:26 [32minfo[39m: 	Successfully connected to database mongodb://edgev3_app:edgev3_mongodb_pass@mongodb:27017/edgev3?authSource=admin
2026-06-17 04:36:26 [32minfo[39m: 	HTTP production server up and running on port 5000 !
2026-06-17 04:36:28 [32minfo[39m: 	Successfully connected to database mongodb://edgev3_app:edgev3_mongodb_pass@mongodb:27017/edgev3?authSource=admin
2026-06-17 04:36:28 [32minfo[39m: 	HTTP production server up and running on port 5000 !
2026-06-17 04:36:29 [32minfo[39m: 	Successfully connected to database mongodb://edgev3_app:edgev3_mongodb_pass@mongodb:27017/edgev3?authSource=admin
2026-06-17 04:36:29 [32minfo[39m: 	HTTP production server up and running on port 5000 !
2026-06-17 04:36:54 [32minfo[39m: 	Successfully connected to database mongodb://edgev3_app:edgev3_mongodb_pass@mongodb:27017/edgev3?authSource=admin
2026-06-17 04:36:54 [32minfo[39m: 	HTTP production server up and running on port 5000 !
2026-06-17 04:36:56 [32minfo[39m: 	Successfully connected to database mongodb://edgev3_app:edgev3_mongodb_pass@mongodb:27017/edgev3?authSource=admin
2026-06-17 04:36:56 [32minfo[39m: 	HTTP CRON server up and running on port 5555 !
2026-06-17 04:36:56 [32minfo[39m: 	Successfully connected to database mongodb://edgev3_app:edgev3_mongodb_pass@mongodb:27017/edgev3?authSource=admin
2026-06-17 04:36:56 [32minfo[39m: 	HTTP production server up and running on port 5000 !
2026-06-17 04:36:58 [32minfo[39m: 	Successfully connected to database mongodb://edgev3_app:edgev3_mongodb_pass@mongodb:27017/edgev3?authSource=admin
2026-06-17 04:36:58 [32minfo[39m: 	HTTP production server up and running on port 5000 !
2026-06-17 04:36:59 [32minfo[39m: 	Successfully connected to database mongodb://edgev3_app:edgev3_mongodb_pass@mongodb:27017/edgev3?authSource=admin
2026-06-17 04:36:59 [32minfo[39m: 	HTTP production server up and running on port 5000 !
2026-06-17 04:37:24 [32minfo[39m: 	Successfully connected to database mongodb://edgev3_app:edgev3_mongodb_pass@mongodb:27017/edgev3?authSource=admin
2026-06-17 04:37:24 [32minfo[39m: 	HTTP production server up and running on port 5000 !
2026-06-17 04:37:26 [32minfo[39m: 	Successfully connected to database mongodb://edgev3_app:edgev3_mongodb_pass@mongodb:27017/edgev3?authSource=admin
2026-06-17 04:37:26 [32minfo[39m: 	HTTP CRON server up and running on port 5555 !
2026-06-17 04:37:26 [32minfo[39m: 	Successfully connected to database mongodb://edgev3_app:edgev3_mongodb_pass@mongodb:27017/edgev3?authSource=admin
2026-06-17 04:37:26 [32minfo[39m: 	HTTP production server up and running on port 5000 !
2026-06-17 04:37:28 [32minfo[39m: 	Successfully connected to database mongodb://edgev3_app:edgev3_mongodb_pass@mongodb:27017/edgev3?authSource=admin
2026-06-17 04:37:28 [32minfo[39m: 	HTTP production server up and running on port 5000 !
2026-06-17 04:37:29 [32minfo[39m: 	Successfully connected to database mongodb://edgev3_app:edgev3_mongodb_pass@mongodb:27017/edgev3?authSource=admin
2026-06-17 04:37:29 [32minfo[39m: 	HTTP production server up and running on port 5000 !
2026-06-17 04:37:54 [32minfo[39m: 	Successfully connected to database mongodb://edgev3_app:edgev3_mongodb_pass@mongodb:27017/edgev3?authSource=admin
2026-06-17 04:37:55 [32minfo[39m: 	HTTP production server up and running on port 5000 !
2026-06-17 04:37:56 [32minfo[39m: 	Successfully connected to database mongodb://edgev3_app:edgev3_mongodb_pass@mongodb:27017/edgev3?authSource=admin
2026-06-17 04:37:56 [32minfo[39m: 	HTTP CRON server up and running on port 5555 !
2026-06-17 04:37:56 [32minfo[39m: 	Successfully connected to database mongodb://edgev3_app:edgev3_mongodb_pass@mongodb:27017/edgev3?authSource=admin
2026-06-17 04:37:56 [32minfo[39m: 	HTTP production server up and running on port 5000 !
2026-06-17 04:37:58 [32minfo[39m: 	Successfully connected to database mongodb://edgev3_app:edgev3_mongodb_pass@mongodb:27017/edgev3?authSource=admin
2026-06-17 04:37:58 [32minfo[39m: 	HTTP production server up and running on port 5000 !
2026-06-17 04:37:59 [32minfo[39m: 	Successfully connected to database mongodb://edgev3_app:edgev3_mongodb_pass@mongodb:27017/edgev3?authSource=admin
2026-06-17 04:37:59 [32minfo[39m: 	HTTP production server up and running on port 5000 !
2026-06-17 04:38:24 [32minfo[39m: 	Successfully connected to database mongodb://edgev3_app:edgev3_mongodb_pass@mongodb:27017/edgev3?authSource=admin
2026-06-17 04:38:24 [32minfo[39m: 	HTTP production server up and running on port 5000 !
2026-06-17 04:38:26 [32minfo[39m: 	Successfully connected to database mongodb://edgev3_app:edgev3_mongodb_pass@mongodb:27017/edgev3?authSource=admin
2026-06-17 04:38:26 [32minfo[39m: 	HTTP CRON server up and running on port 5555 !
2026-06-17 04:38:26 [32minfo[39m: 	Successfully connected to database mongodb://edgev3_app:edgev3_mongodb_pass@mongodb:27017/edgev3?authSource=admin
2026-06-17 04:38:26 [32minfo[39m: 	HTTP production server up and running on port 5000 !
2026-06-17 04:38:28 [32minfo[39m: 	Successfully connected to database mongodb://edgev3_app:edgev3_mongodb_pass@mongodb:27017/edgev3?authSource=admin
2026-06-17 04:38:28 [32minfo[39m: 	HTTP production server up and running on port 5000 !
2026-06-17 04:38:29 [32minfo[39m: 	Successfully connected to database mongodb://edgev3_app:edgev3_mongodb_pass@mongodb:27017/edgev3?authSource=admin
2026-06-17 04:38:29 [32minfo[39m: 	HTTP production server up and running on port 5000 !
2026-06-17 04:38:54 [32minfo[39m: 	Successfully connected to database mongodb://edgev3_app:edgev3_mongodb_pass@mongodb:27017/edgev3?authSource=admin
2026-06-17 04:38:54 [32minfo[39m: 	HTTP production server up and running on port 5000 !
2026-06-17 04:38:56 [32minfo[39m: 	Successfully connected to database mongodb://edgev3_app:edgev3_mongodb_pass@mongodb:27017/edgev3?authSource=admin
2026-06-17 04:38:56 [32minfo[39m: 	HTTP CRON server up and running on port 5555 !
2026-06-17 04:38:56 [32minfo[39m: 	Successfully connected to database mongodb://edgev3_app:edgev3_mongodb_pass@mongodb:27017/edgev3?authSource=admin
2026-06-17 04:38:56 [32minfo[39m: 	HTTP production server up and running on port 5000 !
2026-06-17 04:38:58 [32minfo[39m: 	Successfully connected to database mongodb://edgev3_app:edgev3_mongodb_pass@mongodb:27017/edgev3?authSource=admin
2026-06-17 04:38:58 [32minfo[39m: 	HTTP production server up and running on port 5000 !
2026-06-17 04:38:59 [32minfo[39m: 	Successfully connected to database mongodb://edgev3_app:edgev3_mongodb_pass@mongodb:27017/edgev3?authSource=admin
2026-06-17 04:38:59 [32minfo[39m: 	HTTP production server up and running on port 5000 !
2026-06-17 04:39:24 [32minfo[39m: 	Successfully connected to database mongodb://edgev3_app:edgev3_mongodb_pass@mongodb:27017/edgev3?authSource=admin
2026-06-17 04:39:24 [32minfo[39m: 	HTTP production server up and running on port 5000 !
2026-06-17 04:39:26 [32minfo[39m: 	Successfully connected to database mongodb://edgev3_app:edgev3_mongodb_pass@mongodb:27017/edgev3?authSource=admin
2026-06-17 04:39:26 [32minfo[39m: 	HTTP CRON server up and running on port 5555 !
2026-06-17 04:39:26 [32minfo[39m: 	Successfully connected to database mongodb://edgev3_app:edgev3_mongodb_pass@mongodb:27017/edgev3?authSource=admin
2026-06-17 04:39:26 [32minfo[39m: 	HTTP production server up and running on port 5000 !
2026-06-17 04:39:28 [32minfo[39m: 	Successfully connected to database mongodb://edgev3_app:edgev3_mongodb_pass@mongodb:27017/edgev3?authSource=admin
2026-06-17 04:39:28 [32minfo[39m: 	HTTP production server up and running on port 5000 !
2026-06-17 04:39:29 [32minfo[39m: 	Successfully connected to database mongodb://edgev3_app:edgev3_mongodb_pass@mongodb:27017/edgev3?authSource=admin
2026-06-17 04:39:29 [32minfo[39m: 	HTTP production server up and running on port 5000 !
2026-06-17 04:39:55 [32minfo[39m: 	Successfully connected to database mongodb://edgev3_app:edgev3_mongodb_pass@mongodb:27017/edgev3?authSource=admin
2026-06-17 04:39:55 [32minfo[39m: 	HTTP production server up and running on port 5000 !
2026-06-17 04:39:56 [32minfo[39m: 	Successfully connected to database mongodb://edgev3_app:edgev3_mongodb_pass@mongodb:27017/edgev3?authSource=admin
2026-06-17 04:39:56 [32minfo[39m: 	HTTP CRON server up and running on port 5555 !
2026-06-17 04:39:56 [32minfo[39m: 	Successfully connected to database mongodb://edgev3_app:edgev3_mongodb_pass@mongodb:27017/edgev3?authSource=admin
2026-06-17 04:39:56 [32minfo[39m: 	HTTP production server up and running on port 5000 !
2026-06-17 04:39:58 [32minfo[39m: 	Successfully connected to database mongodb://edgev3_app:edgev3_mongodb_pass@mongodb:27017/edgev3?authSource=admin
2026-06-17 04:39:58 [32minfo[39m: 	HTTP production server up and running on port 5000 !
2026-06-17 04:39:59 [32minfo[39m: 	Successfully connected to database mongodb://edgev3_app:edgev3_mongodb_pass@mongodb:27017/edgev3?authSource=admin
2026-06-17 04:40:00 [32minfo[39m: 	HTTP production server up and running on port 5000 !
2026-06-17 04:40:24 [32minfo[39m: 	Successfully connected to database mongodb://edgev3_app:edgev3_mongodb_pass@mongodb:27017/edgev3?authSource=admin
2026-06-17 04:40:24 [32minfo[39m: 	HTTP production server up and running on port 5000 !
2026-06-17 04:40:26 [32minfo[39m: 	Successfully connected to database mongodb://edgev3_app:edgev3_mongodb_pass@mongodb:27017/edgev3?authSource=admin
2026-06-17 04:40:26 [32minfo[39m: 	HTTP CRON server up and running on port 5555 !
2026-06-17 04:40:26 [32minfo[39m: 	Successfully connected to database mongodb://edgev3_app:edgev3_mongodb_pass@mongodb:27017/edgev3?authSource=admin
2026-06-17 04:40:26 [32minfo[39m: 	HTTP production server up and running on port 5000 !
2026-06-17 04:40:28 [32minfo[39m: 	Successfully connected to database mongodb://edgev3_app:edgev3_mongodb_pass@mongodb:27017/edgev3?authSource=admin
2026-06-17 04:40:28 [32minfo[39m: 	HTTP production server up and running on port 5000 !
2026-06-17 04:40:29 [32minfo[39m: 	Successfully connected to database mongodb://edgev3_app:edgev3_mongodb_pass@mongodb:27017/edgev3?authSource=admin
2026-06-17 04:40:29 [32minfo[39m: 	HTTP production server up and running on port 5000 !
2026-06-17 04:40:54 [32minfo[39m: 	Successfully connected to database mongodb://edgev3_app:edgev3_mongodb_pass@mongodb:27017/edgev3?authSource=admin
2026-06-17 04:40:54 [32minfo[39m: 	HTTP production server up and running on port 5000 !
2026-06-17 04:40:56 [32minfo[39m: 	Successfully connected to database mongodb://edgev3_app:edgev3_mongodb_pass@mongodb:27017/edgev3?authSource=admin
2026-06-17 04:40:56 [32minfo[39m: 	HTTP CRON server up and running on port 5555 !
2026-06-17 04:40:56 [32minfo[39m: 	Successfully connected to database mongodb://edgev3_app:edgev3_mongodb_pass@mongodb:27017/edgev3?authSource=admin
2026-06-17 04:40:56 [32minfo[39m: 	HTTP production server up and running on port 5000 !
2026-06-17 04:40:58 [32minfo[39m: 	Successfully connected to database mongodb://edgev3_app:edgev3_mongodb_pass@mongodb:27017/edgev3?authSource=admin
2026-06-17 04:40:58 [32minfo[39m: 	HTTP production server up and running on port 5000 !
2026-06-17 04:40:59 [32minfo[39m: 	Successfully connected to database mongodb://edgev3_app:edgev3_mongodb_pass@mongodb:27017/edgev3?authSource=admin
2026-06-17 04:40:59 [32minfo[39m: 	HTTP production server up and running on port 5000 !
2026-06-17 04:41:24 [32minfo[39m: 	Successfully connected to database mongodb://edgev3_app:edgev3_mongodb_pass@mongodb:27017/edgev3?authSource=admin
2026-06-17 04:41:24 [32minfo[39m: 	HTTP production server up and running on port 5000 !
2026-06-17 04:41:26 [32minfo[39m: 	Successfully connected to database mongodb://edgev3_app:edgev3_mongodb_pass@mongodb:27017/edgev3?authSource=admin
2026-06-17 04:41:26 [32minfo[39m: 	HTTP CRON server up and running on port 5555 !
2026-06-17 04:41:26 [32minfo[39m: 	Successfully connected to database mongodb://edgev3_app:edgev3_mongodb_pass@mongodb:27017/edgev3?authSource=admin
2026-06-17 04:41:26 [32minfo[39m: 	HTTP production server up and running on port 5000 !
2026-06-17 04:41:28 [32minfo[39m: 	Successfully connected to database mongodb://edgev3_app:edgev3_mongodb_pass@mongodb:27017/edgev3?authSource=admin
2026-06-17 04:41:28 [32minfo[39m: 	HTTP production server up and running on port 5000 !
2026-06-17 04:41:29 [32minfo[39m: 	Successfully connected to database mongodb://edgev3_app:edgev3_mongodb_pass@mongodb:27017/edgev3?authSource=admin
2026-06-17 04:41:29 [32minfo[39m: 	HTTP production server up and running on port 5000 !
2026-06-17 04:41:54 [32minfo[39m: 	Successfully connected to database mongodb://edgev3_app:edgev3_mongodb_pass@mongodb:27017/edgev3?authSource=admin
2026-06-17 04:41:54 [32minfo[39m: 	HTTP production server up and running on port 5000 !
2026-06-17 04:41:56 [32minfo[39m: 	Successfully connected to database mongodb://edgev3_app:edgev3_mongodb_pass@mongodb:27017/edgev3?authSource=admin
2026-06-17 04:41:56 [32minfo[39m: 	HTTP CRON server up and running on port 5555 !
2026-06-17 04:41:56 [32minfo[39m: 	Successfully connected to database mongodb://edgev3_app:edgev3_mongodb_pass@mongodb:27017/edgev3?authSource=admin
2026-06-17 04:41:56 [32minfo[39m: 	HTTP production server up and running on port 5000 !
2026-06-17 04:41:58 [32minfo[39m: 	Successfully connected to database mongodb://edgev3_app:edgev3_mongodb_pass@mongodb:27017/edgev3?authSource=admin
2026-06-17 04:41:58 [32minfo[39m: 	HTTP production server up and running on port 5000 !
2026-06-17 04:41:59 [32minfo[39m: 	Successfully connected to database mongodb://edgev3_app:edgev3_mongodb_pass@mongodb:27017/edgev3?authSource=admin
2026-06-17 04:41:59 [32minfo[39m: 	HTTP production server up and running on port 5000 !
2026-06-17 04:42:25 [32minfo[39m: 	Successfully connected to database mongodb://edgev3_app:edgev3_mongodb_pass@mongodb:27017/edgev3?authSource=admin
2026-06-17 04:42:25 [32minfo[39m: 	HTTP production server up and running on port 5000 !
2026-06-17 04:42:26 [32minfo[39m: 	Successfully connected to database mongodb://edgev3_app:edgev3_mongodb_pass@mongodb:27017/edgev3?authSource=admin
2026-06-17 04:42:26 [32minfo[39m: 	HTTP CRON server up and running on port 5555 !
2026-06-17 04:42:26 [32minfo[39m: 	Successfully connected to database mongodb://edgev3_app:edgev3_mongodb_pass@mongodb:27017/edgev3?authSource=admin
2026-06-17 04:42:26 [32minfo[39m: 	HTTP production server up and running on port 5000 !
2026-06-17 04:42:28 [32minfo[39m: 	Successfully connected to database mongodb://edgev3_app:edgev3_mongodb_pass@mongodb:27017/edgev3?authSource=admin
2026-06-17 04:42:28 [32minfo[39m: 	HTTP production server up and running on port 5000 !
2026-06-17 04:42:29 [32minfo[39m: 	Successfully connected to database mongodb://edgev3_app:edgev3_mongodb_pass@mongodb:27017/edgev3?authSource=admin
2026-06-17 04:42:29 [32minfo[39m: 	HTTP production server up and running on port 5000 !
2026-06-17 04:42:54 [32minfo[39m: 	Successfully connected to database mongodb://edgev3_app:edgev3_mongodb_pass@mongodb:27017/edgev3?authSource=admin
2026-06-17 04:42:54 [32minfo[39m: 	HTTP production server up and running on port 5000 !
2026-06-17 04:42:56 [32minfo[39m: 	Successfully connected to database mongodb://edgev3_app:edgev3_mongodb_pass@mongodb:27017/edgev3?authSource=admin
2026-06-17 04:42:56 [32minfo[39m: 	HTTP CRON server up and running on port 5555 !
2026-06-17 04:42:56 [32minfo[39m: 	Successfully connected to database mongodb://edgev3_app:edgev3_mongodb_pass@mongodb:27017/edgev3?authSource=admin
2026-06-17 04:42:56 [32minfo[39m: 	HTTP production server up and running on port 5000 !
2026-06-17 04:42:58 [32minfo[39m: 	Successfully connected to database mongodb://edgev3_app:edgev3_mongodb_pass@mongodb:27017/edgev3?authSource=admin
2026-06-17 04:42:58 [32minfo[39m: 	HTTP production server up and running on port 5000 !
2026-06-17 04:42:59 [32minfo[39m: 	Successfully connected to database mongodb://edgev3_app:edgev3_mongodb_pass@mongodb:27017/edgev3?authSource=admin
2026-06-17 04:42:59 [32minfo[39m: 	HTTP production server up and running on port 5000 !
2026-06-17 04:43:24 [32minfo[39m: 	Successfully connected to database mongodb://edgev3_app:edgev3_mongodb_pass@mongodb:27017/edgev3?authSource=admin
2026-06-17 04:43:24 [32minfo[39m: 	HTTP production server up and running on port 5000 !
2026-06-17 04:43:26 [32minfo[39m: 	Successfully connected to database mongodb://edgev3_app:edgev3_mongodb_pass@mongodb:27017/edgev3?authSource=admin
2026-06-17 04:43:26 [32minfo[39m: 	HTTP CRON server up and running on port 5555 !
2026-06-17 04:43:26 [32minfo[39m: 	Successfully connected to database mongodb://edgev3_app:edgev3_mongodb_pass@mongodb:27017/edgev3?authSource=admin
2026-06-17 04:43:26 [32minfo[39m: 	HTTP production server up and running on port 5000 !
2026-06-17 04:43:28 [32minfo[39m: 	Successfully connected to database mongodb://edgev3_app:edgev3_mongodb_pass@mongodb:27017/edgev3?authSource=admin
2026-06-17 04:43:28 [32minfo[39m: 	HTTP production server up and running on port 5000 !
2026-06-17 04:43:29 [32minfo[39m: 	Successfully connected to database mongodb://edgev3_app:edgev3_mongodb_pass@mongodb:27017/edgev3?authSource=admin
2026-06-17 04:43:29 [32minfo[39m: 	HTTP production server up and running on port 5000 !
2026-06-17 04:43:54 [32minfo[39m: 	Successfully connected to database mongodb://edgev3_app:edgev3_mongodb_pass@mongodb:27017/edgev3?authSource=admin
2026-06-17 04:43:54 [32minfo[39m: 	HTTP production server up and running on port 5000 !
2026-06-17 04:43:56 [32minfo[39m: 	Successfully connected to database mongodb://edgev3_app:edgev3_mongodb_pass@mongodb:27017/edgev3?authSource=admin
2026-06-17 04:43:56 [32minfo[39m: 	HTTP CRON server up and running on port 5555 !
2026-06-17 04:43:56 [32minfo[39m: 	Successfully connected to database mongodb://edgev3_app:edgev3_mongodb_pass@mongodb:27017/edgev3?authSource=admin
2026-06-17 04:43:56 [32minfo[39m: 	HTTP production server up and running on port 5000 !
2026-06-17 04:43:58 [32minfo[39m: 	Successfully connected to database mongodb://edgev3_app:edgev3_mongodb_pass@mongodb:27017/edgev3?authSource=admin
2026-06-17 04:43:58 [32minfo[39m: 	HTTP production server up and running on port 5000 !
2026-06-17 04:43:59 [32minfo[39m: 	Successfully connected to database mongodb://edgev3_app:edgev3_mongodb_pass@mongodb:27017/edgev3?authSource=admin
2026-06-17 04:43:59 [32minfo[39m: 	HTTP production server up and running on port 5000 !
2026-06-17 04:44:24 [32minfo[39m: 	Successfully connected to database mongodb://edgev3_app:edgev3_mongodb_pass@mongodb:27017/edgev3?authSource=admin
2026-06-17 04:44:24 [32minfo[39m: 	HTTP production server up and running on port 5000 !
2026-06-17 04:44:26 [32minfo[39m: 	Successfully connected to database mongodb://edgev3_app:edgev3_mongodb_pass@mongodb:27017/edgev3?authSource=admin
2026-06-17 04:44:26 [32minfo[39m: 	HTTP CRON server up and running on port 5555 !
2026-06-17 04:44:26 [32minfo[39m: 	Successfully connected to database mongodb://edgev3_app:edgev3_mongodb_pass@mongodb:27017/edgev3?authSource=admin
2026-06-17 04:44:26 [32minfo[39m: 	HTTP production server up and running on port 5000 !
2026-06-17 04:44:28 [32minfo[39m: 	Successfully connected to database mongodb://edgev3_app:edgev3_mongodb_pass@mongodb:27017/edgev3?authSource=admin
2026-06-17 04:44:28 [32minfo[39m: 	HTTP production server up and running on port 5000 !
2026-06-17 04:44:29 [32minfo[39m: 	Successfully connected to database mongodb://edgev3_app:edgev3_mongodb_pass@mongodb:27017/edgev3?authSource=admin
2026-06-17 04:44:29 [32minfo[39m: 	HTTP production server up and running on port 5000 !
2026-06-17 04:44:54 [32minfo[39m: 	Successfully connected to database mongodb://edgev3_app:edgev3_mongodb_pass@mongodb:27017/edgev3?authSource=admin
2026-06-17 04:44:54 [32minfo[39m: 	HTTP production server up and running on port 5000 !
2026-06-17 04:44:56 [32minfo[39m: 	Successfully connected to database mongodb://edgev3_app:edgev3_mongodb_pass@mongodb:27017/edgev3?authSource=admin
2026-06-17 04:44:56 [32minfo[39m: 	HTTP CRON server up and running on port 5555 !
2026-06-17 04:44:56 [32minfo[39m: 	Successfully connected to database mongodb://edgev3_app:edgev3_mongodb_pass@mongodb:27017/edgev3?authSource=admin
2026-06-17 04:44:56 [32minfo[39m: 	HTTP production server up and running on port 5000 !
2026-06-17 04:44:58 [32minfo[39m: 	Successfully connected to database mongodb://edgev3_app:edgev3_mongodb_pass@mongodb:27017/edgev3?authSource=admin
2026-06-17 04:44:58 [32minfo[39m: 	HTTP production server up and running on port 5000 !
2026-06-17 04:44:59 [32minfo[39m: 	Successfully connected to database mongodb://edgev3_app:edgev3_mongodb_pass@mongodb:27017/edgev3?authSource=admin
2026-06-17 04:44:59 [32minfo[39m: 	HTTP production server up and running on port 5000 !
2026-06-17 04:45:24 [32minfo[39m: 	Successfully connected to database mongodb://edgev3_app:edgev3_mongodb_pass@mongodb:27017/edgev3?authSource=admin
2026-06-17 04:45:24 [32minfo[39m: 	HTTP production server up and running on port 5000 !
2026-06-17 04:45:26 [32minfo[39m: 	Successfully connected to database mongodb://edgev3_app:edgev3_mongodb_pass@mongodb:27017/edgev3?authSource=admin
2026-06-17 04:45:26 [32minfo[39m: 	HTTP CRON server up and running on port 5555 !
2026-06-17 04:45:26 [32minfo[39m: 	Successfully connected to database mongodb://edgev3_app:edgev3_mongodb_pass@mongodb:27017/edgev3?authSource=admin
2026-06-17 04:45:26 [32minfo[39m: 	HTTP production server up and running on port 5000 !
2026-06-17 04:45:28 [32minfo[39m: 	Successfully connected to database mongodb://edgev3_app:edgev3_mongodb_pass@mongodb:27017/edgev3?authSource=admin
2026-06-17 04:45:28 [32minfo[39m: 	HTTP production server up and running on port 5000 !
2026-06-17 04:45:29 [32minfo[39m: 	Successfully connected to database mongodb://edgev3_app:edgev3_mongodb_pass@mongodb:27017/edgev3?authSource=admin
2026-06-17 04:45:29 [32minfo[39m: 	HTTP production server up and running on port 5000 !
2026-06-17 04:45:54 [32minfo[39m: 	Successfully connected to database mongodb://edgev3_app:edgev3_mongodb_pass@mongodb:27017/edgev3?authSource=admin
2026-06-17 04:45:55 [32minfo[39m: 	HTTP production server up and running on port 5000 !
2026-06-17 04:45:56 [32minfo[39m: 	Successfully connected to database mongodb://edgev3_app:edgev3_mongodb_pass@mongodb:27017/edgev3?authSource=admin
2026-06-17 04:45:56 [32minfo[39m: 	HTTP CRON server up and running on port 5555 !
2026-06-17 04:45:56 [32minfo[39m: 	Successfully connected to database mongodb://edgev3_app:edgev3_mongodb_pass@mongodb:27017/edgev3?authSource=admin
2026-06-17 04:45:56 [32minfo[39m: 	HTTP production server up and running on port 5000 !
2026-06-17 04:45:58 [32minfo[39m: 	Successfully connected to database mongodb://edgev3_app:edgev3_mongodb_pass@mongodb:27017/edgev3?authSource=admin
2026-06-17 04:45:58 [32minfo[39m: 	HTTP production server up and running on port 5000 !
2026-06-17 04:45:59 [32minfo[39m: 	Successfully connected to database mongodb://edgev3_app:edgev3_mongodb_pass@mongodb:27017/edgev3?authSource=admin
2026-06-17 04:45:59 [32minfo[39m: 	HTTP production server up and running on port 5000 !
2026-06-17 04:46:25 [32minfo[39m: 	Successfully connected to database mongodb://edgev3_app:edgev3_mongodb_pass@mongodb:27017/edgev3?authSource=admin
2026-06-17 04:46:25 [32minfo[39m: 	HTTP production server up and running on port 5000 !
2026-06-17 04:46:26 [32minfo[39m: 	Successfully connected to database mongodb://edgev3_app:edgev3_mongodb_pass@mongodb:27017/edgev3?authSource=admin
2026-06-17 04:46:26 [32minfo[39m: 	HTTP CRON server up and running on port 5555 !
2026-06-17 04:46:26 [32minfo[39m: 	Successfully connected to database mongodb://edgev3_app:edgev3_mongodb_pass@mongodb:27017/edgev3?authSource=admin
2026-06-17 04:46:26 [32minfo[39m: 	HTTP production server up and running on port 5000 !
2026-06-17 04:46:28 [32minfo[39m: 	Successfully connected to database mongodb://edgev3_app:edgev3_mongodb_pass@mongodb:27017/edgev3?authSource=admin
2026-06-17 04:46:28 [32minfo[39m: 	HTTP production server up and running on port 5000 !
2026-06-17 04:46:29 [32minfo[39m: 	Successfully connected to database mongodb://edgev3_app:edgev3_mongodb_pass@mongodb:27017/edgev3?authSource=admin
2026-06-17 04:46:29 [32minfo[39m: 	HTTP production server up and running on port 5000 !
2026-06-17 04:46:55 [32minfo[39m: 	Successfully connected to database mongodb://edgev3_app:edgev3_mongodb_pass@mongodb:27017/edgev3?authSource=admin
2026-06-17 04:46:55 [32minfo[39m: 	HTTP production server up and running on port 5000 !
2026-06-17 04:46:56 [32minfo[39m: 	Successfully connected to database mongodb://edgev3_app:edgev3_mongodb_pass@mongodb:27017/edgev3?authSource=admin
2026-06-17 04:46:56 [32minfo[39m: 	HTTP CRON server up and running on port 5555 !
2026-06-17 04:46:56 [32minfo[39m: 	Successfully connected to database mongodb://edgev3_app:edgev3_mongodb_pass@mongodb:27017/edgev3?authSource=admin
2026-06-17 04:46:56 [32minfo[39m: 	HTTP production server up and running on port 5000 !
2026-06-17 04:46:58 [32minfo[39m: 	Successfully connected to database mongodb://edgev3_app:edgev3_mongodb_pass@mongodb:27017/edgev3?authSource=admin
2026-06-17 04:46:58 [32minfo[39m: 	HTTP production server up and running on port 5000 !
2026-06-17 04:46:59 [32minfo[39m: 	Successfully connected to database mongodb://edgev3_app:edgev3_mongodb_pass@mongodb:27017/edgev3?authSource=admin
2026-06-17 04:46:59 [32minfo[39m: 	HTTP production server up and running on port 5000 !
2026-06-17 04:47:24 [32minfo[39m: 	Successfully connected to database mongodb://edgev3_app:edgev3_mongodb_pass@mongodb:27017/edgev3?authSource=admin
2026-06-17 04:47:24 [32minfo[39m: 	HTTP production server up and running on port 5000 !
2026-06-17 04:47:26 [32minfo[39m: 	Successfully connected to database mongodb://edgev3_app:edgev3_mongodb_pass@mongodb:27017/edgev3?authSource=admin
2026-06-17 04:47:26 [32minfo[39m: 	HTTP CRON server up and running on port 5555 !
2026-06-17 04:47:26 [32minfo[39m: 	Successfully connected to database mongodb://edgev3_app:edgev3_mongodb_pass@mongodb:27017/edgev3?authSource=admin
2026-06-17 04:47:26 [32minfo[39m: 	HTTP production server up and running on port 5000 !
2026-06-17 04:47:28 [32minfo[39m: 	Successfully connected to database mongodb://edgev3_app:edgev3_mongodb_pass@mongodb:27017/edgev3?authSource=admin
2026-06-17 04:47:28 [32minfo[39m: 	HTTP production server up and running on port 5000 !
2026-06-17 04:47:29 [32minfo[39m: 	Successfully connected to database mongodb://edgev3_app:edgev3_mongodb_pass@mongodb:27017/edgev3?authSource=admin
2026-06-17 04:47:29 [32minfo[39m: 	HTTP production server up and running on port 5000 !
2026-06-17 04:47:54 [32minfo[39m: 	Successfully connected to database mongodb://edgev3_app:edgev3_mongodb_pass@mongodb:27017/edgev3?authSource=admin
2026-06-17 04:47:55 [32minfo[39m: 	HTTP production server up and running on port 5000 !
2026-06-17 04:47:56 [32minfo[39m: 	Successfully connected to database mongodb://edgev3_app:edgev3_mongodb_pass@mongodb:27017/edgev3?authSource=admin
2026-06-17 04:47:56 [32minfo[39m: 	HTTP CRON server up and running on port 5555 !
2026-06-17 04:47:56 [32minfo[39m: 	Successfully connected to database mongodb://edgev3_app:edgev3_mongodb_pass@mongodb:27017/edgev3?authSource=admin
2026-06-17 04:47:56 [32minfo[39m: 	HTTP production server up and running on port 5000 !
2026-06-17 04:47:58 [32minfo[39m: 	Successfully connected to database mongodb://edgev3_app:edgev3_mongodb_pass@mongodb:27017/edgev3?authSource=admin
2026-06-17 04:47:58 [32minfo[39m: 	HTTP production server up and running on port 5000 !
2026-06-17 04:47:59 [32minfo[39m: 	Successfully connected to database mongodb://edgev3_app:edgev3_mongodb_pass@mongodb:27017/edgev3?authSource=admin
2026-06-17 04:47:59 [32minfo[39m: 	HTTP production server up and running on port 5000 !
2026-06-17 04:48:25 [32minfo[39m: 	Successfully connected to database mongodb://edgev3_app:edgev3_mongodb_pass@mongodb:27017/edgev3?authSource=admin
2026-06-17 04:48:25 [32minfo[39m: 	HTTP production server up and running on port 5000 !
2026-06-17 04:48:27 [32minfo[39m: 	Successfully connected to database mongodb://edgev3_app:edgev3_mongodb_pass@mongodb:27017/edgev3?authSource=admin
2026-06-17 04:48:27 [32minfo[39m: 	HTTP CRON server up and running on port 5555 !
2026-06-17 04:48:27 [32minfo[39m: 	Successfully connected to database mongodb://edgev3_app:edgev3_mongodb_pass@mongodb:27017/edgev3?authSource=admin
2026-06-17 04:48:27 [32minfo[39m: 	HTTP production server up and running on port 5000 !
2026-06-17 04:48:29 [32minfo[39m: 	Successfully connected to database mongodb://edgev3_app:edgev3_mongodb_pass@mongodb:27017/edgev3?authSource=admin
2026-06-17 04:48:29 [32minfo[39m: 	HTTP production server up and running on port 5000 !
2026-06-17 04:48:30 [32minfo[39m: 	Successfully connected to database mongodb://edgev3_app:edgev3_mongodb_pass@mongodb:27017/edgev3?authSource=admin
2026-06-17 04:48:30 [32minfo[39m: 	HTTP production server up and running on port 5000 !
2026-06-17 04:48:55 [32minfo[39m: 	Successfully connected to database mongodb://edgev3_app:edgev3_mongodb_pass@mongodb:27017/edgev3?authSource=admin
2026-06-17 04:48:55 [32minfo[39m: 	HTTP production server up and running on port 5000 !
2026-06-17 04:48:56 [32minfo[39m: 	Successfully connected to database mongodb://edgev3_app:edgev3_mongodb_pass@mongodb:27017/edgev3?authSource=admin
2026-06-17 04:48:56 [32minfo[39m: 	HTTP CRON server up and running on port 5555 !
2026-06-17 04:48:56 [32minfo[39m: 	Successfully connected to database mongodb://edgev3_app:edgev3_mongodb_pass@mongodb:27017/edgev3?authSource=admin
2026-06-17 04:48:56 [32minfo[39m: 	HTTP production server up and running on port 5000 !
2026-06-17 04:48:58 [32minfo[39m: 	Successfully connected to database mongodb://edgev3_app:edgev3_mongodb_pass@mongodb:27017/edgev3?authSource=admin
2026-06-17 04:48:58 [32minfo[39m: 	HTTP production server up and running on port 5000 !
2026-06-17 04:48:59 [32minfo[39m: 	Successfully connected to database mongodb://edgev3_app:edgev3_mongodb_pass@mongodb:27017/edgev3?authSource=admin
2026-06-17 04:48:59 [32minfo[39m: 	HTTP production server up and running on port 5000 !
2026-06-17 04:49:25 [32minfo[39m: 	Successfully connected to database mongodb://edgev3_app:edgev3_mongodb_pass@mongodb:27017/edgev3?authSource=admin
2026-06-17 04:49:25 [32minfo[39m: 	HTTP production server up and running on port 5000 !
2026-06-17 04:49:26 [32minfo[39m: 	Successfully connected to database mongodb://edgev3_app:edgev3_mongodb_pass@mongodb:27017/edgev3?authSource=admin
2026-06-17 04:49:26 [32minfo[39m: 	HTTP CRON server up and running on port 5555 !
2026-06-17 04:49:26 [32minfo[39m: 	Successfully connected to database mongodb://edgev3_app:edgev3_mongodb_pass@mongodb:27017/edgev3?authSource=admin
2026-06-17 04:49:26 [32minfo[39m: 	HTTP production server up and running on port 5000 !
2026-06-17 04:49:28 [32minfo[39m: 	Successfully connected to database mongodb://edgev3_app:edgev3_mongodb_pass@mongodb:27017/edgev3?authSource=admin
2026-06-17 04:49:28 [32minfo[39m: 	HTTP production server up and running on port 5000 !
2026-06-17 04:49:30 [32minfo[39m: 	Successfully connected to database mongodb://edgev3_app:edgev3_mongodb_pass@mongodb:27017/edgev3?authSource=admin
2026-06-17 04:49:30 [32minfo[39m: 	HTTP production server up and running on port 5000 !
2026-06-17 04:49:55 [32minfo[39m: 	Successfully connected to database mongodb://edgev3_app:edgev3_mongodb_pass@mongodb:27017/edgev3?authSource=admin
2026-06-17 04:49:55 [32minfo[39m: 	HTTP production server up and running on port 5000 !
2026-06-17 04:49:56 [32minfo[39m: 	Successfully connected to database mongodb://edgev3_app:edgev3_mongodb_pass@mongodb:27017/edgev3?authSource=admin
2026-06-17 04:49:56 [32minfo[39m: 	HTTP CRON server up and running on port 5555 !
2026-06-17 04:49:57 [32minfo[39m: 	Successfully connected to database mongodb://edgev3_app:edgev3_mongodb_pass@mongodb:27017/edgev3?authSource=admin
2026-06-17 04:49:57 [32minfo[39m: 	HTTP production server up and running on port 5000 !
2026-06-17 04:49:58 [32minfo[39m: 	Successfully connected to database mongodb://edgev3_app:edgev3_mongodb_pass@mongodb:27017/edgev3?authSource=admin
2026-06-17 04:49:58 [32minfo[39m: 	HTTP production server up and running on port 5000 !
2026-06-17 04:50:00 [32minfo[39m: 	Successfully connected to database mongodb://edgev3_app:edgev3_mongodb_pass@mongodb:27017/edgev3?authSource=admin
2026-06-17 04:50:00 [32minfo[39m: 	HTTP production server up and running on port 5000 !
2026-06-17 04:50:25 [32minfo[39m: 	Successfully connected to database mongodb://edgev3_app:edgev3_mongodb_pass@mongodb:27017/edgev3?authSource=admin
2026-06-17 04:50:25 [32minfo[39m: 	HTTP production server up and running on port 5000 !
2026-06-17 04:50:26 [32minfo[39m: 	Successfully connected to database mongodb://edgev3_app:edgev3_mongodb_pass@mongodb:27017/edgev3?authSource=admin
2026-06-17 04:50:26 [32minfo[39m: 	HTTP CRON server up and running on port 5555 !
2026-06-17 04:50:26 [32minfo[39m: 	Successfully connected to database mongodb://edgev3_app:edgev3_mongodb_pass@mongodb:27017/edgev3?authSource=admin
2026-06-17 04:50:26 [32minfo[39m: 	HTTP production server up and running on port 5000 !
2026-06-17 04:50:28 [32minfo[39m: 	Successfully connected to database mongodb://edgev3_app:edgev3_mongodb_pass@mongodb:27017/edgev3?authSource=admin
2026-06-17 04:50:28 [32minfo[39m: 	HTTP production server up and running on port 5000 !
2026-06-17 04:50:29 [32minfo[39m: 	Successfully connected to database mongodb://edgev3_app:edgev3_mongodb_pass@mongodb:27017/edgev3?authSource=admin
2026-06-17 04:50:29 [32minfo[39m: 	HTTP production server up and running on port 5000 !
2026-06-17 04:50:55 [32minfo[39m: 	Successfully connected to database mongodb://edgev3_app:edgev3_mongodb_pass@mongodb:27017/edgev3?authSource=admin
2026-06-17 04:50:55 [32minfo[39m: 	HTTP production server up and running on port 5000 !
2026-06-17 04:50:56 [32minfo[39m: 	Successfully connected to database mongodb://edgev3_app:edgev3_mongodb_pass@mongodb:27017/edgev3?authSource=admin
2026-06-17 04:50:56 [32minfo[39m: 	HTTP CRON server up and running on port 5555 !
2026-06-17 04:50:56 [32minfo[39m: 	Successfully connected to database mongodb://edgev3_app:edgev3_mongodb_pass@mongodb:27017/edgev3?authSource=admin
2026-06-17 04:50:56 [32minfo[39m: 	HTTP production server up and running on port 5000 !
2026-06-17 04:50:58 [32minfo[39m: 	Successfully connected to database mongodb://edgev3_app:edgev3_mongodb_pass@mongodb:27017/edgev3?authSource=admin
2026-06-17 04:50:58 [32minfo[39m: 	HTTP production server up and running on port 5000 !
2026-06-17 04:50:59 [32minfo[39m: 	Successfully connected to database mongodb://edgev3_app:edgev3_mongodb_pass@mongodb:27017/edgev3?authSource=admin
2026-06-17 04:50:59 [32minfo[39m: 	HTTP production server up and running on port 5000 !
2026-06-17 04:51:25 [32minfo[39m: 	Successfully connected to database mongodb://edgev3_app:edgev3_mongodb_pass@mongodb:27017/edgev3?authSource=admin
2026-06-17 04:51:25 [32minfo[39m: 	HTTP production server up and running on port 5000 !
2026-06-17 04:51:26 [32minfo[39m: 	Successfully connected to database mongodb://edgev3_app:edgev3_mongodb_pass@mongodb:27017/edgev3?authSource=admin
2026-06-17 04:51:26 [32minfo[39m: 	HTTP CRON server up and running on port 5555 !
2026-06-17 04:51:26 [32minfo[39m: 	Successfully connected to database mongodb://edgev3_app:edgev3_mongodb_pass@mongodb:27017/edgev3?authSource=admin
2026-06-17 04:51:26 [32minfo[39m: 	HTTP production server up and running on port 5000 !
2026-06-17 04:51:28 [32minfo[39m: 	Successfully connected to database mongodb://edgev3_app:edgev3_mongodb_pass@mongodb:27017/edgev3?authSource=admin
2026-06-17 04:51:28 [32minfo[39m: 	HTTP production server up and running on port 5000 !
2026-06-17 04:51:29 [32minfo[39m: 	Successfully connected to database mongodb://edgev3_app:edgev3_mongodb_pass@mongodb:27017/edgev3?authSource=admin
2026-06-17 04:51:30 [32minfo[39m: 	HTTP production server up and running on port 5000 !
2026-06-17 04:51:55 [32minfo[39m: 	Successfully connected to database mongodb://edgev3_app:edgev3_mongodb_pass@mongodb:27017/edgev3?authSource=admin
2026-06-17 04:51:55 [32minfo[39m: 	HTTP production server up and running on port 5000 !
2026-06-17 04:51:56 [32minfo[39m: 	Successfully connected to database mongodb://edgev3_app:edgev3_mongodb_pass@mongodb:27017/edgev3?authSource=admin
2026-06-17 04:51:56 [32minfo[39m: 	HTTP CRON server up and running on port 5555 !
2026-06-17 04:51:56 [32minfo[39m: 	Successfully connected to database mongodb://edgev3_app:edgev3_mongodb_pass@mongodb:27017/edgev3?authSource=admin
2026-06-17 04:51:56 [32minfo[39m: 	HTTP production server up and running on port 5000 !
2026-06-17 04:51:58 [32minfo[39m: 	Successfully connected to database mongodb://edgev3_app:edgev3_mongodb_pass@mongodb:27017/edgev3?authSource=admin
2026-06-17 04:51:58 [32minfo[39m: 	HTTP production server up and running on port 5000 !
2026-06-17 04:51:59 [32minfo[39m: 	Successfully connected to database mongodb://edgev3_app:edgev3_mongodb_pass@mongodb:27017/edgev3?authSource=admin
2026-06-17 04:51:59 [32minfo[39m: 	HTTP production server up and running on port 5000 !
2026-06-17 04:52:25 [32minfo[39m: 	Successfully connected to database mongodb://edgev3_app:edgev3_mongodb_pass@mongodb:27017/edgev3?authSource=admin
2026-06-17 04:52:25 [32minfo[39m: 	HTTP production server up and running on port 5000 !
2026-06-17 04:52:26 [32minfo[39m: 	Successfully connected to database mongodb://edgev3_app:edgev3_mongodb_pass@mongodb:27017/edgev3?authSource=admin
2026-06-17 04:52:26 [32minfo[39m: 	HTTP CRON server up and running on port 5555 !
2026-06-17 04:52:26 [32minfo[39m: 	Successfully connected to database mongodb://edgev3_app:edgev3_mongodb_pass@mongodb:27017/edgev3?authSource=admin
2026-06-17 04:52:26 [32minfo[39m: 	HTTP production server up and running on port 5000 !
2026-06-17 04:52:28 [32minfo[39m: 	Successfully connected to database mongodb://edgev3_app:edgev3_mongodb_pass@mongodb:27017/edgev3?authSource=admin
2026-06-17 04:52:28 [32minfo[39m: 	HTTP production server up and running on port 5000 !
2026-06-17 04:52:29 [32minfo[39m: 	Successfully connected to database mongodb://edgev3_app:edgev3_mongodb_pass@mongodb:27017/edgev3?authSource=admin
2026-06-17 04:52:30 [32minfo[39m: 	HTTP production server up and running on port 5000 !
2026-06-17 04:52:55 [32minfo[39m: 	Successfully connected to database mongodb://edgev3_app:edgev3_mongodb_pass@mongodb:27017/edgev3?authSource=admin
2026-06-17 04:52:55 [32minfo[39m: 	HTTP production server up and running on port 5000 !
2026-06-17 04:52:56 [32minfo[39m: 	Successfully connected to database mongodb://edgev3_app:edgev3_mongodb_pass@mongodb:27017/edgev3?authSource=admin
2026-06-17 04:52:56 [32minfo[39m: 	HTTP CRON server up and running on port 5555 !
2026-06-17 04:52:56 [32minfo[39m: 	Successfully connected to database mongodb://edgev3_app:edgev3_mongodb_pass@mongodb:27017/edgev3?authSource=admin
2026-06-17 04:52:56 [32minfo[39m: 	HTTP production server up and running on port 5000 !
2026-06-17 04:52:58 [32minfo[39m: 	Successfully connected to database mongodb://edgev3_app:edgev3_mongodb_pass@mongodb:27017/edgev3?authSource=admin
2026-06-17 04:52:58 [32minfo[39m: 	HTTP production server up and running on port 5000 !
2026-06-17 04:52:59 [32minfo[39m: 	Successfully connected to database mongodb://edgev3_app:edgev3_mongodb_pass@mongodb:27017/edgev3?authSource=admin
2026-06-17 04:52:59 [32minfo[39m: 	HTTP production server up and running on port 5000 !
2026-06-17 04:53:25 [32minfo[39m: 	Successfully connected to database mongodb://edgev3_app:edgev3_mongodb_pass@mongodb:27017/edgev3?authSource=admin
2026-06-17 04:53:25 [32minfo[39m: 	HTTP production server up and running on port 5000 !
2026-06-17 04:53:26 [32minfo[39m: 	Successfully connected to database mongodb://edgev3_app:edgev3_mongodb_pass@mongodb:27017/edgev3?authSource=admin
2026-06-17 04:53:26 [32minfo[39m: 	HTTP CRON server up and running on port 5555 !
2026-06-17 04:53:26 [32minfo[39m: 	Successfully connected to database mongodb://edgev3_app:edgev3_mongodb_pass@mongodb:27017/edgev3?authSource=admin
2026-06-17 04:53:26 [32minfo[39m: 	HTTP production server up and running on port 5000 !
2026-06-17 04:53:28 [32minfo[39m: 	Successfully connected to database mongodb://edgev3_app:edgev3_mongodb_pass@mongodb:27017/edgev3?authSource=admin
2026-06-17 04:53:28 [32minfo[39m: 	HTTP production server up and running on port 5000 !
2026-06-17 04:53:29 [32minfo[39m: 	Successfully connected to database mongodb://edgev3_app:edgev3_mongodb_pass@mongodb:27017/edgev3?authSource=admin
2026-06-17 04:53:29 [32minfo[39m: 	HTTP production server up and running on port 5000 !
2026-06-17 04:53:55 [32minfo[39m: 	Successfully connected to database mongodb://edgev3_app:edgev3_mongodb_pass@mongodb:27017/edgev3?authSource=admin
2026-06-17 04:53:55 [32minfo[39m: 	HTTP production server up and running on port 5000 !
2026-06-17 04:53:56 [32minfo[39m: 	Successfully connected to database mongodb://edgev3_app:edgev3_mongodb_pass@mongodb:27017/edgev3?authSource=admin
2026-06-17 04:53:56 [32minfo[39m: 	HTTP production server up and running on port 5000 !
2026-06-17 04:53:58 [32minfo[39m: 	Successfully connected to database mongodb://edgev3_app:edgev3_mongodb_pass@mongodb:27017/edgev3?authSource=admin
2026-06-17 04:53:58 [32minfo[39m: 	HTTP production server up and running on port 5000 !
2026-06-17 04:53:59 [32minfo[39m: 	Successfully connected to database mongodb://edgev3_app:edgev3_mongodb_pass@mongodb:27017/edgev3?authSource=admin
2026-06-17 04:53:59 [32minfo[39m: 	HTTP production server up and running on port 5000 !
2026-06-17 04:54:25 [32minfo[39m: 	Successfully connected to database mongodb://edgev3_app:edgev3_mongodb_pass@mongodb:27017/edgev3?authSource=admin
2026-06-17 04:54:25 [32minfo[39m: 	HTTP production server up and running on port 5000 !
2026-06-17 04:54:26 [32minfo[39m: 	Successfully connected to database mongodb://edgev3_app:edgev3_mongodb_pass@mongodb:27017/edgev3?authSource=admin
2026-06-17 04:54:26 [32minfo[39m: 	HTTP CRON server up and running on port 5555 !
2026-06-17 04:54:26 [32minfo[39m: 	Successfully connected to database mongodb://edgev3_app:edgev3_mongodb_pass@mongodb:27017/edgev3?authSource=admin
2026-06-17 04:54:26 [32minfo[39m: 	HTTP production server up and running on port 5000 !
2026-06-17 04:54:28 [32minfo[39m: 	Successfully connected to database mongodb://edgev3_app:edgev3_mongodb_pass@mongodb:27017/edgev3?authSource=admin
2026-06-17 04:54:28 [32minfo[39m: 	HTTP production server up and running on port 5000 !
2026-06-17 04:54:30 [32minfo[39m: 	Successfully connected to database mongodb://edgev3_app:edgev3_mongodb_pass@mongodb:27017/edgev3?authSource=admin
2026-06-17 04:54:30 [32minfo[39m: 	HTTP production server up and running on port 5000 !
2026-06-17 04:54:55 [32minfo[39m: 	Successfully connected to database mongodb://edgev3_app:edgev3_mongodb_pass@mongodb:27017/edgev3?authSource=admin
2026-06-17 04:54:55 [32minfo[39m: 	HTTP production server up and running on port 5000 !
2026-06-17 04:54:56 [32minfo[39m: 	Successfully connected to database mongodb://edgev3_app:edgev3_mongodb_pass@mongodb:27017/edgev3?authSource=admin
2026-06-17 04:54:56 [32minfo[39m: 	HTTP CRON server up and running on port 5555 !
2026-06-17 04:54:56 [32minfo[39m: 	Successfully connected to database mongodb://edgev3_app:edgev3_mongodb_pass@mongodb:27017/edgev3?authSource=admin
2026-06-17 04:54:56 [32minfo[39m: 	HTTP production server up and running on port 5000 !
2026-06-17 04:54:58 [32minfo[39m: 	Successfully connected to database mongodb://edgev3_app:edgev3_mongodb_pass@mongodb:27017/edgev3?authSource=admin
2026-06-17 04:54:58 [32minfo[39m: 	HTTP production server up and running on port 5000 !
2026-06-17 04:54:59 [32minfo[39m: 	Successfully connected to database mongodb://edgev3_app:edgev3_mongodb_pass@mongodb:27017/edgev3?authSource=admin
2026-06-17 04:54:59 [32minfo[39m: 	HTTP production server up and running on port 5000 !
2026-06-17 04:55:25 [32minfo[39m: 	Successfully connected to database mongodb://edgev3_app:edgev3_mongodb_pass@mongodb:27017/edgev3?authSource=admin
2026-06-17 04:55:25 [32minfo[39m: 	HTTP production server up and running on port 5000 !
2026-06-17 04:55:26 [32minfo[39m: 	Successfully connected to database mongodb://edgev3_app:edgev3_mongodb_pass@mongodb:27017/edgev3?authSource=admin
2026-06-17 04:55:26 [32minfo[39m: 	HTTP CRON server up and running on port 5555 !
2026-06-17 04:55:26 [32minfo[39m: 	Successfully connected to database mongodb://edgev3_app:edgev3_mongodb_pass@mongodb:27017/edgev3?authSource=admin
2026-06-17 04:55:26 [32minfo[39m: 	HTTP production server up and running on port 5000 !
2026-06-17 04:55:28 [32minfo[39m: 	Successfully connected to database mongodb://edgev3_app:edgev3_mongodb_pass@mongodb:27017/edgev3?authSource=admin
2026-06-17 04:55:28 [32minfo[39m: 	HTTP production server up and running on port 5000 !
2026-06-17 04:55:29 [32minfo[39m: 	Successfully connected to database mongodb://edgev3_app:edgev3_mongodb_pass@mongodb:27017/edgev3?authSource=admin
2026-06-17 04:55:30 [32minfo[39m: 	HTTP production server up and running on port 5000 !
2026-06-17 04:55:55 [32minfo[39m: 	Successfully connected to database mongodb://edgev3_app:edgev3_mongodb_pass@mongodb:27017/edgev3?authSource=admin
2026-06-17 04:55:55 [32minfo[39m: 	HTTP production server up and running on port 5000 !
2026-06-17 04:55:56 [32minfo[39m: 	Successfully connected to database mongodb://edgev3_app:edgev3_mongodb_pass@mongodb:27017/edgev3?authSource=admin
2026-06-17 04:55:56 [32minfo[39m: 	HTTP CRON server up and running on port 5555 !
2026-06-17 04:55:57 [32minfo[39m: 	Successfully connected to database mongodb://edgev3_app:edgev3_mongodb_pass@mongodb:27017/edgev3?authSource=admin
2026-06-17 04:55:57 [32minfo[39m: 	HTTP production server up and running on port 5000 !
2026-06-17 04:55:58 [32minfo[39m: 	Successfully connected to database mongodb://edgev3_app:edgev3_mongodb_pass@mongodb:27017/edgev3?authSource=admin
2026-06-17 04:55:58 [32minfo[39m: 	HTTP production server up and running on port 5000 !
2026-06-17 04:56:00 [32minfo[39m: 	Successfully connected to database mongodb://edgev3_app:edgev3_mongodb_pass@mongodb:27017/edgev3?authSource=admin
2026-06-17 04:56:00 [32minfo[39m: 	HTTP production server up and running on port 5000 !
2026-06-17 04:56:25 [32minfo[39m: 	Successfully connected to database mongodb://edgev3_app:edgev3_mongodb_pass@mongodb:27017/edgev3?authSource=admin
2026-06-17 04:56:25 [32minfo[39m: 	HTTP production server up and running on port 5000 !
2026-06-17 04:56:26 [32minfo[39m: 	Successfully connected to database mongodb://edgev3_app:edgev3_mongodb_pass@mongodb:27017/edgev3?authSource=admin
2026-06-17 04:56:26 [32minfo[39m: 	HTTP CRON server up and running on port 5555 !
2026-06-17 04:56:26 [32minfo[39m: 	Successfully connected to database mongodb://edgev3_app:edgev3_mongodb_pass@mongodb:27017/edgev3?authSource=admin
2026-06-17 04:56:26 [32minfo[39m: 	HTTP production server up and running on port 5000 !
2026-06-17 04:56:28 [32minfo[39m: 	Successfully connected to database mongodb://edgev3_app:edgev3_mongodb_pass@mongodb:27017/edgev3?authSource=admin
2026-06-17 04:56:28 [32minfo[39m: 	HTTP production server up and running on port 5000 !
2026-06-17 04:56:30 [32minfo[39m: 	Successfully connected to database mongodb://edgev3_app:edgev3_mongodb_pass@mongodb:27017/edgev3?authSource=admin
2026-06-17 04:56:30 [32minfo[39m: 	HTTP production server up and running on port 5000 !
2026-06-17 04:56:55 [32minfo[39m: 	Successfully connected to database mongodb://edgev3_app:edgev3_mongodb_pass@mongodb:27017/edgev3?authSource=admin
2026-06-17 04:56:55 [32minfo[39m: 	HTTP production server up and running on port 5000 !
2026-06-17 04:56:56 [32minfo[39m: 	Successfully connected to database mongodb://edgev3_app:edgev3_mongodb_pass@mongodb:27017/edgev3?authSource=admin
2026-06-17 04:56:56 [32minfo[39m: 	HTTP CRON server up and running on port 5555 !
2026-06-17 04:56:56 [32minfo[39m: 	Successfully connected to database mongodb://edgev3_app:edgev3_mongodb_pass@mongodb:27017/edgev3?authSource=admin
2026-06-17 04:56:56 [32minfo[39m: 	HTTP production server up and running on port 5000 !
2026-06-17 04:56:58 [32minfo[39m: 	Successfully connected to database mongodb://edgev3_app:edgev3_mongodb_pass@mongodb:27017/edgev3?authSource=admin
2026-06-17 04:56:58 [32minfo[39m: 	HTTP production server up and running on port 5000 !
2026-06-17 04:57:00 [32minfo[39m: 	Successfully connected to database mongodb://edgev3_app:edgev3_mongodb_pass@mongodb:27017/edgev3?authSource=admin
2026-06-17 04:57:00 [32minfo[39m: 	HTTP production server up and running on port 5000 !
2026-06-17 04:57:25 [32minfo[39m: 	Successfully connected to database mongodb://edgev3_app:edgev3_mongodb_pass@mongodb:27017/edgev3?authSource=admin
2026-06-17 04:57:25 [32minfo[39m: 	HTTP production server up and running on port 5000 !
2026-06-17 04:57:26 [32minfo[39m: 	Successfully connected to database mongodb://edgev3_app:edgev3_mongodb_pass@mongodb:27017/edgev3?authSource=admin
2026-06-17 04:57:26 [32minfo[39m: 	HTTP CRON server up and running on port 5555 !
2026-06-17 04:57:26 [32minfo[39m: 	Successfully connected to database mongodb://edgev3_app:edgev3_mongodb_pass@mongodb:27017/edgev3?authSource=admin
2026-06-17 04:57:26 [32minfo[39m: 	HTTP production server up and running on port 5000 !
2026-06-17 04:57:28 [32minfo[39m: 	Successfully connected to database mongodb://edgev3_app:edgev3_mongodb_pass@mongodb:27017/edgev3?authSource=admin
2026-06-17 04:57:28 [32minfo[39m: 	HTTP production server up and running on port 5000 !
2026-06-17 04:57:29 [32minfo[39m: 	Successfully connected to database mongodb://edgev3_app:edgev3_mongodb_pass@mongodb:27017/edgev3?authSource=admin
2026-06-17 04:57:29 [32minfo[39m: 	HTTP production server up and running on port 5000 !
2026-06-17 04:57:55 [32minfo[39m: 	Successfully connected to database mongodb://edgev3_app:edgev3_mongodb_pass@mongodb:27017/edgev3?authSource=admin
2026-06-17 04:57:55 [32minfo[39m: 	HTTP production server up and running on port 5000 !
2026-06-17 04:57:56 [32minfo[39m: 	Successfully connected to database mongodb://edgev3_app:edgev3_mongodb_pass@mongodb:27017/edgev3?authSource=admin
2026-06-17 04:57:56 [32minfo[39m: 	HTTP CRON server up and running on port 5555 !
2026-06-17 04:57:56 [32minfo[39m: 	Successfully connected to database mongodb://edgev3_app:edgev3_mongodb_pass@mongodb:27017/edgev3?authSource=admin
2026-06-17 04:57:56 [32minfo[39m: 	HTTP production server up and running on port 5000 !
2026-06-17 04:57:58 [32minfo[39m: 	Successfully connected to database mongodb://edgev3_app:edgev3_mongodb_pass@mongodb:27017/edgev3?authSource=admin
2026-06-17 04:57:58 [32minfo[39m: 	HTTP production server up and running on port 5000 !
2026-06-17 04:58:00 [32minfo[39m: 	Successfully connected to database mongodb://edgev3_app:edgev3_mongodb_pass@mongodb:27017/edgev3?authSource=admin
2026-06-17 04:58:00 [32minfo[39m: 	HTTP production server up and running on port 5000 !
2026-06-17 04:58:25 [32minfo[39m: 	Successfully connected to database mongodb://edgev3_app:edgev3_mongodb_pass@mongodb:27017/edgev3?authSource=admin
2026-06-17 04:58:25 [32minfo[39m: 	HTTP production server up and running on port 5000 !
2026-06-17 04:58:26 [32minfo[39m: 	Successfully connected to database mongodb://edgev3_app:edgev3_mongodb_pass@mongodb:27017/edgev3?authSource=admin
2026-06-17 04:58:26 [32minfo[39m: 	HTTP CRON server up and running on port 5555 !
2026-06-17 04:58:26 [32minfo[39m: 	Successfully connected to database mongodb://edgev3_app:edgev3_mongodb_pass@mongodb:27017/edgev3?authSource=admin
2026-06-17 04:58:26 [32minfo[39m: 	HTTP production server up and running on port 5000 !
2026-06-17 04:58:28 [32minfo[39m: 	Successfully connected to database mongodb://edgev3_app:edgev3_mongodb_pass@mongodb:27017/edgev3?authSource=admin
2026-06-17 04:58:28 [32minfo[39m: 	HTTP production server up and running on port 5000 !
2026-06-17 04:58:30 [32minfo[39m: 	Successfully connected to database mongodb://edgev3_app:edgev3_mongodb_pass@mongodb:27017/edgev3?authSource=admin
2026-06-17 04:58:30 [32minfo[39m: 	HTTP production server up and running on port 5000 !
2026-06-17 04:58:55 [32minfo[39m: 	Successfully connected to database mongodb://edgev3_app:edgev3_mongodb_pass@mongodb:27017/edgev3?authSource=admin
2026-06-17 04:58:55 [32minfo[39m: 	HTTP production server up and running on port 5000 !
2026-06-17 04:58:56 [32minfo[39m: 	Successfully connected to database mongodb://edgev3_app:edgev3_mongodb_pass@mongodb:27017/edgev3?authSource=admin
2026-06-17 04:58:56 [32minfo[39m: 	HTTP CRON server up and running on port 5555 !
2026-06-17 04:58:57 [32minfo[39m: 	Successfully connected to database mongodb://edgev3_app:edgev3_mongodb_pass@mongodb:27017/edgev3?authSource=admin
2026-06-17 04:58:57 [32minfo[39m: 	HTTP production server up and running on port 5000 !
2026-06-17 04:58:58 [32minfo[39m: 	Successfully connected to database mongodb://edgev3_app:edgev3_mongodb_pass@mongodb:27017/edgev3?authSource=admin
2026-06-17 04:58:58 [32minfo[39m: 	HTTP production server up and running on port 5000 !
2026-06-17 04:59:00 [32minfo[39m: 	Successfully connected to database mongodb://edgev3_app:edgev3_mongodb_pass@mongodb:27017/edgev3?authSource=admin
2026-06-17 04:59:00 [32minfo[39m: 	HTTP production server up and running on port 5000 !
2026-06-17 04:59:25 [32minfo[39m: 	Successfully connected to database mongodb://edgev3_app:edgev3_mongodb_pass@mongodb:27017/edgev3?authSource=admin
2026-06-17 04:59:25 [32minfo[39m: 	HTTP production server up and running on port 5000 !
2026-06-17 04:59:26 [32minfo[39m: 	Successfully connected to database mongodb://edgev3_app:edgev3_mongodb_pass@mongodb:27017/edgev3?authSource=admin
2026-06-17 04:59:26 [32minfo[39m: 	HTTP CRON server up and running on port 5555 !
2026-06-17 04:59:27 [32minfo[39m: 	Successfully connected to database mongodb://edgev3_app:edgev3_mongodb_pass@mongodb:27017/edgev3?authSource=admin
2026-06-17 04:59:27 [32minfo[39m: 	HTTP production server up and running on port 5000 !
2026-06-17 04:59:28 [32minfo[39m: 	Successfully connected to database mongodb://edgev3_app:edgev3_mongodb_pass@mongodb:27017/edgev3?authSource=admin
2026-06-17 04:59:28 [32minfo[39m: 	HTTP production server up and running on port 5000 !
2026-06-17 04:59:30 [32minfo[39m: 	Successfully connected to database mongodb://edgev3_app:edgev3_mongodb_pass@mongodb:27017/edgev3?authSource=admin
2026-06-17 04:59:30 [32minfo[39m: 	HTTP production server up and running on port 5000 !
2026-06-17 04:59:55 [32minfo[39m: 	Successfully connected to database mongodb://edgev3_app:edgev3_mongodb_pass@mongodb:27017/edgev3?authSource=admin
2026-06-17 04:59:55 [32minfo[39m: 	HTTP production server up and running on port 5000 !
2026-06-17 04:59:57 [32minfo[39m: 	Successfully connected to database mongodb://edgev3_app:edgev3_mongodb_pass@mongodb:27017/edgev3?authSource=admin
2026-06-17 04:59:57 [32minfo[39m: 	HTTP CRON server up and running on port 5555 !
2026-06-17 04:59:57 [32minfo[39m: 	Successfully connected to database mongodb://edgev3_app:edgev3_mongodb_pass@mongodb:27017/edgev3?authSource=admin
2026-06-17 04:59:57 [32minfo[39m: 	HTTP production server up and running on port 5000 !
2026-06-17 04:59:58 [32minfo[39m: 	Successfully connected to database mongodb://edgev3_app:edgev3_mongodb_pass@mongodb:27017/edgev3?authSource=admin
2026-06-17 04:59:58 [32minfo[39m: 	HTTP production server up and running on port 5000 !
2026-06-17 05:00:00 [32minfo[39m: 	Successfully connected to database mongodb://edgev3_app:edgev3_mongodb_pass@mongodb:27017/edgev3?authSource=admin
2026-06-17 05:00:00 [32minfo[39m: 	HTTP production server up and running on port 5000 !
2026-06-17 05:01:05 [32minfo[39m: 	Successfully connected to database mongodb://edgev3_app:edgev3_mongodb_pass@mongodb:27017/edgev3?authSource=admin
2026-06-17 05:01:05 [32minfo[39m: 	Successfully connected to database mongodb://edgev3_app:edgev3_mongodb_pass@mongodb:27017/edgev3?authSource=admin
2026-06-17 05:01:05 [32minfo[39m: 	HTTP production server up and running on port 5000 !
2026-06-17 05:01:05 [32minfo[39m: 	HTTP production server up and running on port 5000 !
2026-06-17 05:01:05 [32minfo[39m: 	Successfully connected to database mongodb://edgev3_app:edgev3_mongodb_pass@mongodb:27017/edgev3?authSource=admin
2026-06-17 05:01:05 [32minfo[39m: 	HTTP production server up and running on port 5000 !
2026-06-17 05:01:05 [32minfo[39m: 	Successfully connected to database mongodb://edgev3_app:edgev3_mongodb_pass@mongodb:27017/edgev3?authSource=admin
2026-06-17 05:01:05 [32minfo[39m: 	HTTP production server up and running on port 5000 !
2026-06-17 05:01:06 [32minfo[39m: 	Successfully connected to database mongodb://edgev3_app:edgev3_mongodb_pass@mongodb:27017/edgev3?authSource=admin
2026-06-17 05:01:06 [32minfo[39m: 	HTTP CRON server up and running on port 5555 !
2026-06-17 05:01:06 [32minfo[39m: 	Successfully connected to database mongodb://edgev3_app:edgev3_mongodb_pass@mongodb:27017/edgev3?authSource=admin
2026-06-17 05:01:06 [32minfo[39m: 	HTTP production server up and running on port 5000 !
2026-06-17 05:01:06 [32minfo[39m: 	Successfully connected to database mongodb://edgev3_app:edgev3_mongodb_pass@mongodb:27017/edgev3?authSource=admin
2026-06-17 05:01:06 [32minfo[39m: 	HTTP production server up and running on port 5000 !
2026-06-17 05:01:07 [32minfo[39m: 	Successfully connected to database mongodb://edgev3_app:edgev3_mongodb_pass@mongodb:27017/edgev3?authSource=admin
2026-06-17 05:01:07 [32minfo[39m: 	HTTP production server up and running on port 5000 !
2026-06-17 05:01:08 [32minfo[39m: 	Successfully connected to database mongodb://edgev3_app:edgev3_mongodb_pass@mongodb:27017/edgev3?authSource=admin
2026-06-17 05:01:08 [32minfo[39m: 	HTTP production server up and running on port 5000 !
2026-06-17 05:01:35 [32minfo[39m: 	Successfully connected to database mongodb://edgev3_app:edgev3_mongodb_pass@mongodb:27017/edgev3?authSource=admin
2026-06-17 05:01:35 [32minfo[39m: 	HTTP production server up and running on port 5000 !
2026-06-17 05:01:37 [32minfo[39m: 	Successfully connected to database mongodb://edgev3_app:edgev3_mongodb_pass@mongodb:27017/edgev3?authSource=admin
2026-06-17 05:01:37 [32minfo[39m: 	HTTP CRON server up and running on port 5555 !
2026-06-17 05:01:37 [32minfo[39m: 	Successfully connected to database mongodb://edgev3_app:edgev3_mongodb_pass@mongodb:27017/edgev3?authSource=admin
2026-06-17 05:01:37 [32minfo[39m: 	HTTP production server up and running on port 5000 !
2026-06-17 05:01:38 [32minfo[39m: 	Successfully connected to database mongodb://edgev3_app:edgev3_mongodb_pass@mongodb:27017/edgev3?authSource=admin
2026-06-17 05:01:38 [32minfo[39m: 	HTTP production server up and running on port 5000 !
2026-06-17 05:01:40 [32minfo[39m: 	Successfully connected to database mongodb://edgev3_app:edgev3_mongodb_pass@mongodb:27017/edgev3?authSource=admin
2026-06-17 05:01:40 [32minfo[39m: 	HTTP production server up and running on port 5000 !
2026-06-17 05:02:05 [32minfo[39m: 	Successfully connected to database mongodb://edgev3_app:edgev3_mongodb_pass@mongodb:27017/edgev3?authSource=admin
2026-06-17 05:02:05 [32minfo[39m: 	HTTP production server up and running on port 5000 !
2026-06-17 05:02:07 [32minfo[39m: 	Successfully connected to database mongodb://edgev3_app:edgev3_mongodb_pass@mongodb:27017/edgev3?authSource=admin
2026-06-17 05:02:07 [32minfo[39m: 	HTTP CRON server up and running on port 5555 !
2026-06-17 05:02:07 [32minfo[39m: 	Successfully connected to database mongodb://edgev3_app:edgev3_mongodb_pass@mongodb:27017/edgev3?authSource=admin
2026-06-17 05:02:07 [32minfo[39m: 	HTTP production server up and running on port 5000 !
2026-06-17 05:02:08 [32minfo[39m: 	Successfully connected to database mongodb://edgev3_app:edgev3_mongodb_pass@mongodb:27017/edgev3?authSource=admin
2026-06-17 05:02:08 [32minfo[39m: 	HTTP production server up and running on port 5000 !
2026-06-17 05:02:10 [32minfo[39m: 	Successfully connected to database mongodb://edgev3_app:edgev3_mongodb_pass@mongodb:27017/edgev3?authSource=admin
2026-06-17 05:02:10 [32minfo[39m: 	HTTP production server up and running on port 5000 !
2026-06-17 05:11:53 [32minfo[39m: 	Successfully connected to database mongodb://edgev3_app:edgev3_mongodb_pass@mongodb:27017/edgev3?authSource=admin
2026-06-17 05:11:53 [32minfo[39m: 	HTTP production server up and running on port 5000 !
2026-06-17 05:11:53 [32minfo[39m: 	Successfully connected to database mongodb://edgev3_app:edgev3_mongodb_pass@mongodb:27017/edgev3?authSource=admin
2026-06-17 05:11:53 [32minfo[39m: 	HTTP production server up and running on port 5000 !
2026-06-17 05:11:53 [32minfo[39m: 	Successfully connected to database mongodb://edgev3_app:edgev3_mongodb_pass@mongodb:27017/edgev3?authSource=admin
2026-06-17 05:11:53 [32minfo[39m: 	Successfully connected to database mongodb://edgev3_app:edgev3_mongodb_pass@mongodb:27017/edgev3?authSource=admin
2026-06-17 05:11:53 [32minfo[39m: 	HTTP production server up and running on port 5000 !
2026-06-17 05:11:53 [32minfo[39m: 	HTTP production server up and running on port 5000 !
2026-06-17 05:11:53 [32minfo[39m: 	Successfully connected to database mongodb://edgev3_app:edgev3_mongodb_pass@mongodb:27017/edgev3?authSource=admin
2026-06-17 05:11:53 [32minfo[39m: 	HTTP CRON server up and running on port 5555 !
2026-06-17 05:11:53 [32minfo[39m: 	Successfully connected to database mongodb://edgev3_app:edgev3_mongodb_pass@mongodb:27017/edgev3?authSource=admin
2026-06-17 05:11:53 [32minfo[39m: 	HTTP production server up and running on port 5000 !
2026-06-17 05:11:53 [32minfo[39m: 	Successfully connected to database mongodb://edgev3_app:edgev3_mongodb_pass@mongodb:27017/edgev3?authSource=admin
2026-06-17 05:11:53 [32minfo[39m: 	HTTP production server up and running on port 5000 !
2026-06-17 05:11:55 [32minfo[39m: 	Successfully connected to database mongodb://edgev3_app:edgev3_mongodb_pass@mongodb:27017/edgev3?authSource=admin
2026-06-17 05:11:55 [32minfo[39m: 	HTTP production server up and running on port 5000 !
2026-06-17 05:11:55 [32minfo[39m: 	Successfully connected to database mongodb://edgev3_app:edgev3_mongodb_pass@mongodb:27017/edgev3?authSource=admin
2026-06-17 05:11:55 [32minfo[39m: 	HTTP production server up and running on port 5000 !
2026-06-17 05:12:22 [32minfo[39m: 	Successfully connected to database mongodb://edgev3_app:edgev3_mongodb_pass@mongodb:27017/edgev3?authSource=admin
2026-06-17 05:12:22 [32minfo[39m: 	HTTP production server up and running on port 5000 !
2026-06-17 05:12:24 [32minfo[39m: 	Successfully connected to database mongodb://edgev3_app:edgev3_mongodb_pass@mongodb:27017/edgev3?authSource=admin
2026-06-17 05:12:24 [32minfo[39m: 	HTTP CRON server up and running on port 5555 !
2026-06-17 05:12:24 [32minfo[39m: 	Successfully connected to database mongodb://edgev3_app:edgev3_mongodb_pass@mongodb:27017/edgev3?authSource=admin
2026-06-17 05:12:24 [32minfo[39m: 	HTTP production server up and running on port 5000 !
2026-06-17 05:12:25 [32minfo[39m: 	Successfully connected to database mongodb://edgev3_app:edgev3_mongodb_pass@mongodb:27017/edgev3?authSource=admin
2026-06-17 05:12:25 [32minfo[39m: 	HTTP production server up and running on port 5000 !
2026-06-17 05:12:27 [32minfo[39m: 	Successfully connected to database mongodb://edgev3_app:edgev3_mongodb_pass@mongodb:27017/edgev3?authSource=admin
2026-06-17 05:12:27 [32minfo[39m: 	HTTP production server up and running on port 5000 !
2026-06-17 14:31:09 [32minfo[39m: 	Successfully connected to database mongodb://edgev3_app:edgev3_mongodb_pass@mongodb:27017/edgev3?authSource=admin
2026-06-17 14:31:09 [32minfo[39m: 	Successfully connected to database mongodb://edgev3_app:edgev3_mongodb_pass@mongodb:27017/edgev3?authSource=admin
2026-06-17 14:31:09 [32minfo[39m: 	HTTP production server up and running on port 5000 !
2026-06-17 14:31:09 [32minfo[39m: 	HTTP production server up and running on port 5000 !
2026-06-17 14:31:10 [32minfo[39m: 	Successfully connected to database mongodb://edgev3_app:edgev3_mongodb_pass@mongodb:27017/edgev3?authSource=admin
2026-06-17 14:31:10 [32minfo[39m: 	Successfully connected to database mongodb://edgev3_app:edgev3_mongodb_pass@mongodb:27017/edgev3?authSource=admin
2026-06-17 14:31:10 [32minfo[39m: 	HTTP production server up and running on port 5000 !
2026-06-17 14:31:10 [32minfo[39m: 	HTTP production server up and running on port 5000 !
2026-06-17 14:31:10 [32minfo[39m: 	Successfully connected to database mongodb://edgev3_app:edgev3_mongodb_pass@mongodb:27017/edgev3?authSource=admin
2026-06-17 14:31:10 [32minfo[39m: 	HTTP CRON server up and running on port 5555 !
2026-06-17 14:31:10 [32minfo[39m: 	Successfully connected to database mongodb://edgev3_app:edgev3_mongodb_pass@mongodb:27017/edgev3?authSource=admin
2026-06-17 14:31:10 [32minfo[39m: 	HTTP production server up and running on port 5000 !
2026-06-17 14:31:10 [32minfo[39m: 	Successfully connected to database mongodb://edgev3_app:edgev3_mongodb_pass@mongodb:27017/edgev3?authSource=admin
2026-06-17 14:31:10 [32minfo[39m: 	HTTP production server up and running on port 5000 !
2026-06-17 14:31:12 [32minfo[39m: 	Successfully connected to database mongodb://edgev3_app:edgev3_mongodb_pass@mongodb:27017/edgev3?authSource=admin
2026-06-17 14:31:12 [32minfo[39m: 	HTTP production server up and running on port 5000 !
2026-06-17 14:31:12 [32minfo[39m: 	Successfully connected to database mongodb://edgev3_app:edgev3_mongodb_pass@mongodb:27017/edgev3?authSource=admin
2026-06-17 14:31:12 [32minfo[39m: 	HTTP production server up and running on port 5000 !
2026-06-17 14:31:39 [32minfo[39m: 	Successfully connected to database mongodb://edgev3_app:edgev3_mongodb_pass@mongodb:27017/edgev3?authSource=admin
2026-06-17 14:31:39 [32minfo[39m: 	HTTP production server up and running on port 5000 !
2026-06-17 14:31:41 [32minfo[39m: 	Successfully connected to database mongodb://edgev3_app:edgev3_mongodb_pass@mongodb:27017/edgev3?authSource=admin
2026-06-17 14:31:41 [32minfo[39m: 	HTTP CRON server up and running on port 5555 !
2026-06-17 14:31:41 [32minfo[39m: 	Successfully connected to database mongodb://edgev3_app:edgev3_mongodb_pass@mongodb:27017/edgev3?authSource=admin
2026-06-17 14:31:41 [32minfo[39m: 	HTTP production server up and running on port 5000 !
2026-06-17 14:31:43 [32minfo[39m: 	Successfully connected to database mongodb://edgev3_app:edgev3_mongodb_pass@mongodb:27017/edgev3?authSource=admin
2026-06-17 14:31:43 [32minfo[39m: 	HTTP production server up and running on port 5000 !
2026-06-17 14:31:44 [32minfo[39m: 	Successfully connected to database mongodb://edgev3_app:edgev3_mongodb_pass@mongodb:27017/edgev3?authSource=admin
2026-06-17 14:31:44 [32minfo[39m: 	HTTP production server up and running on port 5000 !
2026-06-17 14:32:09 [32minfo[39m: 	Successfully connected to database mongodb://edgev3_app:edgev3_mongodb_pass@mongodb:27017/edgev3?authSource=admin
2026-06-17 14:32:09 [32minfo[39m: 	HTTP production server up and running on port 5000 !
2026-06-17 14:32:11 [32minfo[39m: 	Successfully connected to database mongodb://edgev3_app:edgev3_mongodb_pass@mongodb:27017/edgev3?authSource=admin
2026-06-17 14:32:11 [32minfo[39m: 	HTTP CRON server up and running on port 5555 !
2026-06-17 14:32:11 [32minfo[39m: 	Successfully connected to database mongodb://edgev3_app:edgev3_mongodb_pass@mongodb:27017/edgev3?authSource=admin
2026-06-17 14:32:11 [32minfo[39m: 	HTTP production server up and running on port 5000 !
2026-06-17 14:32:13 [32minfo[39m: 	Successfully connected to database mongodb://edgev3_app:edgev3_mongodb_pass@mongodb:27017/edgev3?authSource=admin
2026-06-17 14:32:13 [32minfo[39m: 	HTTP production server up and running on port 5000 !
2026-06-17 14:32:14 [32minfo[39m: 	Successfully connected to database mongodb://edgev3_app:edgev3_mongodb_pass@mongodb:27017/edgev3?authSource=admin
2026-06-17 14:32:14 [32minfo[39m: 	HTTP production server up and running on port 5000 !
2026-06-17 14:32:39 [32minfo[39m: 	Successfully connected to database mongodb://edgev3_app:edgev3_mongodb_pass@mongodb:27017/edgev3?authSource=admin
2026-06-17 14:32:39 [32minfo[39m: 	HTTP production server up and running on port 5000 !
2026-06-17 14:32:41 [32minfo[39m: 	Successfully connected to database mongodb://edgev3_app:edgev3_mongodb_pass@mongodb:27017/edgev3?authSource=admin
2026-06-17 14:32:41 [32minfo[39m: 	HTTP CRON server up and running on port 5555 !
2026-06-17 14:32:41 [32minfo[39m: 	Successfully connected to database mongodb://edgev3_app:edgev3_mongodb_pass@mongodb:27017/edgev3?authSource=admin
2026-06-17 14:32:41 [32minfo[39m: 	HTTP production server up and running on port 5000 !
2026-06-17 14:32:43 [32minfo[39m: 	Successfully connected to database mongodb://edgev3_app:edgev3_mongodb_pass@mongodb:27017/edgev3?authSource=admin
2026-06-17 14:32:43 [32minfo[39m: 	HTTP production server up and running on port 5000 !
2026-06-17 14:32:44 [32minfo[39m: 	Successfully connected to database mongodb://edgev3_app:edgev3_mongodb_pass@mongodb:27017/edgev3?authSource=admin
2026-06-17 14:32:44 [32minfo[39m: 	HTTP production server up and running on port 5000 !
2026-06-17 14:33:09 [32minfo[39m: 	Successfully connected to database mongodb://edgev3_app:edgev3_mongodb_pass@mongodb:27017/edgev3?authSource=admin
2026-06-17 14:33:09 [32minfo[39m: 	HTTP production server up and running on port 5000 !
2026-06-17 14:33:11 [32minfo[39m: 	Successfully connected to database mongodb://edgev3_app:edgev3_mongodb_pass@mongodb:27017/edgev3?authSource=admin
2026-06-17 14:33:11 [32minfo[39m: 	HTTP CRON server up and running on port 5555 !
2026-06-17 14:33:11 [32minfo[39m: 	Successfully connected to database mongodb://edgev3_app:edgev3_mongodb_pass@mongodb:27017/edgev3?authSource=admin
2026-06-17 14:33:11 [32minfo[39m: 	HTTP production server up and running on port 5000 !
2026-06-17 14:33:13 [32minfo[39m: 	Successfully connected to database mongodb://edgev3_app:edgev3_mongodb_pass@mongodb:27017/edgev3?authSource=admin
2026-06-17 14:33:13 [32minfo[39m: 	HTTP production server up and running on port 5000 !
2026-06-17 14:33:14 [32minfo[39m: 	Successfully connected to database mongodb://edgev3_app:edgev3_mongodb_pass@mongodb:27017/edgev3?authSource=admin
2026-06-17 14:33:14 [32minfo[39m: 	HTTP production server up and running on port 5000 !
2026-06-17 14:33:39 [32minfo[39m: 	Successfully connected to database mongodb://edgev3_app:edgev3_mongodb_pass@mongodb:27017/edgev3?authSource=admin
2026-06-17 14:33:39 [32minfo[39m: 	HTTP production server up and running on port 5000 !
2026-06-17 14:33:41 [32minfo[39m: 	Successfully connected to database mongodb://edgev3_app:edgev3_mongodb_pass@mongodb:27017/edgev3?authSource=admin
2026-06-17 14:33:41 [32minfo[39m: 	HTTP CRON server up and running on port 5555 !
2026-06-17 14:33:41 [32minfo[39m: 	Successfully connected to database mongodb://edgev3_app:edgev3_mongodb_pass@mongodb:27017/edgev3?authSource=admin
2026-06-17 14:33:41 [32minfo[39m: 	HTTP production server up and running on port 5000 !
2026-06-17 14:33:43 [32minfo[39m: 	Successfully connected to database mongodb://edgev3_app:edgev3_mongodb_pass@mongodb:27017/edgev3?authSource=admin
2026-06-17 14:33:43 [32minfo[39m: 	HTTP production server up and running on port 5000 !
2026-06-17 14:33:44 [32minfo[39m: 	Successfully connected to database mongodb://edgev3_app:edgev3_mongodb_pass@mongodb:27017/edgev3?authSource=admin
2026-06-17 14:33:44 [32minfo[39m: 	HTTP production server up and running on port 5000 !
2026-06-17 14:34:09 [32minfo[39m: 	Successfully connected to database mongodb://edgev3_app:edgev3_mongodb_pass@mongodb:27017/edgev3?authSource=admin
2026-06-17 14:34:09 [32minfo[39m: 	HTTP production server up and running on port 5000 !
2026-06-17 14:34:11 [32minfo[39m: 	Successfully connected to database mongodb://edgev3_app:edgev3_mongodb_pass@mongodb:27017/edgev3?authSource=admin
2026-06-17 14:34:11 [32minfo[39m: 	HTTP CRON server up and running on port 5555 !
2026-06-17 14:34:11 [32minfo[39m: 	Successfully connected to database mongodb://edgev3_app:edgev3_mongodb_pass@mongodb:27017/edgev3?authSource=admin
2026-06-17 14:34:11 [32minfo[39m: 	HTTP production server up and running on port 5000 !
2026-06-17 14:34:13 [32minfo[39m: 	Successfully connected to database mongodb://edgev3_app:edgev3_mongodb_pass@mongodb:27017/edgev3?authSource=admin
2026-06-17 14:34:13 [32minfo[39m: 	HTTP production server up and running on port 5000 !
2026-06-17 14:34:14 [32minfo[39m: 	Successfully connected to database mongodb://edgev3_app:edgev3_mongodb_pass@mongodb:27017/edgev3?authSource=admin
2026-06-17 14:34:14 [32minfo[39m: 	HTTP production server up and running on port 5000 !
2026-06-17 14:34:39 [32minfo[39m: 	Successfully connected to database mongodb://edgev3_app:edgev3_mongodb_pass@mongodb:27017/edgev3?authSource=admin
2026-06-17 14:34:40 [32minfo[39m: 	HTTP production server up and running on port 5000 !
2026-06-17 14:34:41 [32minfo[39m: 	Successfully connected to database mongodb://edgev3_app:edgev3_mongodb_pass@mongodb:27017/edgev3?authSource=admin
2026-06-17 14:34:41 [32minfo[39m: 	HTTP CRON server up and running on port 5555 !
2026-06-17 14:34:41 [32minfo[39m: 	Successfully connected to database mongodb://edgev3_app:edgev3_mongodb_pass@mongodb:27017/edgev3?authSource=admin
2026-06-17 14:34:41 [32minfo[39m: 	HTTP production server up and running on port 5000 !
2026-06-17 14:34:43 [32minfo[39m: 	Successfully connected to database mongodb://edgev3_app:edgev3_mongodb_pass@mongodb:27017/edgev3?authSource=admin
2026-06-17 14:34:43 [32minfo[39m: 	HTTP production server up and running on port 5000 !
2026-06-17 14:34:45 [32minfo[39m: 	Successfully connected to database mongodb://edgev3_app:edgev3_mongodb_pass@mongodb:27017/edgev3?authSource=admin
2026-06-17 14:34:45 [32minfo[39m: 	HTTP production server up and running on port 5000 !
2026-06-17 14:35:09 [32minfo[39m: 	Successfully connected to database mongodb://edgev3_app:edgev3_mongodb_pass@mongodb:27017/edgev3?authSource=admin
2026-06-17 14:35:09 [32minfo[39m: 	HTTP production server up and running on port 5000 !
2026-06-17 14:35:11 [32minfo[39m: 	Successfully connected to database mongodb://edgev3_app:edgev3_mongodb_pass@mongodb:27017/edgev3?authSource=admin
2026-06-17 14:35:11 [32minfo[39m: 	HTTP CRON server up and running on port 5555 !
2026-06-17 14:35:11 [32minfo[39m: 	Successfully connected to database mongodb://edgev3_app:edgev3_mongodb_pass@mongodb:27017/edgev3?authSource=admin
2026-06-17 14:35:11 [32minfo[39m: 	HTTP production server up and running on port 5000 !
2026-06-17 14:35:13 [32minfo[39m: 	Successfully connected to database mongodb://edgev3_app:edgev3_mongodb_pass@mongodb:27017/edgev3?authSource=admin
2026-06-17 14:35:13 [32minfo[39m: 	HTTP production server up and running on port 5000 !
2026-06-17 14:35:14 [32minfo[39m: 	Successfully connected to database mongodb://edgev3_app:edgev3_mongodb_pass@mongodb:27017/edgev3?authSource=admin
2026-06-17 14:35:14 [32minfo[39m: 	HTTP production server up and running on port 5000 !
2026-06-17 14:35:40 [32minfo[39m: 	Successfully connected to database mongodb://edgev3_app:edgev3_mongodb_pass@mongodb:27017/edgev3?authSource=admin
2026-06-17 14:35:40 [32minfo[39m: 	HTTP production server up and running on port 5000 !
2026-06-17 14:35:41 [32minfo[39m: 	Successfully connected to database mongodb://edgev3_app:edgev3_mongodb_pass@mongodb:27017/edgev3?authSource=admin
2026-06-17 14:35:41 [32minfo[39m: 	HTTP CRON server up and running on port 5555 !
2026-06-17 14:35:41 [32minfo[39m: 	Successfully connected to database mongodb://edgev3_app:edgev3_mongodb_pass@mongodb:27017/edgev3?authSource=admin
2026-06-17 14:35:41 [32minfo[39m: 	HTTP production server up and running on port 5000 !
2026-06-17 14:35:43 [32minfo[39m: 	Successfully connected to database mongodb://edgev3_app:edgev3_mongodb_pass@mongodb:27017/edgev3?authSource=admin
2026-06-17 14:35:43 [32minfo[39m: 	HTTP production server up and running on port 5000 !
2026-06-17 14:35:45 [32minfo[39m: 	Successfully connected to database mongodb://edgev3_app:edgev3_mongodb_pass@mongodb:27017/edgev3?authSource=admin
2026-06-17 14:35:45 [32minfo[39m: 	HTTP production server up and running on port 5000 !
2026-06-17 14:36:09 [32minfo[39m: 	Successfully connected to database mongodb://edgev3_app:edgev3_mongodb_pass@mongodb:27017/edgev3?authSource=admin
2026-06-17 14:36:09 [32minfo[39m: 	HTTP production server up and running on port 5000 !
2026-06-17 14:36:11 [32minfo[39m: 	Successfully connected to database mongodb://edgev3_app:edgev3_mongodb_pass@mongodb:27017/edgev3?authSource=admin
2026-06-17 14:36:11 [32minfo[39m: 	HTTP CRON server up and running on port 5555 !
2026-06-17 14:36:11 [32minfo[39m: 	Successfully connected to database mongodb://edgev3_app:edgev3_mongodb_pass@mongodb:27017/edgev3?authSource=admin
2026-06-17 14:36:11 [32minfo[39m: 	HTTP production server up and running on port 5000 !
2026-06-17 14:36:13 [32minfo[39m: 	Successfully connected to database mongodb://edgev3_app:edgev3_mongodb_pass@mongodb:27017/edgev3?authSource=admin
2026-06-17 14:36:13 [32minfo[39m: 	HTTP production server up and running on port 5000 !
2026-06-17 14:36:14 [32minfo[39m: 	Successfully connected to database mongodb://edgev3_app:edgev3_mongodb_pass@mongodb:27017/edgev3?authSource=admin
2026-06-17 14:36:14 [32minfo[39m: 	HTTP production server up and running on port 5000 !
2026-06-17 14:36:39 [32minfo[39m: 	Successfully connected to database mongodb://edgev3_app:edgev3_mongodb_pass@mongodb:27017/edgev3?authSource=admin
2026-06-17 14:36:39 [32minfo[39m: 	HTTP production server up and running on port 5000 !
2026-06-17 14:36:41 [32minfo[39m: 	Successfully connected to database mongodb://edgev3_app:edgev3_mongodb_pass@mongodb:27017/edgev3?authSource=admin
2026-06-17 14:36:41 [32minfo[39m: 	HTTP CRON server up and running on port 5555 !
2026-06-17 14:36:41 [32minfo[39m: 	Successfully connected to database mongodb://edgev3_app:edgev3_mongodb_pass@mongodb:27017/edgev3?authSource=admin
2026-06-17 14:36:41 [32minfo[39m: 	HTTP production server up and running on port 5000 !
2026-06-17 14:36:43 [32minfo[39m: 	Successfully connected to database mongodb://edgev3_app:edgev3_mongodb_pass@mongodb:27017/edgev3?authSource=admin
2026-06-17 14:36:43 [32minfo[39m: 	HTTP production server up and running on port 5000 !
2026-06-17 14:36:44 [32minfo[39m: 	Successfully connected to database mongodb://edgev3_app:edgev3_mongodb_pass@mongodb:27017/edgev3?authSource=admin
2026-06-17 14:36:44 [32minfo[39m: 	HTTP production server up and running on port 5000 !
2026-06-17 14:37:09 [32minfo[39m: 	Successfully connected to database mongodb://edgev3_app:edgev3_mongodb_pass@mongodb:27017/edgev3?authSource=admin
2026-06-17 14:37:09 [32minfo[39m: 	HTTP production server up and running on port 5000 !
2026-06-17 14:37:11 [32minfo[39m: 	Successfully connected to database mongodb://edgev3_app:edgev3_mongodb_pass@mongodb:27017/edgev3?authSource=admin
2026-06-17 14:37:11 [32minfo[39m: 	HTTP CRON server up and running on port 5555 !
2026-06-17 14:37:11 [32minfo[39m: 	Successfully connected to database mongodb://edgev3_app:edgev3_mongodb_pass@mongodb:27017/edgev3?authSource=admin
2026-06-17 14:37:11 [32minfo[39m: 	HTTP production server up and running on port 5000 !
2026-06-17 14:37:13 [32minfo[39m: 	Successfully connected to database mongodb://edgev3_app:edgev3_mongodb_pass@mongodb:27017/edgev3?authSource=admin
2026-06-17 14:37:13 [32minfo[39m: 	HTTP production server up and running on port 5000 !
2026-06-17 14:37:14 [32minfo[39m: 	Successfully connected to database mongodb://edgev3_app:edgev3_mongodb_pass@mongodb:27017/edgev3?authSource=admin
2026-06-17 14:37:14 [32minfo[39m: 	HTTP production server up and running on port 5000 !
2026-06-17 14:37:39 [32minfo[39m: 	Successfully connected to database mongodb://edgev3_app:edgev3_mongodb_pass@mongodb:27017/edgev3?authSource=admin
2026-06-17 14:37:39 [32minfo[39m: 	HTTP production server up and running on port 5000 !
2026-06-17 14:37:41 [32minfo[39m: 	Successfully connected to database mongodb://edgev3_app:edgev3_mongodb_pass@mongodb:27017/edgev3?authSource=admin
2026-06-17 14:37:41 [32minfo[39m: 	HTTP CRON server up and running on port 5555 !
2026-06-17 14:37:41 [32minfo[39m: 	Successfully connected to database mongodb://edgev3_app:edgev3_mongodb_pass@mongodb:27017/edgev3?authSource=admin
2026-06-17 14:37:41 [32minfo[39m: 	HTTP production server up and running on port 5000 !
2026-06-17 14:37:43 [32minfo[39m: 	Successfully connected to database mongodb://edgev3_app:edgev3_mongodb_pass@mongodb:27017/edgev3?authSource=admin
2026-06-17 14:37:43 [32minfo[39m: 	HTTP production server up and running on port 5000 !
2026-06-17 14:37:44 [32minfo[39m: 	Successfully connected to database mongodb://edgev3_app:edgev3_mongodb_pass@mongodb:27017/edgev3?authSource=admin
2026-06-17 14:37:44 [32minfo[39m: 	HTTP production server up and running on port 5000 !
2026-06-17 14:38:09 [32minfo[39m: 	Successfully connected to database mongodb://edgev3_app:edgev3_mongodb_pass@mongodb:27017/edgev3?authSource=admin
2026-06-17 14:38:09 [32minfo[39m: 	HTTP production server up and running on port 5000 !
2026-06-17 14:38:11 [32minfo[39m: 	Successfully connected to database mongodb://edgev3_app:edgev3_mongodb_pass@mongodb:27017/edgev3?authSource=admin
2026-06-17 14:38:11 [32minfo[39m: 	HTTP CRON server up and running on port 5555 !
2026-06-17 14:38:11 [32minfo[39m: 	Successfully connected to database mongodb://edgev3_app:edgev3_mongodb_pass@mongodb:27017/edgev3?authSource=admin
2026-06-17 14:38:11 [32minfo[39m: 	HTTP production server up and running on port 5000 !
2026-06-17 14:38:13 [32minfo[39m: 	Successfully connected to database mongodb://edgev3_app:edgev3_mongodb_pass@mongodb:27017/edgev3?authSource=admin
2026-06-17 14:38:13 [32minfo[39m: 	HTTP production server up and running on port 5000 !
2026-06-17 14:38:14 [32minfo[39m: 	Successfully connected to database mongodb://edgev3_app:edgev3_mongodb_pass@mongodb:27017/edgev3?authSource=admin
2026-06-17 14:38:14 [32minfo[39m: 	HTTP production server up and running on port 5000 !
2026-06-17 14:38:39 [32minfo[39m: 	Successfully connected to database mongodb://edgev3_app:edgev3_mongodb_pass@mongodb:27017/edgev3?authSource=admin
2026-06-17 14:38:39 [32minfo[39m: 	HTTP production server up and running on port 5000 !
2026-06-17 14:38:41 [32minfo[39m: 	Successfully connected to database mongodb://edgev3_app:edgev3_mongodb_pass@mongodb:27017/edgev3?authSource=admin
2026-06-17 14:38:41 [32minfo[39m: 	HTTP CRON server up and running on port 5555 !
2026-06-17 14:38:41 [32minfo[39m: 	Successfully connected to database mongodb://edgev3_app:edgev3_mongodb_pass@mongodb:27017/edgev3?authSource=admin
2026-06-17 14:38:41 [32minfo[39m: 	HTTP production server up and running on port 5000 !
2026-06-17 14:38:43 [32minfo[39m: 	Successfully connected to database mongodb://edgev3_app:edgev3_mongodb_pass@mongodb:27017/edgev3?authSource=admin
2026-06-17 14:38:43 [32minfo[39m: 	HTTP production server up and running on port 5000 !
2026-06-17 14:38:44 [32minfo[39m: 	Successfully connected to database mongodb://edgev3_app:edgev3_mongodb_pass@mongodb:27017/edgev3?authSource=admin
2026-06-17 14:38:44 [32minfo[39m: 	HTTP production server up and running on port 5000 !
2026-06-17 14:39:09 [32minfo[39m: 	Successfully connected to database mongodb://edgev3_app:edgev3_mongodb_pass@mongodb:27017/edgev3?authSource=admin
2026-06-17 14:39:09 [32minfo[39m: 	HTTP production server up and running on port 5000 !
2026-06-17 14:39:11 [32minfo[39m: 	Successfully connected to database mongodb://edgev3_app:edgev3_mongodb_pass@mongodb:27017/edgev3?authSource=admin
2026-06-17 14:39:11 [32minfo[39m: 	HTTP CRON server up and running on port 5555 !
2026-06-17 14:39:11 [32minfo[39m: 	Successfully connected to database mongodb://edgev3_app:edgev3_mongodb_pass@mongodb:27017/edgev3?authSource=admin
2026-06-17 14:39:11 [32minfo[39m: 	HTTP production server up and running on port 5000 !
2026-06-17 14:39:13 [32minfo[39m: 	Successfully connected to database mongodb://edgev3_app:edgev3_mongodb_pass@mongodb:27017/edgev3?authSource=admin
2026-06-17 14:39:13 [32minfo[39m: 	HTTP production server up and running on port 5000 !
2026-06-17 14:39:14 [32minfo[39m: 	Successfully connected to database mongodb://edgev3_app:edgev3_mongodb_pass@mongodb:27017/edgev3?authSource=admin
2026-06-17 14:39:14 [32minfo[39m: 	HTTP production server up and running on port 5000 !
2026-06-17 14:39:39 [32minfo[39m: 	Successfully connected to database mongodb://edgev3_app:edgev3_mongodb_pass@mongodb:27017/edgev3?authSource=admin
2026-06-17 14:39:39 [32minfo[39m: 	HTTP production server up and running on port 5000 !
2026-06-17 14:39:41 [32minfo[39m: 	Successfully connected to database mongodb://edgev3_app:edgev3_mongodb_pass@mongodb:27017/edgev3?authSource=admin
2026-06-17 14:39:41 [32minfo[39m: 	HTTP CRON server up and running on port 5555 !
2026-06-17 14:39:41 [32minfo[39m: 	Successfully connected to database mongodb://edgev3_app:edgev3_mongodb_pass@mongodb:27017/edgev3?authSource=admin
2026-06-17 14:39:41 [32minfo[39m: 	HTTP production server up and running on port 5000 !
2026-06-17 14:39:43 [32minfo[39m: 	Successfully connected to database mongodb://edgev3_app:edgev3_mongodb_pass@mongodb:27017/edgev3?authSource=admin
2026-06-17 14:39:43 [32minfo[39m: 	HTTP production server up and running on port 5000 !
2026-06-17 14:39:44 [32minfo[39m: 	Successfully connected to database mongodb://edgev3_app:edgev3_mongodb_pass@mongodb:27017/edgev3?authSource=admin
2026-06-17 14:39:44 [32minfo[39m: 	HTTP production server up and running on port 5000 !
2026-06-17 14:40:09 [32minfo[39m: 	Successfully connected to database mongodb://edgev3_app:edgev3_mongodb_pass@mongodb:27017/edgev3?authSource=admin
2026-06-17 14:40:09 [32minfo[39m: 	HTTP production server up and running on port 5000 !
2026-06-17 14:40:11 [32minfo[39m: 	Successfully connected to database mongodb://edgev3_app:edgev3_mongodb_pass@mongodb:27017/edgev3?authSource=admin
2026-06-17 14:40:11 [32minfo[39m: 	HTTP CRON server up and running on port 5555 !
2026-06-17 14:40:11 [32minfo[39m: 	Successfully connected to database mongodb://edgev3_app:edgev3_mongodb_pass@mongodb:27017/edgev3?authSource=admin
2026-06-17 14:40:11 [32minfo[39m: 	HTTP production server up and running on port 5000 !
2026-06-17 14:40:13 [32minfo[39m: 	Successfully connected to database mongodb://edgev3_app:edgev3_mongodb_pass@mongodb:27017/edgev3?authSource=admin
2026-06-17 14:40:13 [32minfo[39m: 	HTTP production server up and running on port 5000 !
2026-06-17 14:40:14 [32minfo[39m: 	Successfully connected to database mongodb://edgev3_app:edgev3_mongodb_pass@mongodb:27017/edgev3?authSource=admin
2026-06-17 14:40:14 [32minfo[39m: 	HTTP production server up and running on port 5000 !
2026-06-17 14:40:39 [32minfo[39m: 	Successfully connected to database mongodb://edgev3_app:edgev3_mongodb_pass@mongodb:27017/edgev3?authSource=admin
2026-06-17 14:40:39 [32minfo[39m: 	HTTP production server up and running on port 5000 !
2026-06-17 14:40:41 [32minfo[39m: 	Successfully connected to database mongodb://edgev3_app:edgev3_mongodb_pass@mongodb:27017/edgev3?authSource=admin
2026-06-17 14:40:41 [32minfo[39m: 	HTTP CRON server up and running on port 5555 !
2026-06-17 14:40:41 [32minfo[39m: 	Successfully connected to database mongodb://edgev3_app:edgev3_mongodb_pass@mongodb:27017/edgev3?authSource=admin
2026-06-17 14:40:41 [32minfo[39m: 	HTTP production server up and running on port 5000 !
2026-06-17 14:40:43 [32minfo[39m: 	Successfully connected to database mongodb://edgev3_app:edgev3_mongodb_pass@mongodb:27017/edgev3?authSource=admin
2026-06-17 14:40:43 [32minfo[39m: 	HTTP production server up and running on port 5000 !
2026-06-17 14:40:44 [32minfo[39m: 	Successfully connected to database mongodb://edgev3_app:edgev3_mongodb_pass@mongodb:27017/edgev3?authSource=admin
2026-06-17 14:40:44 [32minfo[39m: 	HTTP production server up and running on port 5000 !
2026-06-17 14:41:09 [32minfo[39m: 	Successfully connected to database mongodb://edgev3_app:edgev3_mongodb_pass@mongodb:27017/edgev3?authSource=admin
2026-06-17 14:41:09 [32minfo[39m: 	HTTP production server up and running on port 5000 !
2026-06-17 14:41:11 [32minfo[39m: 	Successfully connected to database mongodb://edgev3_app:edgev3_mongodb_pass@mongodb:27017/edgev3?authSource=admin
2026-06-17 14:41:11 [32minfo[39m: 	HTTP CRON server up and running on port 5555 !
2026-06-17 14:41:11 [32minfo[39m: 	Successfully connected to database mongodb://edgev3_app:edgev3_mongodb_pass@mongodb:27017/edgev3?authSource=admin
2026-06-17 14:41:11 [32minfo[39m: 	HTTP production server up and running on port 5000 !
2026-06-17 14:41:13 [32minfo[39m: 	Successfully connected to database mongodb://edgev3_app:edgev3_mongodb_pass@mongodb:27017/edgev3?authSource=admin
2026-06-17 14:41:13 [32minfo[39m: 	HTTP production server up and running on port 5000 !
2026-06-17 14:41:14 [32minfo[39m: 	Successfully connected to database mongodb://edgev3_app:edgev3_mongodb_pass@mongodb:27017/edgev3?authSource=admin
2026-06-17 14:41:14 [32minfo[39m: 	HTTP production server up and running on port 5000 !
2026-06-17 14:41:39 [32minfo[39m: 	Successfully connected to database mongodb://edgev3_app:edgev3_mongodb_pass@mongodb:27017/edgev3?authSource=admin
2026-06-17 14:41:39 [32minfo[39m: 	HTTP production server up and running on port 5000 !
2026-06-17 14:41:41 [32minfo[39m: 	Successfully connected to database mongodb://edgev3_app:edgev3_mongodb_pass@mongodb:27017/edgev3?authSource=admin
2026-06-17 14:41:41 [32minfo[39m: 	HTTP CRON server up and running on port 5555 !
2026-06-17 14:41:41 [32minfo[39m: 	Successfully connected to database mongodb://edgev3_app:edgev3_mongodb_pass@mongodb:27017/edgev3?authSource=admin
2026-06-17 14:41:41 [32minfo[39m: 	HTTP production server up and running on port 5000 !
2026-06-17 14:41:43 [32minfo[39m: 	Successfully connected to database mongodb://edgev3_app:edgev3_mongodb_pass@mongodb:27017/edgev3?authSource=admin
2026-06-17 14:41:43 [32minfo[39m: 	HTTP production server up and running on port 5000 !
2026-06-17 14:41:44 [32minfo[39m: 	Successfully connected to database mongodb://edgev3_app:edgev3_mongodb_pass@mongodb:27017/edgev3?authSource=admin
2026-06-17 14:41:44 [32minfo[39m: 	HTTP production server up and running on port 5000 !
2026-06-17 14:42:09 [32minfo[39m: 	Successfully connected to database mongodb://edgev3_app:edgev3_mongodb_pass@mongodb:27017/edgev3?authSource=admin
2026-06-17 14:42:09 [32minfo[39m: 	HTTP production server up and running on port 5000 !
2026-06-17 14:42:11 [32minfo[39m: 	Successfully connected to database mongodb://edgev3_app:edgev3_mongodb_pass@mongodb:27017/edgev3?authSource=admin
2026-06-17 14:42:11 [32minfo[39m: 	HTTP CRON server up and running on port 5555 !
2026-06-17 14:42:11 [32minfo[39m: 	Successfully connected to database mongodb://edgev3_app:edgev3_mongodb_pass@mongodb:27017/edgev3?authSource=admin
2026-06-17 14:42:11 [32minfo[39m: 	HTTP production server up and running on port 5000 !
2026-06-17 14:42:13 [32minfo[39m: 	Successfully connected to database mongodb://edgev3_app:edgev3_mongodb_pass@mongodb:27017/edgev3?authSource=admin
2026-06-17 14:42:13 [32minfo[39m: 	HTTP production server up and running on port 5000 !
2026-06-17 14:42:14 [32minfo[39m: 	Successfully connected to database mongodb://edgev3_app:edgev3_mongodb_pass@mongodb:27017/edgev3?authSource=admin
2026-06-17 14:42:14 [32minfo[39m: 	HTTP production server up and running on port 5000 !
2026-06-17 14:42:39 [32minfo[39m: 	Successfully connected to database mongodb://edgev3_app:edgev3_mongodb_pass@mongodb:27017/edgev3?authSource=admin
2026-06-17 14:42:39 [32minfo[39m: 	HTTP production server up and running on port 5000 !
2026-06-17 14:42:41 [32minfo[39m: 	Successfully connected to database mongodb://edgev3_app:edgev3_mongodb_pass@mongodb:27017/edgev3?authSource=admin
2026-06-17 14:42:41 [32minfo[39m: 	HTTP CRON server up and running on port 5555 !
2026-06-17 14:42:41 [32minfo[39m: 	Successfully connected to database mongodb://edgev3_app:edgev3_mongodb_pass@mongodb:27017/edgev3?authSource=admin
2026-06-17 14:42:41 [32minfo[39m: 	HTTP production server up and running on port 5000 !
2026-06-17 14:42:43 [32minfo[39m: 	Successfully connected to database mongodb://edgev3_app:edgev3_mongodb_pass@mongodb:27017/edgev3?authSource=admin
2026-06-17 14:42:43 [32minfo[39m: 	HTTP production server up and running on port 5000 !
2026-06-17 14:42:44 [32minfo[39m: 	Successfully connected to database mongodb://edgev3_app:edgev3_mongodb_pass@mongodb:27017/edgev3?authSource=admin
2026-06-17 14:42:44 [32minfo[39m: 	HTTP production server up and running on port 5000 !
2026-06-17 14:43:09 [32minfo[39m: 	Successfully connected to database mongodb://edgev3_app:edgev3_mongodb_pass@mongodb:27017/edgev3?authSource=admin
2026-06-17 14:43:09 [32minfo[39m: 	HTTP production server up and running on port 5000 !
2026-06-17 14:43:11 [32minfo[39m: 	Successfully connected to database mongodb://edgev3_app:edgev3_mongodb_pass@mongodb:27017/edgev3?authSource=admin
2026-06-17 14:43:11 [32minfo[39m: 	HTTP CRON server up and running on port 5555 !
2026-06-17 14:43:11 [32minfo[39m: 	Successfully connected to database mongodb://edgev3_app:edgev3_mongodb_pass@mongodb:27017/edgev3?authSource=admin
2026-06-17 14:43:11 [32minfo[39m: 	HTTP production server up and running on port 5000 !
2026-06-17 14:43:13 [32minfo[39m: 	Successfully connected to database mongodb://edgev3_app:edgev3_mongodb_pass@mongodb:27017/edgev3?authSource=admin
2026-06-17 14:43:13 [32minfo[39m: 	HTTP production server up and running on port 5000 !
2026-06-17 14:43:14 [32minfo[39m: 	Successfully connected to database mongodb://edgev3_app:edgev3_mongodb_pass@mongodb:27017/edgev3?authSource=admin
2026-06-17 14:43:14 [32minfo[39m: 	HTTP production server up and running on port 5000 !
2026-06-17 14:43:39 [32minfo[39m: 	Successfully connected to database mongodb://edgev3_app:edgev3_mongodb_pass@mongodb:27017/edgev3?authSource=admin
2026-06-17 14:43:39 [32minfo[39m: 	HTTP production server up and running on port 5000 !
2026-06-17 14:43:41 [32minfo[39m: 	Successfully connected to database mongodb://edgev3_app:edgev3_mongodb_pass@mongodb:27017/edgev3?authSource=admin
2026-06-17 14:43:41 [32minfo[39m: 	HTTP CRON server up and running on port 5555 !
2026-06-17 14:43:41 [32minfo[39m: 	Successfully connected to database mongodb://edgev3_app:edgev3_mongodb_pass@mongodb:27017/edgev3?authSource=admin
2026-06-17 14:43:41 [32minfo[39m: 	HTTP production server up and running on port 5000 !
2026-06-17 14:43:43 [32minfo[39m: 	Successfully connected to database mongodb://edgev3_app:edgev3_mongodb_pass@mongodb:27017/edgev3?authSource=admin
2026-06-17 14:43:43 [32minfo[39m: 	HTTP production server up and running on port 5000 !
2026-06-17 14:43:44 [32minfo[39m: 	Successfully connected to database mongodb://edgev3_app:edgev3_mongodb_pass@mongodb:27017/edgev3?authSource=admin
2026-06-17 14:43:44 [32minfo[39m: 	HTTP production server up and running on port 5000 !
2026-06-17 14:44:09 [32minfo[39m: 	Successfully connected to database mongodb://edgev3_app:edgev3_mongodb_pass@mongodb:27017/edgev3?authSource=admin
2026-06-17 14:44:09 [32minfo[39m: 	HTTP production server up and running on port 5000 !
2026-06-17 14:44:11 [32minfo[39m: 	Successfully connected to database mongodb://edgev3_app:edgev3_mongodb_pass@mongodb:27017/edgev3?authSource=admin
2026-06-17 14:44:11 [32minfo[39m: 	HTTP CRON server up and running on port 5555 !
2026-06-17 14:44:11 [32minfo[39m: 	Successfully connected to database mongodb://edgev3_app:edgev3_mongodb_pass@mongodb:27017/edgev3?authSource=admin
2026-06-17 14:44:11 [32minfo[39m: 	HTTP production server up and running on port 5000 !
2026-06-17 14:44:13 [32minfo[39m: 	Successfully connected to database mongodb://edgev3_app:edgev3_mongodb_pass@mongodb:27017/edgev3?authSource=admin
2026-06-17 14:44:13 [32minfo[39m: 	HTTP production server up and running on port 5000 !
2026-06-17 14:44:14 [32minfo[39m: 	Successfully connected to database mongodb://edgev3_app:edgev3_mongodb_pass@mongodb:27017/edgev3?authSource=admin
2026-06-17 14:44:14 [32minfo[39m: 	HTTP production server up and running on port 5000 !
2026-06-17 14:44:39 [32minfo[39m: 	Successfully connected to database mongodb://edgev3_app:edgev3_mongodb_pass@mongodb:27017/edgev3?authSource=admin
2026-06-17 14:44:39 [32minfo[39m: 	HTTP production server up and running on port 5000 !
2026-06-17 14:44:41 [32minfo[39m: 	Successfully connected to database mongodb://edgev3_app:edgev3_mongodb_pass@mongodb:27017/edgev3?authSource=admin
2026-06-17 14:44:41 [32minfo[39m: 	HTTP CRON server up and running on port 5555 !
2026-06-17 14:44:41 [32minfo[39m: 	Successfully connected to database mongodb://edgev3_app:edgev3_mongodb_pass@mongodb:27017/edgev3?authSource=admin
2026-06-17 14:44:41 [32minfo[39m: 	HTTP production server up and running on port 5000 !
2026-06-17 14:44:43 [32minfo[39m: 	Successfully connected to database mongodb://edgev3_app:edgev3_mongodb_pass@mongodb:27017/edgev3?authSource=admin
2026-06-17 14:44:43 [32minfo[39m: 	HTTP production server up and running on port 5000 !
2026-06-17 14:44:44 [32minfo[39m: 	Successfully connected to database mongodb://edgev3_app:edgev3_mongodb_pass@mongodb:27017/edgev3?authSource=admin
2026-06-17 14:44:44 [32minfo[39m: 	HTTP production server up and running on port 5000 !
2026-06-17 14:45:10 [32minfo[39m: 	Successfully connected to database mongodb://edgev3_app:edgev3_mongodb_pass@mongodb:27017/edgev3?authSource=admin
2026-06-17 14:45:10 [32minfo[39m: 	HTTP production server up and running on port 5000 !
2026-06-17 14:45:11 [32minfo[39m: 	Successfully connected to database mongodb://edgev3_app:edgev3_mongodb_pass@mongodb:27017/edgev3?authSource=admin
2026-06-17 14:45:11 [32minfo[39m: 	HTTP CRON server up and running on port 5555 !
2026-06-17 14:45:11 [32minfo[39m: 	Successfully connected to database mongodb://edgev3_app:edgev3_mongodb_pass@mongodb:27017/edgev3?authSource=admin
2026-06-17 14:45:11 [32minfo[39m: 	HTTP production server up and running on port 5000 !
2026-06-17 14:45:13 [32minfo[39m: 	Successfully connected to database mongodb://edgev3_app:edgev3_mongodb_pass@mongodb:27017/edgev3?authSource=admin
2026-06-17 14:45:13 [32minfo[39m: 	HTTP production server up and running on port 5000 !
2026-06-17 14:45:14 [32minfo[39m: 	Successfully connected to database mongodb://edgev3_app:edgev3_mongodb_pass@mongodb:27017/edgev3?authSource=admin
2026-06-17 14:45:14 [32minfo[39m: 	HTTP production server up and running on port 5000 !
2026-06-17 14:45:39 [32minfo[39m: 	Successfully connected to database mongodb://edgev3_app:edgev3_mongodb_pass@mongodb:27017/edgev3?authSource=admin
2026-06-17 14:45:39 [32minfo[39m: 	HTTP production server up and running on port 5000 !
2026-06-17 14:45:41 [32minfo[39m: 	Successfully connected to database mongodb://edgev3_app:edgev3_mongodb_pass@mongodb:27017/edgev3?authSource=admin
2026-06-17 14:45:41 [32minfo[39m: 	HTTP CRON server up and running on port 5555 !
2026-06-17 14:45:41 [32minfo[39m: 	Successfully connected to database mongodb://edgev3_app:edgev3_mongodb_pass@mongodb:27017/edgev3?authSource=admin
2026-06-17 14:45:41 [32minfo[39m: 	HTTP production server up and running on port 5000 !
2026-06-17 14:45:43 [32minfo[39m: 	Successfully connected to database mongodb://edgev3_app:edgev3_mongodb_pass@mongodb:27017/edgev3?authSource=admin
2026-06-17 14:45:43 [32minfo[39m: 	HTTP production server up and running on port 5000 !
2026-06-17 14:45:44 [32minfo[39m: 	Successfully connected to database mongodb://edgev3_app:edgev3_mongodb_pass@mongodb:27017/edgev3?authSource=admin
2026-06-17 14:45:44 [32minfo[39m: 	HTTP production server up and running on port 5000 !
2026-06-17 14:46:09 [32minfo[39m: 	Successfully connected to database mongodb://edgev3_app:edgev3_mongodb_pass@mongodb:27017/edgev3?authSource=admin
2026-06-17 14:46:09 [32minfo[39m: 	HTTP production server up and running on port 5000 !
2026-06-17 14:46:11 [32minfo[39m: 	Successfully connected to database mongodb://edgev3_app:edgev3_mongodb_pass@mongodb:27017/edgev3?authSource=admin
2026-06-17 14:46:11 [32minfo[39m: 	HTTP CRON server up and running on port 5555 !
2026-06-17 14:46:11 [32minfo[39m: 	Successfully connected to database mongodb://edgev3_app:edgev3_mongodb_pass@mongodb:27017/edgev3?authSource=admin
2026-06-17 14:46:11 [32minfo[39m: 	HTTP production server up and running on port 5000 !
2026-06-17 14:46:13 [32minfo[39m: 	Successfully connected to database mongodb://edgev3_app:edgev3_mongodb_pass@mongodb:27017/edgev3?authSource=admin
2026-06-17 14:46:13 [32minfo[39m: 	HTTP production server up and running on port 5000 !
2026-06-17 14:46:14 [32minfo[39m: 	Successfully connected to database mongodb://edgev3_app:edgev3_mongodb_pass@mongodb:27017/edgev3?authSource=admin
2026-06-17 14:46:14 [32minfo[39m: 	HTTP production server up and running on port 5000 !
2026-06-17 14:46:39 [32minfo[39m: 	Successfully connected to database mongodb://edgev3_app:edgev3_mongodb_pass@mongodb:27017/edgev3?authSource=admin
2026-06-17 14:46:39 [32minfo[39m: 	HTTP production server up and running on port 5000 !
2026-06-17 14:46:41 [32minfo[39m: 	Successfully connected to database mongodb://edgev3_app:edgev3_mongodb_pass@mongodb:27017/edgev3?authSource=admin
2026-06-17 14:46:41 [32minfo[39m: 	HTTP CRON server up and running on port 5555 !
2026-06-17 14:46:41 [32minfo[39m: 	Successfully connected to database mongodb://edgev3_app:edgev3_mongodb_pass@mongodb:27017/edgev3?authSource=admin
2026-06-17 14:46:41 [32minfo[39m: 	HTTP production server up and running on port 5000 !
2026-06-17 14:46:43 [32minfo[39m: 	Successfully connected to database mongodb://edgev3_app:edgev3_mongodb_pass@mongodb:27017/edgev3?authSource=admin
2026-06-17 14:46:43 [32minfo[39m: 	HTTP production server up and running on port 5000 !
2026-06-17 14:46:44 [32minfo[39m: 	Successfully connected to database mongodb://edgev3_app:edgev3_mongodb_pass@mongodb:27017/edgev3?authSource=admin
2026-06-17 14:46:44 [32minfo[39m: 	HTTP production server up and running on port 5000 !
2026-06-17 14:47:10 [32minfo[39m: 	Successfully connected to database mongodb://edgev3_app:edgev3_mongodb_pass@mongodb:27017/edgev3?authSource=admin
2026-06-17 14:47:10 [32minfo[39m: 	HTTP production server up and running on port 5000 !
2026-06-17 14:47:11 [32minfo[39m: 	Successfully connected to database mongodb://edgev3_app:edgev3_mongodb_pass@mongodb:27017/edgev3?authSource=admin
2026-06-17 14:47:11 [32minfo[39m: 	HTTP CRON server up and running on port 5555 !
2026-06-17 14:47:11 [32minfo[39m: 	Successfully connected to database mongodb://edgev3_app:edgev3_mongodb_pass@mongodb:27017/edgev3?authSource=admin
2026-06-17 14:47:11 [32minfo[39m: 	HTTP production server up and running on port 5000 !
2026-06-17 14:47:13 [32minfo[39m: 	Successfully connected to database mongodb://edgev3_app:edgev3_mongodb_pass@mongodb:27017/edgev3?authSource=admin
2026-06-17 14:47:13 [32minfo[39m: 	HTTP production server up and running on port 5000 !
2026-06-17 14:47:14 [32minfo[39m: 	Successfully connected to database mongodb://edgev3_app:edgev3_mongodb_pass@mongodb:27017/edgev3?authSource=admin
2026-06-17 14:47:14 [32minfo[39m: 	HTTP production server up and running on port 5000 !
2026-06-17 14:47:39 [32minfo[39m: 	Successfully connected to database mongodb://edgev3_app:edgev3_mongodb_pass@mongodb:27017/edgev3?authSource=admin
2026-06-17 14:47:39 [32minfo[39m: 	HTTP production server up and running on port 5000 !
2026-06-17 14:47:41 [32minfo[39m: 	Successfully connected to database mongodb://edgev3_app:edgev3_mongodb_pass@mongodb:27017/edgev3?authSource=admin
2026-06-17 14:47:41 [32minfo[39m: 	HTTP CRON server up and running on port 5555 !
2026-06-17 14:47:41 [32minfo[39m: 	Successfully connected to database mongodb://edgev3_app:edgev3_mongodb_pass@mongodb:27017/edgev3?authSource=admin
2026-06-17 14:47:41 [32minfo[39m: 	HTTP production server up and running on port 5000 !
2026-06-17 14:47:43 [32minfo[39m: 	Successfully connected to database mongodb://edgev3_app:edgev3_mongodb_pass@mongodb:27017/edgev3?authSource=admin
2026-06-17 14:47:43 [32minfo[39m: 	HTTP production server up and running on port 5000 !
2026-06-17 14:47:44 [32minfo[39m: 	Successfully connected to database mongodb://edgev3_app:edgev3_mongodb_pass@mongodb:27017/edgev3?authSource=admin
2026-06-17 14:47:44 [32minfo[39m: 	HTTP production server up and running on port 5000 !
2026-06-17 14:48:10 [32minfo[39m: 	Successfully connected to database mongodb://edgev3_app:edgev3_mongodb_pass@mongodb:27017/edgev3?authSource=admin
2026-06-17 14:48:10 [32minfo[39m: 	HTTP production server up and running on port 5000 !
2026-06-17 14:48:11 [32minfo[39m: 	Successfully connected to database mongodb://edgev3_app:edgev3_mongodb_pass@mongodb:27017/edgev3?authSource=admin
2026-06-17 14:48:11 [32minfo[39m: 	HTTP CRON server up and running on port 5555 !
2026-06-17 14:48:11 [32minfo[39m: 	Successfully connected to database mongodb://edgev3_app:edgev3_mongodb_pass@mongodb:27017/edgev3?authSource=admin
2026-06-17 14:48:11 [32minfo[39m: 	HTTP production server up and running on port 5000 !
2026-06-17 14:48:13 [32minfo[39m: 	Successfully connected to database mongodb://edgev3_app:edgev3_mongodb_pass@mongodb:27017/edgev3?authSource=admin
2026-06-17 14:48:13 [32minfo[39m: 	HTTP production server up and running on port 5000 !
2026-06-17 14:48:15 [32minfo[39m: 	Successfully connected to database mongodb://edgev3_app:edgev3_mongodb_pass@mongodb:27017/edgev3?authSource=admin
2026-06-17 14:48:15 [32minfo[39m: 	HTTP production server up and running on port 5000 !
2026-06-17 14:48:40 [32minfo[39m: 	Successfully connected to database mongodb://edgev3_app:edgev3_mongodb_pass@mongodb:27017/edgev3?authSource=admin
2026-06-17 14:48:40 [32minfo[39m: 	HTTP production server up and running on port 5000 !
2026-06-17 14:48:41 [32minfo[39m: 	Successfully connected to database mongodb://edgev3_app:edgev3_mongodb_pass@mongodb:27017/edgev3?authSource=admin
2026-06-17 14:48:41 [32minfo[39m: 	HTTP CRON server up and running on port 5555 !
2026-06-17 14:48:41 [32minfo[39m: 	Successfully connected to database mongodb://edgev3_app:edgev3_mongodb_pass@mongodb:27017/edgev3?authSource=admin
2026-06-17 14:48:41 [32minfo[39m: 	HTTP production server up and running on port 5000 !
2026-06-17 14:48:43 [32minfo[39m: 	Successfully connected to database mongodb://edgev3_app:edgev3_mongodb_pass@mongodb:27017/edgev3?authSource=admin
2026-06-17 14:48:43 [32minfo[39m: 	HTTP production server up and running on port 5000 !
2026-06-17 14:48:44 [32minfo[39m: 	Successfully connected to database mongodb://edgev3_app:edgev3_mongodb_pass@mongodb:27017/edgev3?authSource=admin
2026-06-17 14:48:44 [32minfo[39m: 	HTTP production server up and running on port 5000 !
2026-06-17 14:49:09 [32minfo[39m: 	Successfully connected to database mongodb://edgev3_app:edgev3_mongodb_pass@mongodb:27017/edgev3?authSource=admin
2026-06-17 14:49:09 [32minfo[39m: 	HTTP production server up and running on port 5000 !
2026-06-17 14:49:11 [32minfo[39m: 	Successfully connected to database mongodb://edgev3_app:edgev3_mongodb_pass@mongodb:27017/edgev3?authSource=admin
2026-06-17 14:49:11 [32minfo[39m: 	HTTP CRON server up and running on port 5555 !
2026-06-17 14:49:11 [32minfo[39m: 	Successfully connected to database mongodb://edgev3_app:edgev3_mongodb_pass@mongodb:27017/edgev3?authSource=admin
2026-06-17 14:49:11 [32minfo[39m: 	HTTP production server up and running on port 5000 !
2026-06-17 14:49:13 [32minfo[39m: 	Successfully connected to database mongodb://edgev3_app:edgev3_mongodb_pass@mongodb:27017/edgev3?authSource=admin
2026-06-17 14:49:13 [32minfo[39m: 	HTTP production server up and running on port 5000 !
2026-06-17 14:49:14 [32minfo[39m: 	Successfully connected to database mongodb://edgev3_app:edgev3_mongodb_pass@mongodb:27017/edgev3?authSource=admin
2026-06-17 14:49:14 [32minfo[39m: 	HTTP production server up and running on port 5000 !
2026-06-17 14:49:40 [32minfo[39m: 	Successfully connected to database mongodb://edgev3_app:edgev3_mongodb_pass@mongodb:27017/edgev3?authSource=admin
2026-06-17 14:49:40 [32minfo[39m: 	HTTP production server up and running on port 5000 !
2026-06-17 14:49:41 [32minfo[39m: 	Successfully connected to database mongodb://edgev3_app:edgev3_mongodb_pass@mongodb:27017/edgev3?authSource=admin
2026-06-17 14:49:41 [32minfo[39m: 	HTTP CRON server up and running on port 5555 !
2026-06-17 14:49:41 [32minfo[39m: 	Successfully connected to database mongodb://edgev3_app:edgev3_mongodb_pass@mongodb:27017/edgev3?authSource=admin
2026-06-17 14:49:41 [32minfo[39m: 	HTTP production server up and running on port 5000 !
2026-06-17 14:49:43 [32minfo[39m: 	Successfully connected to database mongodb://edgev3_app:edgev3_mongodb_pass@mongodb:27017/edgev3?authSource=admin
2026-06-17 14:49:43 [32minfo[39m: 	HTTP production server up and running on port 5000 !
2026-06-17 14:49:44 [32minfo[39m: 	Successfully connected to database mongodb://edgev3_app:edgev3_mongodb_pass@mongodb:27017/edgev3?authSource=admin
2026-06-17 14:49:44 [32minfo[39m: 	HTTP production server up and running on port 5000 !
2026-06-17 14:50:09 [32minfo[39m: 	Successfully connected to database mongodb://edgev3_app:edgev3_mongodb_pass@mongodb:27017/edgev3?authSource=admin
2026-06-17 14:50:09 [32minfo[39m: 	HTTP production server up and running on port 5000 !
2026-06-17 14:50:11 [32minfo[39m: 	Successfully connected to database mongodb://edgev3_app:edgev3_mongodb_pass@mongodb:27017/edgev3?authSource=admin
2026-06-17 14:50:11 [32minfo[39m: 	HTTP CRON server up and running on port 5555 !
2026-06-17 14:50:11 [32minfo[39m: 	Successfully connected to database mongodb://edgev3_app:edgev3_mongodb_pass@mongodb:27017/edgev3?authSource=admin
2026-06-17 14:50:11 [32minfo[39m: 	HTTP production server up and running on port 5000 !
2026-06-17 14:50:13 [32minfo[39m: 	Successfully connected to database mongodb://edgev3_app:edgev3_mongodb_pass@mongodb:27017/edgev3?authSource=admin
2026-06-17 14:50:13 [32minfo[39m: 	HTTP production server up and running on port 5000 !
2026-06-17 14:50:14 [32minfo[39m: 	Successfully connected to database mongodb://edgev3_app:edgev3_mongodb_pass@mongodb:27017/edgev3?authSource=admin
2026-06-17 14:50:14 [32minfo[39m: 	HTTP production server up and running on port 5000 !
2026-06-17 14:50:39 [32minfo[39m: 	Successfully connected to database mongodb://edgev3_app:edgev3_mongodb_pass@mongodb:27017/edgev3?authSource=admin
2026-06-17 14:50:40 [32minfo[39m: 	HTTP production server up and running on port 5000 !
2026-06-17 14:50:41 [32minfo[39m: 	Successfully connected to database mongodb://edgev3_app:edgev3_mongodb_pass@mongodb:27017/edgev3?authSource=admin
2026-06-17 14:50:41 [32minfo[39m: 	HTTP CRON server up and running on port 5555 !
2026-06-17 14:50:41 [32minfo[39m: 	Successfully connected to database mongodb://edgev3_app:edgev3_mongodb_pass@mongodb:27017/edgev3?authSource=admin
2026-06-17 14:50:41 [32minfo[39m: 	HTTP production server up and running on port 5000 !
2026-06-17 14:50:43 [32minfo[39m: 	Successfully connected to database mongodb://edgev3_app:edgev3_mongodb_pass@mongodb:27017/edgev3?authSource=admin
2026-06-17 14:50:43 [32minfo[39m: 	HTTP production server up and running on port 5000 !
2026-06-17 14:50:44 [32minfo[39m: 	Successfully connected to database mongodb://edgev3_app:edgev3_mongodb_pass@mongodb:27017/edgev3?authSource=admin
2026-06-17 14:50:44 [32minfo[39m: 	HTTP production server up and running on port 5000 !
2026-06-17 14:51:10 [32minfo[39m: 	Successfully connected to database mongodb://edgev3_app:edgev3_mongodb_pass@mongodb:27017/edgev3?authSource=admin
2026-06-17 14:51:10 [32minfo[39m: 	HTTP production server up and running on port 5000 !
2026-06-17 14:51:11 [32minfo[39m: 	Successfully connected to database mongodb://edgev3_app:edgev3_mongodb_pass@mongodb:27017/edgev3?authSource=admin
2026-06-17 14:51:11 [32minfo[39m: 	HTTP CRON server up and running on port 5555 !
2026-06-17 14:51:12 [32minfo[39m: 	Successfully connected to database mongodb://edgev3_app:edgev3_mongodb_pass@mongodb:27017/edgev3?authSource=admin
2026-06-17 14:51:12 [32minfo[39m: 	HTTP production server up and running on port 5000 !
2026-06-17 14:51:13 [32minfo[39m: 	Successfully connected to database mongodb://edgev3_app:edgev3_mongodb_pass@mongodb:27017/edgev3?authSource=admin
2026-06-17 14:51:13 [32minfo[39m: 	HTTP production server up and running on port 5000 !
2026-06-17 14:51:15 [32minfo[39m: 	Successfully connected to database mongodb://edgev3_app:edgev3_mongodb_pass@mongodb:27017/edgev3?authSource=admin
2026-06-17 14:51:15 [32minfo[39m: 	HTTP production server up and running on port 5000 !
2026-06-17 14:51:39 [32minfo[39m: 	Successfully connected to database mongodb://edgev3_app:edgev3_mongodb_pass@mongodb:27017/edgev3?authSource=admin
2026-06-17 14:51:40 [32minfo[39m: 	HTTP production server up and running on port 5000 !
2026-06-17 14:51:41 [32minfo[39m: 	Successfully connected to database mongodb://edgev3_app:edgev3_mongodb_pass@mongodb:27017/edgev3?authSource=admin
2026-06-17 14:51:41 [32minfo[39m: 	HTTP CRON server up and running on port 5555 !
2026-06-17 14:51:41 [32minfo[39m: 	Successfully connected to database mongodb://edgev3_app:edgev3_mongodb_pass@mongodb:27017/edgev3?authSource=admin
2026-06-17 14:51:41 [32minfo[39m: 	HTTP production server up and running on port 5000 !
2026-06-17 14:51:43 [32minfo[39m: 	Successfully connected to database mongodb://edgev3_app:edgev3_mongodb_pass@mongodb:27017/edgev3?authSource=admin
2026-06-17 14:51:43 [32minfo[39m: 	HTTP production server up and running on port 5000 !
2026-06-17 14:51:44 [32minfo[39m: 	Successfully connected to database mongodb://edgev3_app:edgev3_mongodb_pass@mongodb:27017/edgev3?authSource=admin
2026-06-17 14:51:44 [32minfo[39m: 	HTTP production server up and running on port 5000 !
2026-06-17 14:52:09 [32minfo[39m: 	Successfully connected to database mongodb://edgev3_app:edgev3_mongodb_pass@mongodb:27017/edgev3?authSource=admin
2026-06-17 14:52:10 [32minfo[39m: 	HTTP production server up and running on port 5000 !
2026-06-17 14:52:11 [32minfo[39m: 	Successfully connected to database mongodb://edgev3_app:edgev3_mongodb_pass@mongodb:27017/edgev3?authSource=admin
2026-06-17 14:52:11 [32minfo[39m: 	HTTP CRON server up and running on port 5555 !
2026-06-17 14:52:11 [32minfo[39m: 	Successfully connected to database mongodb://edgev3_app:edgev3_mongodb_pass@mongodb:27017/edgev3?authSource=admin
2026-06-17 14:52:11 [32minfo[39m: 	HTTP production server up and running on port 5000 !
2026-06-17 14:52:13 [32minfo[39m: 	Successfully connected to database mongodb://edgev3_app:edgev3_mongodb_pass@mongodb:27017/edgev3?authSource=admin
2026-06-17 14:52:13 [32minfo[39m: 	HTTP production server up and running on port 5000 !
2026-06-17 14:52:14 [32minfo[39m: 	Successfully connected to database mongodb://edgev3_app:edgev3_mongodb_pass@mongodb:27017/edgev3?authSource=admin
2026-06-17 14:52:14 [32minfo[39m: 	HTTP production server up and running on port 5000 !
2026-06-17 14:52:39 [32minfo[39m: 	Successfully connected to database mongodb://edgev3_app:edgev3_mongodb_pass@mongodb:27017/edgev3?authSource=admin
2026-06-17 14:52:40 [32minfo[39m: 	HTTP production server up and running on port 5000 !
2026-06-17 14:52:41 [32minfo[39m: 	Successfully connected to database mongodb://edgev3_app:edgev3_mongodb_pass@mongodb:27017/edgev3?authSource=admin
2026-06-17 14:52:41 [32minfo[39m: 	HTTP CRON server up and running on port 5555 !
2026-06-17 14:52:41 [32minfo[39m: 	Successfully connected to database mongodb://edgev3_app:edgev3_mongodb_pass@mongodb:27017/edgev3?authSource=admin
2026-06-17 14:52:41 [32minfo[39m: 	HTTP production server up and running on port 5000 !
2026-06-17 14:52:43 [32minfo[39m: 	Successfully connected to database mongodb://edgev3_app:edgev3_mongodb_pass@mongodb:27017/edgev3?authSource=admin
2026-06-17 14:52:43 [32minfo[39m: 	HTTP production server up and running on port 5000 !
2026-06-17 14:52:44 [32minfo[39m: 	Successfully connected to database mongodb://edgev3_app:edgev3_mongodb_pass@mongodb:27017/edgev3?authSource=admin
2026-06-17 14:52:44 [32minfo[39m: 	HTTP production server up and running on port 5000 !
2026-06-17 14:53:09 [32minfo[39m: 	Successfully connected to database mongodb://edgev3_app:edgev3_mongodb_pass@mongodb:27017/edgev3?authSource=admin
2026-06-17 14:53:09 [32minfo[39m: 	HTTP production server up and running on port 5000 !
2026-06-17 14:53:11 [32minfo[39m: 	Successfully connected to database mongodb://edgev3_app:edgev3_mongodb_pass@mongodb:27017/edgev3?authSource=admin
2026-06-17 14:53:11 [32minfo[39m: 	HTTP CRON server up and running on port 5555 !
2026-06-17 14:53:11 [32minfo[39m: 	Successfully connected to database mongodb://edgev3_app:edgev3_mongodb_pass@mongodb:27017/edgev3?authSource=admin
2026-06-17 14:53:11 [32minfo[39m: 	HTTP production server up and running on port 5000 !
2026-06-17 14:53:13 [32minfo[39m: 	Successfully connected to database mongodb://edgev3_app:edgev3_mongodb_pass@mongodb:27017/edgev3?authSource=admin
2026-06-17 14:53:13 [32minfo[39m: 	HTTP production server up and running on port 5000 !
2026-06-17 14:53:14 [32minfo[39m: 	Successfully connected to database mongodb://edgev3_app:edgev3_mongodb_pass@mongodb:27017/edgev3?authSource=admin
2026-06-17 14:53:14 [32minfo[39m: 	HTTP production server up and running on port 5000 !
2026-06-17 14:53:40 [32minfo[39m: 	Successfully connected to database mongodb://edgev3_app:edgev3_mongodb_pass@mongodb:27017/edgev3?authSource=admin
2026-06-17 14:53:40 [32minfo[39m: 	HTTP production server up and running on port 5000 !
2026-06-17 14:53:41 [32minfo[39m: 	Successfully connected to database mongodb://edgev3_app:edgev3_mongodb_pass@mongodb:27017/edgev3?authSource=admin
2026-06-17 14:53:41 [32minfo[39m: 	HTTP CRON server up and running on port 5555 !
2026-06-17 14:53:41 [32minfo[39m: 	Successfully connected to database mongodb://edgev3_app:edgev3_mongodb_pass@mongodb:27017/edgev3?authSource=admin
2026-06-17 14:53:41 [32minfo[39m: 	HTTP production server up and running on port 5000 !
2026-06-17 14:53:43 [32minfo[39m: 	Successfully connected to database mongodb://edgev3_app:edgev3_mongodb_pass@mongodb:27017/edgev3?authSource=admin
2026-06-17 14:53:43 [32minfo[39m: 	HTTP production server up and running on port 5000 !
2026-06-17 14:53:44 [32minfo[39m: 	Successfully connected to database mongodb://edgev3_app:edgev3_mongodb_pass@mongodb:27017/edgev3?authSource=admin
2026-06-17 14:53:44 [32minfo[39m: 	HTTP production server up and running on port 5000 !
2026-06-17 14:54:10 [32minfo[39m: 	Successfully connected to database mongodb://edgev3_app:edgev3_mongodb_pass@mongodb:27017/edgev3?authSource=admin
2026-06-17 14:54:10 [32minfo[39m: 	HTTP production server up and running on port 5000 !
2026-06-17 14:54:11 [32minfo[39m: 	Successfully connected to database mongodb://edgev3_app:edgev3_mongodb_pass@mongodb:27017/edgev3?authSource=admin
2026-06-17 14:54:11 [32minfo[39m: 	HTTP CRON server up and running on port 5555 !
2026-06-17 14:54:11 [32minfo[39m: 	Successfully connected to database mongodb://edgev3_app:edgev3_mongodb_pass@mongodb:27017/edgev3?authSource=admin
2026-06-17 14:54:11 [32minfo[39m: 	HTTP production server up and running on port 5000 !
2026-06-17 14:54:13 [32minfo[39m: 	Successfully connected to database mongodb://edgev3_app:edgev3_mongodb_pass@mongodb:27017/edgev3?authSource=admin
2026-06-17 14:54:13 [32minfo[39m: 	HTTP production server up and running on port 5000 !
2026-06-17 14:54:14 [32minfo[39m: 	Successfully connected to database mongodb://edgev3_app:edgev3_mongodb_pass@mongodb:27017/edgev3?authSource=admin
2026-06-17 14:54:14 [32minfo[39m: 	HTTP production server up and running on port 5000 !
2026-06-17 14:54:40 [32minfo[39m: 	Successfully connected to database mongodb://edgev3_app:edgev3_mongodb_pass@mongodb:27017/edgev3?authSource=admin
2026-06-17 14:54:40 [32minfo[39m: 	HTTP production server up and running on port 5000 !
2026-06-17 14:54:41 [32minfo[39m: 	Successfully connected to database mongodb://edgev3_app:edgev3_mongodb_pass@mongodb:27017/edgev3?authSource=admin
2026-06-17 14:54:41 [32minfo[39m: 	HTTP CRON server up and running on port 5555 !
2026-06-17 14:54:41 [32minfo[39m: 	Successfully connected to database mongodb://edgev3_app:edgev3_mongodb_pass@mongodb:27017/edgev3?authSource=admin
2026-06-17 14:54:41 [32minfo[39m: 	HTTP production server up and running on port 5000 !
2026-06-17 14:54:43 [32minfo[39m: 	Successfully connected to database mongodb://edgev3_app:edgev3_mongodb_pass@mongodb:27017/edgev3?authSource=admin
2026-06-17 14:54:43 [32minfo[39m: 	HTTP production server up and running on port 5000 !
2026-06-17 14:54:44 [32minfo[39m: 	Successfully connected to database mongodb://edgev3_app:edgev3_mongodb_pass@mongodb:27017/edgev3?authSource=admin
2026-06-17 14:54:44 [32minfo[39m: 	HTTP production server up and running on port 5000 !
2026-06-17 14:55:10 [32minfo[39m: 	Successfully connected to database mongodb://edgev3_app:edgev3_mongodb_pass@mongodb:27017/edgev3?authSource=admin
2026-06-17 14:55:10 [32minfo[39m: 	HTTP production server up and running on port 5000 !
2026-06-17 14:55:11 [32minfo[39m: 	Successfully connected to database mongodb://edgev3_app:edgev3_mongodb_pass@mongodb:27017/edgev3?authSource=admin
2026-06-17 14:55:11 [32minfo[39m: 	HTTP CRON server up and running on port 5555 !
2026-06-17 14:55:11 [32minfo[39m: 	Successfully connected to database mongodb://edgev3_app:edgev3_mongodb_pass@mongodb:27017/edgev3?authSource=admin
2026-06-17 14:55:11 [32minfo[39m: 	HTTP production server up and running on port 5000 !
2026-06-17 14:55:13 [32minfo[39m: 	Successfully connected to database mongodb://edgev3_app:edgev3_mongodb_pass@mongodb:27017/edgev3?authSource=admin
2026-06-17 14:55:13 [32minfo[39m: 	HTTP production server up and running on port 5000 !
2026-06-17 14:55:14 [32minfo[39m: 	Successfully connected to database mongodb://edgev3_app:edgev3_mongodb_pass@mongodb:27017/edgev3?authSource=admin
2026-06-17 14:55:14 [32minfo[39m: 	HTTP production server up and running on port 5000 !
2026-06-17 14:55:40 [32minfo[39m: 	Successfully connected to database mongodb://edgev3_app:edgev3_mongodb_pass@mongodb:27017/edgev3?authSource=admin
2026-06-17 14:55:40 [32minfo[39m: 	HTTP production server up and running on port 5000 !
2026-06-17 14:55:41 [32minfo[39m: 	Successfully connected to database mongodb://edgev3_app:edgev3_mongodb_pass@mongodb:27017/edgev3?authSource=admin
2026-06-17 14:55:41 [32minfo[39m: 	HTTP CRON server up and running on port 5555 !
2026-06-17 14:55:41 [32minfo[39m: 	Successfully connected to database mongodb://edgev3_app:edgev3_mongodb_pass@mongodb:27017/edgev3?authSource=admin
2026-06-17 14:55:41 [32minfo[39m: 	HTTP production server up and running on port 5000 !
2026-06-17 14:55:43 [32minfo[39m: 	Successfully connected to database mongodb://edgev3_app:edgev3_mongodb_pass@mongodb:27017/edgev3?authSource=admin
2026-06-17 14:55:43 [32minfo[39m: 	HTTP production server up and running on port 5000 !
2026-06-17 14:55:44 [32minfo[39m: 	Successfully connected to database mongodb://edgev3_app:edgev3_mongodb_pass@mongodb:27017/edgev3?authSource=admin
2026-06-17 14:55:44 [32minfo[39m: 	HTTP production server up and running on port 5000 !
2026-06-17 14:56:10 [32minfo[39m: 	Successfully connected to database mongodb://edgev3_app:edgev3_mongodb_pass@mongodb:27017/edgev3?authSource=admin
2026-06-17 14:56:10 [32minfo[39m: 	HTTP production server up and running on port 5000 !
2026-06-17 14:56:11 [32minfo[39m: 	Successfully connected to database mongodb://edgev3_app:edgev3_mongodb_pass@mongodb:27017/edgev3?authSource=admin
2026-06-17 14:56:11 [32minfo[39m: 	HTTP CRON server up and running on port 5555 !
2026-06-17 14:56:11 [32minfo[39m: 	Successfully connected to database mongodb://edgev3_app:edgev3_mongodb_pass@mongodb:27017/edgev3?authSource=admin
2026-06-17 14:56:11 [32minfo[39m: 	HTTP production server up and running on port 5000 !
2026-06-17 14:56:13 [32minfo[39m: 	Successfully connected to database mongodb://edgev3_app:edgev3_mongodb_pass@mongodb:27017/edgev3?authSource=admin
2026-06-17 14:56:13 [32minfo[39m: 	HTTP production server up and running on port 5000 !
2026-06-17 14:56:14 [32minfo[39m: 	Successfully connected to database mongodb://edgev3_app:edgev3_mongodb_pass@mongodb:27017/edgev3?authSource=admin
2026-06-17 14:56:14 [32minfo[39m: 	HTTP production server up and running on port 5000 !
2026-06-17 14:56:40 [32minfo[39m: 	Successfully connected to database mongodb://edgev3_app:edgev3_mongodb_pass@mongodb:27017/edgev3?authSource=admin
2026-06-17 14:56:40 [32minfo[39m: 	HTTP production server up and running on port 5000 !
2026-06-17 14:56:41 [32minfo[39m: 	Successfully connected to database mongodb://edgev3_app:edgev3_mongodb_pass@mongodb:27017/edgev3?authSource=admin
2026-06-17 14:56:41 [32minfo[39m: 	HTTP CRON server up and running on port 5555 !
2026-06-17 14:56:41 [32minfo[39m: 	Successfully connected to database mongodb://edgev3_app:edgev3_mongodb_pass@mongodb:27017/edgev3?authSource=admin
2026-06-17 14:56:41 [32minfo[39m: 	HTTP production server up and running on port 5000 !
2026-06-17 14:56:43 [32minfo[39m: 	Successfully connected to database mongodb://edgev3_app:edgev3_mongodb_pass@mongodb:27017/edgev3?authSource=admin
2026-06-17 14:56:43 [32minfo[39m: 	HTTP production server up and running on port 5000 !
2026-06-17 14:56:44 [32minfo[39m: 	Successfully connected to database mongodb://edgev3_app:edgev3_mongodb_pass@mongodb:27017/edgev3?authSource=admin
2026-06-17 14:56:44 [32minfo[39m: 	HTTP production server up and running on port 5000 !
2026-06-17 14:57:10 [32minfo[39m: 	Successfully connected to database mongodb://edgev3_app:edgev3_mongodb_pass@mongodb:27017/edgev3?authSource=admin
2026-06-17 14:57:10 [32minfo[39m: 	HTTP production server up and running on port 5000 !
2026-06-17 14:57:11 [32minfo[39m: 	Successfully connected to database mongodb://edgev3_app:edgev3_mongodb_pass@mongodb:27017/edgev3?authSource=admin
2026-06-17 14:57:11 [32minfo[39m: 	HTTP CRON server up and running on port 5555 !
2026-06-17 14:57:11 [32minfo[39m: 	Successfully connected to database mongodb://edgev3_app:edgev3_mongodb_pass@mongodb:27017/edgev3?authSource=admin
2026-06-17 14:57:11 [32minfo[39m: 	HTTP production server up and running on port 5000 !
2026-06-17 14:57:13 [32minfo[39m: 	Successfully connected to database mongodb://edgev3_app:edgev3_mongodb_pass@mongodb:27017/edgev3?authSource=admin
2026-06-17 14:57:13 [32minfo[39m: 	HTTP production server up and running on port 5000 !
2026-06-17 14:57:15 [32minfo[39m: 	Successfully connected to database mongodb://edgev3_app:edgev3_mongodb_pass@mongodb:27017/edgev3?authSource=admin
2026-06-17 14:57:15 [32minfo[39m: 	HTTP production server up and running on port 5000 !
2026-06-17 14:57:40 [32minfo[39m: 	Successfully connected to database mongodb://edgev3_app:edgev3_mongodb_pass@mongodb:27017/edgev3?authSource=admin
2026-06-17 14:57:40 [32minfo[39m: 	HTTP production server up and running on port 5000 !
2026-06-17 14:57:41 [32minfo[39m: 	Successfully connected to database mongodb://edgev3_app:edgev3_mongodb_pass@mongodb:27017/edgev3?authSource=admin
2026-06-17 14:57:41 [32minfo[39m: 	HTTP CRON server up and running on port 5555 !
2026-06-17 14:57:41 [32minfo[39m: 	Successfully connected to database mongodb://edgev3_app:edgev3_mongodb_pass@mongodb:27017/edgev3?authSource=admin
2026-06-17 14:57:41 [32minfo[39m: 	HTTP production server up and running on port 5000 !
2026-06-17 14:57:43 [32minfo[39m: 	Successfully connected to database mongodb://edgev3_app:edgev3_mongodb_pass@mongodb:27017/edgev3?authSource=admin
2026-06-17 14:57:43 [32minfo[39m: 	HTTP production server up and running on port 5000 !
2026-06-17 14:57:44 [32minfo[39m: 	Successfully connected to database mongodb://edgev3_app:edgev3_mongodb_pass@mongodb:27017/edgev3?authSource=admin
2026-06-17 14:57:44 [32minfo[39m: 	HTTP production server up and running on port 5000 !
2026-06-17 14:58:10 [32minfo[39m: 	Successfully connected to database mongodb://edgev3_app:edgev3_mongodb_pass@mongodb:27017/edgev3?authSource=admin
2026-06-17 14:58:10 [32minfo[39m: 	HTTP production server up and running on port 5000 !
2026-06-17 14:58:11 [32minfo[39m: 	Successfully connected to database mongodb://edgev3_app:edgev3_mongodb_pass@mongodb:27017/edgev3?authSource=admin
2026-06-17 14:58:11 [32minfo[39m: 	HTTP CRON server up and running on port 5555 !
2026-06-17 14:58:11 [32minfo[39m: 	Successfully connected to database mongodb://edgev3_app:edgev3_mongodb_pass@mongodb:27017/edgev3?authSource=admin
2026-06-17 14:58:11 [32minfo[39m: 	HTTP production server up and running on port 5000 !
2026-06-17 14:58:13 [32minfo[39m: 	Successfully connected to database mongodb://edgev3_app:edgev3_mongodb_pass@mongodb:27017/edgev3?authSource=admin
2026-06-17 14:58:13 [32minfo[39m: 	HTTP production server up and running on port 5000 !
2026-06-17 14:58:14 [32minfo[39m: 	Successfully connected to database mongodb://edgev3_app:edgev3_mongodb_pass@mongodb:27017/edgev3?authSource=admin
2026-06-17 14:58:14 [32minfo[39m: 	HTTP production server up and running on port 5000 !
2026-06-17 14:58:40 [32minfo[39m: 	Successfully connected to database mongodb://edgev3_app:edgev3_mongodb_pass@mongodb:27017/edgev3?authSource=admin
2026-06-17 14:58:40 [32minfo[39m: 	HTTP production server up and running on port 5000 !
2026-06-17 14:58:41 [32minfo[39m: 	Successfully connected to database mongodb://edgev3_app:edgev3_mongodb_pass@mongodb:27017/edgev3?authSource=admin
2026-06-17 14:58:41 [32minfo[39m: 	HTTP CRON server up and running on port 5555 !
2026-06-17 14:58:41 [32minfo[39m: 	Successfully connected to database mongodb://edgev3_app:edgev3_mongodb_pass@mongodb:27017/edgev3?authSource=admin
2026-06-17 14:58:41 [32minfo[39m: 	HTTP production server up and running on port 5000 !
2026-06-17 14:58:43 [32minfo[39m: 	Successfully connected to database mongodb://edgev3_app:edgev3_mongodb_pass@mongodb:27017/edgev3?authSource=admin
2026-06-17 14:58:43 [32minfo[39m: 	HTTP production server up and running on port 5000 !
2026-06-17 14:58:44 [32minfo[39m: 	Successfully connected to database mongodb://edgev3_app:edgev3_mongodb_pass@mongodb:27017/edgev3?authSource=admin
2026-06-17 14:58:44 [32minfo[39m: 	HTTP production server up and running on port 5000 !
2026-06-17 14:59:10 [32minfo[39m: 	Successfully connected to database mongodb://edgev3_app:edgev3_mongodb_pass@mongodb:27017/edgev3?authSource=admin
2026-06-17 14:59:10 [32minfo[39m: 	HTTP production server up and running on port 5000 !
2026-06-17 14:59:11 [32minfo[39m: 	Successfully connected to database mongodb://edgev3_app:edgev3_mongodb_pass@mongodb:27017/edgev3?authSource=admin
2026-06-17 14:59:11 [32minfo[39m: 	HTTP CRON server up and running on port 5555 !
2026-06-17 14:59:11 [32minfo[39m: 	Successfully connected to database mongodb://edgev3_app:edgev3_mongodb_pass@mongodb:27017/edgev3?authSource=admin
2026-06-17 14:59:11 [32minfo[39m: 	HTTP production server up and running on port 5000 !
2026-06-17 14:59:13 [32minfo[39m: 	Successfully connected to database mongodb://edgev3_app:edgev3_mongodb_pass@mongodb:27017/edgev3?authSource=admin
2026-06-17 14:59:13 [32minfo[39m: 	HTTP production server up and running on port 5000 !
2026-06-17 14:59:14 [32minfo[39m: 	Successfully connected to database mongodb://edgev3_app:edgev3_mongodb_pass@mongodb:27017/edgev3?authSource=admin
2026-06-17 14:59:14 [32minfo[39m: 	HTTP production server up and running on port 5000 !
2026-06-17 14:59:40 [32minfo[39m: 	Successfully connected to database mongodb://edgev3_app:edgev3_mongodb_pass@mongodb:27017/edgev3?authSource=admin
2026-06-17 14:59:40 [32minfo[39m: 	HTTP production server up and running on port 5000 !
2026-06-17 14:59:41 [32minfo[39m: 	Successfully connected to database mongodb://edgev3_app:edgev3_mongodb_pass@mongodb:27017/edgev3?authSource=admin
2026-06-17 14:59:41 [32minfo[39m: 	HTTP CRON server up and running on port 5555 !
2026-06-17 14:59:41 [32minfo[39m: 	Successfully connected to database mongodb://edgev3_app:edgev3_mongodb_pass@mongodb:27017/edgev3?authSource=admin
2026-06-17 14:59:41 [32minfo[39m: 	HTTP production server up and running on port 5000 !
2026-06-17 14:59:43 [32minfo[39m: 	Successfully connected to database mongodb://edgev3_app:edgev3_mongodb_pass@mongodb:27017/edgev3?authSource=admin
2026-06-17 14:59:43 [32minfo[39m: 	HTTP production server up and running on port 5000 !
2026-06-17 14:59:45 [32minfo[39m: 	Successfully connected to database mongodb://edgev3_app:edgev3_mongodb_pass@mongodb:27017/edgev3?authSource=admin
2026-06-17 14:59:45 [32minfo[39m: 	HTTP production server up and running on port 5000 !
2026-06-17 15:00:10 [32minfo[39m: 	Successfully connected to database mongodb://edgev3_app:edgev3_mongodb_pass@mongodb:27017/edgev3?authSource=admin
2026-06-17 15:00:10 [32minfo[39m: 	HTTP production server up and running on port 5000 !
2026-06-17 15:00:11 [32minfo[39m: 	Successfully connected to database mongodb://edgev3_app:edgev3_mongodb_pass@mongodb:27017/edgev3?authSource=admin
2026-06-17 15:00:11 [32minfo[39m: 	HTTP CRON server up and running on port 5555 !
2026-06-17 15:00:11 [32minfo[39m: 	Successfully connected to database mongodb://edgev3_app:edgev3_mongodb_pass@mongodb:27017/edgev3?authSource=admin
2026-06-17 15:00:11 [32minfo[39m: 	HTTP production server up and running on port 5000 !
2026-06-17 15:00:13 [32minfo[39m: 	Successfully connected to database mongodb://edgev3_app:edgev3_mongodb_pass@mongodb:27017/edgev3?authSource=admin
2026-06-17 15:00:13 [32minfo[39m: 	HTTP production server up and running on port 5000 !
2026-06-17 15:00:14 [32minfo[39m: 	Successfully connected to database mongodb://edgev3_app:edgev3_mongodb_pass@mongodb:27017/edgev3?authSource=admin
2026-06-17 15:00:14 [32minfo[39m: 	HTTP production server up and running on port 5000 !
2026-06-17 15:00:40 [32minfo[39m: 	Successfully connected to database mongodb://edgev3_app:edgev3_mongodb_pass@mongodb:27017/edgev3?authSource=admin
2026-06-17 15:00:40 [32minfo[39m: 	HTTP production server up and running on port 5000 !
2026-06-17 15:00:41 [32minfo[39m: 	Successfully connected to database mongodb://edgev3_app:edgev3_mongodb_pass@mongodb:27017/edgev3?authSource=admin
2026-06-17 15:00:41 [32minfo[39m: 	HTTP CRON server up and running on port 5555 !
2026-06-17 15:00:41 [32minfo[39m: 	Successfully connected to database mongodb://edgev3_app:edgev3_mongodb_pass@mongodb:27017/edgev3?authSource=admin
2026-06-17 15:00:41 [32minfo[39m: 	HTTP production server up and running on port 5000 !
2026-06-17 15:00:43 [32minfo[39m: 	Successfully connected to database mongodb://edgev3_app:edgev3_mongodb_pass@mongodb:27017/edgev3?authSource=admin
2026-06-17 15:00:43 [32minfo[39m: 	HTTP production server up and running on port 5000 !
2026-06-17 15:00:44 [32minfo[39m: 	Successfully connected to database mongodb://edgev3_app:edgev3_mongodb_pass@mongodb:27017/edgev3?authSource=admin
2026-06-17 15:00:45 [32minfo[39m: 	HTTP production server up and running on port 5000 !
2026-06-17 15:01:10 [32minfo[39m: 	Successfully connected to database mongodb://edgev3_app:edgev3_mongodb_pass@mongodb:27017/edgev3?authSource=admin
2026-06-17 15:01:10 [32minfo[39m: 	HTTP production server up and running on port 5000 !
2026-06-17 15:01:11 [32minfo[39m: 	Successfully connected to database mongodb://edgev3_app:edgev3_mongodb_pass@mongodb:27017/edgev3?authSource=admin
2026-06-17 15:01:11 [32minfo[39m: 	HTTP CRON server up and running on port 5555 !
2026-06-17 15:01:12 [32minfo[39m: 	Successfully connected to database mongodb://edgev3_app:edgev3_mongodb_pass@mongodb:27017/edgev3?authSource=admin
2026-06-17 15:01:12 [32minfo[39m: 	HTTP production server up and running on port 5000 !
2026-06-17 15:01:13 [32minfo[39m: 	Successfully connected to database mongodb://edgev3_app:edgev3_mongodb_pass@mongodb:27017/edgev3?authSource=admin
2026-06-17 15:01:13 [32minfo[39m: 	HTTP production server up and running on port 5000 !
2026-06-17 15:01:15 [32minfo[39m: 	Successfully connected to database mongodb://edgev3_app:edgev3_mongodb_pass@mongodb:27017/edgev3?authSource=admin
2026-06-17 15:01:15 [32minfo[39m: 	HTTP production server up and running on port 5000 !
2026-06-17 15:01:40 [32minfo[39m: 	Successfully connected to database mongodb://edgev3_app:edgev3_mongodb_pass@mongodb:27017/edgev3?authSource=admin
2026-06-17 15:01:40 [32minfo[39m: 	HTTP production server up and running on port 5000 !
2026-06-17 15:01:41 [32minfo[39m: 	Successfully connected to database mongodb://edgev3_app:edgev3_mongodb_pass@mongodb:27017/edgev3?authSource=admin
2026-06-17 15:01:41 [32minfo[39m: 	HTTP CRON server up and running on port 5555 !
2026-06-17 15:01:41 [32minfo[39m: 	Successfully connected to database mongodb://edgev3_app:edgev3_mongodb_pass@mongodb:27017/edgev3?authSource=admin
2026-06-17 15:01:41 [32minfo[39m: 	HTTP production server up and running on port 5000 !
2026-06-17 15:01:43 [32minfo[39m: 	Successfully connected to database mongodb://edgev3_app:edgev3_mongodb_pass@mongodb:27017/edgev3?authSource=admin
2026-06-17 15:01:43 [32minfo[39m: 	HTTP production server up and running on port 5000 !
2026-06-17 15:01:45 [32minfo[39m: 	Successfully connected to database mongodb://edgev3_app:edgev3_mongodb_pass@mongodb:27017/edgev3?authSource=admin
2026-06-17 15:01:45 [32minfo[39m: 	HTTP production server up and running on port 5000 !
2026-06-17 15:02:10 [32minfo[39m: 	Successfully connected to database mongodb://edgev3_app:edgev3_mongodb_pass@mongodb:27017/edgev3?authSource=admin
2026-06-17 15:02:10 [32minfo[39m: 	HTTP production server up and running on port 5000 !
2026-06-17 15:02:11 [32minfo[39m: 	Successfully connected to database mongodb://edgev3_app:edgev3_mongodb_pass@mongodb:27017/edgev3?authSource=admin
2026-06-17 15:02:11 [32minfo[39m: 	HTTP CRON server up and running on port 5555 !
2026-06-17 15:02:11 [32minfo[39m: 	Successfully connected to database mongodb://edgev3_app:edgev3_mongodb_pass@mongodb:27017/edgev3?authSource=admin
2026-06-17 15:02:11 [32minfo[39m: 	HTTP production server up and running on port 5000 !
2026-06-17 15:02:13 [32minfo[39m: 	Successfully connected to database mongodb://edgev3_app:edgev3_mongodb_pass@mongodb:27017/edgev3?authSource=admin
2026-06-17 15:02:13 [32minfo[39m: 	HTTP production server up and running on port 5000 !
2026-06-17 15:02:14 [32minfo[39m: 	Successfully connected to database mongodb://edgev3_app:edgev3_mongodb_pass@mongodb:27017/edgev3?authSource=admin
2026-06-17 15:02:14 [32minfo[39m: 	HTTP production server up and running on port 5000 !
2026-06-17 15:02:40 [32minfo[39m: 	Successfully connected to database mongodb://edgev3_app:edgev3_mongodb_pass@mongodb:27017/edgev3?authSource=admin
2026-06-17 15:02:40 [32minfo[39m: 	HTTP production server up and running on port 5000 !
2026-06-17 15:02:41 [32minfo[39m: 	Successfully connected to database mongodb://edgev3_app:edgev3_mongodb_pass@mongodb:27017/edgev3?authSource=admin
2026-06-17 15:02:41 [32minfo[39m: 	HTTP CRON server up and running on port 5555 !
2026-06-17 15:02:42 [32minfo[39m: 	Successfully connected to database mongodb://edgev3_app:edgev3_mongodb_pass@mongodb:27017/edgev3?authSource=admin
2026-06-17 15:02:42 [32minfo[39m: 	HTTP production server up and running on port 5000 !
2026-06-17 15:02:43 [32minfo[39m: 	Successfully connected to database mongodb://edgev3_app:edgev3_mongodb_pass@mongodb:27017/edgev3?authSource=admin
2026-06-17 15:02:43 [32minfo[39m: 	HTTP production server up and running on port 5000 !
2026-06-17 15:02:45 [32minfo[39m: 	Successfully connected to database mongodb://edgev3_app:edgev3_mongodb_pass@mongodb:27017/edgev3?authSource=admin
2026-06-17 15:02:45 [32minfo[39m: 	HTTP production server up and running on port 5000 !
2026-06-17 15:03:10 [32minfo[39m: 	Successfully connected to database mongodb://edgev3_app:edgev3_mongodb_pass@mongodb:27017/edgev3?authSource=admin
2026-06-17 15:03:10 [32minfo[39m: 	HTTP production server up and running on port 5000 !
2026-06-17 15:03:11 [32minfo[39m: 	Successfully connected to database mongodb://edgev3_app:edgev3_mongodb_pass@mongodb:27017/edgev3?authSource=admin
2026-06-17 15:03:11 [32minfo[39m: 	HTTP CRON server up and running on port 5555 !
2026-06-17 15:03:12 [32minfo[39m: 	Successfully connected to database mongodb://edgev3_app:edgev3_mongodb_pass@mongodb:27017/edgev3?authSource=admin
2026-06-17 15:03:12 [32minfo[39m: 	HTTP production server up and running on port 5000 !
2026-06-17 15:03:13 [32minfo[39m: 	Successfully connected to database mongodb://edgev3_app:edgev3_mongodb_pass@mongodb:27017/edgev3?authSource=admin
2026-06-17 15:03:13 [32minfo[39m: 	HTTP production server up and running on port 5000 !
2026-06-17 15:03:15 [32minfo[39m: 	Successfully connected to database mongodb://edgev3_app:edgev3_mongodb_pass@mongodb:27017/edgev3?authSource=admin
2026-06-17 15:03:15 [32minfo[39m: 	HTTP production server up and running on port 5000 !
2026-06-17 15:03:40 [32minfo[39m: 	Successfully connected to database mongodb://edgev3_app:edgev3_mongodb_pass@mongodb:27017/edgev3?authSource=admin
2026-06-17 15:03:40 [32minfo[39m: 	HTTP production server up and running on port 5000 !
2026-06-17 15:03:41 [32minfo[39m: 	Successfully connected to database mongodb://edgev3_app:edgev3_mongodb_pass@mongodb:27017/edgev3?authSource=admin
2026-06-17 15:03:41 [32minfo[39m: 	HTTP CRON server up and running on port 5555 !
2026-06-17 15:03:42 [32minfo[39m: 	Successfully connected to database mongodb://edgev3_app:edgev3_mongodb_pass@mongodb:27017/edgev3?authSource=admin
2026-06-17 15:03:42 [32minfo[39m: 	HTTP production server up and running on port 5000 !
2026-06-17 15:03:43 [32minfo[39m: 	Successfully connected to database mongodb://edgev3_app:edgev3_mongodb_pass@mongodb:27017/edgev3?authSource=admin
2026-06-17 15:03:43 [32minfo[39m: 	HTTP production server up and running on port 5000 !
2026-06-17 15:03:45 [32minfo[39m: 	Successfully connected to database mongodb://edgev3_app:edgev3_mongodb_pass@mongodb:27017/edgev3?authSource=admin
2026-06-17 15:03:45 [32minfo[39m: 	HTTP production server up and running on port 5000 !
2026-06-17 15:04:10 [32minfo[39m: 	Successfully connected to database mongodb://edgev3_app:edgev3_mongodb_pass@mongodb:27017/edgev3?authSource=admin
2026-06-17 15:04:10 [32minfo[39m: 	HTTP production server up and running on port 5000 !
2026-06-17 15:04:11 [32minfo[39m: 	Successfully connected to database mongodb://edgev3_app:edgev3_mongodb_pass@mongodb:27017/edgev3?authSource=admin
2026-06-17 15:04:11 [32minfo[39m: 	HTTP CRON server up and running on port 5555 !
2026-06-17 15:04:11 [32minfo[39m: 	Successfully connected to database mongodb://edgev3_app:edgev3_mongodb_pass@mongodb:27017/edgev3?authSource=admin
2026-06-17 15:04:11 [32minfo[39m: 	HTTP production server up and running on port 5000 !
2026-06-17 15:04:13 [32minfo[39m: 	Successfully connected to database mongodb://edgev3_app:edgev3_mongodb_pass@mongodb:27017/edgev3?authSource=admin
2026-06-17 15:04:13 [32minfo[39m: 	HTTP production server up and running on port 5000 !
2026-06-17 15:04:15 [32minfo[39m: 	Successfully connected to database mongodb://edgev3_app:edgev3_mongodb_pass@mongodb:27017/edgev3?authSource=admin
2026-06-17 15:04:15 [32minfo[39m: 	HTTP production server up and running on port 5000 !
2026-06-17 15:04:40 [32minfo[39m: 	Successfully connected to database mongodb://edgev3_app:edgev3_mongodb_pass@mongodb:27017/edgev3?authSource=admin
2026-06-17 15:04:40 [32minfo[39m: 	HTTP production server up and running on port 5000 !
2026-06-17 15:04:42 [32minfo[39m: 	Successfully connected to database mongodb://edgev3_app:edgev3_mongodb_pass@mongodb:27017/edgev3?authSource=admin
2026-06-17 15:04:42 [32minfo[39m: 	HTTP CRON server up and running on port 5555 !
2026-06-17 15:04:42 [32minfo[39m: 	Successfully connected to database mongodb://edgev3_app:edgev3_mongodb_pass@mongodb:27017/edgev3?authSource=admin
2026-06-17 15:04:42 [32minfo[39m: 	HTTP production server up and running on port 5000 !
2026-06-17 15:04:44 [32minfo[39m: 	Successfully connected to database mongodb://edgev3_app:edgev3_mongodb_pass@mongodb:27017/edgev3?authSource=admin
2026-06-17 15:04:44 [32minfo[39m: 	HTTP production server up and running on port 5000 !
2026-06-17 15:04:46 [32minfo[39m: 	Successfully connected to database mongodb://edgev3_app:edgev3_mongodb_pass@mongodb:27017/edgev3?authSource=admin
2026-06-17 15:04:46 [32minfo[39m: 	HTTP production server up and running on port 5000 !
2026-06-17 15:05:10 [32minfo[39m: 	Successfully connected to database mongodb://edgev3_app:edgev3_mongodb_pass@mongodb:27017/edgev3?authSource=admin
2026-06-17 15:05:10 [32minfo[39m: 	HTTP production server up and running on port 5000 !
2026-06-17 15:05:11 [32minfo[39m: 	Successfully connected to database mongodb://edgev3_app:edgev3_mongodb_pass@mongodb:27017/edgev3?authSource=admin
2026-06-17 15:05:11 [32minfo[39m: 	HTTP CRON server up and running on port 5555 !
2026-06-17 15:05:12 [32minfo[39m: 	Successfully connected to database mongodb://edgev3_app:edgev3_mongodb_pass@mongodb:27017/edgev3?authSource=admin
2026-06-17 15:05:12 [32minfo[39m: 	HTTP production server up and running on port 5000 !
2026-06-17 15:05:13 [32minfo[39m: 	Successfully connected to database mongodb://edgev3_app:edgev3_mongodb_pass@mongodb:27017/edgev3?authSource=admin
2026-06-17 15:05:13 [32minfo[39m: 	HTTP production server up and running on port 5000 !
2026-06-17 15:05:15 [32minfo[39m: 	Successfully connected to database mongodb://edgev3_app:edgev3_mongodb_pass@mongodb:27017/edgev3?authSource=admin
2026-06-17 15:05:15 [32minfo[39m: 	HTTP production server up and running on port 5000 !
2026-06-17 15:05:40 [32minfo[39m: 	Successfully connected to database mongodb://edgev3_app:edgev3_mongodb_pass@mongodb:27017/edgev3?authSource=admin
2026-06-17 15:05:40 [32minfo[39m: 	HTTP production server up and running on port 5000 !
2026-06-17 15:05:41 [32minfo[39m: 	Successfully connected to database mongodb://edgev3_app:edgev3_mongodb_pass@mongodb:27017/edgev3?authSource=admin
2026-06-17 15:05:41 [32minfo[39m: 	HTTP CRON server up and running on port 5555 !
2026-06-17 15:05:42 [32minfo[39m: 	Successfully connected to database mongodb://edgev3_app:edgev3_mongodb_pass@mongodb:27017/edgev3?authSource=admin
2026-06-17 15:05:42 [32minfo[39m: 	HTTP production server up and running on port 5000 !
2026-06-17 15:05:43 [32minfo[39m: 	Successfully connected to database mongodb://edgev3_app:edgev3_mongodb_pass@mongodb:27017/edgev3?authSource=admin
2026-06-17 15:05:43 [32minfo[39m: 	HTTP production server up and running on port 5000 !
2026-06-17 15:05:45 [32minfo[39m: 	Successfully connected to database mongodb://edgev3_app:edgev3_mongodb_pass@mongodb:27017/edgev3?authSource=admin
2026-06-17 15:05:45 [32minfo[39m: 	HTTP production server up and running on port 5000 !
2026-06-17 15:06:10 [32minfo[39m: 	Successfully connected to database mongodb://edgev3_app:edgev3_mongodb_pass@mongodb:27017/edgev3?authSource=admin
2026-06-17 15:06:10 [32minfo[39m: 	HTTP production server up and running on port 5000 !
2026-06-17 15:06:11 [32minfo[39m: 	Successfully connected to database mongodb://edgev3_app:edgev3_mongodb_pass@mongodb:27017/edgev3?authSource=admin
2026-06-17 15:06:11 [32minfo[39m: 	HTTP CRON server up and running on port 5555 !
2026-06-17 15:06:11 [32minfo[39m: 	Successfully connected to database mongodb://edgev3_app:edgev3_mongodb_pass@mongodb:27017/edgev3?authSource=admin
2026-06-17 15:06:11 [32minfo[39m: 	HTTP production server up and running on port 5000 !
2026-06-17 15:06:13 [32minfo[39m: 	Successfully connected to database mongodb://edgev3_app:edgev3_mongodb_pass@mongodb:27017/edgev3?authSource=admin
2026-06-17 15:06:13 [32minfo[39m: 	HTTP production server up and running on port 5000 !
2026-06-17 15:06:15 [32minfo[39m: 	Successfully connected to database mongodb://edgev3_app:edgev3_mongodb_pass@mongodb:27017/edgev3?authSource=admin
2026-06-17 15:06:15 [32minfo[39m: 	HTTP production server up and running on port 5000 !
2026-06-17 15:06:40 [32minfo[39m: 	Successfully connected to database mongodb://edgev3_app:edgev3_mongodb_pass@mongodb:27017/edgev3?authSource=admin
2026-06-17 15:06:40 [32minfo[39m: 	HTTP production server up and running on port 5000 !
2026-06-17 15:06:41 [32minfo[39m: 	Successfully connected to database mongodb://edgev3_app:edgev3_mongodb_pass@mongodb:27017/edgev3?authSource=admin
2026-06-17 15:06:41 [32minfo[39m: 	HTTP CRON server up and running on port 5555 !
2026-06-17 15:06:41 [32minfo[39m: 	Successfully connected to database mongodb://edgev3_app:edgev3_mongodb_pass@mongodb:27017/edgev3?authSource=admin
2026-06-17 15:06:41 [32minfo[39m: 	HTTP production server up and running on port 5000 !
2026-06-17 15:06:43 [32minfo[39m: 	Successfully connected to database mongodb://edgev3_app:edgev3_mongodb_pass@mongodb:27017/edgev3?authSource=admin
2026-06-17 15:06:43 [32minfo[39m: 	HTTP production server up and running on port 5000 !
2026-06-17 15:06:45 [32minfo[39m: 	Successfully connected to database mongodb://edgev3_app:edgev3_mongodb_pass@mongodb:27017/edgev3?authSource=admin
2026-06-17 15:06:45 [32minfo[39m: 	HTTP production server up and running on port 5000 !
2026-06-17 15:07:10 [32minfo[39m: 	Successfully connected to database mongodb://edgev3_app:edgev3_mongodb_pass@mongodb:27017/edgev3?authSource=admin
2026-06-17 15:07:10 [32minfo[39m: 	HTTP production server up and running on port 5000 !
2026-06-17 15:07:11 [32minfo[39m: 	Successfully connected to database mongodb://edgev3_app:edgev3_mongodb_pass@mongodb:27017/edgev3?authSource=admin
2026-06-17 15:07:11 [32minfo[39m: 	HTTP CRON server up and running on port 5555 !
2026-06-17 15:07:11 [32minfo[39m: 	Successfully connected to database mongodb://edgev3_app:edgev3_mongodb_pass@mongodb:27017/edgev3?authSource=admin
2026-06-17 15:07:12 [32minfo[39m: 	HTTP production server up and running on port 5000 !
2026-06-17 15:07:13 [32minfo[39m: 	Successfully connected to database mongodb://edgev3_app:edgev3_mongodb_pass@mongodb:27017/edgev3?authSource=admin
2026-06-17 15:07:13 [32minfo[39m: 	HTTP production server up and running on port 5000 !
2026-06-17 15:07:15 [32minfo[39m: 	Successfully connected to database mongodb://edgev3_app:edgev3_mongodb_pass@mongodb:27017/edgev3?authSource=admin
2026-06-17 15:07:15 [32minfo[39m: 	HTTP production server up and running on port 5000 !
2026-06-17 15:07:40 [32minfo[39m: 	Successfully connected to database mongodb://edgev3_app:edgev3_mongodb_pass@mongodb:27017/edgev3?authSource=admin
2026-06-17 15:07:40 [32minfo[39m: 	HTTP production server up and running on port 5000 !
2026-06-17 15:07:41 [32minfo[39m: 	Successfully connected to database mongodb://edgev3_app:edgev3_mongodb_pass@mongodb:27017/edgev3?authSource=admin
2026-06-17 15:07:41 [32minfo[39m: 	HTTP CRON server up and running on port 5555 !
2026-06-17 15:07:41 [32minfo[39m: 	Successfully connected to database mongodb://edgev3_app:edgev3_mongodb_pass@mongodb:27017/edgev3?authSource=admin
2026-06-17 15:07:42 [32minfo[39m: 	HTTP production server up and running on port 5000 !
2026-06-17 15:07:43 [32minfo[39m: 	Successfully connected to database mongodb://edgev3_app:edgev3_mongodb_pass@mongodb:27017/edgev3?authSource=admin
2026-06-17 15:07:43 [32minfo[39m: 	HTTP production server up and running on port 5000 !
2026-06-17 15:07:45 [32minfo[39m: 	Successfully connected to database mongodb://edgev3_app:edgev3_mongodb_pass@mongodb:27017/edgev3?authSource=admin
2026-06-17 15:07:45 [32minfo[39m: 	HTTP production server up and running on port 5000 !
2026-06-17 15:08:10 [32minfo[39m: 	Successfully connected to database mongodb://edgev3_app:edgev3_mongodb_pass@mongodb:27017/edgev3?authSource=admin
2026-06-17 15:08:10 [32minfo[39m: 	HTTP production server up and running on port 5000 !
2026-06-17 15:08:11 [32minfo[39m: 	Successfully connected to database mongodb://edgev3_app:edgev3_mongodb_pass@mongodb:27017/edgev3?authSource=admin
2026-06-17 15:08:11 [32minfo[39m: 	HTTP CRON server up and running on port 5555 !
2026-06-17 15:08:12 [32minfo[39m: 	Successfully connected to database mongodb://edgev3_app:edgev3_mongodb_pass@mongodb:27017/edgev3?authSource=admin
2026-06-17 15:08:12 [32minfo[39m: 	HTTP production server up and running on port 5000 !
2026-06-17 15:08:13 [32minfo[39m: 	Successfully connected to database mongodb://edgev3_app:edgev3_mongodb_pass@mongodb:27017/edgev3?authSource=admin
2026-06-17 15:08:13 [32minfo[39m: 	HTTP production server up and running on port 5000 !
2026-06-17 15:08:15 [32minfo[39m: 	Successfully connected to database mongodb://edgev3_app:edgev3_mongodb_pass@mongodb:27017/edgev3?authSource=admin
2026-06-17 15:08:15 [32minfo[39m: 	HTTP production server up and running on port 5000 !
2026-06-17 15:08:40 [32minfo[39m: 	Successfully connected to database mongodb://edgev3_app:edgev3_mongodb_pass@mongodb:27017/edgev3?authSource=admin
2026-06-17 15:08:40 [32minfo[39m: 	HTTP production server up and running on port 5000 !
2026-06-17 15:08:41 [32minfo[39m: 	Successfully connected to database mongodb://edgev3_app:edgev3_mongodb_pass@mongodb:27017/edgev3?authSource=admin
2026-06-17 15:08:41 [32minfo[39m: 	HTTP CRON server up and running on port 5555 !
2026-06-17 15:08:41 [32minfo[39m: 	Successfully connected to database mongodb://edgev3_app:edgev3_mongodb_pass@mongodb:27017/edgev3?authSource=admin
2026-06-17 15:08:41 [32minfo[39m: 	HTTP production server up and running on port 5000 !
2026-06-17 15:08:43 [32minfo[39m: 	Successfully connected to database mongodb://edgev3_app:edgev3_mongodb_pass@mongodb:27017/edgev3?authSource=admin
2026-06-17 15:08:43 [32minfo[39m: 	HTTP production server up and running on port 5000 !
2026-06-17 15:08:45 [32minfo[39m: 	Successfully connected to database mongodb://edgev3_app:edgev3_mongodb_pass@mongodb:27017/edgev3?authSource=admin
2026-06-17 15:08:45 [32minfo[39m: 	HTTP production server up and running on port 5000 !
2026-06-17 15:09:10 [32minfo[39m: 	Successfully connected to database mongodb://edgev3_app:edgev3_mongodb_pass@mongodb:27017/edgev3?authSource=admin
2026-06-17 15:09:10 [32minfo[39m: 	HTTP production server up and running on port 5000 !
2026-06-17 15:09:11 [32minfo[39m: 	Successfully connected to database mongodb://edgev3_app:edgev3_mongodb_pass@mongodb:27017/edgev3?authSource=admin
2026-06-17 15:09:11 [32minfo[39m: 	HTTP CRON server up and running on port 5555 !
2026-06-17 15:09:11 [32minfo[39m: 	Successfully connected to database mongodb://edgev3_app:edgev3_mongodb_pass@mongodb:27017/edgev3?authSource=admin
2026-06-17 15:09:11 [32minfo[39m: 	HTTP production server up and running on port 5000 !
2026-06-17 15:09:13 [32minfo[39m: 	Successfully connected to database mongodb://edgev3_app:edgev3_mongodb_pass@mongodb:27017/edgev3?authSource=admin
2026-06-17 15:09:13 [32minfo[39m: 	HTTP production server up and running on port 5000 !
2026-06-17 15:09:15 [32minfo[39m: 	Successfully connected to database mongodb://edgev3_app:edgev3_mongodb_pass@mongodb:27017/edgev3?authSource=admin
2026-06-17 15:09:15 [32minfo[39m: 	HTTP production server up and running on port 5000 !
2026-06-17 15:09:40 [32minfo[39m: 	Successfully connected to database mongodb://edgev3_app:edgev3_mongodb_pass@mongodb:27017/edgev3?authSource=admin
2026-06-17 15:09:40 [32minfo[39m: 	HTTP production server up and running on port 5000 !
2026-06-17 15:09:41 [32minfo[39m: 	Successfully connected to database mongodb://edgev3_app:edgev3_mongodb_pass@mongodb:27017/edgev3?authSource=admin
2026-06-17 15:09:41 [32minfo[39m: 	HTTP CRON server up and running on port 5555 !
2026-06-17 15:09:42 [32minfo[39m: 	Successfully connected to database mongodb://edgev3_app:edgev3_mongodb_pass@mongodb:27017/edgev3?authSource=admin
2026-06-17 15:09:42 [32minfo[39m: 	HTTP production server up and running on port 5000 !
2026-06-17 15:09:43 [32minfo[39m: 	Successfully connected to database mongodb://edgev3_app:edgev3_mongodb_pass@mongodb:27017/edgev3?authSource=admin
2026-06-17 15:09:43 [32minfo[39m: 	HTTP production server up and running on port 5000 !
2026-06-17 15:09:45 [32minfo[39m: 	Successfully connected to database mongodb://edgev3_app:edgev3_mongodb_pass@mongodb:27017/edgev3?authSource=admin
2026-06-17 15:09:45 [32minfo[39m: 	HTTP production server up and running on port 5000 !
2026-06-17 15:10:10 [32minfo[39m: 	Successfully connected to database mongodb://edgev3_app:edgev3_mongodb_pass@mongodb:27017/edgev3?authSource=admin
2026-06-17 15:10:10 [32minfo[39m: 	HTTP production server up and running on port 5000 !
2026-06-17 15:10:11 [32minfo[39m: 	Successfully connected to database mongodb://edgev3_app:edgev3_mongodb_pass@mongodb:27017/edgev3?authSource=admin
2026-06-17 15:10:11 [32minfo[39m: 	HTTP CRON server up and running on port 5555 !
2026-06-17 15:10:12 [32minfo[39m: 	Successfully connected to database mongodb://edgev3_app:edgev3_mongodb_pass@mongodb:27017/edgev3?authSource=admin
2026-06-17 15:10:12 [32minfo[39m: 	HTTP production server up and running on port 5000 !
2026-06-17 15:10:13 [32minfo[39m: 	Successfully connected to database mongodb://edgev3_app:edgev3_mongodb_pass@mongodb:27017/edgev3?authSource=admin
2026-06-17 15:10:13 [32minfo[39m: 	HTTP production server up and running on port 5000 !
2026-06-17 15:10:15 [32minfo[39m: 	Successfully connected to database mongodb://edgev3_app:edgev3_mongodb_pass@mongodb:27017/edgev3?authSource=admin
2026-06-17 15:10:15 [32minfo[39m: 	HTTP production server up and running on port 5000 !
2026-06-17 15:10:40 [32minfo[39m: 	Successfully connected to database mongodb://edgev3_app:edgev3_mongodb_pass@mongodb:27017/edgev3?authSource=admin
2026-06-17 15:10:40 [32minfo[39m: 	HTTP production server up and running on port 5000 !
2026-06-17 15:10:41 [32minfo[39m: 	Successfully connected to database mongodb://edgev3_app:edgev3_mongodb_pass@mongodb:27017/edgev3?authSource=admin
2026-06-17 15:10:41 [32minfo[39m: 	HTTP CRON server up and running on port 5555 !
2026-06-17 15:10:42 [32minfo[39m: 	Successfully connected to database mongodb://edgev3_app:edgev3_mongodb_pass@mongodb:27017/edgev3?authSource=admin
2026-06-17 15:10:42 [32minfo[39m: 	HTTP production server up and running on port 5000 !
2026-06-17 15:10:43 [32minfo[39m: 	Successfully connected to database mongodb://edgev3_app:edgev3_mongodb_pass@mongodb:27017/edgev3?authSource=admin
2026-06-17 15:10:43 [32minfo[39m: 	HTTP production server up and running on port 5000 !
2026-06-17 15:10:45 [32minfo[39m: 	Successfully connected to database mongodb://edgev3_app:edgev3_mongodb_pass@mongodb:27017/edgev3?authSource=admin
2026-06-17 15:10:45 [32minfo[39m: 	HTTP production server up and running on port 5000 !
2026-06-17 15:11:10 [32minfo[39m: 	Successfully connected to database mongodb://edgev3_app:edgev3_mongodb_pass@mongodb:27017/edgev3?authSource=admin
2026-06-17 15:11:10 [32minfo[39m: 	HTTP production server up and running on port 5000 !
2026-06-17 15:11:11 [32minfo[39m: 	Successfully connected to database mongodb://edgev3_app:edgev3_mongodb_pass@mongodb:27017/edgev3?authSource=admin
2026-06-17 15:11:11 [32minfo[39m: 	HTTP CRON server up and running on port 5555 !
2026-06-17 15:11:12 [32minfo[39m: 	Successfully connected to database mongodb://edgev3_app:edgev3_mongodb_pass@mongodb:27017/edgev3?authSource=admin
2026-06-17 15:11:12 [32minfo[39m: 	HTTP production server up and running on port 5000 !
2026-06-17 15:11:13 [32minfo[39m: 	Successfully connected to database mongodb://edgev3_app:edgev3_mongodb_pass@mongodb:27017/edgev3?authSource=admin
2026-06-17 15:11:13 [32minfo[39m: 	HTTP production server up and running on port 5000 !
2026-06-17 15:11:15 [32minfo[39m: 	Successfully connected to database mongodb://edgev3_app:edgev3_mongodb_pass@mongodb:27017/edgev3?authSource=admin
2026-06-17 15:11:15 [32minfo[39m: 	HTTP production server up and running on port 5000 !
2026-06-17 15:11:40 [32minfo[39m: 	Successfully connected to database mongodb://edgev3_app:edgev3_mongodb_pass@mongodb:27017/edgev3?authSource=admin
2026-06-17 15:11:40 [32minfo[39m: 	HTTP production server up and running on port 5000 !
2026-06-17 15:11:41 [32minfo[39m: 	Successfully connected to database mongodb://edgev3_app:edgev3_mongodb_pass@mongodb:27017/edgev3?authSource=admin
2026-06-17 15:11:41 [32minfo[39m: 	HTTP CRON server up and running on port 5555 !
2026-06-17 15:11:42 [32minfo[39m: 	Successfully connected to database mongodb://edgev3_app:edgev3_mongodb_pass@mongodb:27017/edgev3?authSource=admin
2026-06-17 15:11:42 [32minfo[39m: 	HTTP production server up and running on port 5000 !
2026-06-17 15:11:43 [32minfo[39m: 	Successfully connected to database mongodb://edgev3_app:edgev3_mongodb_pass@mongodb:27017/edgev3?authSource=admin
2026-06-17 15:11:43 [32minfo[39m: 	HTTP production server up and running on port 5000 !
2026-06-17 15:11:45 [32minfo[39m: 	Successfully connected to database mongodb://edgev3_app:edgev3_mongodb_pass@mongodb:27017/edgev3?authSource=admin
2026-06-17 15:11:45 [32minfo[39m: 	HTTP production server up and running on port 5000 !
2026-06-17 15:12:10 [32minfo[39m: 	Successfully connected to database mongodb://edgev3_app:edgev3_mongodb_pass@mongodb:27017/edgev3?authSource=admin
2026-06-17 15:12:10 [32minfo[39m: 	HTTP production server up and running on port 5000 !
2026-06-17 15:12:11 [32minfo[39m: 	Successfully connected to database mongodb://edgev3_app:edgev3_mongodb_pass@mongodb:27017/edgev3?authSource=admin
2026-06-17 15:12:11 [32minfo[39m: 	HTTP CRON server up and running on port 5555 !
2026-06-17 15:12:12 [32minfo[39m: 	Successfully connected to database mongodb://edgev3_app:edgev3_mongodb_pass@mongodb:27017/edgev3?authSource=admin
2026-06-17 15:12:12 [32minfo[39m: 	HTTP production server up and running on port 5000 !
2026-06-17 15:12:13 [32minfo[39m: 	Successfully connected to database mongodb://edgev3_app:edgev3_mongodb_pass@mongodb:27017/edgev3?authSource=admin
2026-06-17 15:12:13 [32minfo[39m: 	HTTP production server up and running on port 5000 !
2026-06-17 15:12:15 [32minfo[39m: 	Successfully connected to database mongodb://edgev3_app:edgev3_mongodb_pass@mongodb:27017/edgev3?authSource=admin
2026-06-17 15:12:15 [32minfo[39m: 	HTTP production server up and running on port 5000 !
2026-06-17 15:12:40 [32minfo[39m: 	Successfully connected to database mongodb://edgev3_app:edgev3_mongodb_pass@mongodb:27017/edgev3?authSource=admin
2026-06-17 15:12:40 [32minfo[39m: 	HTTP production server up and running on port 5000 !
2026-06-17 15:12:41 [32minfo[39m: 	Successfully connected to database mongodb://edgev3_app:edgev3_mongodb_pass@mongodb:27017/edgev3?authSource=admin
2026-06-17 15:12:41 [32minfo[39m: 	HTTP CRON server up and running on port 5555 !
2026-06-17 15:12:42 [32minfo[39m: 	Successfully connected to database mongodb://edgev3_app:edgev3_mongodb_pass@mongodb:27017/edgev3?authSource=admin
2026-06-17 15:12:42 [32minfo[39m: 	HTTP production server up and running on port 5000 !
2026-06-17 15:12:43 [32minfo[39m: 	Successfully connected to database mongodb://edgev3_app:edgev3_mongodb_pass@mongodb:27017/edgev3?authSource=admin
2026-06-17 15:12:43 [32minfo[39m: 	HTTP production server up and running on port 5000 !
2026-06-17 15:12:45 [32minfo[39m: 	Successfully connected to database mongodb://edgev3_app:edgev3_mongodb_pass@mongodb:27017/edgev3?authSource=admin
2026-06-17 15:12:45 [32minfo[39m: 	HTTP production server up and running on port 5000 !
2026-06-17 15:13:10 [32minfo[39m: 	Successfully connected to database mongodb://edgev3_app:edgev3_mongodb_pass@mongodb:27017/edgev3?authSource=admin
2026-06-17 15:13:10 [32minfo[39m: 	HTTP production server up and running on port 5000 !
2026-06-17 15:13:11 [32minfo[39m: 	Successfully connected to database mongodb://edgev3_app:edgev3_mongodb_pass@mongodb:27017/edgev3?authSource=admin
2026-06-17 15:13:11 [32minfo[39m: 	HTTP CRON server up and running on port 5555 !
2026-06-17 15:13:12 [32minfo[39m: 	Successfully connected to database mongodb://edgev3_app:edgev3_mongodb_pass@mongodb:27017/edgev3?authSource=admin
2026-06-17 15:13:12 [32minfo[39m: 	HTTP production server up and running on port 5000 !
2026-06-17 15:13:13 [32minfo[39m: 	Successfully connected to database mongodb://edgev3_app:edgev3_mongodb_pass@mongodb:27017/edgev3?authSource=admin
2026-06-17 15:13:13 [32minfo[39m: 	HTTP production server up and running on port 5000 !
2026-06-17 15:13:15 [32minfo[39m: 	Successfully connected to database mongodb://edgev3_app:edgev3_mongodb_pass@mongodb:27017/edgev3?authSource=admin
2026-06-17 15:13:15 [32minfo[39m: 	HTTP production server up and running on port 5000 !
2026-06-17 15:13:40 [32minfo[39m: 	Successfully connected to database mongodb://edgev3_app:edgev3_mongodb_pass@mongodb:27017/edgev3?authSource=admin
2026-06-17 15:13:40 [32minfo[39m: 	HTTP production server up and running on port 5000 !
2026-06-17 15:13:41 [32minfo[39m: 	Successfully connected to database mongodb://edgev3_app:edgev3_mongodb_pass@mongodb:27017/edgev3?authSource=admin
2026-06-17 15:13:41 [32minfo[39m: 	HTTP CRON server up and running on port 5555 !
2026-06-17 15:13:42 [32minfo[39m: 	Successfully connected to database mongodb://edgev3_app:edgev3_mongodb_pass@mongodb:27017/edgev3?authSource=admin
2026-06-17 15:13:42 [32minfo[39m: 	HTTP production server up and running on port 5000 !
2026-06-17 15:13:43 [32minfo[39m: 	Successfully connected to database mongodb://edgev3_app:edgev3_mongodb_pass@mongodb:27017/edgev3?authSource=admin
2026-06-17 15:13:43 [32minfo[39m: 	HTTP production server up and running on port 5000 !
2026-06-17 15:13:45 [32minfo[39m: 	Successfully connected to database mongodb://edgev3_app:edgev3_mongodb_pass@mongodb:27017/edgev3?authSource=admin
2026-06-17 15:13:45 [32minfo[39m: 	HTTP production server up and running on port 5000 !
2026-06-17 15:14:10 [32minfo[39m: 	Successfully connected to database mongodb://edgev3_app:edgev3_mongodb_pass@mongodb:27017/edgev3?authSource=admin
2026-06-17 15:14:10 [32minfo[39m: 	HTTP production server up and running on port 5000 !
2026-06-17 15:14:11 [32minfo[39m: 	Successfully connected to database mongodb://edgev3_app:edgev3_mongodb_pass@mongodb:27017/edgev3?authSource=admin
2026-06-17 15:14:11 [32minfo[39m: 	HTTP CRON server up and running on port 5555 !
2026-06-17 15:14:12 [32minfo[39m: 	Successfully connected to database mongodb://edgev3_app:edgev3_mongodb_pass@mongodb:27017/edgev3?authSource=admin
2026-06-17 15:14:12 [32minfo[39m: 	HTTP production server up and running on port 5000 !
2026-06-17 15:14:13 [32minfo[39m: 	Successfully connected to database mongodb://edgev3_app:edgev3_mongodb_pass@mongodb:27017/edgev3?authSource=admin
2026-06-17 15:14:13 [32minfo[39m: 	HTTP production server up and running on port 5000 !
2026-06-17 15:14:15 [32minfo[39m: 	Successfully connected to database mongodb://edgev3_app:edgev3_mongodb_pass@mongodb:27017/edgev3?authSource=admin
2026-06-17 15:14:15 [32minfo[39m: 	HTTP production server up and running on port 5000 !
2026-06-17 15:14:40 [32minfo[39m: 	Successfully connected to database mongodb://edgev3_app:edgev3_mongodb_pass@mongodb:27017/edgev3?authSource=admin
2026-06-17 15:14:40 [32minfo[39m: 	HTTP production server up and running on port 5000 !
2026-06-17 15:14:41 [32minfo[39m: 	Successfully connected to database mongodb://edgev3_app:edgev3_mongodb_pass@mongodb:27017/edgev3?authSource=admin
2026-06-17 15:14:41 [32minfo[39m: 	HTTP CRON server up and running on port 5555 !
2026-06-17 15:14:41 [32minfo[39m: 	Successfully connected to database mongodb://edgev3_app:edgev3_mongodb_pass@mongodb:27017/edgev3?authSource=admin
2026-06-17 15:14:42 [32minfo[39m: 	HTTP production server up and running on port 5000 !
2026-06-17 15:14:43 [32minfo[39m: 	Successfully connected to database mongodb://edgev3_app:edgev3_mongodb_pass@mongodb:27017/edgev3?authSource=admin
2026-06-17 15:14:43 [32minfo[39m: 	HTTP production server up and running on port 5000 !
2026-06-17 15:14:45 [32minfo[39m: 	Successfully connected to database mongodb://edgev3_app:edgev3_mongodb_pass@mongodb:27017/edgev3?authSource=admin
2026-06-17 15:14:45 [32minfo[39m: 	HTTP production server up and running on port 5000 !
2026-06-17 15:15:10 [32minfo[39m: 	Successfully connected to database mongodb://edgev3_app:edgev3_mongodb_pass@mongodb:27017/edgev3?authSource=admin
2026-06-17 15:15:10 [32minfo[39m: 	HTTP production server up and running on port 5000 !
2026-06-17 15:15:11 [32minfo[39m: 	Successfully connected to database mongodb://edgev3_app:edgev3_mongodb_pass@mongodb:27017/edgev3?authSource=admin
2026-06-17 15:15:11 [32minfo[39m: 	HTTP CRON server up and running on port 5555 !
2026-06-17 15:15:12 [32minfo[39m: 	Successfully connected to database mongodb://edgev3_app:edgev3_mongodb_pass@mongodb:27017/edgev3?authSource=admin
2026-06-17 15:15:12 [32minfo[39m: 	HTTP production server up and running on port 5000 !
2026-06-17 15:15:13 [32minfo[39m: 	Successfully connected to database mongodb://edgev3_app:edgev3_mongodb_pass@mongodb:27017/edgev3?authSource=admin
2026-06-17 15:15:13 [32minfo[39m: 	HTTP production server up and running on port 5000 !
2026-06-17 15:15:15 [32minfo[39m: 	Successfully connected to database mongodb://edgev3_app:edgev3_mongodb_pass@mongodb:27017/edgev3?authSource=admin
2026-06-17 15:15:15 [32minfo[39m: 	HTTP production server up and running on port 5000 !
2026-06-17 15:15:40 [32minfo[39m: 	Successfully connected to database mongodb://edgev3_app:edgev3_mongodb_pass@mongodb:27017/edgev3?authSource=admin
2026-06-17 15:15:40 [32minfo[39m: 	HTTP production server up and running on port 5000 !
2026-06-17 15:15:41 [32minfo[39m: 	Successfully connected to database mongodb://edgev3_app:edgev3_mongodb_pass@mongodb:27017/edgev3?authSource=admin
2026-06-17 15:15:41 [32minfo[39m: 	HTTP CRON server up and running on port 5555 !
2026-06-17 15:15:42 [32minfo[39m: 	Successfully connected to database mongodb://edgev3_app:edgev3_mongodb_pass@mongodb:27017/edgev3?authSource=admin
2026-06-17 15:15:42 [32minfo[39m: 	HTTP production server up and running on port 5000 !
2026-06-17 15:15:43 [32minfo[39m: 	Successfully connected to database mongodb://edgev3_app:edgev3_mongodb_pass@mongodb:27017/edgev3?authSource=admin
2026-06-17 15:15:43 [32minfo[39m: 	HTTP production server up and running on port 5000 !
2026-06-17 15:15:45 [32minfo[39m: 	Successfully connected to database mongodb://edgev3_app:edgev3_mongodb_pass@mongodb:27017/edgev3?authSource=admin
2026-06-17 15:15:45 [32minfo[39m: 	HTTP production server up and running on port 5000 !
2026-06-17 15:16:10 [32minfo[39m: 	Successfully connected to database mongodb://edgev3_app:edgev3_mongodb_pass@mongodb:27017/edgev3?authSource=admin
2026-06-17 15:16:10 [32minfo[39m: 	HTTP production server up and running on port 5000 !
2026-06-17 15:16:11 [32minfo[39m: 	Successfully connected to database mongodb://edgev3_app:edgev3_mongodb_pass@mongodb:27017/edgev3?authSource=admin
2026-06-17 15:16:11 [32minfo[39m: 	HTTP CRON server up and running on port 5555 !
2026-06-17 15:16:12 [32minfo[39m: 	Successfully connected to database mongodb://edgev3_app:edgev3_mongodb_pass@mongodb:27017/edgev3?authSource=admin
2026-06-17 15:16:12 [32minfo[39m: 	HTTP production server up and running on port 5000 !
2026-06-17 15:16:13 [32minfo[39m: 	Successfully connected to database mongodb://edgev3_app:edgev3_mongodb_pass@mongodb:27017/edgev3?authSource=admin
2026-06-17 15:16:13 [32minfo[39m: 	HTTP production server up and running on port 5000 !
2026-06-17 15:16:15 [32minfo[39m: 	Successfully connected to database mongodb://edgev3_app:edgev3_mongodb_pass@mongodb:27017/edgev3?authSource=admin
2026-06-17 15:16:15 [32minfo[39m: 	HTTP production server up and running on port 5000 !
2026-06-17 15:16:40 [32minfo[39m: 	Successfully connected to database mongodb://edgev3_app:edgev3_mongodb_pass@mongodb:27017/edgev3?authSource=admin
2026-06-17 15:16:40 [32minfo[39m: 	HTTP production server up and running on port 5000 !
2026-06-17 15:16:41 [32minfo[39m: 	Successfully connected to database mongodb://edgev3_app:edgev3_mongodb_pass@mongodb:27017/edgev3?authSource=admin
2026-06-17 15:16:41 [32minfo[39m: 	HTTP CRON server up and running on port 5555 !
2026-06-17 15:16:42 [32minfo[39m: 	Successfully connected to database mongodb://edgev3_app:edgev3_mongodb_pass@mongodb:27017/edgev3?authSource=admin
2026-06-17 15:16:42 [32minfo[39m: 	HTTP production server up and running on port 5000 !
2026-06-17 15:16:43 [32minfo[39m: 	Successfully connected to database mongodb://edgev3_app:edgev3_mongodb_pass@mongodb:27017/edgev3?authSource=admin
2026-06-17 15:16:43 [32minfo[39m: 	HTTP production server up and running on port 5000 !
2026-06-17 15:16:45 [32minfo[39m: 	Successfully connected to database mongodb://edgev3_app:edgev3_mongodb_pass@mongodb:27017/edgev3?authSource=admin
2026-06-17 15:16:45 [32minfo[39m: 	HTTP production server up and running on port 5000 !
2026-06-17 15:17:10 [32minfo[39m: 	Successfully connected to database mongodb://edgev3_app:edgev3_mongodb_pass@mongodb:27017/edgev3?authSource=admin
2026-06-17 15:17:10 [32minfo[39m: 	HTTP production server up and running on port 5000 !
2026-06-17 15:17:11 [32minfo[39m: 	Successfully connected to database mongodb://edgev3_app:edgev3_mongodb_pass@mongodb:27017/edgev3?authSource=admin
2026-06-17 15:17:11 [32minfo[39m: 	HTTP CRON server up and running on port 5555 !
2026-06-17 15:17:12 [32minfo[39m: 	Successfully connected to database mongodb://edgev3_app:edgev3_mongodb_pass@mongodb:27017/edgev3?authSource=admin
2026-06-17 15:17:12 [32minfo[39m: 	HTTP production server up and running on port 5000 !
2026-06-17 15:17:13 [32minfo[39m: 	Successfully connected to database mongodb://edgev3_app:edgev3_mongodb_pass@mongodb:27017/edgev3?authSource=admin
2026-06-17 15:17:13 [32minfo[39m: 	HTTP production server up and running on port 5000 !
2026-06-17 15:17:15 [32minfo[39m: 	Successfully connected to database mongodb://edgev3_app:edgev3_mongodb_pass@mongodb:27017/edgev3?authSource=admin
2026-06-17 15:17:15 [32minfo[39m: 	HTTP production server up and running on port 5000 !
2026-06-17 15:17:40 [32minfo[39m: 	Successfully connected to database mongodb://edgev3_app:edgev3_mongodb_pass@mongodb:27017/edgev3?authSource=admin
2026-06-17 15:17:40 [32minfo[39m: 	HTTP production server up and running on port 5000 !
2026-06-17 15:17:41 [32minfo[39m: 	Successfully connected to database mongodb://edgev3_app:edgev3_mongodb_pass@mongodb:27017/edgev3?authSource=admin
2026-06-17 15:17:41 [32minfo[39m: 	HTTP CRON server up and running on port 5555 !
2026-06-17 15:17:42 [32minfo[39m: 	Successfully connected to database mongodb://edgev3_app:edgev3_mongodb_pass@mongodb:27017/edgev3?authSource=admin
2026-06-17 15:17:42 [32minfo[39m: 	HTTP production server up and running on port 5000 !
2026-06-17 15:17:43 [32minfo[39m: 	Successfully connected to database mongodb://edgev3_app:edgev3_mongodb_pass@mongodb:27017/edgev3?authSource=admin
2026-06-17 15:17:43 [32minfo[39m: 	HTTP production server up and running on port 5000 !
2026-06-17 15:17:45 [32minfo[39m: 	Successfully connected to database mongodb://edgev3_app:edgev3_mongodb_pass@mongodb:27017/edgev3?authSource=admin
2026-06-17 15:17:45 [32minfo[39m: 	HTTP production server up and running on port 5000 !
2026-06-17 15:18:10 [32minfo[39m: 	Successfully connected to database mongodb://edgev3_app:edgev3_mongodb_pass@mongodb:27017/edgev3?authSource=admin
2026-06-17 15:18:10 [32minfo[39m: 	HTTP production server up and running on port 5000 !
2026-06-17 15:18:11 [32minfo[39m: 	Successfully connected to database mongodb://edgev3_app:edgev3_mongodb_pass@mongodb:27017/edgev3?authSource=admin
2026-06-17 15:18:11 [32minfo[39m: 	HTTP CRON server up and running on port 5555 !
2026-06-17 15:18:12 [32minfo[39m: 	Successfully connected to database mongodb://edgev3_app:edgev3_mongodb_pass@mongodb:27017/edgev3?authSource=admin
2026-06-17 15:18:12 [32minfo[39m: 	HTTP production server up and running on port 5000 !
2026-06-17 15:18:13 [32minfo[39m: 	Successfully connected to database mongodb://edgev3_app:edgev3_mongodb_pass@mongodb:27017/edgev3?authSource=admin
2026-06-17 15:18:13 [32minfo[39m: 	HTTP production server up and running on port 5000 !
2026-06-17 15:18:15 [32minfo[39m: 	Successfully connected to database mongodb://edgev3_app:edgev3_mongodb_pass@mongodb:27017/edgev3?authSource=admin
2026-06-17 15:18:15 [32minfo[39m: 	HTTP production server up and running on port 5000 !
2026-06-17 15:18:40 [32minfo[39m: 	Successfully connected to database mongodb://edgev3_app:edgev3_mongodb_pass@mongodb:27017/edgev3?authSource=admin
2026-06-17 15:18:40 [32minfo[39m: 	HTTP production server up and running on port 5000 !
2026-06-17 15:18:41 [32minfo[39m: 	Successfully connected to database mongodb://edgev3_app:edgev3_mongodb_pass@mongodb:27017/edgev3?authSource=admin
2026-06-17 15:18:41 [32minfo[39m: 	HTTP CRON server up and running on port 5555 !
2026-06-17 15:18:42 [32minfo[39m: 	Successfully connected to database mongodb://edgev3_app:edgev3_mongodb_pass@mongodb:27017/edgev3?authSource=admin
2026-06-17 15:18:42 [32minfo[39m: 	HTTP production server up and running on port 5000 !
2026-06-17 15:18:43 [32minfo[39m: 	Successfully connected to database mongodb://edgev3_app:edgev3_mongodb_pass@mongodb:27017/edgev3?authSource=admin
2026-06-17 15:18:43 [32minfo[39m: 	HTTP production server up and running on port 5000 !
2026-06-17 15:18:45 [32minfo[39m: 	Successfully connected to database mongodb://edgev3_app:edgev3_mongodb_pass@mongodb:27017/edgev3?authSource=admin
2026-06-17 15:18:45 [32minfo[39m: 	HTTP production server up and running on port 5000 !
2026-06-17 15:19:10 [32minfo[39m: 	Successfully connected to database mongodb://edgev3_app:edgev3_mongodb_pass@mongodb:27017/edgev3?authSource=admin
2026-06-17 15:19:10 [32minfo[39m: 	HTTP production server up and running on port 5000 !
2026-06-17 15:19:11 [32minfo[39m: 	Successfully connected to database mongodb://edgev3_app:edgev3_mongodb_pass@mongodb:27017/edgev3?authSource=admin
2026-06-17 15:19:11 [32minfo[39m: 	HTTP CRON server up and running on port 5555 !
2026-06-17 15:19:11 [32minfo[39m: 	Successfully connected to database mongodb://edgev3_app:edgev3_mongodb_pass@mongodb:27017/edgev3?authSource=admin
2026-06-17 15:19:11 [32minfo[39m: 	HTTP production server up and running on port 5000 !
2026-06-17 15:19:13 [32minfo[39m: 	Successfully connected to database mongodb://edgev3_app:edgev3_mongodb_pass@mongodb:27017/edgev3?authSource=admin
2026-06-17 15:19:13 [32minfo[39m: 	HTTP production server up and running on port 5000 !
2026-06-17 15:19:15 [32minfo[39m: 	Successfully connected to database mongodb://edgev3_app:edgev3_mongodb_pass@mongodb:27017/edgev3?authSource=admin
2026-06-17 15:19:15 [32minfo[39m: 	HTTP production server up and running on port 5000 !
2026-06-17 15:19:40 [32minfo[39m: 	Successfully connected to database mongodb://edgev3_app:edgev3_mongodb_pass@mongodb:27017/edgev3?authSource=admin
2026-06-17 15:19:40 [32minfo[39m: 	HTTP production server up and running on port 5000 !
2026-06-17 15:19:41 [32minfo[39m: 	Successfully connected to database mongodb://edgev3_app:edgev3_mongodb_pass@mongodb:27017/edgev3?authSource=admin
2026-06-17 15:19:41 [32minfo[39m: 	HTTP CRON server up and running on port 5555 !
2026-06-17 15:19:42 [32minfo[39m: 	Successfully connected to database mongodb://edgev3_app:edgev3_mongodb_pass@mongodb:27017/edgev3?authSource=admin
2026-06-17 15:19:42 [32minfo[39m: 	HTTP production server up and running on port 5000 !
2026-06-17 15:19:43 [32minfo[39m: 	Successfully connected to database mongodb://edgev3_app:edgev3_mongodb_pass@mongodb:27017/edgev3?authSource=admin
2026-06-17 15:19:43 [32minfo[39m: 	HTTP production server up and running on port 5000 !
2026-06-17 15:19:45 [32minfo[39m: 	Successfully connected to database mongodb://edgev3_app:edgev3_mongodb_pass@mongodb:27017/edgev3?authSource=admin
2026-06-17 15:19:45 [32minfo[39m: 	HTTP production server up and running on port 5000 !
2026-06-17 15:20:10 [32minfo[39m: 	Successfully connected to database mongodb://edgev3_app:edgev3_mongodb_pass@mongodb:27017/edgev3?authSource=admin
2026-06-17 15:20:10 [32minfo[39m: 	HTTP production server up and running on port 5000 !
2026-06-17 15:20:11 [32minfo[39m: 	Successfully connected to database mongodb://edgev3_app:edgev3_mongodb_pass@mongodb:27017/edgev3?authSource=admin
2026-06-17 15:20:11 [32minfo[39m: 	HTTP CRON server up and running on port 5555 !
2026-06-17 15:20:12 [32minfo[39m: 	Successfully connected to database mongodb://edgev3_app:edgev3_mongodb_pass@mongodb:27017/edgev3?authSource=admin
2026-06-17 15:20:12 [32minfo[39m: 	HTTP production server up and running on port 5000 !
2026-06-17 15:20:13 [32minfo[39m: 	Successfully connected to database mongodb://edgev3_app:edgev3_mongodb_pass@mongodb:27017/edgev3?authSource=admin
2026-06-17 15:20:13 [32minfo[39m: 	HTTP production server up and running on port 5000 !
2026-06-17 15:20:15 [32minfo[39m: 	Successfully connected to database mongodb://edgev3_app:edgev3_mongodb_pass@mongodb:27017/edgev3?authSource=admin
2026-06-17 15:20:15 [32minfo[39m: 	HTTP production server up and running on port 5000 !
2026-06-17 15:20:40 [32minfo[39m: 	Successfully connected to database mongodb://edgev3_app:edgev3_mongodb_pass@mongodb:27017/edgev3?authSource=admin
2026-06-17 15:20:40 [32minfo[39m: 	HTTP production server up and running on port 5000 !
2026-06-17 15:20:41 [32minfo[39m: 	Successfully connected to database mongodb://edgev3_app:edgev3_mongodb_pass@mongodb:27017/edgev3?authSource=admin
2026-06-17 15:20:41 [32minfo[39m: 	HTTP CRON server up and running on port 5555 !
2026-06-17 15:20:42 [32minfo[39m: 	Successfully connected to database mongodb://edgev3_app:edgev3_mongodb_pass@mongodb:27017/edgev3?authSource=admin
2026-06-17 15:20:42 [32minfo[39m: 	HTTP production server up and running on port 5000 !
2026-06-17 15:20:43 [32minfo[39m: 	Successfully connected to database mongodb://edgev3_app:edgev3_mongodb_pass@mongodb:27017/edgev3?authSource=admin
2026-06-17 15:20:43 [32minfo[39m: 	HTTP production server up and running on port 5000 !
2026-06-17 15:20:45 [32minfo[39m: 	Successfully connected to database mongodb://edgev3_app:edgev3_mongodb_pass@mongodb:27017/edgev3?authSource=admin
2026-06-17 15:20:45 [32minfo[39m: 	HTTP production server up and running on port 5000 !
2026-06-17 15:21:10 [32minfo[39m: 	Successfully connected to database mongodb://edgev3_app:edgev3_mongodb_pass@mongodb:27017/edgev3?authSource=admin
2026-06-17 15:21:10 [32minfo[39m: 	HTTP production server up and running on port 5000 !
2026-06-17 15:21:11 [32minfo[39m: 	Successfully connected to database mongodb://edgev3_app:edgev3_mongodb_pass@mongodb:27017/edgev3?authSource=admin
2026-06-17 15:21:11 [32minfo[39m: 	HTTP CRON server up and running on port 5555 !
2026-06-17 15:21:12 [32minfo[39m: 	Successfully connected to database mongodb://edgev3_app:edgev3_mongodb_pass@mongodb:27017/edgev3?authSource=admin
2026-06-17 15:21:12 [32minfo[39m: 	HTTP production server up and running on port 5000 !
2026-06-17 15:21:13 [32minfo[39m: 	Successfully connected to database mongodb://edgev3_app:edgev3_mongodb_pass@mongodb:27017/edgev3?authSource=admin
2026-06-17 15:21:13 [32minfo[39m: 	HTTP production server up and running on port 5000 !
2026-06-17 15:21:15 [32minfo[39m: 	Successfully connected to database mongodb://edgev3_app:edgev3_mongodb_pass@mongodb:27017/edgev3?authSource=admin
2026-06-17 15:21:15 [32minfo[39m: 	HTTP production server up and running on port 5000 !
2026-06-17 15:21:40 [32minfo[39m: 	Successfully connected to database mongodb://edgev3_app:edgev3_mongodb_pass@mongodb:27017/edgev3?authSource=admin
2026-06-17 15:21:40 [32minfo[39m: 	HTTP production server up and running on port 5000 !
2026-06-17 15:21:41 [32minfo[39m: 	Successfully connected to database mongodb://edgev3_app:edgev3_mongodb_pass@mongodb:27017/edgev3?authSource=admin
2026-06-17 15:21:41 [32minfo[39m: 	HTTP CRON server up and running on port 5555 !
2026-06-17 15:21:42 [32minfo[39m: 	Successfully connected to database mongodb://edgev3_app:edgev3_mongodb_pass@mongodb:27017/edgev3?authSource=admin
2026-06-17 15:21:42 [32minfo[39m: 	HTTP production server up and running on port 5000 !
2026-06-17 15:21:43 [32minfo[39m: 	Successfully connected to database mongodb://edgev3_app:edgev3_mongodb_pass@mongodb:27017/edgev3?authSource=admin
2026-06-17 15:21:43 [32minfo[39m: 	HTTP production server up and running on port 5000 !
2026-06-17 15:21:45 [32minfo[39m: 	Successfully connected to database mongodb://edgev3_app:edgev3_mongodb_pass@mongodb:27017/edgev3?authSource=admin
2026-06-17 15:21:45 [32minfo[39m: 	HTTP production server up and running on port 5000 !
2026-06-17 15:22:10 [32minfo[39m: 	Successfully connected to database mongodb://edgev3_app:edgev3_mongodb_pass@mongodb:27017/edgev3?authSource=admin
2026-06-17 15:22:10 [32minfo[39m: 	HTTP production server up and running on port 5000 !
2026-06-17 15:22:11 [32minfo[39m: 	Successfully connected to database mongodb://edgev3_app:edgev3_mongodb_pass@mongodb:27017/edgev3?authSource=admin
2026-06-17 15:22:11 [32minfo[39m: 	HTTP CRON server up and running on port 5555 !
2026-06-17 15:22:12 [32minfo[39m: 	Successfully connected to database mongodb://edgev3_app:edgev3_mongodb_pass@mongodb:27017/edgev3?authSource=admin
2026-06-17 15:22:12 [32minfo[39m: 	HTTP production server up and running on port 5000 !
2026-06-17 15:22:13 [32minfo[39m: 	Successfully connected to database mongodb://edgev3_app:edgev3_mongodb_pass@mongodb:27017/edgev3?authSource=admin
2026-06-17 15:22:13 [32minfo[39m: 	HTTP production server up and running on port 5000 !
2026-06-17 15:22:15 [32minfo[39m: 	Successfully connected to database mongodb://edgev3_app:edgev3_mongodb_pass@mongodb:27017/edgev3?authSource=admin
2026-06-17 15:22:15 [32minfo[39m: 	HTTP production server up and running on port 5000 !
2026-06-17 15:22:40 [32minfo[39m: 	Successfully connected to database mongodb://edgev3_app:edgev3_mongodb_pass@mongodb:27017/edgev3?authSource=admin
2026-06-17 15:22:40 [32minfo[39m: 	HTTP production server up and running on port 5000 !
2026-06-17 15:22:41 [32minfo[39m: 	Successfully connected to database mongodb://edgev3_app:edgev3_mongodb_pass@mongodb:27017/edgev3?authSource=admin
2026-06-17 15:22:41 [32minfo[39m: 	HTTP CRON server up and running on port 5555 !
2026-06-17 15:22:42 [32minfo[39m: 	Successfully connected to database mongodb://edgev3_app:edgev3_mongodb_pass@mongodb:27017/edgev3?authSource=admin
2026-06-17 15:22:42 [32minfo[39m: 	HTTP production server up and running on port 5000 !
2026-06-17 15:22:43 [32minfo[39m: 	Successfully connected to database mongodb://edgev3_app:edgev3_mongodb_pass@mongodb:27017/edgev3?authSource=admin
2026-06-17 15:22:43 [32minfo[39m: 	HTTP production server up and running on port 5000 !
2026-06-17 15:22:45 [32minfo[39m: 	Successfully connected to database mongodb://edgev3_app:edgev3_mongodb_pass@mongodb:27017/edgev3?authSource=admin
2026-06-17 15:22:45 [32minfo[39m: 	HTTP production server up and running on port 5000 !
2026-06-17 15:23:10 [32minfo[39m: 	Successfully connected to database mongodb://edgev3_app:edgev3_mongodb_pass@mongodb:27017/edgev3?authSource=admin
2026-06-17 15:23:10 [32minfo[39m: 	HTTP production server up and running on port 5000 !
2026-06-17 15:23:11 [32minfo[39m: 	Successfully connected to database mongodb://edgev3_app:edgev3_mongodb_pass@mongodb:27017/edgev3?authSource=admin
2026-06-17 15:23:11 [32minfo[39m: 	HTTP CRON server up and running on port 5555 !
2026-06-17 15:23:12 [32minfo[39m: 	Successfully connected to database mongodb://edgev3_app:edgev3_mongodb_pass@mongodb:27017/edgev3?authSource=admin
2026-06-17 15:23:12 [32minfo[39m: 	HTTP production server up and running on port 5000 !
2026-06-17 15:23:13 [32minfo[39m: 	Successfully connected to database mongodb://edgev3_app:edgev3_mongodb_pass@mongodb:27017/edgev3?authSource=admin
2026-06-17 15:23:13 [32minfo[39m: 	HTTP production server up and running on port 5000 !
2026-06-17 15:23:15 [32minfo[39m: 	Successfully connected to database mongodb://edgev3_app:edgev3_mongodb_pass@mongodb:27017/edgev3?authSource=admin
2026-06-17 15:23:15 [32minfo[39m: 	HTTP production server up and running on port 5000 !
2026-06-17 15:23:40 [32minfo[39m: 	Successfully connected to database mongodb://edgev3_app:edgev3_mongodb_pass@mongodb:27017/edgev3?authSource=admin
2026-06-17 15:23:40 [32minfo[39m: 	HTTP production server up and running on port 5000 !
2026-06-17 15:23:41 [32minfo[39m: 	Successfully connected to database mongodb://edgev3_app:edgev3_mongodb_pass@mongodb:27017/edgev3?authSource=admin
2026-06-17 15:23:41 [32minfo[39m: 	HTTP CRON server up and running on port 5555 !
2026-06-17 15:23:42 [32minfo[39m: 	Successfully connected to database mongodb://edgev3_app:edgev3_mongodb_pass@mongodb:27017/edgev3?authSource=admin
2026-06-17 15:23:42 [32minfo[39m: 	HTTP production server up and running on port 5000 !
2026-06-17 15:23:43 [32minfo[39m: 	Successfully connected to database mongodb://edgev3_app:edgev3_mongodb_pass@mongodb:27017/edgev3?authSource=admin
2026-06-17 15:23:43 [32minfo[39m: 	HTTP production server up and running on port 5000 !
2026-06-17 15:23:45 [32minfo[39m: 	Successfully connected to database mongodb://edgev3_app:edgev3_mongodb_pass@mongodb:27017/edgev3?authSource=admin
2026-06-17 15:23:45 [32minfo[39m: 	HTTP production server up and running on port 5000 !
2026-06-17 15:24:10 [32minfo[39m: 	Successfully connected to database mongodb://edgev3_app:edgev3_mongodb_pass@mongodb:27017/edgev3?authSource=admin
2026-06-17 15:24:10 [32minfo[39m: 	HTTP production server up and running on port 5000 !
2026-06-17 15:24:11 [32minfo[39m: 	Successfully connected to database mongodb://edgev3_app:edgev3_mongodb_pass@mongodb:27017/edgev3?authSource=admin
2026-06-17 15:24:11 [32minfo[39m: 	HTTP CRON server up and running on port 5555 !
2026-06-17 15:24:12 [32minfo[39m: 	Successfully connected to database mongodb://edgev3_app:edgev3_mongodb_pass@mongodb:27017/edgev3?authSource=admin
2026-06-17 15:24:12 [32minfo[39m: 	HTTP production server up and running on port 5000 !
2026-06-17 15:24:13 [32minfo[39m: 	Successfully connected to database mongodb://edgev3_app:edgev3_mongodb_pass@mongodb:27017/edgev3?authSource=admin
2026-06-17 15:24:13 [32minfo[39m: 	HTTP production server up and running on port 5000 !
2026-06-17 15:24:15 [32minfo[39m: 	Successfully connected to database mongodb://edgev3_app:edgev3_mongodb_pass@mongodb:27017/edgev3?authSource=admin
2026-06-17 15:24:15 [32minfo[39m: 	HTTP production server up and running on port 5000 !
2026-06-17 15:24:40 [32minfo[39m: 	Successfully connected to database mongodb://edgev3_app:edgev3_mongodb_pass@mongodb:27017/edgev3?authSource=admin
2026-06-17 15:24:40 [32minfo[39m: 	HTTP production server up and running on port 5000 !
2026-06-17 15:24:41 [32minfo[39m: 	Successfully connected to database mongodb://edgev3_app:edgev3_mongodb_pass@mongodb:27017/edgev3?authSource=admin
2026-06-17 15:24:41 [32minfo[39m: 	HTTP CRON server up and running on port 5555 !
2026-06-17 15:24:42 [32minfo[39m: 	Successfully connected to database mongodb://edgev3_app:edgev3_mongodb_pass@mongodb:27017/edgev3?authSource=admin
2026-06-17 15:24:42 [32minfo[39m: 	HTTP production server up and running on port 5000 !
2026-06-17 15:24:43 [32minfo[39m: 	Successfully connected to database mongodb://edgev3_app:edgev3_mongodb_pass@mongodb:27017/edgev3?authSource=admin
2026-06-17 15:24:43 [32minfo[39m: 	HTTP production server up and running on port 5000 !
2026-06-17 15:24:45 [32minfo[39m: 	Successfully connected to database mongodb://edgev3_app:edgev3_mongodb_pass@mongodb:27017/edgev3?authSource=admin
2026-06-17 15:24:45 [32minfo[39m: 	HTTP production server up and running on port 5000 !
2026-06-17 15:25:10 [32minfo[39m: 	Successfully connected to database mongodb://edgev3_app:edgev3_mongodb_pass@mongodb:27017/edgev3?authSource=admin
2026-06-17 15:25:10 [32minfo[39m: 	HTTP production server up and running on port 5000 !
2026-06-17 15:25:11 [32minfo[39m: 	Successfully connected to database mongodb://edgev3_app:edgev3_mongodb_pass@mongodb:27017/edgev3?authSource=admin
2026-06-17 15:25:11 [32minfo[39m: 	HTTP CRON server up and running on port 5555 !
2026-06-17 15:25:12 [32minfo[39m: 	Successfully connected to database mongodb://edgev3_app:edgev3_mongodb_pass@mongodb:27017/edgev3?authSource=admin
2026-06-17 15:25:12 [32minfo[39m: 	HTTP production server up and running on port 5000 !
2026-06-17 15:25:13 [32minfo[39m: 	Successfully connected to database mongodb://edgev3_app:edgev3_mongodb_pass@mongodb:27017/edgev3?authSource=admin
2026-06-17 15:25:13 [32minfo[39m: 	HTTP production server up and running on port 5000 !
2026-06-17 15:25:15 [32minfo[39m: 	Successfully connected to database mongodb://edgev3_app:edgev3_mongodb_pass@mongodb:27017/edgev3?authSource=admin
2026-06-17 15:25:15 [32minfo[39m: 	HTTP production server up and running on port 5000 !
2026-06-17 15:25:40 [32minfo[39m: 	Successfully connected to database mongodb://edgev3_app:edgev3_mongodb_pass@mongodb:27017/edgev3?authSource=admin
2026-06-17 15:25:40 [32minfo[39m: 	HTTP production server up and running on port 5000 !
2026-06-17 15:25:41 [32minfo[39m: 	Successfully connected to database mongodb://edgev3_app:edgev3_mongodb_pass@mongodb:27017/edgev3?authSource=admin
2026-06-17 15:25:41 [32minfo[39m: 	HTTP CRON server up and running on port 5555 !
2026-06-17 15:25:42 [32minfo[39m: 	Successfully connected to database mongodb://edgev3_app:edgev3_mongodb_pass@mongodb:27017/edgev3?authSource=admin
2026-06-17 15:25:42 [32minfo[39m: 	HTTP production server up and running on port 5000 !
2026-06-17 15:25:43 [32minfo[39m: 	Successfully connected to database mongodb://edgev3_app:edgev3_mongodb_pass@mongodb:27017/edgev3?authSource=admin
2026-06-17 15:25:43 [32minfo[39m: 	HTTP production server up and running on port 5000 !
2026-06-17 15:25:45 [32minfo[39m: 	Successfully connected to database mongodb://edgev3_app:edgev3_mongodb_pass@mongodb:27017/edgev3?authSource=admin
2026-06-17 15:25:45 [32minfo[39m: 	HTTP production server up and running on port 5000 !
2026-06-17 15:26:10 [32minfo[39m: 	Successfully connected to database mongodb://edgev3_app:edgev3_mongodb_pass@mongodb:27017/edgev3?authSource=admin
2026-06-17 15:26:10 [32minfo[39m: 	HTTP production server up and running on port 5000 !
2026-06-17 15:26:11 [32minfo[39m: 	Successfully connected to database mongodb://edgev3_app:edgev3_mongodb_pass@mongodb:27017/edgev3?authSource=admin
2026-06-17 15:26:11 [32minfo[39m: 	HTTP CRON server up and running on port 5555 !
2026-06-17 15:26:12 [32minfo[39m: 	Successfully connected to database mongodb://edgev3_app:edgev3_mongodb_pass@mongodb:27017/edgev3?authSource=admin
2026-06-17 15:26:12 [32minfo[39m: 	HTTP production server up and running on port 5000 !
2026-06-17 15:26:13 [32minfo[39m: 	Successfully connected to database mongodb://edgev3_app:edgev3_mongodb_pass@mongodb:27017/edgev3?authSource=admin
2026-06-17 15:26:13 [32minfo[39m: 	HTTP production server up and running on port 5000 !
2026-06-17 15:26:15 [32minfo[39m: 	Successfully connected to database mongodb://edgev3_app:edgev3_mongodb_pass@mongodb:27017/edgev3?authSource=admin
2026-06-17 15:26:15 [32minfo[39m: 	HTTP production server up and running on port 5000 !
2026-06-17 15:26:40 [32minfo[39m: 	Successfully connected to database mongodb://edgev3_app:edgev3_mongodb_pass@mongodb:27017/edgev3?authSource=admin
2026-06-17 15:26:40 [32minfo[39m: 	HTTP production server up and running on port 5000 !
2026-06-17 15:26:41 [32minfo[39m: 	Successfully connected to database mongodb://edgev3_app:edgev3_mongodb_pass@mongodb:27017/edgev3?authSource=admin
2026-06-17 15:26:41 [32minfo[39m: 	HTTP CRON server up and running on port 5555 !
2026-06-17 15:26:42 [32minfo[39m: 	Successfully connected to database mongodb://edgev3_app:edgev3_mongodb_pass@mongodb:27017/edgev3?authSource=admin
2026-06-17 15:26:42 [32minfo[39m: 	HTTP production server up and running on port 5000 !
2026-06-17 15:26:43 [32minfo[39m: 	Successfully connected to database mongodb://edgev3_app:edgev3_mongodb_pass@mongodb:27017/edgev3?authSource=admin
2026-06-17 15:26:43 [32minfo[39m: 	HTTP production server up and running on port 5000 !
2026-06-17 15:26:45 [32minfo[39m: 	Successfully connected to database mongodb://edgev3_app:edgev3_mongodb_pass@mongodb:27017/edgev3?authSource=admin
2026-06-17 15:26:45 [32minfo[39m: 	HTTP production server up and running on port 5000 !
2026-06-17 15:27:10 [32minfo[39m: 	Successfully connected to database mongodb://edgev3_app:edgev3_mongodb_pass@mongodb:27017/edgev3?authSource=admin
2026-06-17 15:27:10 [32minfo[39m: 	HTTP production server up and running on port 5000 !
2026-06-17 15:27:11 [32minfo[39m: 	Successfully connected to database mongodb://edgev3_app:edgev3_mongodb_pass@mongodb:27017/edgev3?authSource=admin
2026-06-17 15:27:11 [32minfo[39m: 	HTTP CRON server up and running on port 5555 !
2026-06-17 15:27:12 [32minfo[39m: 	Successfully connected to database mongodb://edgev3_app:edgev3_mongodb_pass@mongodb:27017/edgev3?authSource=admin
2026-06-17 15:27:12 [32minfo[39m: 	HTTP production server up and running on port 5000 !
2026-06-17 15:27:13 [32minfo[39m: 	Successfully connected to database mongodb://edgev3_app:edgev3_mongodb_pass@mongodb:27017/edgev3?authSource=admin
2026-06-17 15:27:13 [32minfo[39m: 	HTTP production server up and running on port 5000 !
2026-06-17 15:27:15 [32minfo[39m: 	Successfully connected to database mongodb://edgev3_app:edgev3_mongodb_pass@mongodb:27017/edgev3?authSource=admin
2026-06-17 15:27:15 [32minfo[39m: 	HTTP production server up and running on port 5000 !
2026-06-17 15:27:40 [32minfo[39m: 	Successfully connected to database mongodb://edgev3_app:edgev3_mongodb_pass@mongodb:27017/edgev3?authSource=admin
2026-06-17 15:27:40 [32minfo[39m: 	HTTP production server up and running on port 5000 !
2026-06-17 15:27:41 [32minfo[39m: 	Successfully connected to database mongodb://edgev3_app:edgev3_mongodb_pass@mongodb:27017/edgev3?authSource=admin
2026-06-17 15:27:41 [32minfo[39m: 	HTTP CRON server up and running on port 5555 !
2026-06-17 15:27:42 [32minfo[39m: 	Successfully connected to database mongodb://edgev3_app:edgev3_mongodb_pass@mongodb:27017/edgev3?authSource=admin
2026-06-17 15:27:42 [32minfo[39m: 	HTTP production server up and running on port 5000 !
2026-06-17 15:27:43 [32minfo[39m: 	Successfully connected to database mongodb://edgev3_app:edgev3_mongodb_pass@mongodb:27017/edgev3?authSource=admin
2026-06-17 15:27:43 [32minfo[39m: 	HTTP production server up and running on port 5000 !
2026-06-17 15:27:45 [32minfo[39m: 	Successfully connected to database mongodb://edgev3_app:edgev3_mongodb_pass@mongodb:27017/edgev3?authSource=admin
2026-06-17 15:27:45 [32minfo[39m: 	HTTP production server up and running on port 5000 !
2026-06-17 15:28:10 [32minfo[39m: 	Successfully connected to database mongodb://edgev3_app:edgev3_mongodb_pass@mongodb:27017/edgev3?authSource=admin
2026-06-17 15:28:10 [32minfo[39m: 	HTTP production server up and running on port 5000 !
2026-06-17 15:28:11 [32minfo[39m: 	Successfully connected to database mongodb://edgev3_app:edgev3_mongodb_pass@mongodb:27017/edgev3?authSource=admin
2026-06-17 15:28:11 [32minfo[39m: 	HTTP CRON server up and running on port 5555 !
2026-06-17 15:28:12 [32minfo[39m: 	Successfully connected to database mongodb://edgev3_app:edgev3_mongodb_pass@mongodb:27017/edgev3?authSource=admin
2026-06-17 15:28:12 [32minfo[39m: 	HTTP production server up and running on port 5000 !
2026-06-17 15:28:13 [32minfo[39m: 	Successfully connected to database mongodb://edgev3_app:edgev3_mongodb_pass@mongodb:27017/edgev3?authSource=admin
2026-06-17 15:28:13 [32minfo[39m: 	HTTP production server up and running on port 5000 !
2026-06-17 15:28:15 [32minfo[39m: 	Successfully connected to database mongodb://edgev3_app:edgev3_mongodb_pass@mongodb:27017/edgev3?authSource=admin
2026-06-17 15:28:15 [32minfo[39m: 	HTTP production server up and running on port 5000 !
2026-06-17 15:28:40 [32minfo[39m: 	Successfully connected to database mongodb://edgev3_app:edgev3_mongodb_pass@mongodb:27017/edgev3?authSource=admin
2026-06-17 15:28:40 [32minfo[39m: 	HTTP production server up and running on port 5000 !
2026-06-17 15:28:42 [32minfo[39m: 	Successfully connected to database mongodb://edgev3_app:edgev3_mongodb_pass@mongodb:27017/edgev3?authSource=admin
2026-06-17 15:28:42 [32minfo[39m: 	HTTP CRON server up and running on port 5555 !
2026-06-17 15:28:42 [32minfo[39m: 	Successfully connected to database mongodb://edgev3_app:edgev3_mongodb_pass@mongodb:27017/edgev3?authSource=admin
2026-06-17 15:28:42 [32minfo[39m: 	HTTP production server up and running on port 5000 !
2026-06-17 15:28:43 [32minfo[39m: 	Successfully connected to database mongodb://edgev3_app:edgev3_mongodb_pass@mongodb:27017/edgev3?authSource=admin
2026-06-17 15:28:43 [32minfo[39m: 	HTTP production server up and running on port 5000 !
2026-06-17 15:28:45 [32minfo[39m: 	Successfully connected to database mongodb://edgev3_app:edgev3_mongodb_pass@mongodb:27017/edgev3?authSource=admin
2026-06-17 15:28:45 [32minfo[39m: 	HTTP production server up and running on port 5000 !
2026-06-17 15:29:10 [32minfo[39m: 	Successfully connected to database mongodb://edgev3_app:edgev3_mongodb_pass@mongodb:27017/edgev3?authSource=admin
2026-06-17 15:29:10 [32minfo[39m: 	HTTP production server up and running on port 5000 !
2026-06-17 15:29:11 [32minfo[39m: 	Successfully connected to database mongodb://edgev3_app:edgev3_mongodb_pass@mongodb:27017/edgev3?authSource=admin
2026-06-17 15:29:11 [32minfo[39m: 	HTTP CRON server up and running on port 5555 !
2026-06-17 15:29:12 [32minfo[39m: 	Successfully connected to database mongodb://edgev3_app:edgev3_mongodb_pass@mongodb:27017/edgev3?authSource=admin
2026-06-17 15:29:12 [32minfo[39m: 	HTTP production server up and running on port 5000 !
2026-06-17 15:29:13 [32minfo[39m: 	Successfully connected to database mongodb://edgev3_app:edgev3_mongodb_pass@mongodb:27017/edgev3?authSource=admin
2026-06-17 15:29:13 [32minfo[39m: 	HTTP production server up and running on port 5000 !
2026-06-17 15:29:15 [32minfo[39m: 	Successfully connected to database mongodb://edgev3_app:edgev3_mongodb_pass@mongodb:27017/edgev3?authSource=admin
2026-06-17 15:29:15 [32minfo[39m: 	HTTP production server up and running on port 5000 !
2026-06-17 15:29:40 [32minfo[39m: 	Successfully connected to database mongodb://edgev3_app:edgev3_mongodb_pass@mongodb:27017/edgev3?authSource=admin
2026-06-17 15:29:40 [32minfo[39m: 	HTTP production server up and running on port 5000 !
2026-06-17 15:29:41 [32minfo[39m: 	Successfully connected to database mongodb://edgev3_app:edgev3_mongodb_pass@mongodb:27017/edgev3?authSource=admin
2026-06-17 15:29:41 [32minfo[39m: 	HTTP CRON server up and running on port 5555 !
2026-06-17 15:29:42 [32minfo[39m: 	Successfully connected to database mongodb://edgev3_app:edgev3_mongodb_pass@mongodb:27017/edgev3?authSource=admin
2026-06-17 15:29:42 [32minfo[39m: 	HTTP production server up and running on port 5000 !
2026-06-17 15:29:43 [32minfo[39m: 	Successfully connected to database mongodb://edgev3_app:edgev3_mongodb_pass@mongodb:27017/edgev3?authSource=admin
2026-06-17 15:29:43 [32minfo[39m: 	HTTP production server up and running on port 5000 !
2026-06-17 15:29:45 [32minfo[39m: 	Successfully connected to database mongodb://edgev3_app:edgev3_mongodb_pass@mongodb:27017/edgev3?authSource=admin
2026-06-17 15:29:45 [32minfo[39m: 	HTTP production server up and running on port 5000 !
2026-06-17 15:30:10 [32minfo[39m: 	Successfully connected to database mongodb://edgev3_app:edgev3_mongodb_pass@mongodb:27017/edgev3?authSource=admin
2026-06-17 15:30:10 [32minfo[39m: 	HTTP production server up and running on port 5000 !
2026-06-17 15:30:11 [32minfo[39m: 	Successfully connected to database mongodb://edgev3_app:edgev3_mongodb_pass@mongodb:27017/edgev3?authSource=admin
2026-06-17 15:30:11 [32minfo[39m: 	HTTP CRON server up and running on port 5555 !
2026-06-17 15:30:12 [32minfo[39m: 	Successfully connected to database mongodb://edgev3_app:edgev3_mongodb_pass@mongodb:27017/edgev3?authSource=admin
2026-06-17 15:30:12 [32minfo[39m: 	HTTP production server up and running on port 5000 !
2026-06-17 15:30:13 [32minfo[39m: 	Successfully connected to database mongodb://edgev3_app:edgev3_mongodb_pass@mongodb:27017/edgev3?authSource=admin
2026-06-17 15:30:13 [32minfo[39m: 	HTTP production server up and running on port 5000 !
2026-06-17 15:30:15 [32minfo[39m: 	Successfully connected to database mongodb://edgev3_app:edgev3_mongodb_pass@mongodb:27017/edgev3?authSource=admin
2026-06-17 15:30:15 [32minfo[39m: 	HTTP production server up and running on port 5000 !
2026-06-17 15:30:40 [32minfo[39m: 	Successfully connected to database mongodb://edgev3_app:edgev3_mongodb_pass@mongodb:27017/edgev3?authSource=admin
2026-06-17 15:30:40 [32minfo[39m: 	HTTP production server up and running on port 5000 !
2026-06-17 15:30:41 [32minfo[39m: 	Successfully connected to database mongodb://edgev3_app:edgev3_mongodb_pass@mongodb:27017/edgev3?authSource=admin
2026-06-17 15:30:41 [32minfo[39m: 	HTTP CRON server up and running on port 5555 !
2026-06-17 15:30:42 [32minfo[39m: 	Successfully connected to database mongodb://edgev3_app:edgev3_mongodb_pass@mongodb:27017/edgev3?authSource=admin
2026-06-17 15:30:42 [32minfo[39m: 	HTTP production server up and running on port 5000 !
2026-06-17 15:30:43 [32minfo[39m: 	Successfully connected to database mongodb://edgev3_app:edgev3_mongodb_pass@mongodb:27017/edgev3?authSource=admin
2026-06-17 15:30:43 [32minfo[39m: 	HTTP production server up and running on port 5000 !
2026-06-17 15:30:45 [32minfo[39m: 	Successfully connected to database mongodb://edgev3_app:edgev3_mongodb_pass@mongodb:27017/edgev3?authSource=admin
2026-06-17 15:30:45 [32minfo[39m: 	HTTP production server up and running on port 5000 !
2026-06-17 15:31:10 [32minfo[39m: 	Successfully connected to database mongodb://edgev3_app:edgev3_mongodb_pass@mongodb:27017/edgev3?authSource=admin
2026-06-17 15:31:10 [32minfo[39m: 	HTTP production server up and running on port 5000 !
2026-06-17 15:31:11 [32minfo[39m: 	Successfully connected to database mongodb://edgev3_app:edgev3_mongodb_pass@mongodb:27017/edgev3?authSource=admin
2026-06-17 15:31:11 [32minfo[39m: 	HTTP CRON server up and running on port 5555 !
2026-06-17 15:31:12 [32minfo[39m: 	Successfully connected to database mongodb://edgev3_app:edgev3_mongodb_pass@mongodb:27017/edgev3?authSource=admin
2026-06-17 15:31:12 [32minfo[39m: 	HTTP production server up and running on port 5000 !
2026-06-17 15:31:13 [32minfo[39m: 	Successfully connected to database mongodb://edgev3_app:edgev3_mongodb_pass@mongodb:27017/edgev3?authSource=admin
2026-06-17 15:31:13 [32minfo[39m: 	HTTP production server up and running on port 5000 !
2026-06-17 15:31:15 [32minfo[39m: 	Successfully connected to database mongodb://edgev3_app:edgev3_mongodb_pass@mongodb:27017/edgev3?authSource=admin
2026-06-17 15:31:15 [32minfo[39m: 	HTTP production server up and running on port 5000 !
2026-06-17 15:31:40 [32minfo[39m: 	Successfully connected to database mongodb://edgev3_app:edgev3_mongodb_pass@mongodb:27017/edgev3?authSource=admin
2026-06-17 15:31:40 [32minfo[39m: 	HTTP production server up and running on port 5000 !
2026-06-17 15:31:42 [32minfo[39m: 	Successfully connected to database mongodb://edgev3_app:edgev3_mongodb_pass@mongodb:27017/edgev3?authSource=admin
2026-06-17 15:31:42 [32minfo[39m: 	HTTP CRON server up and running on port 5555 !
2026-06-17 15:31:42 [32minfo[39m: 	Successfully connected to database mongodb://edgev3_app:edgev3_mongodb_pass@mongodb:27017/edgev3?authSource=admin
2026-06-17 15:31:42 [32minfo[39m: 	HTTP production server up and running on port 5000 !
2026-06-17 15:31:43 [32minfo[39m: 	Successfully connected to database mongodb://edgev3_app:edgev3_mongodb_pass@mongodb:27017/edgev3?authSource=admin
2026-06-17 15:31:43 [32minfo[39m: 	HTTP production server up and running on port 5000 !
2026-06-17 15:31:45 [32minfo[39m: 	Successfully connected to database mongodb://edgev3_app:edgev3_mongodb_pass@mongodb:27017/edgev3?authSource=admin
2026-06-17 15:31:45 [32minfo[39m: 	HTTP production server up and running on port 5000 !
2026-06-17 15:32:10 [32minfo[39m: 	Successfully connected to database mongodb://edgev3_app:edgev3_mongodb_pass@mongodb:27017/edgev3?authSource=admin
2026-06-17 15:32:10 [32minfo[39m: 	HTTP production server up and running on port 5000 !
2026-06-17 15:32:11 [32minfo[39m: 	Successfully connected to database mongodb://edgev3_app:edgev3_mongodb_pass@mongodb:27017/edgev3?authSource=admin
2026-06-17 15:32:11 [32minfo[39m: 	HTTP CRON server up and running on port 5555 !
2026-06-17 15:32:12 [32minfo[39m: 	Successfully connected to database mongodb://edgev3_app:edgev3_mongodb_pass@mongodb:27017/edgev3?authSource=admin
2026-06-17 15:32:12 [32minfo[39m: 	HTTP production server up and running on port 5000 !
2026-06-17 15:32:13 [32minfo[39m: 	Successfully connected to database mongodb://edgev3_app:edgev3_mongodb_pass@mongodb:27017/edgev3?authSource=admin
2026-06-17 15:32:13 [32minfo[39m: 	HTTP production server up and running on port 5000 !
2026-06-17 15:32:15 [32minfo[39m: 	Successfully connected to database mongodb://edgev3_app:edgev3_mongodb_pass@mongodb:27017/edgev3?authSource=admin
2026-06-17 15:32:15 [32minfo[39m: 	HTTP production server up and running on port 5000 !
2026-06-17 15:32:40 [32minfo[39m: 	Successfully connected to database mongodb://edgev3_app:edgev3_mongodb_pass@mongodb:27017/edgev3?authSource=admin
2026-06-17 15:32:40 [32minfo[39m: 	HTTP production server up and running on port 5000 !
2026-06-17 15:32:41 [32minfo[39m: 	Successfully connected to database mongodb://edgev3_app:edgev3_mongodb_pass@mongodb:27017/edgev3?authSource=admin
2026-06-17 15:32:41 [32minfo[39m: 	HTTP CRON server up and running on port 5555 !
2026-06-17 15:32:42 [32minfo[39m: 	Successfully connected to database mongodb://edgev3_app:edgev3_mongodb_pass@mongodb:27017/edgev3?authSource=admin
2026-06-17 15:32:42 [32minfo[39m: 	HTTP production server up and running on port 5000 !
2026-06-17 15:32:43 [32minfo[39m: 	Successfully connected to database mongodb://edgev3_app:edgev3_mongodb_pass@mongodb:27017/edgev3?authSource=admin
2026-06-17 15:32:43 [32minfo[39m: 	HTTP production server up and running on port 5000 !
2026-06-17 15:32:45 [32minfo[39m: 	Successfully connected to database mongodb://edgev3_app:edgev3_mongodb_pass@mongodb:27017/edgev3?authSource=admin
2026-06-17 15:32:45 [32minfo[39m: 	HTTP production server up and running on port 5000 !
2026-06-17 15:33:10 [32minfo[39m: 	Successfully connected to database mongodb://edgev3_app:edgev3_mongodb_pass@mongodb:27017/edgev3?authSource=admin
2026-06-17 15:33:10 [32minfo[39m: 	HTTP production server up and running on port 5000 !
2026-06-17 15:33:12 [32minfo[39m: 	Successfully connected to database mongodb://edgev3_app:edgev3_mongodb_pass@mongodb:27017/edgev3?authSource=admin
2026-06-17 15:33:12 [32minfo[39m: 	HTTP CRON server up and running on port 5555 !
2026-06-17 15:33:12 [32minfo[39m: 	Successfully connected to database mongodb://edgev3_app:edgev3_mongodb_pass@mongodb:27017/edgev3?authSource=admin
2026-06-17 15:33:12 [32minfo[39m: 	HTTP production server up and running on port 5000 !
2026-06-17 15:33:13 [32minfo[39m: 	Successfully connected to database mongodb://edgev3_app:edgev3_mongodb_pass@mongodb:27017/edgev3?authSource=admin
2026-06-17 15:33:13 [32minfo[39m: 	HTTP production server up and running on port 5000 !
2026-06-17 15:33:15 [32minfo[39m: 	Successfully connected to database mongodb://edgev3_app:edgev3_mongodb_pass@mongodb:27017/edgev3?authSource=admin
2026-06-17 15:33:15 [32minfo[39m: 	HTTP production server up and running on port 5000 !
2026-06-17 15:33:40 [32minfo[39m: 	Successfully connected to database mongodb://edgev3_app:edgev3_mongodb_pass@mongodb:27017/edgev3?authSource=admin
2026-06-17 15:33:40 [32minfo[39m: 	HTTP production server up and running on port 5000 !
2026-06-17 15:33:41 [32minfo[39m: 	Successfully connected to database mongodb://edgev3_app:edgev3_mongodb_pass@mongodb:27017/edgev3?authSource=admin
2026-06-17 15:33:41 [32minfo[39m: 	HTTP CRON server up and running on port 5555 !
2026-06-17 15:33:42 [32minfo[39m: 	Successfully connected to database mongodb://edgev3_app:edgev3_mongodb_pass@mongodb:27017/edgev3?authSource=admin
2026-06-17 15:33:42 [32minfo[39m: 	HTTP production server up and running on port 5000 !
2026-06-17 15:33:43 [32minfo[39m: 	Successfully connected to database mongodb://edgev3_app:edgev3_mongodb_pass@mongodb:27017/edgev3?authSource=admin
2026-06-17 15:33:43 [32minfo[39m: 	HTTP production server up and running on port 5000 !
2026-06-17 15:33:45 [32minfo[39m: 	Successfully connected to database mongodb://edgev3_app:edgev3_mongodb_pass@mongodb:27017/edgev3?authSource=admin
2026-06-17 15:33:45 [32minfo[39m: 	HTTP production server up and running on port 5000 !
2026-06-17 15:34:10 [32minfo[39m: 	Successfully connected to database mongodb://edgev3_app:edgev3_mongodb_pass@mongodb:27017/edgev3?authSource=admin
2026-06-17 15:34:10 [32minfo[39m: 	HTTP production server up and running on port 5000 !
2026-06-17 15:34:12 [32minfo[39m: 	Successfully connected to database mongodb://edgev3_app:edgev3_mongodb_pass@mongodb:27017/edgev3?authSource=admin
2026-06-17 15:34:12 [32minfo[39m: 	HTTP CRON server up and running on port 5555 !
2026-06-17 15:34:12 [32minfo[39m: 	Successfully connected to database mongodb://edgev3_app:edgev3_mongodb_pass@mongodb:27017/edgev3?authSource=admin
2026-06-17 15:34:12 [32minfo[39m: 	HTTP production server up and running on port 5000 !
2026-06-17 15:34:14 [32minfo[39m: 	Successfully connected to database mongodb://edgev3_app:edgev3_mongodb_pass@mongodb:27017/edgev3?authSource=admin
2026-06-17 15:34:14 [32minfo[39m: 	HTTP production server up and running on port 5000 !
2026-06-17 15:34:16 [32minfo[39m: 	Successfully connected to database mongodb://edgev3_app:edgev3_mongodb_pass@mongodb:27017/edgev3?authSource=admin
2026-06-17 15:34:16 [32minfo[39m: 	HTTP production server up and running on port 5000 !
2026-06-17 15:34:40 [32minfo[39m: 	Successfully connected to database mongodb://edgev3_app:edgev3_mongodb_pass@mongodb:27017/edgev3?authSource=admin
2026-06-17 15:34:40 [32minfo[39m: 	HTTP production server up and running on port 5000 !
2026-06-17 15:34:42 [32minfo[39m: 	Successfully connected to database mongodb://edgev3_app:edgev3_mongodb_pass@mongodb:27017/edgev3?authSource=admin
2026-06-17 15:34:42 [32minfo[39m: 	HTTP CRON server up and running on port 5555 !
2026-06-17 15:34:42 [32minfo[39m: 	Successfully connected to database mongodb://edgev3_app:edgev3_mongodb_pass@mongodb:27017/edgev3?authSource=admin
2026-06-17 15:34:42 [32minfo[39m: 	HTTP production server up and running on port 5000 !
2026-06-17 15:34:43 [32minfo[39m: 	Successfully connected to database mongodb://edgev3_app:edgev3_mongodb_pass@mongodb:27017/edgev3?authSource=admin
2026-06-17 15:34:43 [32minfo[39m: 	HTTP production server up and running on port 5000 !
2026-06-17 15:34:45 [32minfo[39m: 	Successfully connected to database mongodb://edgev3_app:edgev3_mongodb_pass@mongodb:27017/edgev3?authSource=admin
2026-06-17 15:34:45 [32minfo[39m: 	HTTP production server up and running on port 5000 !
2026-06-17 15:35:10 [32minfo[39m: 	Successfully connected to database mongodb://edgev3_app:edgev3_mongodb_pass@mongodb:27017/edgev3?authSource=admin
2026-06-17 15:35:10 [32minfo[39m: 	HTTP production server up and running on port 5000 !
2026-06-17 15:35:12 [32minfo[39m: 	Successfully connected to database mongodb://edgev3_app:edgev3_mongodb_pass@mongodb:27017/edgev3?authSource=admin
2026-06-17 15:35:12 [32minfo[39m: 	HTTP CRON server up and running on port 5555 !
2026-06-17 15:35:12 [32minfo[39m: 	Successfully connected to database mongodb://edgev3_app:edgev3_mongodb_pass@mongodb:27017/edgev3?authSource=admin
2026-06-17 15:35:12 [32minfo[39m: 	HTTP production server up and running on port 5000 !
2026-06-17 15:35:13 [32minfo[39m: 	Successfully connected to database mongodb://edgev3_app:edgev3_mongodb_pass@mongodb:27017/edgev3?authSource=admin
2026-06-17 15:35:13 [32minfo[39m: 	HTTP production server up and running on port 5000 !
2026-06-17 15:35:15 [32minfo[39m: 	Successfully connected to database mongodb://edgev3_app:edgev3_mongodb_pass@mongodb:27017/edgev3?authSource=admin
2026-06-17 15:35:15 [32minfo[39m: 	HTTP production server up and running on port 5000 !
2026-06-17 15:35:40 [32minfo[39m: 	Successfully connected to database mongodb://edgev3_app:edgev3_mongodb_pass@mongodb:27017/edgev3?authSource=admin
2026-06-17 15:35:40 [32minfo[39m: 	HTTP production server up and running on port 5000 !
2026-06-17 15:35:41 [32minfo[39m: 	Successfully connected to database mongodb://edgev3_app:edgev3_mongodb_pass@mongodb:27017/edgev3?authSource=admin
2026-06-17 15:35:41 [32minfo[39m: 	HTTP CRON server up and running on port 5555 !
2026-06-17 15:35:42 [32minfo[39m: 	Successfully connected to database mongodb://edgev3_app:edgev3_mongodb_pass@mongodb:27017/edgev3?authSource=admin
2026-06-17 15:35:42 [32minfo[39m: 	HTTP production server up and running on port 5000 !
2026-06-17 15:35:43 [32minfo[39m: 	Successfully connected to database mongodb://edgev3_app:edgev3_mongodb_pass@mongodb:27017/edgev3?authSource=admin
2026-06-17 15:35:43 [32minfo[39m: 	HTTP production server up and running on port 5000 !
2026-06-17 15:35:45 [32minfo[39m: 	Successfully connected to database mongodb://edgev3_app:edgev3_mongodb_pass@mongodb:27017/edgev3?authSource=admin
2026-06-17 15:35:45 [32minfo[39m: 	HTTP production server up and running on port 5000 !
2026-06-17 15:36:10 [32minfo[39m: 	Successfully connected to database mongodb://edgev3_app:edgev3_mongodb_pass@mongodb:27017/edgev3?authSource=admin
2026-06-17 15:36:10 [32minfo[39m: 	HTTP production server up and running on port 5000 !
2026-06-17 15:36:12 [32minfo[39m: 	Successfully connected to database mongodb://edgev3_app:edgev3_mongodb_pass@mongodb:27017/edgev3?authSource=admin
2026-06-17 15:36:12 [32minfo[39m: 	HTTP CRON server up and running on port 5555 !
2026-06-17 15:36:12 [32minfo[39m: 	Successfully connected to database mongodb://edgev3_app:edgev3_mongodb_pass@mongodb:27017/edgev3?authSource=admin
2026-06-17 15:36:12 [32minfo[39m: 	HTTP production server up and running on port 5000 !
2026-06-17 15:36:13 [32minfo[39m: 	Successfully connected to database mongodb://edgev3_app:edgev3_mongodb_pass@mongodb:27017/edgev3?authSource=admin
2026-06-17 15:36:13 [32minfo[39m: 	HTTP production server up and running on port 5000 !
2026-06-17 15:36:15 [32minfo[39m: 	Successfully connected to database mongodb://edgev3_app:edgev3_mongodb_pass@mongodb:27017/edgev3?authSource=admin
2026-06-17 15:36:15 [32minfo[39m: 	HTTP production server up and running on port 5000 !
2026-06-17 15:36:40 [32minfo[39m: 	Successfully connected to database mongodb://edgev3_app:edgev3_mongodb_pass@mongodb:27017/edgev3?authSource=admin
2026-06-17 15:36:40 [32minfo[39m: 	HTTP production server up and running on port 5000 !
2026-06-17 15:36:41 [32minfo[39m: 	Successfully connected to database mongodb://edgev3_app:edgev3_mongodb_pass@mongodb:27017/edgev3?authSource=admin
2026-06-17 15:36:41 [32minfo[39m: 	HTTP production server up and running on port 5000 !
2026-06-17 15:36:43 [32minfo[39m: 	Successfully connected to database mongodb://edgev3_app:edgev3_mongodb_pass@mongodb:27017/edgev3?authSource=admin
2026-06-17 15:36:43 [32minfo[39m: 	HTTP production server up and running on port 5000 !
2026-06-17 15:36:45 [32minfo[39m: 	Successfully connected to database mongodb://edgev3_app:edgev3_mongodb_pass@mongodb:27017/edgev3?authSource=admin
2026-06-17 15:36:45 [32minfo[39m: 	HTTP production server up and running on port 5000 !
2026-06-17 15:37:10 [32minfo[39m: 	Successfully connected to database mongodb://edgev3_app:edgev3_mongodb_pass@mongodb:27017/edgev3?authSource=admin
2026-06-17 15:37:10 [32minfo[39m: 	HTTP production server up and running on port 5000 !
2026-06-17 15:37:11 [32minfo[39m: 	Successfully connected to database mongodb://edgev3_app:edgev3_mongodb_pass@mongodb:27017/edgev3?authSource=admin
2026-06-17 15:37:11 [32minfo[39m: 	HTTP CRON server up and running on port 5555 !
2026-06-17 15:37:12 [32minfo[39m: 	Successfully connected to database mongodb://edgev3_app:edgev3_mongodb_pass@mongodb:27017/edgev3?authSource=admin
2026-06-17 15:37:12 [32minfo[39m: 	HTTP production server up and running on port 5000 !
2026-06-17 15:37:13 [32minfo[39m: 	Successfully connected to database mongodb://edgev3_app:edgev3_mongodb_pass@mongodb:27017/edgev3?authSource=admin
2026-06-17 15:37:13 [32minfo[39m: 	HTTP production server up and running on port 5000 !
2026-06-17 15:37:15 [32minfo[39m: 	Successfully connected to database mongodb://edgev3_app:edgev3_mongodb_pass@mongodb:27017/edgev3?authSource=admin
2026-06-17 15:37:15 [32minfo[39m: 	HTTP production server up and running on port 5000 !
2026-06-17 15:37:40 [32minfo[39m: 	Successfully connected to database mongodb://edgev3_app:edgev3_mongodb_pass@mongodb:27017/edgev3?authSource=admin
2026-06-17 15:37:40 [32minfo[39m: 	HTTP production server up and running on port 5000 !
2026-06-17 15:37:41 [32minfo[39m: 	Successfully connected to database mongodb://edgev3_app:edgev3_mongodb_pass@mongodb:27017/edgev3?authSource=admin
2026-06-17 15:37:41 [32minfo[39m: 	HTTP CRON server up and running on port 5555 !
2026-06-17 15:37:42 [32minfo[39m: 	Successfully connected to database mongodb://edgev3_app:edgev3_mongodb_pass@mongodb:27017/edgev3?authSource=admin
2026-06-17 15:37:42 [32minfo[39m: 	HTTP production server up and running on port 5000 !
2026-06-17 15:37:43 [32minfo[39m: 	Successfully connected to database mongodb://edgev3_app:edgev3_mongodb_pass@mongodb:27017/edgev3?authSource=admin
2026-06-17 15:37:43 [32minfo[39m: 	HTTP production server up and running on port 5000 !
2026-06-17 15:37:45 [32minfo[39m: 	Successfully connected to database mongodb://edgev3_app:edgev3_mongodb_pass@mongodb:27017/edgev3?authSource=admin
2026-06-17 15:37:45 [32minfo[39m: 	HTTP production server up and running on port 5000 !
2026-06-17 15:38:10 [32minfo[39m: 	Successfully connected to database mongodb://edgev3_app:edgev3_mongodb_pass@mongodb:27017/edgev3?authSource=admin
2026-06-17 15:38:10 [32minfo[39m: 	HTTP production server up and running on port 5000 !
2026-06-17 15:38:12 [32minfo[39m: 	Successfully connected to database mongodb://edgev3_app:edgev3_mongodb_pass@mongodb:27017/edgev3?authSource=admin
2026-06-17 15:38:12 [32minfo[39m: 	HTTP CRON server up and running on port 5555 !
2026-06-17 15:38:12 [32minfo[39m: 	Successfully connected to database mongodb://edgev3_app:edgev3_mongodb_pass@mongodb:27017/edgev3?authSource=admin
2026-06-17 15:38:12 [32minfo[39m: 	HTTP production server up and running on port 5000 !
2026-06-17 15:38:13 [32minfo[39m: 	Successfully connected to database mongodb://edgev3_app:edgev3_mongodb_pass@mongodb:27017/edgev3?authSource=admin
2026-06-17 15:38:13 [32minfo[39m: 	HTTP production server up and running on port 5000 !
2026-06-17 15:38:15 [32minfo[39m: 	Successfully connected to database mongodb://edgev3_app:edgev3_mongodb_pass@mongodb:27017/edgev3?authSource=admin
2026-06-17 15:38:15 [32minfo[39m: 	HTTP production server up and running on port 5000 !
2026-06-17 15:38:40 [32minfo[39m: 	Successfully connected to database mongodb://edgev3_app:edgev3_mongodb_pass@mongodb:27017/edgev3?authSource=admin
2026-06-17 15:38:40 [32minfo[39m: 	HTTP production server up and running on port 5000 !
2026-06-17 15:38:42 [32minfo[39m: 	Successfully connected to database mongodb://edgev3_app:edgev3_mongodb_pass@mongodb:27017/edgev3?authSource=admin
2026-06-17 15:38:42 [32minfo[39m: 	HTTP CRON server up and running on port 5555 !
2026-06-17 15:38:42 [32minfo[39m: 	Successfully connected to database mongodb://edgev3_app:edgev3_mongodb_pass@mongodb:27017/edgev3?authSource=admin
2026-06-17 15:38:42 [32minfo[39m: 	HTTP production server up and running on port 5000 !
2026-06-17 15:38:43 [32minfo[39m: 	Successfully connected to database mongodb://edgev3_app:edgev3_mongodb_pass@mongodb:27017/edgev3?authSource=admin
2026-06-17 15:38:43 [32minfo[39m: 	HTTP production server up and running on port 5000 !
2026-06-17 15:38:45 [32minfo[39m: 	Successfully connected to database mongodb://edgev3_app:edgev3_mongodb_pass@mongodb:27017/edgev3?authSource=admin
2026-06-17 15:38:45 [32minfo[39m: 	HTTP production server up and running on port 5000 !
2026-06-17 15:39:10 [32minfo[39m: 	Successfully connected to database mongodb://edgev3_app:edgev3_mongodb_pass@mongodb:27017/edgev3?authSource=admin
2026-06-17 15:39:10 [32minfo[39m: 	HTTP production server up and running on port 5000 !
2026-06-17 15:39:12 [32minfo[39m: 	Successfully connected to database mongodb://edgev3_app:edgev3_mongodb_pass@mongodb:27017/edgev3?authSource=admin
2026-06-17 15:39:12 [32minfo[39m: 	HTTP CRON server up and running on port 5555 !
2026-06-17 15:39:12 [32minfo[39m: 	Successfully connected to database mongodb://edgev3_app:edgev3_mongodb_pass@mongodb:27017/edgev3?authSource=admin
2026-06-17 15:39:12 [32minfo[39m: 	HTTP production server up and running on port 5000 !
2026-06-17 15:39:13 [32minfo[39m: 	Successfully connected to database mongodb://edgev3_app:edgev3_mongodb_pass@mongodb:27017/edgev3?authSource=admin
2026-06-17 15:39:13 [32minfo[39m: 	HTTP production server up and running on port 5000 !
2026-06-17 15:39:15 [32minfo[39m: 	Successfully connected to database mongodb://edgev3_app:edgev3_mongodb_pass@mongodb:27017/edgev3?authSource=admin
2026-06-17 15:39:15 [32minfo[39m: 	HTTP production server up and running on port 5000 !
2026-06-17 15:39:40 [32minfo[39m: 	Successfully connected to database mongodb://edgev3_app:edgev3_mongodb_pass@mongodb:27017/edgev3?authSource=admin
2026-06-17 15:39:40 [32minfo[39m: 	HTTP production server up and running on port 5000 !
2026-06-17 15:39:41 [32minfo[39m: 	Successfully connected to database mongodb://edgev3_app:edgev3_mongodb_pass@mongodb:27017/edgev3?authSource=admin
2026-06-17 15:39:41 [32minfo[39m: 	HTTP CRON server up and running on port 5555 !
2026-06-17 15:39:42 [32minfo[39m: 	Successfully connected to database mongodb://edgev3_app:edgev3_mongodb_pass@mongodb:27017/edgev3?authSource=admin
2026-06-17 15:39:42 [32minfo[39m: 	HTTP production server up and running on port 5000 !
2026-06-17 15:39:43 [32minfo[39m: 	Successfully connected to database mongodb://edgev3_app:edgev3_mongodb_pass@mongodb:27017/edgev3?authSource=admin
2026-06-17 15:39:43 [32minfo[39m: 	HTTP production server up and running on port 5000 !
2026-06-17 15:39:45 [32minfo[39m: 	Successfully connected to database mongodb://edgev3_app:edgev3_mongodb_pass@mongodb:27017/edgev3?authSource=admin
2026-06-17 15:39:45 [32minfo[39m: 	HTTP production server up and running on port 5000 !
2026-06-17 15:40:10 [32minfo[39m: 	Successfully connected to database mongodb://edgev3_app:edgev3_mongodb_pass@mongodb:27017/edgev3?authSource=admin
2026-06-17 15:40:10 [32minfo[39m: 	HTTP production server up and running on port 5000 !
2026-06-17 15:40:11 [32minfo[39m: 	Successfully connected to database mongodb://edgev3_app:edgev3_mongodb_pass@mongodb:27017/edgev3?authSource=admin
2026-06-17 15:40:11 [32minfo[39m: 	HTTP CRON server up and running on port 5555 !
2026-06-17 15:40:12 [32minfo[39m: 	Successfully connected to database mongodb://edgev3_app:edgev3_mongodb_pass@mongodb:27017/edgev3?authSource=admin
2026-06-17 15:40:12 [32minfo[39m: 	HTTP production server up and running on port 5000 !
2026-06-17 15:40:13 [32minfo[39m: 	Successfully connected to database mongodb://edgev3_app:edgev3_mongodb_pass@mongodb:27017/edgev3?authSource=admin
2026-06-17 15:40:13 [32minfo[39m: 	HTTP production server up and running on port 5000 !
2026-06-17 15:40:15 [32minfo[39m: 	Successfully connected to database mongodb://edgev3_app:edgev3_mongodb_pass@mongodb:27017/edgev3?authSource=admin
2026-06-17 15:40:15 [32minfo[39m: 	HTTP production server up and running on port 5000 !
2026-06-17 15:40:40 [32minfo[39m: 	Successfully connected to database mongodb://edgev3_app:edgev3_mongodb_pass@mongodb:27017/edgev3?authSource=admin
2026-06-17 15:40:40 [32minfo[39m: 	HTTP production server up and running on port 5000 !
2026-06-17 15:40:42 [32minfo[39m: 	Successfully connected to database mongodb://edgev3_app:edgev3_mongodb_pass@mongodb:27017/edgev3?authSource=admin
2026-06-17 15:40:42 [32minfo[39m: 	HTTP CRON server up and running on port 5555 !
2026-06-17 15:40:42 [32minfo[39m: 	Successfully connected to database mongodb://edgev3_app:edgev3_mongodb_pass@mongodb:27017/edgev3?authSource=admin
2026-06-17 15:40:42 [32minfo[39m: 	HTTP production server up and running on port 5000 !
2026-06-17 15:40:43 [32minfo[39m: 	Successfully connected to database mongodb://edgev3_app:edgev3_mongodb_pass@mongodb:27017/edgev3?authSource=admin
2026-06-17 15:40:43 [32minfo[39m: 	HTTP production server up and running on port 5000 !
2026-06-17 15:40:45 [32minfo[39m: 	Successfully connected to database mongodb://edgev3_app:edgev3_mongodb_pass@mongodb:27017/edgev3?authSource=admin
2026-06-17 15:40:45 [32minfo[39m: 	HTTP production server up and running on port 5000 !
2026-06-17 15:41:10 [32minfo[39m: 	Successfully connected to database mongodb://edgev3_app:edgev3_mongodb_pass@mongodb:27017/edgev3?authSource=admin
2026-06-17 15:41:10 [32minfo[39m: 	HTTP production server up and running on port 5000 !
2026-06-17 15:41:12 [32minfo[39m: 	Successfully connected to database mongodb://edgev3_app:edgev3_mongodb_pass@mongodb:27017/edgev3?authSource=admin
2026-06-17 15:41:12 [32minfo[39m: 	HTTP CRON server up and running on port 5555 !
2026-06-17 15:41:12 [32minfo[39m: 	Successfully connected to database mongodb://edgev3_app:edgev3_mongodb_pass@mongodb:27017/edgev3?authSource=admin
2026-06-17 15:41:12 [32minfo[39m: 	HTTP production server up and running on port 5000 !
2026-06-17 15:41:13 [32minfo[39m: 	Successfully connected to database mongodb://edgev3_app:edgev3_mongodb_pass@mongodb:27017/edgev3?authSource=admin
2026-06-17 15:41:13 [32minfo[39m: 	HTTP production server up and running on port 5000 !
2026-06-17 15:41:15 [32minfo[39m: 	Successfully connected to database mongodb://edgev3_app:edgev3_mongodb_pass@mongodb:27017/edgev3?authSource=admin
2026-06-17 15:41:15 [32minfo[39m: 	HTTP production server up and running on port 5000 !
2026-06-17 15:41:40 [32minfo[39m: 	Successfully connected to database mongodb://edgev3_app:edgev3_mongodb_pass@mongodb:27017/edgev3?authSource=admin
2026-06-17 15:41:40 [32minfo[39m: 	HTTP production server up and running on port 5000 !
2026-06-17 15:41:42 [32minfo[39m: 	Successfully connected to database mongodb://edgev3_app:edgev3_mongodb_pass@mongodb:27017/edgev3?authSource=admin
2026-06-17 15:41:42 [32minfo[39m: 	HTTP CRON server up and running on port 5555 !
2026-06-17 15:41:42 [32minfo[39m: 	Successfully connected to database mongodb://edgev3_app:edgev3_mongodb_pass@mongodb:27017/edgev3?authSource=admin
2026-06-17 15:41:42 [32minfo[39m: 	HTTP production server up and running on port 5000 !
2026-06-17 15:41:43 [32minfo[39m: 	Successfully connected to database mongodb://edgev3_app:edgev3_mongodb_pass@mongodb:27017/edgev3?authSource=admin
2026-06-17 15:41:43 [32minfo[39m: 	HTTP production server up and running on port 5000 !
2026-06-17 15:41:45 [32minfo[39m: 	Successfully connected to database mongodb://edgev3_app:edgev3_mongodb_pass@mongodb:27017/edgev3?authSource=admin
2026-06-17 15:41:45 [32minfo[39m: 	HTTP production server up and running on port 5000 !
2026-06-17 15:42:10 [32minfo[39m: 	Successfully connected to database mongodb://edgev3_app:edgev3_mongodb_pass@mongodb:27017/edgev3?authSource=admin
2026-06-17 15:42:10 [32minfo[39m: 	HTTP production server up and running on port 5000 !
2026-06-17 15:42:12 [32minfo[39m: 	Successfully connected to database mongodb://edgev3_app:edgev3_mongodb_pass@mongodb:27017/edgev3?authSource=admin
2026-06-17 15:42:12 [32minfo[39m: 	HTTP CRON server up and running on port 5555 !
2026-06-17 15:42:12 [32minfo[39m: 	Successfully connected to database mongodb://edgev3_app:edgev3_mongodb_pass@mongodb:27017/edgev3?authSource=admin
2026-06-17 15:42:12 [32minfo[39m: 	HTTP production server up and running on port 5000 !
2026-06-17 15:42:13 [32minfo[39m: 	Successfully connected to database mongodb://edgev3_app:edgev3_mongodb_pass@mongodb:27017/edgev3?authSource=admin
2026-06-17 15:42:13 [32minfo[39m: 	HTTP production server up and running on port 5000 !
2026-06-17 15:42:15 [32minfo[39m: 	Successfully connected to database mongodb://edgev3_app:edgev3_mongodb_pass@mongodb:27017/edgev3?authSource=admin
2026-06-17 15:42:15 [32minfo[39m: 	HTTP production server up and running on port 5000 !
2026-06-17 15:42:40 [32minfo[39m: 	Successfully connected to database mongodb://edgev3_app:edgev3_mongodb_pass@mongodb:27017/edgev3?authSource=admin
2026-06-17 15:42:40 [32minfo[39m: 	HTTP production server up and running on port 5000 !
2026-06-17 15:42:42 [32minfo[39m: 	Successfully connected to database mongodb://edgev3_app:edgev3_mongodb_pass@mongodb:27017/edgev3?authSource=admin
2026-06-17 15:42:42 [32minfo[39m: 	HTTP CRON server up and running on port 5555 !
2026-06-17 15:42:42 [32minfo[39m: 	Successfully connected to database mongodb://edgev3_app:edgev3_mongodb_pass@mongodb:27017/edgev3?authSource=admin
2026-06-17 15:42:42 [32minfo[39m: 	HTTP production server up and running on port 5000 !
2026-06-17 15:42:43 [32minfo[39m: 	Successfully connected to database mongodb://edgev3_app:edgev3_mongodb_pass@mongodb:27017/edgev3?authSource=admin
2026-06-17 15:42:43 [32minfo[39m: 	HTTP production server up and running on port 5000 !
2026-06-17 15:42:45 [32minfo[39m: 	Successfully connected to database mongodb://edgev3_app:edgev3_mongodb_pass@mongodb:27017/edgev3?authSource=admin
2026-06-17 15:42:45 [32minfo[39m: 	HTTP production server up and running on port 5000 !
2026-06-17 15:43:10 [32minfo[39m: 	Successfully connected to database mongodb://edgev3_app:edgev3_mongodb_pass@mongodb:27017/edgev3?authSource=admin
2026-06-17 15:43:10 [32minfo[39m: 	HTTP production server up and running on port 5000 !
2026-06-17 15:43:12 [32minfo[39m: 	Successfully connected to database mongodb://edgev3_app:edgev3_mongodb_pass@mongodb:27017/edgev3?authSource=admin
2026-06-17 15:43:12 [32minfo[39m: 	HTTP CRON server up and running on port 5555 !
2026-06-17 15:43:12 [32minfo[39m: 	Successfully connected to database mongodb://edgev3_app:edgev3_mongodb_pass@mongodb:27017/edgev3?authSource=admin
2026-06-17 15:43:12 [32minfo[39m: 	HTTP production server up and running on port 5000 !
2026-06-17 15:43:13 [32minfo[39m: 	Successfully connected to database mongodb://edgev3_app:edgev3_mongodb_pass@mongodb:27017/edgev3?authSource=admin
2026-06-17 15:43:13 [32minfo[39m: 	HTTP production server up and running on port 5000 !
2026-06-17 15:43:15 [32minfo[39m: 	Successfully connected to database mongodb://edgev3_app:edgev3_mongodb_pass@mongodb:27017/edgev3?authSource=admin
2026-06-17 15:43:15 [32minfo[39m: 	HTTP production server up and running on port 5000 !
2026-06-17 15:43:40 [32minfo[39m: 	Successfully connected to database mongodb://edgev3_app:edgev3_mongodb_pass@mongodb:27017/edgev3?authSource=admin
2026-06-17 15:43:40 [32minfo[39m: 	HTTP production server up and running on port 5000 !
2026-06-17 15:43:42 [32minfo[39m: 	Successfully connected to database mongodb://edgev3_app:edgev3_mongodb_pass@mongodb:27017/edgev3?authSource=admin
2026-06-17 15:43:42 [32minfo[39m: 	HTTP CRON server up and running on port 5555 !
2026-06-17 15:43:42 [32minfo[39m: 	Successfully connected to database mongodb://edgev3_app:edgev3_mongodb_pass@mongodb:27017/edgev3?authSource=admin
2026-06-17 15:43:42 [32minfo[39m: 	HTTP production server up and running on port 5000 !
2026-06-17 15:43:43 [32minfo[39m: 	Successfully connected to database mongodb://edgev3_app:edgev3_mongodb_pass@mongodb:27017/edgev3?authSource=admin
2026-06-17 15:43:43 [32minfo[39m: 	HTTP production server up and running on port 5000 !
2026-06-17 15:43:45 [32minfo[39m: 	Successfully connected to database mongodb://edgev3_app:edgev3_mongodb_pass@mongodb:27017/edgev3?authSource=admin
2026-06-17 15:43:45 [32minfo[39m: 	HTTP production server up and running on port 5000 !
2026-06-17 15:44:10 [32minfo[39m: 	Successfully connected to database mongodb://edgev3_app:edgev3_mongodb_pass@mongodb:27017/edgev3?authSource=admin
2026-06-17 15:44:10 [32minfo[39m: 	HTTP production server up and running on port 5000 !
2026-06-17 15:44:12 [32minfo[39m: 	Successfully connected to database mongodb://edgev3_app:edgev3_mongodb_pass@mongodb:27017/edgev3?authSource=admin
2026-06-17 15:44:12 [32minfo[39m: 	HTTP CRON server up and running on port 5555 !
2026-06-17 15:44:12 [32minfo[39m: 	Successfully connected to database mongodb://edgev3_app:edgev3_mongodb_pass@mongodb:27017/edgev3?authSource=admin
2026-06-17 15:44:12 [32minfo[39m: 	HTTP production server up and running on port 5000 !
2026-06-17 15:44:13 [32minfo[39m: 	Successfully connected to database mongodb://edgev3_app:edgev3_mongodb_pass@mongodb:27017/edgev3?authSource=admin
2026-06-17 15:44:13 [32minfo[39m: 	HTTP production server up and running on port 5000 !
2026-06-17 15:44:15 [32minfo[39m: 	Successfully connected to database mongodb://edgev3_app:edgev3_mongodb_pass@mongodb:27017/edgev3?authSource=admin
2026-06-17 15:44:15 [32minfo[39m: 	HTTP production server up and running on port 5000 !
2026-06-17 15:44:40 [32minfo[39m: 	Successfully connected to database mongodb://edgev3_app:edgev3_mongodb_pass@mongodb:27017/edgev3?authSource=admin
2026-06-17 15:44:40 [32minfo[39m: 	HTTP production server up and running on port 5000 !
2026-06-17 15:44:42 [32minfo[39m: 	Successfully connected to database mongodb://edgev3_app:edgev3_mongodb_pass@mongodb:27017/edgev3?authSource=admin
2026-06-17 15:44:42 [32minfo[39m: 	HTTP CRON server up and running on port 5555 !
2026-06-17 15:44:42 [32minfo[39m: 	Successfully connected to database mongodb://edgev3_app:edgev3_mongodb_pass@mongodb:27017/edgev3?authSource=admin
2026-06-17 15:44:42 [32minfo[39m: 	HTTP production server up and running on port 5000 !
2026-06-17 15:44:43 [32minfo[39m: 	Successfully connected to database mongodb://edgev3_app:edgev3_mongodb_pass@mongodb:27017/edgev3?authSource=admin
2026-06-17 15:44:43 [32minfo[39m: 	HTTP production server up and running on port 5000 !
2026-06-17 15:44:45 [32minfo[39m: 	Successfully connected to database mongodb://edgev3_app:edgev3_mongodb_pass@mongodb:27017/edgev3?authSource=admin
2026-06-17 15:44:45 [32minfo[39m: 	HTTP production server up and running on port 5000 !
2026-06-17 15:45:10 [32minfo[39m: 	Successfully connected to database mongodb://edgev3_app:edgev3_mongodb_pass@mongodb:27017/edgev3?authSource=admin
2026-06-17 15:45:10 [32minfo[39m: 	HTTP production server up and running on port 5000 !
2026-06-17 15:45:12 [32minfo[39m: 	Successfully connected to database mongodb://edgev3_app:edgev3_mongodb_pass@mongodb:27017/edgev3?authSource=admin
2026-06-17 15:45:12 [32minfo[39m: 	HTTP CRON server up and running on port 5555 !
2026-06-17 15:45:12 [32minfo[39m: 	Successfully connected to database mongodb://edgev3_app:edgev3_mongodb_pass@mongodb:27017/edgev3?authSource=admin
2026-06-17 15:45:12 [32minfo[39m: 	HTTP production server up and running on port 5000 !
2026-06-17 15:45:13 [32minfo[39m: 	Successfully connected to database mongodb://edgev3_app:edgev3_mongodb_pass@mongodb:27017/edgev3?authSource=admin
2026-06-17 15:45:13 [32minfo[39m: 	HTTP production server up and running on port 5000 !
2026-06-17 15:45:15 [32minfo[39m: 	Successfully connected to database mongodb://edgev3_app:edgev3_mongodb_pass@mongodb:27017/edgev3?authSource=admin
2026-06-17 15:45:15 [32minfo[39m: 	HTTP production server up and running on port 5000 !
2026-06-17 15:45:40 [32minfo[39m: 	Successfully connected to database mongodb://edgev3_app:edgev3_mongodb_pass@mongodb:27017/edgev3?authSource=admin
2026-06-17 15:45:40 [32minfo[39m: 	HTTP production server up and running on port 5000 !
2026-06-17 15:45:42 [32minfo[39m: 	Successfully connected to database mongodb://edgev3_app:edgev3_mongodb_pass@mongodb:27017/edgev3?authSource=admin
2026-06-17 15:45:42 [32minfo[39m: 	HTTP CRON server up and running on port 5555 !
2026-06-17 15:45:42 [32minfo[39m: 	Successfully connected to database mongodb://edgev3_app:edgev3_mongodb_pass@mongodb:27017/edgev3?authSource=admin
2026-06-17 15:45:42 [32minfo[39m: 	HTTP production server up and running on port 5000 !
2026-06-17 15:45:43 [32minfo[39m: 	Successfully connected to database mongodb://edgev3_app:edgev3_mongodb_pass@mongodb:27017/edgev3?authSource=admin
2026-06-17 15:45:43 [32minfo[39m: 	HTTP production server up and running on port 5000 !
2026-06-17 15:45:45 [32minfo[39m: 	Successfully connected to database mongodb://edgev3_app:edgev3_mongodb_pass@mongodb:27017/edgev3?authSource=admin
2026-06-17 15:45:45 [32minfo[39m: 	HTTP production server up and running on port 5000 !
2026-06-17 15:46:10 [32minfo[39m: 	Successfully connected to database mongodb://edgev3_app:edgev3_mongodb_pass@mongodb:27017/edgev3?authSource=admin
2026-06-17 15:46:10 [32minfo[39m: 	HTTP production server up and running on port 5000 !
2026-06-17 15:46:12 [32minfo[39m: 	Successfully connected to database mongodb://edgev3_app:edgev3_mongodb_pass@mongodb:27017/edgev3?authSource=admin
2026-06-17 15:46:12 [32minfo[39m: 	HTTP CRON server up and running on port 5555 !
2026-06-17 15:46:12 [32minfo[39m: 	Successfully connected to database mongodb://edgev3_app:edgev3_mongodb_pass@mongodb:27017/edgev3?authSource=admin
2026-06-17 15:46:12 [32minfo[39m: 	HTTP production server up and running on port 5000 !
2026-06-17 15:46:13 [32minfo[39m: 	Successfully connected to database mongodb://edgev3_app:edgev3_mongodb_pass@mongodb:27017/edgev3?authSource=admin
2026-06-17 15:46:13 [32minfo[39m: 	HTTP production server up and running on port 5000 !
2026-06-17 15:46:15 [32minfo[39m: 	Successfully connected to database mongodb://edgev3_app:edgev3_mongodb_pass@mongodb:27017/edgev3?authSource=admin
2026-06-17 15:46:15 [32minfo[39m: 	HTTP production server up and running on port 5000 !
2026-06-17 15:46:40 [32minfo[39m: 	Successfully connected to database mongodb://edgev3_app:edgev3_mongodb_pass@mongodb:27017/edgev3?authSource=admin
2026-06-17 15:46:40 [32minfo[39m: 	HTTP production server up and running on port 5000 !
2026-06-17 15:46:42 [32minfo[39m: 	Successfully connected to database mongodb://edgev3_app:edgev3_mongodb_pass@mongodb:27017/edgev3?authSource=admin
2026-06-17 15:46:42 [32minfo[39m: 	HTTP CRON server up and running on port 5555 !
2026-06-17 15:46:42 [32minfo[39m: 	Successfully connected to database mongodb://edgev3_app:edgev3_mongodb_pass@mongodb:27017/edgev3?authSource=admin
2026-06-17 15:46:42 [32minfo[39m: 	HTTP production server up and running on port 5000 !
2026-06-17 15:46:43 [32minfo[39m: 	Successfully connected to database mongodb://edgev3_app:edgev3_mongodb_pass@mongodb:27017/edgev3?authSource=admin
2026-06-17 15:46:43 [32minfo[39m: 	HTTP production server up and running on port 5000 !
2026-06-17 15:46:45 [32minfo[39m: 	Successfully connected to database mongodb://edgev3_app:edgev3_mongodb_pass@mongodb:27017/edgev3?authSource=admin
2026-06-17 15:46:45 [32minfo[39m: 	HTTP production server up and running on port 5000 !
2026-06-17 15:47:10 [32minfo[39m: 	Successfully connected to database mongodb://edgev3_app:edgev3_mongodb_pass@mongodb:27017/edgev3?authSource=admin
2026-06-17 15:47:10 [32minfo[39m: 	HTTP production server up and running on port 5000 !
2026-06-17 15:47:12 [32minfo[39m: 	Successfully connected to database mongodb://edgev3_app:edgev3_mongodb_pass@mongodb:27017/edgev3?authSource=admin
2026-06-17 15:47:12 [32minfo[39m: 	HTTP CRON server up and running on port 5555 !
2026-06-17 15:47:12 [32minfo[39m: 	Successfully connected to database mongodb://edgev3_app:edgev3_mongodb_pass@mongodb:27017/edgev3?authSource=admin
2026-06-17 15:47:12 [32minfo[39m: 	HTTP production server up and running on port 5000 !
2026-06-17 15:47:14 [32minfo[39m: 	Successfully connected to database mongodb://edgev3_app:edgev3_mongodb_pass@mongodb:27017/edgev3?authSource=admin
2026-06-17 15:47:14 [32minfo[39m: 	HTTP production server up and running on port 5000 !
2026-06-17 15:47:15 [32minfo[39m: 	Successfully connected to database mongodb://edgev3_app:edgev3_mongodb_pass@mongodb:27017/edgev3?authSource=admin
2026-06-17 15:47:15 [32minfo[39m: 	HTTP production server up and running on port 5000 !
2026-06-17 15:47:40 [32minfo[39m: 	Successfully connected to database mongodb://edgev3_app:edgev3_mongodb_pass@mongodb:27017/edgev3?authSource=admin
2026-06-17 15:47:40 [32minfo[39m: 	HTTP production server up and running on port 5000 !
2026-06-17 15:47:42 [32minfo[39m: 	Successfully connected to database mongodb://edgev3_app:edgev3_mongodb_pass@mongodb:27017/edgev3?authSource=admin
2026-06-17 15:47:42 [32minfo[39m: 	HTTP CRON server up and running on port 5555 !
2026-06-17 15:47:42 [32minfo[39m: 	Successfully connected to database mongodb://edgev3_app:edgev3_mongodb_pass@mongodb:27017/edgev3?authSource=admin
2026-06-17 15:47:42 [32minfo[39m: 	HTTP production server up and running on port 5000 !
2026-06-17 15:47:43 [32minfo[39m: 	Successfully connected to database mongodb://edgev3_app:edgev3_mongodb_pass@mongodb:27017/edgev3?authSource=admin
2026-06-17 15:47:43 [32minfo[39m: 	HTTP production server up and running on port 5000 !
2026-06-17 15:47:45 [32minfo[39m: 	Successfully connected to database mongodb://edgev3_app:edgev3_mongodb_pass@mongodb:27017/edgev3?authSource=admin
2026-06-17 15:47:45 [32minfo[39m: 	HTTP production server up and running on port 5000 !
2026-06-17 15:48:10 [32minfo[39m: 	Successfully connected to database mongodb://edgev3_app:edgev3_mongodb_pass@mongodb:27017/edgev3?authSource=admin
2026-06-17 15:48:10 [32minfo[39m: 	HTTP production server up and running on port 5000 !
2026-06-17 15:48:12 [32minfo[39m: 	Successfully connected to database mongodb://edgev3_app:edgev3_mongodb_pass@mongodb:27017/edgev3?authSource=admin
2026-06-17 15:48:12 [32minfo[39m: 	HTTP CRON server up and running on port 5555 !
2026-06-17 15:48:12 [32minfo[39m: 	Successfully connected to database mongodb://edgev3_app:edgev3_mongodb_pass@mongodb:27017/edgev3?authSource=admin
2026-06-17 15:48:12 [32minfo[39m: 	HTTP production server up and running on port 5000 !
2026-06-17 15:48:13 [32minfo[39m: 	Successfully connected to database mongodb://edgev3_app:edgev3_mongodb_pass@mongodb:27017/edgev3?authSource=admin
2026-06-17 15:48:13 [32minfo[39m: 	HTTP production server up and running on port 5000 !
2026-06-17 15:48:15 [32minfo[39m: 	Successfully connected to database mongodb://edgev3_app:edgev3_mongodb_pass@mongodb:27017/edgev3?authSource=admin
2026-06-17 15:48:15 [32minfo[39m: 	HTTP production server up and running on port 5000 !
2026-06-17 15:48:40 [32minfo[39m: 	Successfully connected to database mongodb://edgev3_app:edgev3_mongodb_pass@mongodb:27017/edgev3?authSource=admin
2026-06-17 15:48:40 [32minfo[39m: 	HTTP production server up and running on port 5000 !
2026-06-17 15:48:42 [32minfo[39m: 	Successfully connected to database mongodb://edgev3_app:edgev3_mongodb_pass@mongodb:27017/edgev3?authSource=admin
2026-06-17 15:48:42 [32minfo[39m: 	HTTP CRON server up and running on port 5555 !
2026-06-17 15:48:42 [32minfo[39m: 	Successfully connected to database mongodb://edgev3_app:edgev3_mongodb_pass@mongodb:27017/edgev3?authSource=admin
2026-06-17 15:48:42 [32minfo[39m: 	HTTP production server up and running on port 5000 !
2026-06-17 15:48:43 [32minfo[39m: 	Successfully connected to database mongodb://edgev3_app:edgev3_mongodb_pass@mongodb:27017/edgev3?authSource=admin
2026-06-17 15:48:43 [32minfo[39m: 	HTTP production server up and running on port 5000 !
2026-06-17 15:48:45 [32minfo[39m: 	Successfully connected to database mongodb://edgev3_app:edgev3_mongodb_pass@mongodb:27017/edgev3?authSource=admin
2026-06-17 15:48:45 [32minfo[39m: 	HTTP production server up and running on port 5000 !
2026-06-17 15:49:10 [32minfo[39m: 	Successfully connected to database mongodb://edgev3_app:edgev3_mongodb_pass@mongodb:27017/edgev3?authSource=admin
2026-06-17 15:49:10 [32minfo[39m: 	HTTP production server up and running on port 5000 !
2026-06-17 15:49:12 [32minfo[39m: 	Successfully connected to database mongodb://edgev3_app:edgev3_mongodb_pass@mongodb:27017/edgev3?authSource=admin
2026-06-17 15:49:12 [32minfo[39m: 	HTTP CRON server up and running on port 5555 !
2026-06-17 15:49:12 [32minfo[39m: 	Successfully connected to database mongodb://edgev3_app:edgev3_mongodb_pass@mongodb:27017/edgev3?authSource=admin
2026-06-17 15:49:12 [32minfo[39m: 	HTTP production server up and running on port 5000 !
2026-06-17 15:49:13 [32minfo[39m: 	Successfully connected to database mongodb://edgev3_app:edgev3_mongodb_pass@mongodb:27017/edgev3?authSource=admin
2026-06-17 15:49:13 [32minfo[39m: 	HTTP production server up and running on port 5000 !
2026-06-17 15:49:15 [32minfo[39m: 	Successfully connected to database mongodb://edgev3_app:edgev3_mongodb_pass@mongodb:27017/edgev3?authSource=admin
2026-06-17 15:49:15 [32minfo[39m: 	HTTP production server up and running on port 5000 !
2026-06-17 15:49:40 [32minfo[39m: 	Successfully connected to database mongodb://edgev3_app:edgev3_mongodb_pass@mongodb:27017/edgev3?authSource=admin
2026-06-17 15:49:40 [32minfo[39m: 	HTTP production server up and running on port 5000 !
2026-06-17 15:49:42 [32minfo[39m: 	Successfully connected to database mongodb://edgev3_app:edgev3_mongodb_pass@mongodb:27017/edgev3?authSource=admin
2026-06-17 15:49:42 [32minfo[39m: 	HTTP CRON server up and running on port 5555 !
2026-06-17 15:49:42 [32minfo[39m: 	Successfully connected to database mongodb://edgev3_app:edgev3_mongodb_pass@mongodb:27017/edgev3?authSource=admin
2026-06-17 15:49:42 [32minfo[39m: 	HTTP production server up and running on port 5000 !
2026-06-17 15:49:43 [32minfo[39m: 	Successfully connected to database mongodb://edgev3_app:edgev3_mongodb_pass@mongodb:27017/edgev3?authSource=admin
2026-06-17 15:49:43 [32minfo[39m: 	HTTP production server up and running on port 5000 !
2026-06-17 15:49:45 [32minfo[39m: 	Successfully connected to database mongodb://edgev3_app:edgev3_mongodb_pass@mongodb:27017/edgev3?authSource=admin
2026-06-17 15:49:45 [32minfo[39m: 	HTTP production server up and running on port 5000 !
2026-06-17 15:50:10 [32minfo[39m: 	Successfully connected to database mongodb://edgev3_app:edgev3_mongodb_pass@mongodb:27017/edgev3?authSource=admin
2026-06-17 15:50:10 [32minfo[39m: 	HTTP production server up and running on port 5000 !
2026-06-17 15:50:12 [32minfo[39m: 	Successfully connected to database mongodb://edgev3_app:edgev3_mongodb_pass@mongodb:27017/edgev3?authSource=admin
2026-06-17 15:50:12 [32minfo[39m: 	HTTP CRON server up and running on port 5555 !
2026-06-17 15:50:12 [32minfo[39m: 	Successfully connected to database mongodb://edgev3_app:edgev3_mongodb_pass@mongodb:27017/edgev3?authSource=admin
2026-06-17 15:50:12 [32minfo[39m: 	HTTP production server up and running on port 5000 !
2026-06-17 15:50:13 [32minfo[39m: 	Successfully connected to database mongodb://edgev3_app:edgev3_mongodb_pass@mongodb:27017/edgev3?authSource=admin
2026-06-17 15:50:13 [32minfo[39m: 	HTTP production server up and running on port 5000 !
2026-06-17 15:50:15 [32minfo[39m: 	Successfully connected to database mongodb://edgev3_app:edgev3_mongodb_pass@mongodb:27017/edgev3?authSource=admin
2026-06-17 15:50:15 [32minfo[39m: 	HTTP production server up and running on port 5000 !
2026-06-17 15:50:40 [32minfo[39m: 	Successfully connected to database mongodb://edgev3_app:edgev3_mongodb_pass@mongodb:27017/edgev3?authSource=admin
2026-06-17 15:50:40 [32minfo[39m: 	HTTP production server up and running on port 5000 !
2026-06-17 15:50:42 [32minfo[39m: 	Successfully connected to database mongodb://edgev3_app:edgev3_mongodb_pass@mongodb:27017/edgev3?authSource=admin
2026-06-17 15:50:42 [32minfo[39m: 	HTTP CRON server up and running on port 5555 !
2026-06-17 15:50:42 [32minfo[39m: 	Successfully connected to database mongodb://edgev3_app:edgev3_mongodb_pass@mongodb:27017/edgev3?authSource=admin
2026-06-17 15:50:42 [32minfo[39m: 	HTTP production server up and running on port 5000 !
2026-06-17 15:50:43 [32minfo[39m: 	Successfully connected to database mongodb://edgev3_app:edgev3_mongodb_pass@mongodb:27017/edgev3?authSource=admin
2026-06-17 15:50:43 [32minfo[39m: 	HTTP production server up and running on port 5000 !
2026-06-17 15:50:45 [32minfo[39m: 	Successfully connected to database mongodb://edgev3_app:edgev3_mongodb_pass@mongodb:27017/edgev3?authSource=admin
2026-06-17 15:50:45 [32minfo[39m: 	HTTP production server up and running on port 5000 !
2026-06-17 15:51:10 [32minfo[39m: 	Successfully connected to database mongodb://edgev3_app:edgev3_mongodb_pass@mongodb:27017/edgev3?authSource=admin
2026-06-17 15:51:10 [32minfo[39m: 	HTTP production server up and running on port 5000 !
2026-06-17 15:51:12 [32minfo[39m: 	Successfully connected to database mongodb://edgev3_app:edgev3_mongodb_pass@mongodb:27017/edgev3?authSource=admin
2026-06-17 15:51:12 [32minfo[39m: 	HTTP CRON server up and running on port 5555 !
2026-06-17 15:51:12 [32minfo[39m: 	Successfully connected to database mongodb://edgev3_app:edgev3_mongodb_pass@mongodb:27017/edgev3?authSource=admin
2026-06-17 15:51:12 [32minfo[39m: 	HTTP production server up and running on port 5000 !
2026-06-17 15:51:13 [32minfo[39m: 	Successfully connected to database mongodb://edgev3_app:edgev3_mongodb_pass@mongodb:27017/edgev3?authSource=admin
2026-06-17 15:51:13 [32minfo[39m: 	HTTP production server up and running on port 5000 !
2026-06-17 15:51:15 [32minfo[39m: 	Successfully connected to database mongodb://edgev3_app:edgev3_mongodb_pass@mongodb:27017/edgev3?authSource=admin
2026-06-17 15:51:15 [32minfo[39m: 	HTTP production server up and running on port 5000 !
2026-06-17 15:51:40 [32minfo[39m: 	Successfully connected to database mongodb://edgev3_app:edgev3_mongodb_pass@mongodb:27017/edgev3?authSource=admin
2026-06-17 15:51:40 [32minfo[39m: 	HTTP production server up and running on port 5000 !
2026-06-17 15:51:42 [32minfo[39m: 	Successfully connected to database mongodb://edgev3_app:edgev3_mongodb_pass@mongodb:27017/edgev3?authSource=admin
2026-06-17 15:51:42 [32minfo[39m: 	HTTP CRON server up and running on port 5555 !
2026-06-17 15:51:42 [32minfo[39m: 	Successfully connected to database mongodb://edgev3_app:edgev3_mongodb_pass@mongodb:27017/edgev3?authSource=admin
2026-06-17 15:51:42 [32minfo[39m: 	HTTP production server up and running on port 5000 !
2026-06-17 15:51:43 [32minfo[39m: 	Successfully connected to database mongodb://edgev3_app:edgev3_mongodb_pass@mongodb:27017/edgev3?authSource=admin
2026-06-17 15:51:43 [32minfo[39m: 	HTTP production server up and running on port 5000 !
2026-06-17 15:51:45 [32minfo[39m: 	Successfully connected to database mongodb://edgev3_app:edgev3_mongodb_pass@mongodb:27017/edgev3?authSource=admin
2026-06-17 15:51:45 [32minfo[39m: 	HTTP production server up and running on port 5000 !
2026-06-17 15:52:10 [32minfo[39m: 	Successfully connected to database mongodb://edgev3_app:edgev3_mongodb_pass@mongodb:27017/edgev3?authSource=admin
2026-06-17 15:52:10 [32minfo[39m: 	HTTP production server up and running on port 5000 !
2026-06-17 15:52:12 [32minfo[39m: 	Successfully connected to database mongodb://edgev3_app:edgev3_mongodb_pass@mongodb:27017/edgev3?authSource=admin
2026-06-17 15:52:12 [32minfo[39m: 	HTTP CRON server up and running on port 5555 !
2026-06-17 15:52:12 [32minfo[39m: 	Successfully connected to database mongodb://edgev3_app:edgev3_mongodb_pass@mongodb:27017/edgev3?authSource=admin
2026-06-17 15:52:12 [32minfo[39m: 	HTTP production server up and running on port 5000 !
2026-06-17 15:52:13 [32minfo[39m: 	Successfully connected to database mongodb://edgev3_app:edgev3_mongodb_pass@mongodb:27017/edgev3?authSource=admin
2026-06-17 15:52:13 [32minfo[39m: 	HTTP production server up and running on port 5000 !
2026-06-17 15:52:15 [32minfo[39m: 	Successfully connected to database mongodb://edgev3_app:edgev3_mongodb_pass@mongodb:27017/edgev3?authSource=admin
2026-06-17 15:52:15 [32minfo[39m: 	HTTP production server up and running on port 5000 !
2026-06-17 15:52:40 [32minfo[39m: 	Successfully connected to database mongodb://edgev3_app:edgev3_mongodb_pass@mongodb:27017/edgev3?authSource=admin
2026-06-17 15:52:40 [32minfo[39m: 	HTTP production server up and running on port 5000 !
2026-06-17 15:52:42 [32minfo[39m: 	Successfully connected to database mongodb://edgev3_app:edgev3_mongodb_pass@mongodb:27017/edgev3?authSource=admin
2026-06-17 15:52:42 [32minfo[39m: 	HTTP CRON server up and running on port 5555 !
2026-06-17 15:52:42 [32minfo[39m: 	Successfully connected to database mongodb://edgev3_app:edgev3_mongodb_pass@mongodb:27017/edgev3?authSource=admin
2026-06-17 15:52:42 [32minfo[39m: 	HTTP production server up and running on port 5000 !
2026-06-17 15:52:43 [32minfo[39m: 	Successfully connected to database mongodb://edgev3_app:edgev3_mongodb_pass@mongodb:27017/edgev3?authSource=admin
2026-06-17 15:52:43 [32minfo[39m: 	HTTP production server up and running on port 5000 !
2026-06-17 15:52:45 [32minfo[39m: 	Successfully connected to database mongodb://edgev3_app:edgev3_mongodb_pass@mongodb:27017/edgev3?authSource=admin
2026-06-17 15:52:45 [32minfo[39m: 	HTTP production server up and running on port 5000 !
2026-06-17 15:53:10 [32minfo[39m: 	Successfully connected to database mongodb://edgev3_app:edgev3_mongodb_pass@mongodb:27017/edgev3?authSource=admin
2026-06-17 15:53:10 [32minfo[39m: 	HTTP production server up and running on port 5000 !
2026-06-17 15:53:12 [32minfo[39m: 	Successfully connected to database mongodb://edgev3_app:edgev3_mongodb_pass@mongodb:27017/edgev3?authSource=admin
2026-06-17 15:53:12 [32minfo[39m: 	HTTP CRON server up and running on port 5555 !
2026-06-17 15:53:12 [32minfo[39m: 	Successfully connected to database mongodb://edgev3_app:edgev3_mongodb_pass@mongodb:27017/edgev3?authSource=admin
2026-06-17 15:53:12 [32minfo[39m: 	HTTP production server up and running on port 5000 !
2026-06-17 15:53:13 [32minfo[39m: 	Successfully connected to database mongodb://edgev3_app:edgev3_mongodb_pass@mongodb:27017/edgev3?authSource=admin
2026-06-17 15:53:13 [32minfo[39m: 	HTTP production server up and running on port 5000 !
2026-06-17 15:53:15 [32minfo[39m: 	Successfully connected to database mongodb://edgev3_app:edgev3_mongodb_pass@mongodb:27017/edgev3?authSource=admin
2026-06-17 15:53:15 [32minfo[39m: 	HTTP production server up and running on port 5000 !
2026-06-17 15:53:40 [32minfo[39m: 	Successfully connected to database mongodb://edgev3_app:edgev3_mongodb_pass@mongodb:27017/edgev3?authSource=admin
2026-06-17 15:53:40 [32minfo[39m: 	HTTP production server up and running on port 5000 !
2026-06-17 15:53:42 [32minfo[39m: 	Successfully connected to database mongodb://edgev3_app:edgev3_mongodb_pass@mongodb:27017/edgev3?authSource=admin
2026-06-17 15:53:42 [32minfo[39m: 	HTTP CRON server up and running on port 5555 !
2026-06-17 15:53:42 [32minfo[39m: 	Successfully connected to database mongodb://edgev3_app:edgev3_mongodb_pass@mongodb:27017/edgev3?authSource=admin
2026-06-17 15:53:42 [32minfo[39m: 	HTTP production server up and running on port 5000 !
2026-06-17 15:53:43 [32minfo[39m: 	Successfully connected to database mongodb://edgev3_app:edgev3_mongodb_pass@mongodb:27017/edgev3?authSource=admin
2026-06-17 15:53:43 [32minfo[39m: 	HTTP production server up and running on port 5000 !
2026-06-17 15:53:45 [32minfo[39m: 	Successfully connected to database mongodb://edgev3_app:edgev3_mongodb_pass@mongodb:27017/edgev3?authSource=admin
2026-06-17 15:53:45 [32minfo[39m: 	HTTP production server up and running on port 5000 !
2026-06-17 15:54:10 [32minfo[39m: 	Successfully connected to database mongodb://edgev3_app:edgev3_mongodb_pass@mongodb:27017/edgev3?authSource=admin
2026-06-17 15:54:10 [32minfo[39m: 	HTTP production server up and running on port 5000 !
2026-06-17 15:54:12 [32minfo[39m: 	Successfully connected to database mongodb://edgev3_app:edgev3_mongodb_pass@mongodb:27017/edgev3?authSource=admin
2026-06-17 15:54:12 [32minfo[39m: 	HTTP CRON server up and running on port 5555 !
2026-06-17 15:54:12 [32minfo[39m: 	Successfully connected to database mongodb://edgev3_app:edgev3_mongodb_pass@mongodb:27017/edgev3?authSource=admin
2026-06-17 15:54:12 [32minfo[39m: 	HTTP production server up and running on port 5000 !
2026-06-17 15:54:13 [32minfo[39m: 	Successfully connected to database mongodb://edgev3_app:edgev3_mongodb_pass@mongodb:27017/edgev3?authSource=admin
2026-06-17 15:54:13 [32minfo[39m: 	HTTP production server up and running on port 5000 !
2026-06-17 15:54:15 [32minfo[39m: 	Successfully connected to database mongodb://edgev3_app:edgev3_mongodb_pass@mongodb:27017/edgev3?authSource=admin
2026-06-17 15:54:15 [32minfo[39m: 	HTTP production server up and running on port 5000 !
2026-06-17 15:54:40 [32minfo[39m: 	Successfully connected to database mongodb://edgev3_app:edgev3_mongodb_pass@mongodb:27017/edgev3?authSource=admin
2026-06-17 15:54:40 [32minfo[39m: 	HTTP production server up and running on port 5000 !
2026-06-17 15:54:42 [32minfo[39m: 	Successfully connected to database mongodb://edgev3_app:edgev3_mongodb_pass@mongodb:27017/edgev3?authSource=admin
2026-06-17 15:54:42 [32minfo[39m: 	HTTP CRON server up and running on port 5555 !
2026-06-17 15:54:42 [32minfo[39m: 	Successfully connected to database mongodb://edgev3_app:edgev3_mongodb_pass@mongodb:27017/edgev3?authSource=admin
2026-06-17 15:54:42 [32minfo[39m: 	HTTP production server up and running on port 5000 !
2026-06-17 15:54:43 [32minfo[39m: 	Successfully connected to database mongodb://edgev3_app:edgev3_mongodb_pass@mongodb:27017/edgev3?authSource=admin
2026-06-17 15:54:43 [32minfo[39m: 	HTTP production server up and running on port 5000 !
2026-06-17 15:54:45 [32minfo[39m: 	Successfully connected to database mongodb://edgev3_app:edgev3_mongodb_pass@mongodb:27017/edgev3?authSource=admin
2026-06-17 15:54:45 [32minfo[39m: 	HTTP production server up and running on port 5000 !
2026-06-17 15:55:10 [32minfo[39m: 	Successfully connected to database mongodb://edgev3_app:edgev3_mongodb_pass@mongodb:27017/edgev3?authSource=admin
2026-06-17 15:55:10 [32minfo[39m: 	HTTP production server up and running on port 5000 !
2026-06-17 15:55:12 [32minfo[39m: 	Successfully connected to database mongodb://edgev3_app:edgev3_mongodb_pass@mongodb:27017/edgev3?authSource=admin
2026-06-17 15:55:12 [32minfo[39m: 	HTTP CRON server up and running on port 5555 !
2026-06-17 15:55:12 [32minfo[39m: 	Successfully connected to database mongodb://edgev3_app:edgev3_mongodb_pass@mongodb:27017/edgev3?authSource=admin
2026-06-17 15:55:12 [32minfo[39m: 	HTTP production server up and running on port 5000 !
2026-06-17 15:55:13 [32minfo[39m: 	Successfully connected to database mongodb://edgev3_app:edgev3_mongodb_pass@mongodb:27017/edgev3?authSource=admin
2026-06-17 15:55:13 [32minfo[39m: 	HTTP production server up and running on port 5000 !
2026-06-17 15:55:15 [32minfo[39m: 	Successfully connected to database mongodb://edgev3_app:edgev3_mongodb_pass@mongodb:27017/edgev3?authSource=admin
2026-06-17 15:55:15 [32minfo[39m: 	HTTP production server up and running on port 5000 !
2026-06-17 15:55:40 [32minfo[39m: 	Successfully connected to database mongodb://edgev3_app:edgev3_mongodb_pass@mongodb:27017/edgev3?authSource=admin
2026-06-17 15:55:40 [32minfo[39m: 	HTTP production server up and running on port 5000 !
2026-06-17 15:55:42 [32minfo[39m: 	Successfully connected to database mongodb://edgev3_app:edgev3_mongodb_pass@mongodb:27017/edgev3?authSource=admin
2026-06-17 15:55:42 [32minfo[39m: 	HTTP CRON server up and running on port 5555 !
2026-06-17 15:55:42 [32minfo[39m: 	Successfully connected to database mongodb://edgev3_app:edgev3_mongodb_pass@mongodb:27017/edgev3?authSource=admin
2026-06-17 15:55:42 [32minfo[39m: 	HTTP production server up and running on port 5000 !
2026-06-17 15:55:43 [32minfo[39m: 	Successfully connected to database mongodb://edgev3_app:edgev3_mongodb_pass@mongodb:27017/edgev3?authSource=admin
2026-06-17 15:55:43 [32minfo[39m: 	HTTP production server up and running on port 5000 !
2026-06-17 15:55:45 [32minfo[39m: 	Successfully connected to database mongodb://edgev3_app:edgev3_mongodb_pass@mongodb:27017/edgev3?authSource=admin
2026-06-17 15:55:45 [32minfo[39m: 	HTTP production server up and running on port 5000 !
2026-06-17 15:56:10 [32minfo[39m: 	Successfully connected to database mongodb://edgev3_app:edgev3_mongodb_pass@mongodb:27017/edgev3?authSource=admin
2026-06-17 15:56:10 [32minfo[39m: 	HTTP production server up and running on port 5000 !
2026-06-17 15:56:12 [32minfo[39m: 	Successfully connected to database mongodb://edgev3_app:edgev3_mongodb_pass@mongodb:27017/edgev3?authSource=admin
2026-06-17 15:56:12 [32minfo[39m: 	HTTP CRON server up and running on port 5555 !
2026-06-17 15:56:12 [32minfo[39m: 	Successfully connected to database mongodb://edgev3_app:edgev3_mongodb_pass@mongodb:27017/edgev3?authSource=admin
2026-06-17 15:56:12 [32minfo[39m: 	HTTP production server up and running on port 5000 !
2026-06-17 15:56:13 [32minfo[39m: 	Successfully connected to database mongodb://edgev3_app:edgev3_mongodb_pass@mongodb:27017/edgev3?authSource=admin
2026-06-17 15:56:13 [32minfo[39m: 	HTTP production server up and running on port 5000 !
2026-06-17 15:56:15 [32minfo[39m: 	Successfully connected to database mongodb://edgev3_app:edgev3_mongodb_pass@mongodb:27017/edgev3?authSource=admin
2026-06-17 15:56:15 [32minfo[39m: 	HTTP production server up and running on port 5000 !
2026-06-17 15:56:40 [32minfo[39m: 	Successfully connected to database mongodb://edgev3_app:edgev3_mongodb_pass@mongodb:27017/edgev3?authSource=admin
2026-06-17 15:56:40 [32minfo[39m: 	HTTP production server up and running on port 5000 !
2026-06-17 15:56:42 [32minfo[39m: 	Successfully connected to database mongodb://edgev3_app:edgev3_mongodb_pass@mongodb:27017/edgev3?authSource=admin
2026-06-17 15:56:42 [32minfo[39m: 	HTTP CRON server up and running on port 5555 !
2026-06-17 15:56:42 [32minfo[39m: 	Successfully connected to database mongodb://edgev3_app:edgev3_mongodb_pass@mongodb:27017/edgev3?authSource=admin
2026-06-17 15:56:42 [32minfo[39m: 	HTTP production server up and running on port 5000 !
2026-06-17 15:56:44 [32minfo[39m: 	Successfully connected to database mongodb://edgev3_app:edgev3_mongodb_pass@mongodb:27017/edgev3?authSource=admin
2026-06-17 15:56:44 [32minfo[39m: 	HTTP production server up and running on port 5000 !
2026-06-17 15:56:45 [32minfo[39m: 	Successfully connected to database mongodb://edgev3_app:edgev3_mongodb_pass@mongodb:27017/edgev3?authSource=admin
2026-06-17 15:56:45 [32minfo[39m: 	HTTP production server up and running on port 5000 !
2026-06-17 15:57:10 [32minfo[39m: 	Successfully connected to database mongodb://edgev3_app:edgev3_mongodb_pass@mongodb:27017/edgev3?authSource=admin
2026-06-17 15:57:10 [32minfo[39m: 	HTTP production server up and running on port 5000 !
2026-06-17 15:57:12 [32minfo[39m: 	Successfully connected to database mongodb://edgev3_app:edgev3_mongodb_pass@mongodb:27017/edgev3?authSource=admin
2026-06-17 15:57:12 [32minfo[39m: 	HTTP CRON server up and running on port 5555 !
2026-06-17 15:57:12 [32minfo[39m: 	Successfully connected to database mongodb://edgev3_app:edgev3_mongodb_pass@mongodb:27017/edgev3?authSource=admin
2026-06-17 15:57:12 [32minfo[39m: 	HTTP production server up and running on port 5000 !
2026-06-17 15:57:13 [32minfo[39m: 	Successfully connected to database mongodb://edgev3_app:edgev3_mongodb_pass@mongodb:27017/edgev3?authSource=admin
2026-06-17 15:57:13 [32minfo[39m: 	HTTP production server up and running on port 5000 !
2026-06-17 15:57:15 [32minfo[39m: 	Successfully connected to database mongodb://edgev3_app:edgev3_mongodb_pass@mongodb:27017/edgev3?authSource=admin
2026-06-17 15:57:15 [32minfo[39m: 	HTTP production server up and running on port 5000 !
2026-06-17 15:57:40 [32minfo[39m: 	Successfully connected to database mongodb://edgev3_app:edgev3_mongodb_pass@mongodb:27017/edgev3?authSource=admin
2026-06-17 15:57:40 [32minfo[39m: 	HTTP production server up and running on port 5000 !
2026-06-17 15:57:42 [32minfo[39m: 	Successfully connected to database mongodb://edgev3_app:edgev3_mongodb_pass@mongodb:27017/edgev3?authSource=admin
2026-06-17 15:57:42 [32minfo[39m: 	HTTP CRON server up and running on port 5555 !
2026-06-17 15:57:42 [32minfo[39m: 	Successfully connected to database mongodb://edgev3_app:edgev3_mongodb_pass@mongodb:27017/edgev3?authSource=admin
2026-06-17 15:57:42 [32minfo[39m: 	HTTP production server up and running on port 5000 !
2026-06-17 15:57:44 [32minfo[39m: 	Successfully connected to database mongodb://edgev3_app:edgev3_mongodb_pass@mongodb:27017/edgev3?authSource=admin
2026-06-17 15:57:44 [32minfo[39m: 	HTTP production server up and running on port 5000 !
2026-06-17 15:57:45 [32minfo[39m: 	Successfully connected to database mongodb://edgev3_app:edgev3_mongodb_pass@mongodb:27017/edgev3?authSource=admin
2026-06-17 15:57:45 [32minfo[39m: 	HTTP production server up and running on port 5000 !
2026-06-17 15:58:10 [32minfo[39m: 	Successfully connected to database mongodb://edgev3_app:edgev3_mongodb_pass@mongodb:27017/edgev3?authSource=admin
2026-06-17 15:58:10 [32minfo[39m: 	HTTP production server up and running on port 5000 !
2026-06-17 15:58:12 [32minfo[39m: 	Successfully connected to database mongodb://edgev3_app:edgev3_mongodb_pass@mongodb:27017/edgev3?authSource=admin
2026-06-17 15:58:12 [32minfo[39m: 	HTTP CRON server up and running on port 5555 !
2026-06-17 15:58:12 [32minfo[39m: 	Successfully connected to database mongodb://edgev3_app:edgev3_mongodb_pass@mongodb:27017/edgev3?authSource=admin
2026-06-17 15:58:12 [32minfo[39m: 	HTTP production server up and running on port 5000 !
2026-06-17 15:58:13 [32minfo[39m: 	Successfully connected to database mongodb://edgev3_app:edgev3_mongodb_pass@mongodb:27017/edgev3?authSource=admin
2026-06-17 15:58:13 [32minfo[39m: 	HTTP production server up and running on port 5000 !
2026-06-17 15:58:15 [32minfo[39m: 	Successfully connected to database mongodb://edgev3_app:edgev3_mongodb_pass@mongodb:27017/edgev3?authSource=admin
2026-06-17 15:58:15 [32minfo[39m: 	HTTP production server up and running on port 5000 !
2026-06-17 15:58:40 [32minfo[39m: 	Successfully connected to database mongodb://edgev3_app:edgev3_mongodb_pass@mongodb:27017/edgev3?authSource=admin
2026-06-17 15:58:40 [32minfo[39m: 	HTTP production server up and running on port 5000 !
2026-06-17 15:58:42 [32minfo[39m: 	Successfully connected to database mongodb://edgev3_app:edgev3_mongodb_pass@mongodb:27017/edgev3?authSource=admin
2026-06-17 15:58:42 [32minfo[39m: 	HTTP CRON server up and running on port 5555 !
2026-06-17 15:58:42 [32minfo[39m: 	Successfully connected to database mongodb://edgev3_app:edgev3_mongodb_pass@mongodb:27017/edgev3?authSource=admin
2026-06-17 15:58:42 [32minfo[39m: 	HTTP production server up and running on port 5000 !
2026-06-17 15:58:43 [32minfo[39m: 	Successfully connected to database mongodb://edgev3_app:edgev3_mongodb_pass@mongodb:27017/edgev3?authSource=admin
2026-06-17 15:58:43 [32minfo[39m: 	HTTP production server up and running on port 5000 !
2026-06-17 15:58:45 [32minfo[39m: 	Successfully connected to database mongodb://edgev3_app:edgev3_mongodb_pass@mongodb:27017/edgev3?authSource=admin
2026-06-17 15:58:45 [32minfo[39m: 	HTTP production server up and running on port 5000 !
2026-06-17 15:59:10 [32minfo[39m: 	Successfully connected to database mongodb://edgev3_app:edgev3_mongodb_pass@mongodb:27017/edgev3?authSource=admin
2026-06-17 15:59:10 [32minfo[39m: 	HTTP production server up and running on port 5000 !
2026-06-17 15:59:12 [32minfo[39m: 	Successfully connected to database mongodb://edgev3_app:edgev3_mongodb_pass@mongodb:27017/edgev3?authSource=admin
2026-06-17 15:59:12 [32minfo[39m: 	HTTP CRON server up and running on port 5555 !
2026-06-17 15:59:12 [32minfo[39m: 	Successfully connected to database mongodb://edgev3_app:edgev3_mongodb_pass@mongodb:27017/edgev3?authSource=admin
2026-06-17 15:59:12 [32minfo[39m: 	HTTP production server up and running on port 5000 !
2026-06-17 15:59:13 [32minfo[39m: 	Successfully connected to database mongodb://edgev3_app:edgev3_mongodb_pass@mongodb:27017/edgev3?authSource=admin
2026-06-17 15:59:13 [32minfo[39m: 	HTTP production server up and running on port 5000 !
2026-06-17 15:59:15 [32minfo[39m: 	Successfully connected to database mongodb://edgev3_app:edgev3_mongodb_pass@mongodb:27017/edgev3?authSource=admin
2026-06-17 15:59:15 [32minfo[39m: 	HTTP production server up and running on port 5000 !
2026-06-17 15:59:40 [32minfo[39m: 	Successfully connected to database mongodb://edgev3_app:edgev3_mongodb_pass@mongodb:27017/edgev3?authSource=admin
2026-06-17 15:59:40 [32minfo[39m: 	HTTP production server up and running on port 5000 !
2026-06-17 15:59:42 [32minfo[39m: 	Successfully connected to database mongodb://edgev3_app:edgev3_mongodb_pass@mongodb:27017/edgev3?authSource=admin
2026-06-17 15:59:42 [32minfo[39m: 	HTTP CRON server up and running on port 5555 !
2026-06-17 15:59:42 [32minfo[39m: 	Successfully connected to database mongodb://edgev3_app:edgev3_mongodb_pass@mongodb:27017/edgev3?authSource=admin
2026-06-17 15:59:42 [32minfo[39m: 	HTTP production server up and running on port 5000 !
2026-06-17 15:59:44 [32minfo[39m: 	Successfully connected to database mongodb://edgev3_app:edgev3_mongodb_pass@mongodb:27017/edgev3?authSource=admin
2026-06-17 15:59:44 [32minfo[39m: 	HTTP production server up and running on port 5000 !
2026-06-17 15:59:45 [32minfo[39m: 	Successfully connected to database mongodb://edgev3_app:edgev3_mongodb_pass@mongodb:27017/edgev3?authSource=admin
2026-06-17 15:59:45 [32minfo[39m: 	HTTP production server up and running on port 5000 !
2026-06-17 16:00:10 [32minfo[39m: 	Successfully connected to database mongodb://edgev3_app:edgev3_mongodb_pass@mongodb:27017/edgev3?authSource=admin
2026-06-17 16:00:10 [32minfo[39m: 	HTTP production server up and running on port 5000 !
2026-06-17 16:00:12 [32minfo[39m: 	Successfully connected to database mongodb://edgev3_app:edgev3_mongodb_pass@mongodb:27017/edgev3?authSource=admin
2026-06-17 16:00:12 [32minfo[39m: 	HTTP CRON server up and running on port 5555 !
2026-06-17 16:00:12 [32minfo[39m: 	Successfully connected to database mongodb://edgev3_app:edgev3_mongodb_pass@mongodb:27017/edgev3?authSource=admin
2026-06-17 16:00:12 [32minfo[39m: 	HTTP production server up and running on port 5000 !
2026-06-17 16:00:13 [32minfo[39m: 	Successfully connected to database mongodb://edgev3_app:edgev3_mongodb_pass@mongodb:27017/edgev3?authSource=admin
2026-06-17 16:00:14 [32minfo[39m: 	HTTP production server up and running on port 5000 !
2026-06-17 16:00:15 [32minfo[39m: 	Successfully connected to database mongodb://edgev3_app:edgev3_mongodb_pass@mongodb:27017/edgev3?authSource=admin
2026-06-17 16:00:15 [32minfo[39m: 	HTTP production server up and running on port 5000 !
2026-06-17 16:00:40 [32minfo[39m: 	Successfully connected to database mongodb://edgev3_app:edgev3_mongodb_pass@mongodb:27017/edgev3?authSource=admin
2026-06-17 16:00:40 [32minfo[39m: 	HTTP production server up and running on port 5000 !
2026-06-17 16:00:42 [32minfo[39m: 	Successfully connected to database mongodb://edgev3_app:edgev3_mongodb_pass@mongodb:27017/edgev3?authSource=admin
2026-06-17 16:00:42 [32minfo[39m: 	HTTP CRON server up and running on port 5555 !
2026-06-17 16:00:42 [32minfo[39m: 	Successfully connected to database mongodb://edgev3_app:edgev3_mongodb_pass@mongodb:27017/edgev3?authSource=admin
2026-06-17 16:00:42 [32minfo[39m: 	HTTP production server up and running on port 5000 !
2026-06-17 16:00:43 [32minfo[39m: 	Successfully connected to database mongodb://edgev3_app:edgev3_mongodb_pass@mongodb:27017/edgev3?authSource=admin
2026-06-17 16:00:43 [32minfo[39m: 	HTTP production server up and running on port 5000 !
2026-06-17 16:00:45 [32minfo[39m: 	Successfully connected to database mongodb://edgev3_app:edgev3_mongodb_pass@mongodb:27017/edgev3?authSource=admin
2026-06-17 16:00:45 [32minfo[39m: 	HTTP production server up and running on port 5000 !
2026-06-17 16:01:10 [32minfo[39m: 	Successfully connected to database mongodb://edgev3_app:edgev3_mongodb_pass@mongodb:27017/edgev3?authSource=admin
2026-06-17 16:01:10 [32minfo[39m: 	HTTP production server up and running on port 5000 !
2026-06-17 16:01:12 [32minfo[39m: 	Successfully connected to database mongodb://edgev3_app:edgev3_mongodb_pass@mongodb:27017/edgev3?authSource=admin
2026-06-17 16:01:12 [32minfo[39m: 	HTTP CRON server up and running on port 5555 !
2026-06-17 16:01:12 [32minfo[39m: 	Successfully connected to database mongodb://edgev3_app:edgev3_mongodb_pass@mongodb:27017/edgev3?authSource=admin
2026-06-17 16:01:12 [32minfo[39m: 	HTTP production server up and running on port 5000 !
2026-06-17 16:01:14 [32minfo[39m: 	Successfully connected to database mongodb://edgev3_app:edgev3_mongodb_pass@mongodb:27017/edgev3?authSource=admin
2026-06-17 16:01:14 [32minfo[39m: 	HTTP production server up and running on port 5000 !
2026-06-17 16:01:15 [32minfo[39m: 	Successfully connected to database mongodb://edgev3_app:edgev3_mongodb_pass@mongodb:27017/edgev3?authSource=admin
2026-06-17 16:01:15 [32minfo[39m: 	HTTP production server up and running on port 5000 !
2026-06-17 16:01:40 [32minfo[39m: 	Successfully connected to database mongodb://edgev3_app:edgev3_mongodb_pass@mongodb:27017/edgev3?authSource=admin
2026-06-17 16:01:40 [32minfo[39m: 	HTTP production server up and running on port 5000 !
2026-06-17 16:01:42 [32minfo[39m: 	Successfully connected to database mongodb://edgev3_app:edgev3_mongodb_pass@mongodb:27017/edgev3?authSource=admin
2026-06-17 16:01:42 [32minfo[39m: 	HTTP CRON server up and running on port 5555 !
2026-06-17 16:01:42 [32minfo[39m: 	Successfully connected to database mongodb://edgev3_app:edgev3_mongodb_pass@mongodb:27017/edgev3?authSource=admin
2026-06-17 16:01:42 [32minfo[39m: 	HTTP production server up and running on port 5000 !
2026-06-17 16:01:43 [32minfo[39m: 	Successfully connected to database mongodb://edgev3_app:edgev3_mongodb_pass@mongodb:27017/edgev3?authSource=admin
2026-06-17 16:01:43 [32minfo[39m: 	HTTP production server up and running on port 5000 !
2026-06-17 16:01:45 [32minfo[39m: 	Successfully connected to database mongodb://edgev3_app:edgev3_mongodb_pass@mongodb:27017/edgev3?authSource=admin
2026-06-17 16:01:45 [32minfo[39m: 	HTTP production server up and running on port 5000 !
2026-06-17 16:02:10 [32minfo[39m: 	Successfully connected to database mongodb://edgev3_app:edgev3_mongodb_pass@mongodb:27017/edgev3?authSource=admin
2026-06-17 16:02:10 [32minfo[39m: 	HTTP production server up and running on port 5000 !
2026-06-17 16:02:12 [32minfo[39m: 	Successfully connected to database mongodb://edgev3_app:edgev3_mongodb_pass@mongodb:27017/edgev3?authSource=admin
2026-06-17 16:02:12 [32minfo[39m: 	HTTP CRON server up and running on port 5555 !
2026-06-17 16:02:12 [32minfo[39m: 	Successfully connected to database mongodb://edgev3_app:edgev3_mongodb_pass@mongodb:27017/edgev3?authSource=admin
2026-06-17 16:02:12 [32minfo[39m: 	HTTP production server up and running on port 5000 !
2026-06-17 16:02:13 [32minfo[39m: 	Successfully connected to database mongodb://edgev3_app:edgev3_mongodb_pass@mongodb:27017/edgev3?authSource=admin
2026-06-17 16:02:13 [32minfo[39m: 	HTTP production server up and running on port 5000 !
2026-06-17 16:02:15 [32minfo[39m: 	Successfully connected to database mongodb://edgev3_app:edgev3_mongodb_pass@mongodb:27017/edgev3?authSource=admin
2026-06-17 16:02:15 [32minfo[39m: 	HTTP production server up and running on port 5000 !
2026-06-17 16:02:40 [32minfo[39m: 	Successfully connected to database mongodb://edgev3_app:edgev3_mongodb_pass@mongodb:27017/edgev3?authSource=admin
2026-06-17 16:02:40 [32minfo[39m: 	HTTP production server up and running on port 5000 !
2026-06-17 16:02:42 [32minfo[39m: 	Successfully connected to database mongodb://edgev3_app:edgev3_mongodb_pass@mongodb:27017/edgev3?authSource=admin
2026-06-17 16:02:42 [32minfo[39m: 	HTTP CRON server up and running on port 5555 !
2026-06-17 16:02:42 [32minfo[39m: 	Successfully connected to database mongodb://edgev3_app:edgev3_mongodb_pass@mongodb:27017/edgev3?authSource=admin
2026-06-17 16:02:42 [32minfo[39m: 	HTTP production server up and running on port 5000 !
2026-06-17 16:02:43 [32minfo[39m: 	Successfully connected to database mongodb://edgev3_app:edgev3_mongodb_pass@mongodb:27017/edgev3?authSource=admin
2026-06-17 16:02:43 [32minfo[39m: 	HTTP production server up and running on port 5000 !
2026-06-17 16:02:45 [32minfo[39m: 	Successfully connected to database mongodb://edgev3_app:edgev3_mongodb_pass@mongodb:27017/edgev3?authSource=admin
2026-06-17 16:02:45 [32minfo[39m: 	HTTP production server up and running on port 5000 !
2026-06-17 16:03:10 [32minfo[39m: 	Successfully connected to database mongodb://edgev3_app:edgev3_mongodb_pass@mongodb:27017/edgev3?authSource=admin
2026-06-17 16:03:10 [32minfo[39m: 	HTTP production server up and running on port 5000 !
2026-06-17 16:03:12 [32minfo[39m: 	Successfully connected to database mongodb://edgev3_app:edgev3_mongodb_pass@mongodb:27017/edgev3?authSource=admin
2026-06-17 16:03:12 [32minfo[39m: 	HTTP CRON server up and running on port 5555 !
2026-06-17 16:03:12 [32minfo[39m: 	Successfully connected to database mongodb://edgev3_app:edgev3_mongodb_pass@mongodb:27017/edgev3?authSource=admin
2026-06-17 16:03:12 [32minfo[39m: 	HTTP production server up and running on port 5000 !
2026-06-17 16:03:13 [32minfo[39m: 	Successfully connected to database mongodb://edgev3_app:edgev3_mongodb_pass@mongodb:27017/edgev3?authSource=admin
2026-06-17 16:03:13 [32minfo[39m: 	HTTP production server up and running on port 5000 !
2026-06-17 16:03:15 [32minfo[39m: 	Successfully connected to database mongodb://edgev3_app:edgev3_mongodb_pass@mongodb:27017/edgev3?authSource=admin
2026-06-17 16:03:15 [32minfo[39m: 	HTTP production server up and running on port 5000 !
2026-06-17 16:03:40 [32minfo[39m: 	Successfully connected to database mongodb://edgev3_app:edgev3_mongodb_pass@mongodb:27017/edgev3?authSource=admin
2026-06-17 16:03:40 [32minfo[39m: 	HTTP production server up and running on port 5000 !
2026-06-17 16:03:42 [32minfo[39m: 	Successfully connected to database mongodb://edgev3_app:edgev3_mongodb_pass@mongodb:27017/edgev3?authSource=admin
2026-06-17 16:03:42 [32minfo[39m: 	HTTP CRON server up and running on port 5555 !
2026-06-17 16:03:42 [32minfo[39m: 	Successfully connected to database mongodb://edgev3_app:edgev3_mongodb_pass@mongodb:27017/edgev3?authSource=admin
2026-06-17 16:03:42 [32minfo[39m: 	HTTP production server up and running on port 5000 !
2026-06-17 16:03:43 [32minfo[39m: 	Successfully connected to database mongodb://edgev3_app:edgev3_mongodb_pass@mongodb:27017/edgev3?authSource=admin
2026-06-17 16:03:44 [32minfo[39m: 	HTTP production server up and running on port 5000 !
2026-06-17 16:03:45 [32minfo[39m: 	Successfully connected to database mongodb://edgev3_app:edgev3_mongodb_pass@mongodb:27017/edgev3?authSource=admin
2026-06-17 16:03:45 [32minfo[39m: 	HTTP production server up and running on port 5000 !
2026-06-17 16:08:22 [32minfo[39m: 	Successfully connected to database mongodb://edgev3_app:edgev3_mongodb_pass@mongodb:27017/edgev3?authSource=admin
2026-06-17 16:08:22 [32minfo[39m: 	Successfully connected to database mongodb://edgev3_app:edgev3_mongodb_pass@mongodb:27017/edgev3?authSource=admin
2026-06-17 16:08:22 [32minfo[39m: 	HTTP production server up and running on port 5000 !
2026-06-17 16:08:22 [32minfo[39m: 	HTTP production server up and running on port 5000 !
2026-06-17 16:08:22 [32minfo[39m: 	Successfully connected to database mongodb://edgev3_app:edgev3_mongodb_pass@mongodb:27017/edgev3?authSource=admin
2026-06-17 16:08:22 [32minfo[39m: 	HTTP production server up and running on port 5000 !
2026-06-17 16:08:22 [32minfo[39m: 	Successfully connected to database mongodb://edgev3_app:edgev3_mongodb_pass@mongodb:27017/edgev3?authSource=admin
2026-06-17 16:08:22 [32minfo[39m: 	HTTP production server up and running on port 5000 !
2026-06-17 16:08:23 [32minfo[39m: 	Successfully connected to database mongodb://edgev3_app:edgev3_mongodb_pass@mongodb:27017/edgev3?authSource=admin
2026-06-17 16:08:23 [32minfo[39m: 	HTTP CRON server up and running on port 5555 !
2026-06-17 16:08:23 [32minfo[39m: 	Successfully connected to database mongodb://edgev3_app:edgev3_mongodb_pass@mongodb:27017/edgev3?authSource=admin
2026-06-17 16:08:23 [32minfo[39m: 	HTTP production server up and running on port 5000 !
2026-06-17 16:08:23 [32minfo[39m: 	Successfully connected to database mongodb://edgev3_app:edgev3_mongodb_pass@mongodb:27017/edgev3?authSource=admin
2026-06-17 16:08:23 [32minfo[39m: 	HTTP production server up and running on port 5000 !
2026-06-17 16:08:25 [32minfo[39m: 	Successfully connected to database mongodb://edgev3_app:edgev3_mongodb_pass@mongodb:27017/edgev3?authSource=admin
2026-06-17 16:08:25 [32minfo[39m: 	HTTP production server up and running on port 5000 !
2026-06-17 16:08:25 [32minfo[39m: 	Successfully connected to database mongodb://edgev3_app:edgev3_mongodb_pass@mongodb:27017/edgev3?authSource=admin
2026-06-17 16:08:25 [32minfo[39m: 	HTTP production server up and running on port 5000 !
2026-06-17 16:08:52 [32minfo[39m: 	Successfully connected to database mongodb://edgev3_app:edgev3_mongodb_pass@mongodb:27017/edgev3?authSource=admin
2026-06-17 16:08:52 [32minfo[39m: 	HTTP production server up and running on port 5000 !
2026-06-17 16:08:54 [32minfo[39m: 	Successfully connected to database mongodb://edgev3_app:edgev3_mongodb_pass@mongodb:27017/edgev3?authSource=admin
2026-06-17 16:08:54 [32minfo[39m: 	HTTP production server up and running on port 5000 !
2026-06-17 16:08:55 [32minfo[39m: 	Successfully connected to database mongodb://edgev3_app:edgev3_mongodb_pass@mongodb:27017/edgev3?authSource=admin
2026-06-17 16:08:55 [32minfo[39m: 	HTTP production server up and running on port 5000 !
2026-06-17 16:08:57 [32minfo[39m: 	Successfully connected to database mongodb://edgev3_app:edgev3_mongodb_pass@mongodb:27017/edgev3?authSource=admin
2026-06-17 16:08:57 [32minfo[39m: 	HTTP production server up and running on port 5000 !
2026-06-17 16:11:17 [32minfo[39m: 	Successfully connected to database mongodb://edgev3_app:edgev3_mongodb_pass@mongodb:27017/edgev3?authSource=admin
2026-06-17 16:11:17 [32minfo[39m: 	HTTP production server up and running on port 5000 !
2026-06-17 16:11:17 [32minfo[39m: 	Successfully connected to database mongodb://edgev3_app:edgev3_mongodb_pass@mongodb:27017/edgev3?authSource=admin
2026-06-17 16:11:17 [32minfo[39m: 	HTTP production server up and running on port 5000 !
2026-06-17 16:11:18 [32minfo[39m: 	Successfully connected to database mongodb://edgev3_app:edgev3_mongodb_pass@mongodb:27017/edgev3?authSource=admin
2026-06-17 16:11:18 [32minfo[39m: 	HTTP production server up and running on port 5000 !
2026-06-17 16:11:18 [32minfo[39m: 	Successfully connected to database mongodb://edgev3_app:edgev3_mongodb_pass@mongodb:27017/edgev3?authSource=admin
2026-06-17 16:11:18 [32minfo[39m: 	HTTP production server up and running on port 5000 !
2026-06-17 16:11:18 [32minfo[39m: 	Successfully connected to database mongodb://edgev3_app:edgev3_mongodb_pass@mongodb:27017/edgev3?authSource=admin
2026-06-17 16:11:18 [32minfo[39m: 	HTTP CRON server up and running on port 5555 !
2026-06-17 16:11:18 [32minfo[39m: 	Successfully connected to database mongodb://edgev3_app:edgev3_mongodb_pass@mongodb:27017/edgev3?authSource=admin
2026-06-17 16:11:18 [32minfo[39m: 	HTTP production server up and running on port 5000 !
2026-06-17 16:11:18 [32minfo[39m: 	Successfully connected to database mongodb://edgev3_app:edgev3_mongodb_pass@mongodb:27017/edgev3?authSource=admin
2026-06-17 16:11:18 [32minfo[39m: 	HTTP production server up and running on port 5000 !
2026-06-17 16:11:20 [32minfo[39m: 	Successfully connected to database mongodb://edgev3_app:edgev3_mongodb_pass@mongodb:27017/edgev3?authSource=admin
2026-06-17 16:11:20 [32minfo[39m: 	HTTP production server up and running on port 5000 !
2026-06-17 16:11:20 [32minfo[39m: 	Successfully connected to database mongodb://edgev3_app:edgev3_mongodb_pass@mongodb:27017/edgev3?authSource=admin
2026-06-17 16:11:20 [32minfo[39m: 	HTTP production server up and running on port 5000 !
2026-06-17 16:11:48 [32minfo[39m: 	Successfully connected to database mongodb://edgev3_app:edgev3_mongodb_pass@mongodb:27017/edgev3?authSource=admin
2026-06-17 16:11:48 [32minfo[39m: 	HTTP production server up and running on port 5000 !
2026-06-17 16:11:49 [32minfo[39m: 	Successfully connected to database mongodb://edgev3_app:edgev3_mongodb_pass@mongodb:27017/edgev3?authSource=admin
2026-06-17 16:11:49 [32minfo[39m: 	HTTP CRON server up and running on port 5555 !
2026-06-17 16:11:49 [32minfo[39m: 	Successfully connected to database mongodb://edgev3_app:edgev3_mongodb_pass@mongodb:27017/edgev3?authSource=admin
2026-06-17 16:11:49 [32minfo[39m: 	HTTP production server up and running on port 5000 !
2026-06-17 16:11:51 [32minfo[39m: 	Successfully connected to database mongodb://edgev3_app:edgev3_mongodb_pass@mongodb:27017/edgev3?authSource=admin
2026-06-17 16:11:51 [32minfo[39m: 	HTTP production server up and running on port 5000 !
2026-06-17 16:11:53 [32minfo[39m: 	Successfully connected to database mongodb://edgev3_app:edgev3_mongodb_pass@mongodb:27017/edgev3?authSource=admin
2026-06-17 16:11:53 [32minfo[39m: 	HTTP production server up and running on port 5000 !
2026-06-17 16:12:18 [32minfo[39m: 	Successfully connected to database mongodb://edgev3_app:edgev3_mongodb_pass@mongodb:27017/edgev3?authSource=admin
2026-06-17 16:12:18 [32minfo[39m: 	HTTP production server up and running on port 5000 !
2026-06-17 16:12:19 [32minfo[39m: 	Successfully connected to database mongodb://edgev3_app:edgev3_mongodb_pass@mongodb:27017/edgev3?authSource=admin
2026-06-17 16:12:19 [32minfo[39m: 	HTTP CRON server up and running on port 5555 !
2026-06-17 16:12:19 [32minfo[39m: 	Successfully connected to database mongodb://edgev3_app:edgev3_mongodb_pass@mongodb:27017/edgev3?authSource=admin
2026-06-17 16:12:19 [32minfo[39m: 	HTTP production server up and running on port 5000 !
2026-06-17 16:12:21 [32minfo[39m: 	Successfully connected to database mongodb://edgev3_app:edgev3_mongodb_pass@mongodb:27017/edgev3?authSource=admin
2026-06-17 16:12:21 [32minfo[39m: 	HTTP production server up and running on port 5000 !
2026-06-17 16:12:23 [32minfo[39m: 	Successfully connected to database mongodb://edgev3_app:edgev3_mongodb_pass@mongodb:27017/edgev3?authSource=admin
2026-06-17 16:12:23 [32minfo[39m: 	HTTP production server up and running on port 5000 !
2026-06-17 16:12:48 [32minfo[39m: 	Successfully connected to database mongodb://edgev3_app:edgev3_mongodb_pass@mongodb:27017/edgev3?authSource=admin
2026-06-17 16:12:48 [32minfo[39m: 	HTTP production server up and running on port 5000 !
2026-06-17 16:12:49 [32minfo[39m: 	Successfully connected to database mongodb://edgev3_app:edgev3_mongodb_pass@mongodb:27017/edgev3?authSource=admin
2026-06-17 16:12:49 [32minfo[39m: 	HTTP CRON server up and running on port 5555 !
2026-06-17 16:12:49 [32minfo[39m: 	Successfully connected to database mongodb://edgev3_app:edgev3_mongodb_pass@mongodb:27017/edgev3?authSource=admin
2026-06-17 16:12:49 [32minfo[39m: 	HTTP production server up and running on port 5000 !
2026-06-17 16:12:51 [32minfo[39m: 	Successfully connected to database mongodb://edgev3_app:edgev3_mongodb_pass@mongodb:27017/edgev3?authSource=admin
2026-06-17 16:12:51 [32minfo[39m: 	HTTP production server up and running on port 5000 !
2026-06-17 16:12:53 [32minfo[39m: 	Successfully connected to database mongodb://edgev3_app:edgev3_mongodb_pass@mongodb:27017/edgev3?authSource=admin
2026-06-17 16:12:53 [32minfo[39m: 	HTTP production server up and running on port 5000 !
2026-06-17 16:13:18 [32minfo[39m: 	Successfully connected to database mongodb://edgev3_app:edgev3_mongodb_pass@mongodb:27017/edgev3?authSource=admin
2026-06-17 16:13:18 [32minfo[39m: 	HTTP production server up and running on port 5000 !
2026-06-17 16:13:19 [32minfo[39m: 	Successfully connected to database mongodb://edgev3_app:edgev3_mongodb_pass@mongodb:27017/edgev3?authSource=admin
2026-06-17 16:13:19 [32minfo[39m: 	HTTP CRON server up and running on port 5555 !
2026-06-17 16:13:19 [32minfo[39m: 	Successfully connected to database mongodb://edgev3_app:edgev3_mongodb_pass@mongodb:27017/edgev3?authSource=admin
2026-06-17 16:13:19 [32minfo[39m: 	HTTP production server up and running on port 5000 !
2026-06-17 16:13:21 [32minfo[39m: 	Successfully connected to database mongodb://edgev3_app:edgev3_mongodb_pass@mongodb:27017/edgev3?authSource=admin
2026-06-17 16:13:21 [32minfo[39m: 	HTTP production server up and running on port 5000 !
2026-06-17 16:13:23 [32minfo[39m: 	Successfully connected to database mongodb://edgev3_app:edgev3_mongodb_pass@mongodb:27017/edgev3?authSource=admin
2026-06-17 16:13:23 [32minfo[39m: 	HTTP production server up and running on port 5000 !
2026-06-17 16:13:28 [32minfo[39m: 	Create account from oauth login: singleuser@my.edge authenticated by single
2026-06-17 16:13:48 [32minfo[39m: 	Successfully connected to database mongodb://edgev3_app:edgev3_mongodb_pass@mongodb:27017/edgev3?authSource=admin
2026-06-17 16:13:48 [32minfo[39m: 	HTTP production server up and running on port 5000 !
2026-06-17 16:13:49 [32minfo[39m: 	Successfully connected to database mongodb://edgev3_app:edgev3_mongodb_pass@mongodb:27017/edgev3?authSource=admin
2026-06-17 16:13:49 [32minfo[39m: 	HTTP CRON server up and running on port 5555 !
2026-06-17 16:13:49 [32minfo[39m: 	Successfully connected to database mongodb://edgev3_app:edgev3_mongodb_pass@mongodb:27017/edgev3?authSource=admin
2026-06-17 16:13:49 [32minfo[39m: 	HTTP production server up and running on port 5000 !
2026-06-17 16:13:51 [32minfo[39m: 	Successfully connected to database mongodb://edgev3_app:edgev3_mongodb_pass@mongodb:27017/edgev3?authSource=admin
2026-06-17 16:13:51 [32minfo[39m: 	HTTP production server up and running on port 5000 !
2026-06-17 16:13:53 [32minfo[39m: 	Successfully connected to database mongodb://edgev3_app:edgev3_mongodb_pass@mongodb:27017/edgev3?authSource=admin
2026-06-17 16:13:53 [32minfo[39m: 	HTTP production server up and running on port 5000 !
2026-06-17 16:14:00 [32minfo[39m: 	Processing workflow request: OpsIfIs3WBdXZPcL
2026-06-17 16:14:00 [32minfo[39m: 	Generate nextflow.config
2026-06-17 16:14:00 [32minfo[39m: 	Submit workflow to nextflow
2026-06-17 16:14:00 [32minfo[39m: 	exec:  NXF_CACHE_DIR=/edgev3/io/projects/OpsIfIs3WBdXZPcL/nextflow/work NXF_PID_FILE=/edgev3/io/projects/OpsIfIs3WBdXZPcL/nextflow/.nextflow.pid NXF_LOG_FILE=/edgev3/io/projects/OpsIfIs3WBdXZPcL/nextflow/.nextflow.log nextflow -C /edgev3/io/projects/OpsIfIs3WBdXZPcL/nextflow/../nextflow.config -bg -q run /edgev3/workflows/Nextflow/metagenomics/nextflow/main.nf -name edge-OpsIfIs3WBdXZPcL
2026-06-17 16:14:00 [32minfo[39m: 	Done workflow submission
2026-06-17 16:14:15 [31merror[39m: 	exec stderr: curl: (60) SSL certificate OpenSSL verify result: unable to get local issuer certificate (20)
More details here: https://curl.se/docs/sslcerts.html

curl failed to verify the legitimacy of the server and therefore could not
establish a secure connection to it. To learn more about this situation and
how to fix it, please visit the webpage mentioned above.

2026-06-17 16:14:15 [32minfo[39m: 	exec stdout: ERROR ~ Error executing process > 'FAQCS:adapterFileCheck (1)'

Caused by:
  Failed to pull singularity image
    command: apptainer pull  --name ghcr.io-lanl-bioinformatics-edge_run_faqcs-1.6.5.img.pulling.1781712852764 docker://ghcr.io/lanl-bioinformatics/edge_run_faqcs:1.6.5 > /dev/null
    status : 255
    hint   : Try and increase apptainer.pullTimeout in the config (current is "1h")
    message:
      FATAL:   While making image from oci registry: error fetching image to cache: failed to get checksum for docker://ghcr.io/lanl-bioinformatics/edge_run_faqcs:1.6.5: pinging container registry ghcr.io: Get "https://ghcr.io/v2/": tls: failed to verify certificate: x509: certificate signed by unknown authority



 -- Check '/edgev3/io/projects/OpsIfIs3WBdXZPcL/nextflow/.nextflow.log' file for details

2026-06-17 16:14:18 [32minfo[39m: 	Successfully connected to database mongodb://edgev3_app:edgev3_mongodb_pass@mongodb:27017/edgev3?authSource=admin
2026-06-17 16:14:18 [32minfo[39m: 	HTTP production server up and running on port 5000 !
2026-06-17 16:14:19 [32minfo[39m: 	Successfully connected to database mongodb://edgev3_app:edgev3_mongodb_pass@mongodb:27017/edgev3?authSource=admin
2026-06-17 16:14:19 [32minfo[39m: 	HTTP CRON server up and running on port 5555 !
2026-06-17 16:14:20 [32minfo[39m: 	Successfully connected to database mongodb://edgev3_app:edgev3_mongodb_pass@mongodb:27017/edgev3?authSource=admin
2026-06-17 16:14:20 [32minfo[39m: 	HTTP production server up and running on port 5000 !
2026-06-17 16:14:21 [32minfo[39m: 	Successfully connected to database mongodb://edgev3_app:edgev3_mongodb_pass@mongodb:27017/edgev3?authSource=admin
2026-06-17 16:14:21 [32minfo[39m: 	HTTP production server up and running on port 5000 !
2026-06-17 16:14:23 [32minfo[39m: 	Successfully connected to database mongodb://edgev3_app:edgev3_mongodb_pass@mongodb:27017/edgev3?authSource=admin
2026-06-17 16:14:23 [32minfo[39m: 	HTTP production server up and running on port 5000 !
2026-06-17 16:14:48 [32minfo[39m: 	Successfully connected to database mongodb://edgev3_app:edgev3_mongodb_pass@mongodb:27017/edgev3?authSource=admin
2026-06-17 16:14:48 [32minfo[39m: 	HTTP production server up and running on port 5000 !
2026-06-17 16:14:49 [32minfo[39m: 	Successfully connected to database mongodb://edgev3_app:edgev3_mongodb_pass@mongodb:27017/edgev3?authSource=admin
2026-06-17 16:14:49 [32minfo[39m: 	HTTP CRON server up and running on port 5555 !
2026-06-17 16:14:49 [32minfo[39m: 	Successfully connected to database mongodb://edgev3_app:edgev3_mongodb_pass@mongodb:27017/edgev3?authSource=admin
2026-06-17 16:14:49 [32minfo[39m: 	HTTP production server up and running on port 5000 !
2026-06-17 16:14:51 [32minfo[39m: 	Successfully connected to database mongodb://edgev3_app:edgev3_mongodb_pass@mongodb:27017/edgev3?authSource=admin
2026-06-17 16:14:51 [32minfo[39m: 	HTTP production server up and running on port 5000 !
2026-06-17 16:14:53 [32minfo[39m: 	Successfully connected to database mongodb://edgev3_app:edgev3_mongodb_pass@mongodb:27017/edgev3?authSource=admin
2026-06-17 16:14:53 [32minfo[39m: 	HTTP production server up and running on port 5000 !
2026-06-17 16:15:18 [32minfo[39m: 	Successfully connected to database mongodb://edgev3_app:edgev3_mongodb_pass@mongodb:27017/edgev3?authSource=admin
2026-06-17 16:15:18 [32minfo[39m: 	HTTP production server up and running on port 5000 !
2026-06-17 16:15:19 [32minfo[39m: 	Successfully connected to database mongodb://edgev3_app:edgev3_mongodb_pass@mongodb:27017/edgev3?authSource=admin
2026-06-17 16:15:19 [32minfo[39m: 	HTTP CRON server up and running on port 5555 !
2026-06-17 16:15:19 [32minfo[39m: 	Successfully connected to database mongodb://edgev3_app:edgev3_mongodb_pass@mongodb:27017/edgev3?authSource=admin
2026-06-17 16:15:19 [32minfo[39m: 	HTTP production server up and running on port 5000 !
2026-06-17 16:15:21 [32minfo[39m: 	Successfully connected to database mongodb://edgev3_app:edgev3_mongodb_pass@mongodb:27017/edgev3?authSource=admin
2026-06-17 16:15:21 [32minfo[39m: 	HTTP production server up and running on port 5000 !
2026-06-17 16:15:23 [32minfo[39m: 	Successfully connected to database mongodb://edgev3_app:edgev3_mongodb_pass@mongodb:27017/edgev3?authSource=admin
2026-06-17 16:15:23 [32minfo[39m: 	HTTP production server up and running on port 5000 !
2026-06-17 16:15:48 [32minfo[39m: 	Successfully connected to database mongodb://edgev3_app:edgev3_mongodb_pass@mongodb:27017/edgev3?authSource=admin
2026-06-17 16:15:48 [32minfo[39m: 	HTTP production server up and running on port 5000 !
2026-06-17 16:15:49 [32minfo[39m: 	Successfully connected to database mongodb://edgev3_app:edgev3_mongodb_pass@mongodb:27017/edgev3?authSource=admin
2026-06-17 16:15:49 [32minfo[39m: 	HTTP CRON server up and running on port 5555 !
2026-06-17 16:15:49 [32minfo[39m: 	Successfully connected to database mongodb://edgev3_app:edgev3_mongodb_pass@mongodb:27017/edgev3?authSource=admin
2026-06-17 16:15:49 [32minfo[39m: 	HTTP production server up and running on port 5000 !
2026-06-17 16:15:51 [32minfo[39m: 	Successfully connected to database mongodb://edgev3_app:edgev3_mongodb_pass@mongodb:27017/edgev3?authSource=admin
2026-06-17 16:15:51 [32minfo[39m: 	HTTP production server up and running on port 5000 !
2026-06-17 16:15:53 [32minfo[39m: 	Successfully connected to database mongodb://edgev3_app:edgev3_mongodb_pass@mongodb:27017/edgev3?authSource=admin
2026-06-17 16:15:53 [32minfo[39m: 	HTTP production server up and running on port 5000 !
2026-06-17 16:16:00 [32minfo[39m: 	Processing workflow request: ZuAPGaaoAOUIJ8z6
2026-06-17 16:16:00 [32minfo[39m: 	Generate nextflow.config
2026-06-17 16:16:00 [32minfo[39m: 	Submit workflow to nextflow
2026-06-17 16:16:00 [32minfo[39m: 	exec:  NXF_CACHE_DIR=/edgev3/io/projects/ZuAPGaaoAOUIJ8z6/nextflow/work NXF_PID_FILE=/edgev3/io/projects/ZuAPGaaoAOUIJ8z6/nextflow/.nextflow.pid NXF_LOG_FILE=/edgev3/io/projects/ZuAPGaaoAOUIJ8z6/nextflow/.nextflow.log nextflow -C /edgev3/io/projects/ZuAPGaaoAOUIJ8z6/nextflow/../nextflow.config -bg -q run /edgev3/workflows/Nextflow/metagenomics/nextflow/main.nf -name edge-ZuAPGaaoAOUIJ8z6
2026-06-17 16:16:00 [32minfo[39m: 	Done workflow submission
2026-06-17 16:16:15 [31merror[39m: 	exec stderr: curl: (60) SSL certificate OpenSSL verify result: unable to get local issuer certificate (20)
More details here: https://curl.se/docs/sslcerts.html

curl failed to verify the legitimacy of the server and therefore could not
establish a secure connection to it. To learn more about this situation and
how to fix it, please visit the webpage mentioned above.

2026-06-17 16:16:15 [32minfo[39m: 	exec stdout: ERROR ~ Error executing process > 'FAQCS:adapterFileCheck (1)'

Caused by:
  Failed to pull singularity image
    command: apptainer pull  --name ghcr.io-lanl-bioinformatics-edge_run_faqcs-1.6.5.img.pulling.1781712972350 docker://ghcr.io/lanl-bioinformatics/edge_run_faqcs:1.6.5 > /dev/null
    status : 255
    hint   : Try and increase apptainer.pullTimeout in the config (current is "1h")
    message:
      FATAL:   While making image from oci registry: error fetching image to cache: failed to get checksum for docker://ghcr.io/lanl-bioinformatics/edge_run_faqcs:1.6.5: pinging container registry ghcr.io: Get "https://ghcr.io/v2/": tls: failed to verify certificate: x509: certificate signed by unknown authority



 -- Check '/edgev3/io/projects/ZuAPGaaoAOUIJ8z6/nextflow/.nextflow.log' file for details

2026-06-17 16:16:18 [32minfo[39m: 	Successfully connected to database mongodb://edgev3_app:edgev3_mongodb_pass@mongodb:27017/edgev3?authSource=admin
2026-06-17 16:16:18 [32minfo[39m: 	HTTP production server up and running on port 5000 !
2026-06-17 16:16:19 [32minfo[39m: 	Successfully connected to database mongodb://edgev3_app:edgev3_mongodb_pass@mongodb:27017/edgev3?authSource=admin
2026-06-17 16:16:19 [32minfo[39m: 	HTTP CRON server up and running on port 5555 !
2026-06-17 16:16:19 [32minfo[39m: 	Successfully connected to database mongodb://edgev3_app:edgev3_mongodb_pass@mongodb:27017/edgev3?authSource=admin
2026-06-17 16:16:19 [32minfo[39m: 	HTTP production server up and running on port 5000 !
2026-06-17 16:16:21 [32minfo[39m: 	Successfully connected to database mongodb://edgev3_app:edgev3_mongodb_pass@mongodb:27017/edgev3?authSource=admin
2026-06-17 16:16:21 [32minfo[39m: 	HTTP production server up and running on port 5000 !
2026-06-17 16:16:23 [32minfo[39m: 	Successfully connected to database mongodb://edgev3_app:edgev3_mongodb_pass@mongodb:27017/edgev3?authSource=admin
2026-06-17 16:16:23 [32minfo[39m: 	HTTP production server up and running on port 5000 !
2026-06-17 16:16:48 [32minfo[39m: 	Successfully connected to database mongodb://edgev3_app:edgev3_mongodb_pass@mongodb:27017/edgev3?authSource=admin
2026-06-17 16:16:48 [32minfo[39m: 	HTTP production server up and running on port 5000 !
2026-06-17 16:16:49 [32minfo[39m: 	Successfully connected to database mongodb://edgev3_app:edgev3_mongodb_pass@mongodb:27017/edgev3?authSource=admin
2026-06-17 16:16:49 [32minfo[39m: 	HTTP CRON server up and running on port 5555 !
2026-06-17 16:16:49 [32minfo[39m: 	Successfully connected to database mongodb://edgev3_app:edgev3_mongodb_pass@mongodb:27017/edgev3?authSource=admin
2026-06-17 16:16:49 [32minfo[39m: 	HTTP production server up and running on port 5000 !
2026-06-17 16:16:51 [32minfo[39m: 	Successfully connected to database mongodb://edgev3_app:edgev3_mongodb_pass@mongodb:27017/edgev3?authSource=admin
2026-06-17 16:16:51 [32minfo[39m: 	HTTP production server up and running on port 5000 !
2026-06-17 16:16:53 [32minfo[39m: 	Successfully connected to database mongodb://edgev3_app:edgev3_mongodb_pass@mongodb:27017/edgev3?authSource=admin
2026-06-17 16:16:53 [32minfo[39m: 	HTTP production server up and running on port 5000 !
2026-06-17 16:17:18 [32minfo[39m: 	Successfully connected to database mongodb://edgev3_app:edgev3_mongodb_pass@mongodb:27017/edgev3?authSource=admin
2026-06-17 16:17:18 [32minfo[39m: 	HTTP production server up and running on port 5000 !
2026-06-17 16:17:19 [32minfo[39m: 	Successfully connected to database mongodb://edgev3_app:edgev3_mongodb_pass@mongodb:27017/edgev3?authSource=admin
2026-06-17 16:17:19 [32minfo[39m: 	HTTP CRON server up and running on port 5555 !
2026-06-17 16:17:20 [32minfo[39m: 	Successfully connected to database mongodb://edgev3_app:edgev3_mongodb_pass@mongodb:27017/edgev3?authSource=admin
2026-06-17 16:17:20 [32minfo[39m: 	HTTP production server up and running on port 5000 !
2026-06-17 16:17:21 [32minfo[39m: 	Successfully connected to database mongodb://edgev3_app:edgev3_mongodb_pass@mongodb:27017/edgev3?authSource=admin
2026-06-17 16:17:21 [32minfo[39m: 	HTTP production server up and running on port 5000 !
2026-06-17 16:17:23 [32minfo[39m: 	Successfully connected to database mongodb://edgev3_app:edgev3_mongodb_pass@mongodb:27017/edgev3?authSource=admin
2026-06-17 16:17:23 [32minfo[39m: 	HTTP production server up and running on port 5000 !
2026-06-17 16:17:48 [32minfo[39m: 	Successfully connected to database mongodb://edgev3_app:edgev3_mongodb_pass@mongodb:27017/edgev3?authSource=admin
2026-06-17 16:17:48 [32minfo[39m: 	HTTP production server up and running on port 5000 !
2026-06-17 16:17:49 [32minfo[39m: 	Successfully connected to database mongodb://edgev3_app:edgev3_mongodb_pass@mongodb:27017/edgev3?authSource=admin
2026-06-17 16:17:49 [32minfo[39m: 	HTTP CRON server up and running on port 5555 !
2026-06-17 16:17:49 [32minfo[39m: 	Successfully connected to database mongodb://edgev3_app:edgev3_mongodb_pass@mongodb:27017/edgev3?authSource=admin
2026-06-17 16:17:49 [32minfo[39m: 	HTTP production server up and running on port 5000 !
2026-06-17 16:17:51 [32minfo[39m: 	Successfully connected to database mongodb://edgev3_app:edgev3_mongodb_pass@mongodb:27017/edgev3?authSource=admin
2026-06-17 16:17:51 [32minfo[39m: 	HTTP production server up and running on port 5000 !
2026-06-17 16:17:53 [32minfo[39m: 	Successfully connected to database mongodb://edgev3_app:edgev3_mongodb_pass@mongodb:27017/edgev3?authSource=admin
2026-06-17 16:17:53 [32minfo[39m: 	HTTP production server up and running on port 5000 !
2026-06-17 16:18:00 [32minfo[39m: 	exec:  NXF_CACHE_DIR=/edgev3/io/projects/ZuAPGaaoAOUIJ8z6/nextflow/work nextflow log|awk '/edge-ZuAPGaaoAOUIJ8z6/ &&(/OK/||/ERR/)'|awk '{split($0,array,/	/); print array[4]}'
2026-06-17 16:18:04 [32minfo[39m: 	exec stdout: ERR   

2026-06-17 16:18:18 [32minfo[39m: 	Successfully connected to database mongodb://edgev3_app:edgev3_mongodb_pass@mongodb:27017/edgev3?authSource=admin
2026-06-17 16:18:18 [32minfo[39m: 	HTTP production server up and running on port 5000 !
2026-06-17 16:18:19 [32minfo[39m: 	Successfully connected to database mongodb://edgev3_app:edgev3_mongodb_pass@mongodb:27017/edgev3?authSource=admin
2026-06-17 16:18:19 [32minfo[39m: 	HTTP CRON server up and running on port 5555 !
2026-06-17 16:18:19 [32minfo[39m: 	Successfully connected to database mongodb://edgev3_app:edgev3_mongodb_pass@mongodb:27017/edgev3?authSource=admin
2026-06-17 16:18:20 [32minfo[39m: 	HTTP production server up and running on port 5000 !
2026-06-17 16:18:21 [32minfo[39m: 	Successfully connected to database mongodb://edgev3_app:edgev3_mongodb_pass@mongodb:27017/edgev3?authSource=admin
2026-06-17 16:18:21 [32minfo[39m: 	HTTP production server up and running on port 5000 !
2026-06-17 16:18:23 [32minfo[39m: 	Successfully connected to database mongodb://edgev3_app:edgev3_mongodb_pass@mongodb:27017/edgev3?authSource=admin
2026-06-17 16:18:23 [32minfo[39m: 	HTTP production server up and running on port 5000 !
2026-06-17 16:18:48 [32minfo[39m: 	Successfully connected to database mongodb://edgev3_app:edgev3_mongodb_pass@mongodb:27017/edgev3?authSource=admin
2026-06-17 16:18:48 [32minfo[39m: 	HTTP production server up and running on port 5000 !
2026-06-17 16:18:49 [32minfo[39m: 	Successfully connected to database mongodb://edgev3_app:edgev3_mongodb_pass@mongodb:27017/edgev3?authSource=admin
2026-06-17 16:18:49 [32minfo[39m: 	HTTP CRON server up and running on port 5555 !
2026-06-17 16:18:49 [32minfo[39m: 	Successfully connected to database mongodb://edgev3_app:edgev3_mongodb_pass@mongodb:27017/edgev3?authSource=admin
2026-06-17 16:18:49 [32minfo[39m: 	HTTP production server up and running on port 5000 !
2026-06-17 16:18:51 [32minfo[39m: 	Successfully connected to database mongodb://edgev3_app:edgev3_mongodb_pass@mongodb:27017/edgev3?authSource=admin
2026-06-17 16:18:51 [32minfo[39m: 	HTTP production server up and running on port 5000 !
2026-06-17 16:18:53 [32minfo[39m: 	Successfully connected to database mongodb://edgev3_app:edgev3_mongodb_pass@mongodb:27017/edgev3?authSource=admin
2026-06-17 16:18:53 [32minfo[39m: 	HTTP production server up and running on port 5000 !
2026-06-17 16:19:18 [32minfo[39m: 	Successfully connected to database mongodb://edgev3_app:edgev3_mongodb_pass@mongodb:27017/edgev3?authSource=admin
2026-06-17 16:19:18 [32minfo[39m: 	HTTP production server up and running on port 5000 !
2026-06-17 16:19:20 [32minfo[39m: 	Successfully connected to database mongodb://edgev3_app:edgev3_mongodb_pass@mongodb:27017/edgev3?authSource=admin
2026-06-17 16:19:20 [32minfo[39m: 	HTTP CRON server up and running on port 5555 !
2026-06-17 16:19:20 [32minfo[39m: 	Successfully connected to database mongodb://edgev3_app:edgev3_mongodb_pass@mongodb:27017/edgev3?authSource=admin
2026-06-17 16:19:20 [32minfo[39m: 	HTTP production server up and running on port 5000 !
2026-06-17 16:19:22 [32minfo[39m: 	Successfully connected to database mongodb://edgev3_app:edgev3_mongodb_pass@mongodb:27017/edgev3?authSource=admin
2026-06-17 16:19:22 [32minfo[39m: 	HTTP production server up and running on port 5000 !
2026-06-17 16:19:23 [32minfo[39m: 	Successfully connected to database mongodb://edgev3_app:edgev3_mongodb_pass@mongodb:27017/edgev3?authSource=admin
2026-06-17 16:19:23 [32minfo[39m: 	HTTP production server up and running on port 5000 !
2026-06-17 16:19:48 [32minfo[39m: 	Successfully connected to database mongodb://edgev3_app:edgev3_mongodb_pass@mongodb:27017/edgev3?authSource=admin
2026-06-17 16:19:48 [32minfo[39m: 	HTTP production server up and running on port 5000 !
2026-06-17 16:19:50 [32minfo[39m: 	Successfully connected to database mongodb://edgev3_app:edgev3_mongodb_pass@mongodb:27017/edgev3?authSource=admin
2026-06-17 16:19:50 [32minfo[39m: 	HTTP CRON server up and running on port 5555 !
2026-06-17 16:19:50 [32minfo[39m: 	Successfully connected to database mongodb://edgev3_app:edgev3_mongodb_pass@mongodb:27017/edgev3?authSource=admin
2026-06-17 16:19:50 [32minfo[39m: 	HTTP production server up and running on port 5000 !
2026-06-17 16:19:52 [32minfo[39m: 	Successfully connected to database mongodb://edgev3_app:edgev3_mongodb_pass@mongodb:27017/edgev3?authSource=admin
2026-06-17 16:19:52 [32minfo[39m: 	HTTP production server up and running on port 5000 !
2026-06-17 16:19:53 [32minfo[39m: 	Successfully connected to database mongodb://edgev3_app:edgev3_mongodb_pass@mongodb:27017/edgev3?authSource=admin
2026-06-17 16:19:53 [32minfo[39m: 	HTTP production server up and running on port 5000 !
2026-06-17 16:20:18 [32minfo[39m: 	Successfully connected to database mongodb://edgev3_app:edgev3_mongodb_pass@mongodb:27017/edgev3?authSource=admin
2026-06-17 16:20:18 [32minfo[39m: 	HTTP production server up and running on port 5000 !
2026-06-17 16:20:19 [32minfo[39m: 	Successfully connected to database mongodb://edgev3_app:edgev3_mongodb_pass@mongodb:27017/edgev3?authSource=admin
2026-06-17 16:20:19 [32minfo[39m: 	HTTP CRON server up and running on port 5555 !
2026-06-17 16:20:20 [32minfo[39m: 	Successfully connected to database mongodb://edgev3_app:edgev3_mongodb_pass@mongodb:27017/edgev3?authSource=admin
2026-06-17 16:20:20 [32minfo[39m: 	HTTP production server up and running on port 5000 !
2026-06-17 16:20:21 [32minfo[39m: 	Successfully connected to database mongodb://edgev3_app:edgev3_mongodb_pass@mongodb:27017/edgev3?authSource=admin
2026-06-17 16:20:21 [32minfo[39m: 	HTTP production server up and running on port 5000 !
2026-06-17 16:20:23 [32minfo[39m: 	Successfully connected to database mongodb://edgev3_app:edgev3_mongodb_pass@mongodb:27017/edgev3?authSource=admin
2026-06-17 16:20:23 [32minfo[39m: 	HTTP production server up and running on port 5000 !
2026-06-17 16:20:48 [32minfo[39m: 	Successfully connected to database mongodb://edgev3_app:edgev3_mongodb_pass@mongodb:27017/edgev3?authSource=admin
2026-06-17 16:20:48 [32minfo[39m: 	HTTP production server up and running on port 5000 !
2026-06-17 16:20:49 [32minfo[39m: 	Successfully connected to database mongodb://edgev3_app:edgev3_mongodb_pass@mongodb:27017/edgev3?authSource=admin
2026-06-17 16:20:49 [32minfo[39m: 	HTTP CRON server up and running on port 5555 !
2026-06-17 16:20:49 [32minfo[39m: 	Successfully connected to database mongodb://edgev3_app:edgev3_mongodb_pass@mongodb:27017/edgev3?authSource=admin
2026-06-17 16:20:50 [32minfo[39m: 	HTTP production server up and running on port 5000 !
2026-06-17 16:20:51 [32minfo[39m: 	Successfully connected to database mongodb://edgev3_app:edgev3_mongodb_pass@mongodb:27017/edgev3?authSource=admin
2026-06-17 16:20:51 [32minfo[39m: 	HTTP production server up and running on port 5000 !
2026-06-17 16:20:53 [32minfo[39m: 	Successfully connected to database mongodb://edgev3_app:edgev3_mongodb_pass@mongodb:27017/edgev3?authSource=admin
2026-06-17 16:20:53 [32minfo[39m: 	HTTP production server up and running on port 5000 !
2026-06-17 16:21:18 [32minfo[39m: 	Successfully connected to database mongodb://edgev3_app:edgev3_mongodb_pass@mongodb:27017/edgev3?authSource=admin
2026-06-17 16:21:18 [32minfo[39m: 	HTTP production server up and running on port 5000 !
2026-06-17 16:21:19 [32minfo[39m: 	Successfully connected to database mongodb://edgev3_app:edgev3_mongodb_pass@mongodb:27017/edgev3?authSource=admin
2026-06-17 16:21:19 [32minfo[39m: 	HTTP CRON server up and running on port 5555 !
2026-06-17 16:21:20 [32minfo[39m: 	Successfully connected to database mongodb://edgev3_app:edgev3_mongodb_pass@mongodb:27017/edgev3?authSource=admin
2026-06-17 16:21:20 [32minfo[39m: 	HTTP production server up and running on port 5000 !
2026-06-17 16:21:21 [32minfo[39m: 	Successfully connected to database mongodb://edgev3_app:edgev3_mongodb_pass@mongodb:27017/edgev3?authSource=admin
2026-06-17 16:21:21 [32minfo[39m: 	HTTP production server up and running on port 5000 !
2026-06-17 16:21:23 [32minfo[39m: 	Successfully connected to database mongodb://edgev3_app:edgev3_mongodb_pass@mongodb:27017/edgev3?authSource=admin
2026-06-17 16:21:23 [32minfo[39m: 	HTTP production server up and running on port 5000 !
2026-06-17 16:21:48 [32minfo[39m: 	Successfully connected to database mongodb://edgev3_app:edgev3_mongodb_pass@mongodb:27017/edgev3?authSource=admin
2026-06-17 16:21:48 [32minfo[39m: 	HTTP production server up and running on port 5000 !
2026-06-17 16:21:49 [32minfo[39m: 	Successfully connected to database mongodb://edgev3_app:edgev3_mongodb_pass@mongodb:27017/edgev3?authSource=admin
2026-06-17 16:21:49 [32minfo[39m: 	HTTP CRON server up and running on port 5555 !
2026-06-17 16:21:49 [32minfo[39m: 	Successfully connected to database mongodb://edgev3_app:edgev3_mongodb_pass@mongodb:27017/edgev3?authSource=admin
2026-06-17 16:21:49 [32minfo[39m: 	HTTP production server up and running on port 5000 !
2026-06-17 16:21:51 [32minfo[39m: 	Successfully connected to database mongodb://edgev3_app:edgev3_mongodb_pass@mongodb:27017/edgev3?authSource=admin
2026-06-17 16:21:51 [32minfo[39m: 	HTTP production server up and running on port 5000 !
2026-06-17 16:21:53 [32minfo[39m: 	Successfully connected to database mongodb://edgev3_app:edgev3_mongodb_pass@mongodb:27017/edgev3?authSource=admin
2026-06-17 16:21:53 [32minfo[39m: 	HTTP production server up and running on port 5000 !
2026-06-17 16:22:18 [32minfo[39m: 	Successfully connected to database mongodb://edgev3_app:edgev3_mongodb_pass@mongodb:27017/edgev3?authSource=admin
2026-06-17 16:22:18 [32minfo[39m: 	HTTP production server up and running on port 5000 !
2026-06-17 16:22:19 [32minfo[39m: 	Successfully connected to database mongodb://edgev3_app:edgev3_mongodb_pass@mongodb:27017/edgev3?authSource=admin
2026-06-17 16:22:19 [32minfo[39m: 	HTTP CRON server up and running on port 5555 !
2026-06-17 16:22:20 [32minfo[39m: 	Successfully connected to database mongodb://edgev3_app:edgev3_mongodb_pass@mongodb:27017/edgev3?authSource=admin
2026-06-17 16:22:20 [32minfo[39m: 	HTTP production server up and running on port 5000 !
2026-06-17 16:22:22 [32minfo[39m: 	Successfully connected to database mongodb://edgev3_app:edgev3_mongodb_pass@mongodb:27017/edgev3?authSource=admin
2026-06-17 16:22:22 [32minfo[39m: 	HTTP production server up and running on port 5000 !
2026-06-17 16:22:23 [32minfo[39m: 	Successfully connected to database mongodb://edgev3_app:edgev3_mongodb_pass@mongodb:27017/edgev3?authSource=admin
2026-06-17 16:22:23 [32minfo[39m: 	HTTP production server up and running on port 5000 !
2026-06-17 16:22:48 [32minfo[39m: 	Successfully connected to database mongodb://edgev3_app:edgev3_mongodb_pass@mongodb:27017/edgev3?authSource=admin
2026-06-17 16:22:48 [32minfo[39m: 	HTTP production server up and running on port 5000 !
2026-06-17 16:22:49 [32minfo[39m: 	Successfully connected to database mongodb://edgev3_app:edgev3_mongodb_pass@mongodb:27017/edgev3?authSource=admin
2026-06-17 16:22:49 [32minfo[39m: 	HTTP CRON server up and running on port 5555 !
2026-06-17 16:22:50 [32minfo[39m: 	Successfully connected to database mongodb://edgev3_app:edgev3_mongodb_pass@mongodb:27017/edgev3?authSource=admin
2026-06-17 16:22:50 [32minfo[39m: 	HTTP production server up and running on port 5000 !
2026-06-17 16:22:51 [32minfo[39m: 	Successfully connected to database mongodb://edgev3_app:edgev3_mongodb_pass@mongodb:27017/edgev3?authSource=admin
2026-06-17 16:22:51 [32minfo[39m: 	HTTP production server up and running on port 5000 !
2026-06-17 16:22:53 [32minfo[39m: 	Successfully connected to database mongodb://edgev3_app:edgev3_mongodb_pass@mongodb:27017/edgev3?authSource=admin
2026-06-17 16:22:53 [32minfo[39m: 	HTTP production server up and running on port 5000 !
2026-06-17 16:23:18 [32minfo[39m: 	Successfully connected to database mongodb://edgev3_app:edgev3_mongodb_pass@mongodb:27017/edgev3?authSource=admin
2026-06-17 16:23:18 [32minfo[39m: 	HTTP production server up and running on port 5000 !
2026-06-17 16:23:19 [32minfo[39m: 	Successfully connected to database mongodb://edgev3_app:edgev3_mongodb_pass@mongodb:27017/edgev3?authSource=admin
2026-06-17 16:23:19 [32minfo[39m: 	HTTP CRON server up and running on port 5555 !
2026-06-17 16:23:19 [32minfo[39m: 	Successfully connected to database mongodb://edgev3_app:edgev3_mongodb_pass@mongodb:27017/edgev3?authSource=admin
2026-06-17 16:23:19 [32minfo[39m: 	HTTP production server up and running on port 5000 !
2026-06-17 16:23:21 [32minfo[39m: 	Successfully connected to database mongodb://edgev3_app:edgev3_mongodb_pass@mongodb:27017/edgev3?authSource=admin
2026-06-17 16:23:21 [32minfo[39m: 	HTTP production server up and running on port 5000 !
2026-06-17 16:23:23 [32minfo[39m: 	Successfully connected to database mongodb://edgev3_app:edgev3_mongodb_pass@mongodb:27017/edgev3?authSource=admin
2026-06-17 16:23:23 [32minfo[39m: 	HTTP production server up and running on port 5000 !
2026-06-17 16:23:48 [32minfo[39m: 	Successfully connected to database mongodb://edgev3_app:edgev3_mongodb_pass@mongodb:27017/edgev3?authSource=admin
2026-06-17 16:23:48 [32minfo[39m: 	HTTP production server up and running on port 5000 !
2026-06-17 16:23:49 [32minfo[39m: 	Successfully connected to database mongodb://edgev3_app:edgev3_mongodb_pass@mongodb:27017/edgev3?authSource=admin
2026-06-17 16:23:49 [32minfo[39m: 	HTTP CRON server up and running on port 5555 !
2026-06-17 16:23:49 [32minfo[39m: 	Successfully connected to database mongodb://edgev3_app:edgev3_mongodb_pass@mongodb:27017/edgev3?authSource=admin
2026-06-17 16:23:49 [32minfo[39m: 	HTTP production server up and running on port 5000 !
2026-06-17 16:23:51 [32minfo[39m: 	Successfully connected to database mongodb://edgev3_app:edgev3_mongodb_pass@mongodb:27017/edgev3?authSource=admin
2026-06-17 16:23:51 [32minfo[39m: 	HTTP production server up and running on port 5000 !
2026-06-17 16:23:53 [32minfo[39m: 	Successfully connected to database mongodb://edgev3_app:edgev3_mongodb_pass@mongodb:27017/edgev3?authSource=admin
2026-06-17 16:23:53 [32minfo[39m: 	HTTP production server up and running on port 5000 !
2026-06-17 16:24:18 [32minfo[39m: 	Successfully connected to database mongodb://edgev3_app:edgev3_mongodb_pass@mongodb:27017/edgev3?authSource=admin
2026-06-17 16:24:18 [32minfo[39m: 	HTTP production server up and running on port 5000 !
2026-06-17 16:24:19 [32minfo[39m: 	Successfully connected to database mongodb://edgev3_app:edgev3_mongodb_pass@mongodb:27017/edgev3?authSource=admin
2026-06-17 16:24:19 [32minfo[39m: 	HTTP CRON server up and running on port 5555 !
2026-06-17 16:24:19 [32minfo[39m: 	Successfully connected to database mongodb://edgev3_app:edgev3_mongodb_pass@mongodb:27017/edgev3?authSource=admin
2026-06-17 16:24:19 [32minfo[39m: 	HTTP production server up and running on port 5000 !
2026-06-17 16:24:21 [32minfo[39m: 	Successfully connected to database mongodb://edgev3_app:edgev3_mongodb_pass@mongodb:27017/edgev3?authSource=admin
2026-06-17 16:24:21 [32minfo[39m: 	HTTP production server up and running on port 5000 !
2026-06-17 16:24:23 [32minfo[39m: 	Successfully connected to database mongodb://edgev3_app:edgev3_mongodb_pass@mongodb:27017/edgev3?authSource=admin
2026-06-17 16:24:23 [32minfo[39m: 	HTTP production server up and running on port 5000 !
2026-06-17 16:24:48 [32minfo[39m: 	Successfully connected to database mongodb://edgev3_app:edgev3_mongodb_pass@mongodb:27017/edgev3?authSource=admin
2026-06-17 16:24:48 [32minfo[39m: 	HTTP production server up and running on port 5000 !
2026-06-17 16:24:49 [32minfo[39m: 	Successfully connected to database mongodb://edgev3_app:edgev3_mongodb_pass@mongodb:27017/edgev3?authSource=admin
2026-06-17 16:24:49 [32minfo[39m: 	HTTP CRON server up and running on port 5555 !
2026-06-17 16:24:50 [32minfo[39m: 	Successfully connected to database mongodb://edgev3_app:edgev3_mongodb_pass@mongodb:27017/edgev3?authSource=admin
2026-06-17 16:24:50 [32minfo[39m: 	HTTP production server up and running on port 5000 !
2026-06-17 16:24:51 [32minfo[39m: 	Successfully connected to database mongodb://edgev3_app:edgev3_mongodb_pass@mongodb:27017/edgev3?authSource=admin
2026-06-17 16:24:51 [32minfo[39m: 	HTTP production server up and running on port 5000 !
2026-06-17 16:24:53 [32minfo[39m: 	Successfully connected to database mongodb://edgev3_app:edgev3_mongodb_pass@mongodb:27017/edgev3?authSource=admin
2026-06-17 16:24:53 [32minfo[39m: 	HTTP production server up and running on port 5000 !
2026-06-17 16:25:18 [32minfo[39m: 	Successfully connected to database mongodb://edgev3_app:edgev3_mongodb_pass@mongodb:27017/edgev3?authSource=admin
2026-06-17 16:25:18 [32minfo[39m: 	HTTP production server up and running on port 5000 !
2026-06-17 16:25:19 [32minfo[39m: 	Successfully connected to database mongodb://edgev3_app:edgev3_mongodb_pass@mongodb:27017/edgev3?authSource=admin
2026-06-17 16:25:19 [32minfo[39m: 	HTTP CRON server up and running on port 5555 !
2026-06-17 16:25:19 [32minfo[39m: 	Successfully connected to database mongodb://edgev3_app:edgev3_mongodb_pass@mongodb:27017/edgev3?authSource=admin
2026-06-17 16:25:19 [32minfo[39m: 	HTTP production server up and running on port 5000 !
2026-06-17 16:25:21 [32minfo[39m: 	Successfully connected to database mongodb://edgev3_app:edgev3_mongodb_pass@mongodb:27017/edgev3?authSource=admin
2026-06-17 16:25:21 [32minfo[39m: 	HTTP production server up and running on port 5000 !
2026-06-17 16:25:23 [32minfo[39m: 	Successfully connected to database mongodb://edgev3_app:edgev3_mongodb_pass@mongodb:27017/edgev3?authSource=admin
2026-06-17 16:25:23 [32minfo[39m: 	HTTP production server up and running on port 5000 !
2026-06-17 16:25:48 [32minfo[39m: 	Successfully connected to database mongodb://edgev3_app:edgev3_mongodb_pass@mongodb:27017/edgev3?authSource=admin
2026-06-17 16:25:48 [32minfo[39m: 	HTTP production server up and running on port 5000 !
2026-06-17 16:25:49 [32minfo[39m: 	Successfully connected to database mongodb://edgev3_app:edgev3_mongodb_pass@mongodb:27017/edgev3?authSource=admin
2026-06-17 16:25:49 [32minfo[39m: 	HTTP CRON server up and running on port 5555 !
2026-06-17 16:25:50 [32minfo[39m: 	Successfully connected to database mongodb://edgev3_app:edgev3_mongodb_pass@mongodb:27017/edgev3?authSource=admin
2026-06-17 16:25:50 [32minfo[39m: 	HTTP production server up and running on port 5000 !
2026-06-17 16:25:51 [32minfo[39m: 	Successfully connected to database mongodb://edgev3_app:edgev3_mongodb_pass@mongodb:27017/edgev3?authSource=admin
2026-06-17 16:25:51 [32minfo[39m: 	HTTP production server up and running on port 5000 !
2026-06-17 16:25:53 [32minfo[39m: 	Successfully connected to database mongodb://edgev3_app:edgev3_mongodb_pass@mongodb:27017/edgev3?authSource=admin
2026-06-17 16:25:53 [32minfo[39m: 	HTTP production server up and running on port 5000 !
2026-06-17 16:26:18 [32minfo[39m: 	Successfully connected to database mongodb://edgev3_app:edgev3_mongodb_pass@mongodb:27017/edgev3?authSource=admin
2026-06-17 16:26:18 [32minfo[39m: 	HTTP production server up and running on port 5000 !
2026-06-17 16:26:19 [32minfo[39m: 	Successfully connected to database mongodb://edgev3_app:edgev3_mongodb_pass@mongodb:27017/edgev3?authSource=admin
2026-06-17 16:26:19 [32minfo[39m: 	HTTP CRON server up and running on port 5555 !
2026-06-17 16:26:19 [32minfo[39m: 	Successfully connected to database mongodb://edgev3_app:edgev3_mongodb_pass@mongodb:27017/edgev3?authSource=admin
2026-06-17 16:26:19 [32minfo[39m: 	HTTP production server up and running on port 5000 !
2026-06-17 16:26:21 [32minfo[39m: 	Successfully connected to database mongodb://edgev3_app:edgev3_mongodb_pass@mongodb:27017/edgev3?authSource=admin
2026-06-17 16:26:21 [32minfo[39m: 	HTTP production server up and running on port 5000 !
2026-06-17 16:26:23 [32minfo[39m: 	Successfully connected to database mongodb://edgev3_app:edgev3_mongodb_pass@mongodb:27017/edgev3?authSource=admin
2026-06-17 16:26:23 [32minfo[39m: 	HTTP production server up and running on port 5000 !
2026-06-17 16:26:48 [32minfo[39m: 	Successfully connected to database mongodb://edgev3_app:edgev3_mongodb_pass@mongodb:27017/edgev3?authSource=admin
2026-06-17 16:26:48 [32minfo[39m: 	HTTP production server up and running on port 5000 !
2026-06-17 16:26:49 [32minfo[39m: 	Successfully connected to database mongodb://edgev3_app:edgev3_mongodb_pass@mongodb:27017/edgev3?authSource=admin
2026-06-17 16:26:49 [32minfo[39m: 	HTTP CRON server up and running on port 5555 !
2026-06-17 16:26:49 [32minfo[39m: 	Successfully connected to database mongodb://edgev3_app:edgev3_mongodb_pass@mongodb:27017/edgev3?authSource=admin
2026-06-17 16:26:49 [32minfo[39m: 	HTTP production server up and running on port 5000 !
2026-06-17 16:26:51 [32minfo[39m: 	Successfully connected to database mongodb://edgev3_app:edgev3_mongodb_pass@mongodb:27017/edgev3?authSource=admin
2026-06-17 16:26:51 [32minfo[39m: 	HTTP production server up and running on port 5000 !
2026-06-17 16:26:53 [32minfo[39m: 	Successfully connected to database mongodb://edgev3_app:edgev3_mongodb_pass@mongodb:27017/edgev3?authSource=admin
2026-06-17 16:26:53 [32minfo[39m: 	HTTP production server up and running on port 5000 !
2026-06-17 16:27:18 [32minfo[39m: 	Successfully connected to database mongodb://edgev3_app:edgev3_mongodb_pass@mongodb:27017/edgev3?authSource=admin
2026-06-17 16:27:18 [32minfo[39m: 	HTTP production server up and running on port 5000 !
2026-06-17 16:27:20 [32minfo[39m: 	Successfully connected to database mongodb://edgev3_app:edgev3_mongodb_pass@mongodb:27017/edgev3?authSource=admin
2026-06-17 16:27:20 [32minfo[39m: 	HTTP CRON server up and running on port 5555 !
2026-06-17 16:27:20 [32minfo[39m: 	Successfully connected to database mongodb://edgev3_app:edgev3_mongodb_pass@mongodb:27017/edgev3?authSource=admin
2026-06-17 16:27:20 [32minfo[39m: 	HTTP production server up and running on port 5000 !
2026-06-17 16:27:22 [32minfo[39m: 	Successfully connected to database mongodb://edgev3_app:edgev3_mongodb_pass@mongodb:27017/edgev3?authSource=admin
2026-06-17 16:27:22 [32minfo[39m: 	HTTP production server up and running on port 5000 !
2026-06-17 16:27:23 [32minfo[39m: 	Successfully connected to database mongodb://edgev3_app:edgev3_mongodb_pass@mongodb:27017/edgev3?authSource=admin
2026-06-17 16:27:23 [32minfo[39m: 	HTTP production server up and running on port 5000 !
2026-06-17 16:27:48 [32minfo[39m: 	Successfully connected to database mongodb://edgev3_app:edgev3_mongodb_pass@mongodb:27017/edgev3?authSource=admin
2026-06-17 16:27:48 [32minfo[39m: 	HTTP production server up and running on port 5000 !
2026-06-17 16:27:49 [32minfo[39m: 	Successfully connected to database mongodb://edgev3_app:edgev3_mongodb_pass@mongodb:27017/edgev3?authSource=admin
2026-06-17 16:27:49 [32minfo[39m: 	HTTP CRON server up and running on port 5555 !
2026-06-17 16:27:50 [32minfo[39m: 	Successfully connected to database mongodb://edgev3_app:edgev3_mongodb_pass@mongodb:27017/edgev3?authSource=admin
2026-06-17 16:27:50 [32minfo[39m: 	HTTP production server up and running on port 5000 !
2026-06-17 16:27:51 [32minfo[39m: 	Successfully connected to database mongodb://edgev3_app:edgev3_mongodb_pass@mongodb:27017/edgev3?authSource=admin
2026-06-17 16:27:51 [32minfo[39m: 	HTTP production server up and running on port 5000 !
2026-06-17 16:27:53 [32minfo[39m: 	Successfully connected to database mongodb://edgev3_app:edgev3_mongodb_pass@mongodb:27017/edgev3?authSource=admin
2026-06-17 16:27:53 [32minfo[39m: 	HTTP production server up and running on port 5000 !
2026-06-17 16:28:18 [32minfo[39m: 	Successfully connected to database mongodb://edgev3_app:edgev3_mongodb_pass@mongodb:27017/edgev3?authSource=admin
2026-06-17 16:28:18 [32minfo[39m: 	HTTP production server up and running on port 5000 !
2026-06-17 16:28:19 [32minfo[39m: 	Successfully connected to database mongodb://edgev3_app:edgev3_mongodb_pass@mongodb:27017/edgev3?authSource=admin
2026-06-17 16:28:19 [32minfo[39m: 	HTTP CRON server up and running on port 5555 !
2026-06-17 16:28:19 [32minfo[39m: 	Successfully connected to database mongodb://edgev3_app:edgev3_mongodb_pass@mongodb:27017/edgev3?authSource=admin
2026-06-17 16:28:20 [32minfo[39m: 	HTTP production server up and running on port 5000 !
2026-06-17 16:28:21 [32minfo[39m: 	Successfully connected to database mongodb://edgev3_app:edgev3_mongodb_pass@mongodb:27017/edgev3?authSource=admin
2026-06-17 16:28:21 [32minfo[39m: 	HTTP production server up and running on port 5000 !
2026-06-17 16:28:23 [32minfo[39m: 	Successfully connected to database mongodb://edgev3_app:edgev3_mongodb_pass@mongodb:27017/edgev3?authSource=admin
2026-06-17 16:28:23 [32minfo[39m: 	HTTP production server up and running on port 5000 !
2026-06-17 16:28:48 [32minfo[39m: 	Successfully connected to database mongodb://edgev3_app:edgev3_mongodb_pass@mongodb:27017/edgev3?authSource=admin
2026-06-17 16:28:48 [32minfo[39m: 	HTTP production server up and running on port 5000 !
2026-06-17 16:28:49 [32minfo[39m: 	Successfully connected to database mongodb://edgev3_app:edgev3_mongodb_pass@mongodb:27017/edgev3?authSource=admin
2026-06-17 16:28:49 [32minfo[39m: 	HTTP CRON server up and running on port 5555 !
2026-06-17 16:28:49 [32minfo[39m: 	Successfully connected to database mongodb://edgev3_app:edgev3_mongodb_pass@mongodb:27017/edgev3?authSource=admin
2026-06-17 16:28:49 [32minfo[39m: 	HTTP production server up and running on port 5000 !
2026-06-17 16:28:51 [32minfo[39m: 	Successfully connected to database mongodb://edgev3_app:edgev3_mongodb_pass@mongodb:27017/edgev3?authSource=admin
2026-06-17 16:28:51 [32minfo[39m: 	HTTP production server up and running on port 5000 !
2026-06-17 16:28:53 [32minfo[39m: 	Successfully connected to database mongodb://edgev3_app:edgev3_mongodb_pass@mongodb:27017/edgev3?authSource=admin
2026-06-17 16:28:53 [32minfo[39m: 	HTTP production server up and running on port 5000 !
2026-06-17 16:29:18 [32minfo[39m: 	Successfully connected to database mongodb://edgev3_app:edgev3_mongodb_pass@mongodb:27017/edgev3?authSource=admin
2026-06-17 16:29:18 [32minfo[39m: 	HTTP production server up and running on port 5000 !
2026-06-17 16:29:19 [32minfo[39m: 	Successfully connected to database mongodb://edgev3_app:edgev3_mongodb_pass@mongodb:27017/edgev3?authSource=admin
2026-06-17 16:29:19 [32minfo[39m: 	HTTP CRON server up and running on port 5555 !
2026-06-17 16:29:19 [32minfo[39m: 	Successfully connected to database mongodb://edgev3_app:edgev3_mongodb_pass@mongodb:27017/edgev3?authSource=admin
2026-06-17 16:29:19 [32minfo[39m: 	HTTP production server up and running on port 5000 !
2026-06-17 16:29:21 [32minfo[39m: 	Successfully connected to database mongodb://edgev3_app:edgev3_mongodb_pass@mongodb:27017/edgev3?authSource=admin
2026-06-17 16:29:21 [32minfo[39m: 	HTTP production server up and running on port 5000 !
2026-06-17 16:29:23 [32minfo[39m: 	Successfully connected to database mongodb://edgev3_app:edgev3_mongodb_pass@mongodb:27017/edgev3?authSource=admin
2026-06-17 16:29:23 [32minfo[39m: 	HTTP production server up and running on port 5000 !
2026-06-17 16:29:48 [32minfo[39m: 	Successfully connected to database mongodb://edgev3_app:edgev3_mongodb_pass@mongodb:27017/edgev3?authSource=admin
2026-06-17 16:29:48 [32minfo[39m: 	HTTP production server up and running on port 5000 !
2026-06-17 16:29:49 [32minfo[39m: 	Successfully connected to database mongodb://edgev3_app:edgev3_mongodb_pass@mongodb:27017/edgev3?authSource=admin
2026-06-17 16:29:49 [32minfo[39m: 	HTTP CRON server up and running on port 5555 !
2026-06-17 16:29:49 [32minfo[39m: 	Successfully connected to database mongodb://edgev3_app:edgev3_mongodb_pass@mongodb:27017/edgev3?authSource=admin
2026-06-17 16:29:49 [32minfo[39m: 	HTTP production server up and running on port 5000 !
2026-06-17 16:29:51 [32minfo[39m: 	Successfully connected to database mongodb://edgev3_app:edgev3_mongodb_pass@mongodb:27017/edgev3?authSource=admin
2026-06-17 16:29:51 [32minfo[39m: 	HTTP production server up and running on port 5000 !
2026-06-17 16:29:53 [32minfo[39m: 	Successfully connected to database mongodb://edgev3_app:edgev3_mongodb_pass@mongodb:27017/edgev3?authSource=admin
2026-06-17 16:29:53 [32minfo[39m: 	HTTP production server up and running on port 5000 !
2026-06-17 16:30:18 [32minfo[39m: 	Successfully connected to database mongodb://edgev3_app:edgev3_mongodb_pass@mongodb:27017/edgev3?authSource=admin
2026-06-17 16:30:18 [32minfo[39m: 	HTTP production server up and running on port 5000 !
2026-06-17 16:30:19 [32minfo[39m: 	Successfully connected to database mongodb://edgev3_app:edgev3_mongodb_pass@mongodb:27017/edgev3?authSource=admin
2026-06-17 16:30:19 [32minfo[39m: 	HTTP CRON server up and running on port 5555 !
2026-06-17 16:30:19 [32minfo[39m: 	Successfully connected to database mongodb://edgev3_app:edgev3_mongodb_pass@mongodb:27017/edgev3?authSource=admin
2026-06-17 16:30:19 [32minfo[39m: 	HTTP production server up and running on port 5000 !
2026-06-17 16:30:21 [32minfo[39m: 	Successfully connected to database mongodb://edgev3_app:edgev3_mongodb_pass@mongodb:27017/edgev3?authSource=admin
2026-06-17 16:30:21 [32minfo[39m: 	HTTP production server up and running on port 5000 !
2026-06-17 16:30:23 [32minfo[39m: 	Successfully connected to database mongodb://edgev3_app:edgev3_mongodb_pass@mongodb:27017/edgev3?authSource=admin
2026-06-17 16:30:23 [32minfo[39m: 	HTTP production server up and running on port 5000 !
2026-06-17 16:30:48 [32minfo[39m: 	Successfully connected to database mongodb://edgev3_app:edgev3_mongodb_pass@mongodb:27017/edgev3?authSource=admin
2026-06-17 16:30:48 [32minfo[39m: 	HTTP production server up and running on port 5000 !
2026-06-17 16:30:49 [32minfo[39m: 	Successfully connected to database mongodb://edgev3_app:edgev3_mongodb_pass@mongodb:27017/edgev3?authSource=admin
2026-06-17 16:30:49 [32minfo[39m: 	HTTP CRON server up and running on port 5555 !
2026-06-17 16:30:50 [32minfo[39m: 	Successfully connected to database mongodb://edgev3_app:edgev3_mongodb_pass@mongodb:27017/edgev3?authSource=admin
2026-06-17 16:30:50 [32minfo[39m: 	HTTP production server up and running on port 5000 !
2026-06-17 16:30:51 [32minfo[39m: 	Successfully connected to database mongodb://edgev3_app:edgev3_mongodb_pass@mongodb:27017/edgev3?authSource=admin
2026-06-17 16:30:51 [32minfo[39m: 	HTTP production server up and running on port 5000 !
2026-06-17 16:30:53 [32minfo[39m: 	Successfully connected to database mongodb://edgev3_app:edgev3_mongodb_pass@mongodb:27017/edgev3?authSource=admin
2026-06-17 16:30:53 [32minfo[39m: 	HTTP production server up and running on port 5000 !
2026-06-17 16:31:18 [32minfo[39m: 	Successfully connected to database mongodb://edgev3_app:edgev3_mongodb_pass@mongodb:27017/edgev3?authSource=admin
2026-06-17 16:31:18 [32minfo[39m: 	HTTP production server up and running on port 5000 !
2026-06-17 16:31:19 [32minfo[39m: 	Successfully connected to database mongodb://edgev3_app:edgev3_mongodb_pass@mongodb:27017/edgev3?authSource=admin
2026-06-17 16:31:19 [32minfo[39m: 	HTTP CRON server up and running on port 5555 !
2026-06-17 16:31:20 [32minfo[39m: 	Successfully connected to database mongodb://edgev3_app:edgev3_mongodb_pass@mongodb:27017/edgev3?authSource=admin
2026-06-17 16:31:20 [32minfo[39m: 	HTTP production server up and running on port 5000 !
2026-06-17 16:31:21 [32minfo[39m: 	Successfully connected to database mongodb://edgev3_app:edgev3_mongodb_pass@mongodb:27017/edgev3?authSource=admin
2026-06-17 16:31:21 [32minfo[39m: 	HTTP production server up and running on port 5000 !
2026-06-17 16:31:23 [32minfo[39m: 	Successfully connected to database mongodb://edgev3_app:edgev3_mongodb_pass@mongodb:27017/edgev3?authSource=admin
2026-06-17 16:31:23 [32minfo[39m: 	HTTP production server up and running on port 5000 !
2026-06-17 16:31:48 [32minfo[39m: 	Successfully connected to database mongodb://edgev3_app:edgev3_mongodb_pass@mongodb:27017/edgev3?authSource=admin
2026-06-17 16:31:48 [32minfo[39m: 	HTTP production server up and running on port 5000 !
2026-06-17 16:31:49 [32minfo[39m: 	Successfully connected to database mongodb://edgev3_app:edgev3_mongodb_pass@mongodb:27017/edgev3?authSource=admin
2026-06-17 16:31:49 [32minfo[39m: 	HTTP CRON server up and running on port 5555 !
2026-06-17 16:31:50 [32minfo[39m: 	Successfully connected to database mongodb://edgev3_app:edgev3_mongodb_pass@mongodb:27017/edgev3?authSource=admin
2026-06-17 16:31:50 [32minfo[39m: 	HTTP production server up and running on port 5000 !
2026-06-17 16:31:51 [32minfo[39m: 	Successfully connected to database mongodb://edgev3_app:edgev3_mongodb_pass@mongodb:27017/edgev3?authSource=admin
2026-06-17 16:31:51 [32minfo[39m: 	HTTP production server up and running on port 5000 !
2026-06-17 16:31:53 [32minfo[39m: 	Successfully connected to database mongodb://edgev3_app:edgev3_mongodb_pass@mongodb:27017/edgev3?authSource=admin
2026-06-17 16:31:53 [32minfo[39m: 	HTTP production server up and running on port 5000 !
2026-06-17 16:32:18 [32minfo[39m: 	Successfully connected to database mongodb://edgev3_app:edgev3_mongodb_pass@mongodb:27017/edgev3?authSource=admin
2026-06-17 16:32:18 [32minfo[39m: 	HTTP production server up and running on port 5000 !
2026-06-17 16:32:19 [32minfo[39m: 	Successfully connected to database mongodb://edgev3_app:edgev3_mongodb_pass@mongodb:27017/edgev3?authSource=admin
2026-06-17 16:32:19 [32minfo[39m: 	HTTP CRON server up and running on port 5555 !
2026-06-17 16:32:19 [32minfo[39m: 	Successfully connected to database mongodb://edgev3_app:edgev3_mongodb_pass@mongodb:27017/edgev3?authSource=admin
2026-06-17 16:32:19 [32minfo[39m: 	HTTP production server up and running on port 5000 !
2026-06-17 16:32:21 [32minfo[39m: 	Successfully connected to database mongodb://edgev3_app:edgev3_mongodb_pass@mongodb:27017/edgev3?authSource=admin
2026-06-17 16:32:21 [32minfo[39m: 	HTTP production server up and running on port 5000 !
2026-06-17 16:32:23 [32minfo[39m: 	Successfully connected to database mongodb://edgev3_app:edgev3_mongodb_pass@mongodb:27017/edgev3?authSource=admin
2026-06-17 16:32:23 [32minfo[39m: 	HTTP production server up and running on port 5000 !
2026-06-17 16:32:48 [32minfo[39m: 	Successfully connected to database mongodb://edgev3_app:edgev3_mongodb_pass@mongodb:27017/edgev3?authSource=admin
2026-06-17 16:32:48 [32minfo[39m: 	HTTP production server up and running on port 5000 !
2026-06-17 16:32:49 [32minfo[39m: 	Successfully connected to database mongodb://edgev3_app:edgev3_mongodb_pass@mongodb:27017/edgev3?authSource=admin
2026-06-17 16:32:49 [32minfo[39m: 	HTTP CRON server up and running on port 5555 !
2026-06-17 16:32:50 [32minfo[39m: 	Successfully connected to database mongodb://edgev3_app:edgev3_mongodb_pass@mongodb:27017/edgev3?authSource=admin
2026-06-17 16:32:50 [32minfo[39m: 	HTTP production server up and running on port 5000 !
2026-06-17 16:32:51 [32minfo[39m: 	Successfully connected to database mongodb://edgev3_app:edgev3_mongodb_pass@mongodb:27017/edgev3?authSource=admin
2026-06-17 16:32:51 [32minfo[39m: 	HTTP production server up and running on port 5000 !
2026-06-17 16:32:53 [32minfo[39m: 	Successfully connected to database mongodb://edgev3_app:edgev3_mongodb_pass@mongodb:27017/edgev3?authSource=admin
2026-06-17 16:32:53 [32minfo[39m: 	HTTP production server up and running on port 5000 !
2026-06-17 16:33:18 [32minfo[39m: 	Successfully connected to database mongodb://edgev3_app:edgev3_mongodb_pass@mongodb:27017/edgev3?authSource=admin
2026-06-17 16:33:18 [32minfo[39m: 	HTTP production server up and running on port 5000 !
2026-06-17 16:33:19 [32minfo[39m: 	Successfully connected to database mongodb://edgev3_app:edgev3_mongodb_pass@mongodb:27017/edgev3?authSource=admin
2026-06-17 16:33:19 [32minfo[39m: 	HTTP CRON server up and running on port 5555 !
2026-06-17 16:33:20 [32minfo[39m: 	Successfully connected to database mongodb://edgev3_app:edgev3_mongodb_pass@mongodb:27017/edgev3?authSource=admin
2026-06-17 16:33:20 [32minfo[39m: 	HTTP production server up and running on port 5000 !
2026-06-17 16:33:21 [32minfo[39m: 	Successfully connected to database mongodb://edgev3_app:edgev3_mongodb_pass@mongodb:27017/edgev3?authSource=admin
2026-06-17 16:33:21 [32minfo[39m: 	HTTP production server up and running on port 5000 !
2026-06-17 16:33:23 [32minfo[39m: 	Successfully connected to database mongodb://edgev3_app:edgev3_mongodb_pass@mongodb:27017/edgev3?authSource=admin
2026-06-17 16:33:23 [32minfo[39m: 	HTTP production server up and running on port 5000 !
2026-06-17 16:33:48 [32minfo[39m: 	Successfully connected to database mongodb://edgev3_app:edgev3_mongodb_pass@mongodb:27017/edgev3?authSource=admin
2026-06-17 16:33:48 [32minfo[39m: 	HTTP production server up and running on port 5000 !
2026-06-17 16:33:49 [32minfo[39m: 	Successfully connected to database mongodb://edgev3_app:edgev3_mongodb_pass@mongodb:27017/edgev3?authSource=admin
2026-06-17 16:33:49 [32minfo[39m: 	HTTP CRON server up and running on port 5555 !
2026-06-17 16:33:50 [32minfo[39m: 	Successfully connected to database mongodb://edgev3_app:edgev3_mongodb_pass@mongodb:27017/edgev3?authSource=admin
2026-06-17 16:33:50 [32minfo[39m: 	HTTP production server up and running on port 5000 !
2026-06-17 16:33:51 [32minfo[39m: 	Successfully connected to database mongodb://edgev3_app:edgev3_mongodb_pass@mongodb:27017/edgev3?authSource=admin
2026-06-17 16:33:51 [32minfo[39m: 	HTTP production server up and running on port 5000 !
2026-06-17 16:33:53 [32minfo[39m: 	Successfully connected to database mongodb://edgev3_app:edgev3_mongodb_pass@mongodb:27017/edgev3?authSource=admin
2026-06-17 16:33:53 [32minfo[39m: 	HTTP production server up and running on port 5000 !
2026-06-17 16:34:18 [32minfo[39m: 	Successfully connected to database mongodb://edgev3_app:edgev3_mongodb_pass@mongodb:27017/edgev3?authSource=admin
2026-06-17 16:34:18 [32minfo[39m: 	HTTP production server up and running on port 5000 !
2026-06-17 16:34:19 [32minfo[39m: 	Successfully connected to database mongodb://edgev3_app:edgev3_mongodb_pass@mongodb:27017/edgev3?authSource=admin
2026-06-17 16:34:19 [32minfo[39m: 	HTTP CRON server up and running on port 5555 !
2026-06-17 16:34:20 [32minfo[39m: 	Successfully connected to database mongodb://edgev3_app:edgev3_mongodb_pass@mongodb:27017/edgev3?authSource=admin
2026-06-17 16:34:20 [32minfo[39m: 	HTTP production server up and running on port 5000 !
2026-06-17 16:34:21 [32minfo[39m: 	Successfully connected to database mongodb://edgev3_app:edgev3_mongodb_pass@mongodb:27017/edgev3?authSource=admin
2026-06-17 16:34:21 [32minfo[39m: 	HTTP production server up and running on port 5000 !
2026-06-17 16:34:23 [32minfo[39m: 	Successfully connected to database mongodb://edgev3_app:edgev3_mongodb_pass@mongodb:27017/edgev3?authSource=admin
2026-06-17 16:34:23 [32minfo[39m: 	HTTP production server up and running on port 5000 !
2026-06-17 16:34:48 [32minfo[39m: 	Successfully connected to database mongodb://edgev3_app:edgev3_mongodb_pass@mongodb:27017/edgev3?authSource=admin
2026-06-17 16:34:48 [32minfo[39m: 	HTTP production server up and running on port 5000 !
2026-06-17 16:34:49 [32minfo[39m: 	Successfully connected to database mongodb://edgev3_app:edgev3_mongodb_pass@mongodb:27017/edgev3?authSource=admin
2026-06-17 16:34:49 [32minfo[39m: 	HTTP CRON server up and running on port 5555 !
2026-06-17 16:34:50 [32minfo[39m: 	Successfully connected to database mongodb://edgev3_app:edgev3_mongodb_pass@mongodb:27017/edgev3?authSource=admin
2026-06-17 16:34:50 [32minfo[39m: 	HTTP production server up and running on port 5000 !
2026-06-17 16:34:51 [32minfo[39m: 	Successfully connected to database mongodb://edgev3_app:edgev3_mongodb_pass@mongodb:27017/edgev3?authSource=admin
2026-06-17 16:34:51 [32minfo[39m: 	HTTP production server up and running on port 5000 !
2026-06-17 16:34:53 [32minfo[39m: 	Successfully connected to database mongodb://edgev3_app:edgev3_mongodb_pass@mongodb:27017/edgev3?authSource=admin
2026-06-17 16:34:53 [32minfo[39m: 	HTTP production server up and running on port 5000 !
2026-06-17 16:35:18 [32minfo[39m: 	Successfully connected to database mongodb://edgev3_app:edgev3_mongodb_pass@mongodb:27017/edgev3?authSource=admin
2026-06-17 16:35:18 [32minfo[39m: 	HTTP production server up and running on port 5000 !
2026-06-17 16:35:19 [32minfo[39m: 	Successfully connected to database mongodb://edgev3_app:edgev3_mongodb_pass@mongodb:27017/edgev3?authSource=admin
2026-06-17 16:35:19 [32minfo[39m: 	HTTP CRON server up and running on port 5555 !
2026-06-17 16:35:20 [32minfo[39m: 	Successfully connected to database mongodb://edgev3_app:edgev3_mongodb_pass@mongodb:27017/edgev3?authSource=admin
2026-06-17 16:35:20 [32minfo[39m: 	HTTP production server up and running on port 5000 !
2026-06-17 16:35:21 [32minfo[39m: 	Successfully connected to database mongodb://edgev3_app:edgev3_mongodb_pass@mongodb:27017/edgev3?authSource=admin
2026-06-17 16:35:21 [32minfo[39m: 	HTTP production server up and running on port 5000 !
2026-06-17 16:35:23 [32minfo[39m: 	Successfully connected to database mongodb://edgev3_app:edgev3_mongodb_pass@mongodb:27017/edgev3?authSource=admin
2026-06-17 16:35:23 [32minfo[39m: 	HTTP production server up and running on port 5000 !
2026-06-17 16:35:48 [32minfo[39m: 	Successfully connected to database mongodb://edgev3_app:edgev3_mongodb_pass@mongodb:27017/edgev3?authSource=admin
2026-06-17 16:35:48 [32minfo[39m: 	HTTP production server up and running on port 5000 !
2026-06-17 16:35:49 [32minfo[39m: 	Successfully connected to database mongodb://edgev3_app:edgev3_mongodb_pass@mongodb:27017/edgev3?authSource=admin
2026-06-17 16:35:49 [32minfo[39m: 	HTTP CRON server up and running on port 5555 !
2026-06-17 16:35:50 [32minfo[39m: 	Successfully connected to database mongodb://edgev3_app:edgev3_mongodb_pass@mongodb:27017/edgev3?authSource=admin
2026-06-17 16:35:50 [32minfo[39m: 	HTTP production server up and running on port 5000 !
2026-06-17 16:35:51 [32minfo[39m: 	Successfully connected to database mongodb://edgev3_app:edgev3_mongodb_pass@mongodb:27017/edgev3?authSource=admin
2026-06-17 16:35:51 [32minfo[39m: 	HTTP production server up and running on port 5000 !
2026-06-17 16:35:53 [32minfo[39m: 	Successfully connected to database mongodb://edgev3_app:edgev3_mongodb_pass@mongodb:27017/edgev3?authSource=admin
2026-06-17 16:35:53 [32minfo[39m: 	HTTP production server up and running on port 5000 !
2026-06-17 16:36:18 [32minfo[39m: 	Successfully connected to database mongodb://edgev3_app:edgev3_mongodb_pass@mongodb:27017/edgev3?authSource=admin
2026-06-17 16:36:18 [32minfo[39m: 	HTTP production server up and running on port 5000 !
2026-06-17 16:36:19 [32minfo[39m: 	Successfully connected to database mongodb://edgev3_app:edgev3_mongodb_pass@mongodb:27017/edgev3?authSource=admin
2026-06-17 16:36:19 [32minfo[39m: 	HTTP CRON server up and running on port 5555 !
2026-06-17 16:36:20 [32minfo[39m: 	Successfully connected to database mongodb://edgev3_app:edgev3_mongodb_pass@mongodb:27017/edgev3?authSource=admin
2026-06-17 16:36:20 [32minfo[39m: 	HTTP production server up and running on port 5000 !
2026-06-17 16:36:21 [32minfo[39m: 	Successfully connected to database mongodb://edgev3_app:edgev3_mongodb_pass@mongodb:27017/edgev3?authSource=admin
2026-06-17 16:36:21 [32minfo[39m: 	HTTP production server up and running on port 5000 !
2026-06-17 16:36:23 [32minfo[39m: 	Successfully connected to database mongodb://edgev3_app:edgev3_mongodb_pass@mongodb:27017/edgev3?authSource=admin
2026-06-17 16:36:23 [32minfo[39m: 	HTTP production server up and running on port 5000 !
2026-06-17 16:36:48 [32minfo[39m: 	Successfully connected to database mongodb://edgev3_app:edgev3_mongodb_pass@mongodb:27017/edgev3?authSource=admin
2026-06-17 16:36:48 [32minfo[39m: 	HTTP production server up and running on port 5000 !
2026-06-17 16:36:49 [32minfo[39m: 	Successfully connected to database mongodb://edgev3_app:edgev3_mongodb_pass@mongodb:27017/edgev3?authSource=admin
2026-06-17 16:36:49 [32minfo[39m: 	HTTP CRON server up and running on port 5555 !
2026-06-17 16:36:50 [32minfo[39m: 	Successfully connected to database mongodb://edgev3_app:edgev3_mongodb_pass@mongodb:27017/edgev3?authSource=admin
2026-06-17 16:36:50 [32minfo[39m: 	HTTP production server up and running on port 5000 !
2026-06-17 16:36:51 [32minfo[39m: 	Successfully connected to database mongodb://edgev3_app:edgev3_mongodb_pass@mongodb:27017/edgev3?authSource=admin
2026-06-17 16:36:51 [32minfo[39m: 	HTTP production server up and running on port 5000 !
2026-06-17 16:36:53 [32minfo[39m: 	Successfully connected to database mongodb://edgev3_app:edgev3_mongodb_pass@mongodb:27017/edgev3?authSource=admin
2026-06-17 16:36:53 [32minfo[39m: 	HTTP production server up and running on port 5000 !
2026-06-17 16:37:18 [32minfo[39m: 	Successfully connected to database mongodb://edgev3_app:edgev3_mongodb_pass@mongodb:27017/edgev3?authSource=admin
2026-06-17 16:37:18 [32minfo[39m: 	HTTP production server up and running on port 5000 !
2026-06-17 16:37:19 [32minfo[39m: 	Successfully connected to database mongodb://edgev3_app:edgev3_mongodb_pass@mongodb:27017/edgev3?authSource=admin
2026-06-17 16:37:19 [32minfo[39m: 	HTTP CRON server up and running on port 5555 !
2026-06-17 16:37:20 [32minfo[39m: 	Successfully connected to database mongodb://edgev3_app:edgev3_mongodb_pass@mongodb:27017/edgev3?authSource=admin
2026-06-17 16:37:20 [32minfo[39m: 	HTTP production server up and running on port 5000 !
2026-06-17 16:37:21 [32minfo[39m: 	Successfully connected to database mongodb://edgev3_app:edgev3_mongodb_pass@mongodb:27017/edgev3?authSource=admin
2026-06-17 16:37:21 [32minfo[39m: 	HTTP production server up and running on port 5000 !
2026-06-17 16:37:23 [32minfo[39m: 	Successfully connected to database mongodb://edgev3_app:edgev3_mongodb_pass@mongodb:27017/edgev3?authSource=admin
2026-06-17 16:37:23 [32minfo[39m: 	HTTP production server up and running on port 5000 !
2026-06-17 16:37:48 [32minfo[39m: 	Successfully connected to database mongodb://edgev3_app:edgev3_mongodb_pass@mongodb:27017/edgev3?authSource=admin
2026-06-17 16:37:48 [32minfo[39m: 	HTTP production server up and running on port 5000 !
2026-06-17 16:37:49 [32minfo[39m: 	Successfully connected to database mongodb://edgev3_app:edgev3_mongodb_pass@mongodb:27017/edgev3?authSource=admin
2026-06-17 16:37:49 [32minfo[39m: 	HTTP CRON server up and running on port 5555 !
2026-06-17 16:37:50 [32minfo[39m: 	Successfully connected to database mongodb://edgev3_app:edgev3_mongodb_pass@mongodb:27017/edgev3?authSource=admin
2026-06-17 16:37:50 [32minfo[39m: 	HTTP production server up and running on port 5000 !
2026-06-17 16:37:51 [32minfo[39m: 	Successfully connected to database mongodb://edgev3_app:edgev3_mongodb_pass@mongodb:27017/edgev3?authSource=admin
2026-06-17 16:37:51 [32minfo[39m: 	HTTP production server up and running on port 5000 !
2026-06-17 16:37:53 [32minfo[39m: 	Successfully connected to database mongodb://edgev3_app:edgev3_mongodb_pass@mongodb:27017/edgev3?authSource=admin
2026-06-17 16:37:53 [32minfo[39m: 	HTTP production server up and running on port 5000 !
2026-06-17 16:38:18 [32minfo[39m: 	Successfully connected to database mongodb://edgev3_app:edgev3_mongodb_pass@mongodb:27017/edgev3?authSource=admin
2026-06-17 16:38:18 [32minfo[39m: 	HTTP production server up and running on port 5000 !
2026-06-17 16:38:19 [32minfo[39m: 	Successfully connected to database mongodb://edgev3_app:edgev3_mongodb_pass@mongodb:27017/edgev3?authSource=admin
2026-06-17 16:38:19 [32minfo[39m: 	HTTP CRON server up and running on port 5555 !
2026-06-17 16:38:20 [32minfo[39m: 	Successfully connected to database mongodb://edgev3_app:edgev3_mongodb_pass@mongodb:27017/edgev3?authSource=admin
2026-06-17 16:38:20 [32minfo[39m: 	HTTP production server up and running on port 5000 !
2026-06-17 16:38:21 [32minfo[39m: 	Successfully connected to database mongodb://edgev3_app:edgev3_mongodb_pass@mongodb:27017/edgev3?authSource=admin
2026-06-17 16:38:21 [32minfo[39m: 	HTTP production server up and running on port 5000 !
2026-06-17 16:38:23 [32minfo[39m: 	Successfully connected to database mongodb://edgev3_app:edgev3_mongodb_pass@mongodb:27017/edgev3?authSource=admin
2026-06-17 16:38:23 [32minfo[39m: 	HTTP production server up and running on port 5000 !
2026-06-17 16:38:48 [32minfo[39m: 	Successfully connected to database mongodb://edgev3_app:edgev3_mongodb_pass@mongodb:27017/edgev3?authSource=admin
2026-06-17 16:38:48 [32minfo[39m: 	HTTP production server up and running on port 5000 !
2026-06-17 16:38:49 [32minfo[39m: 	Successfully connected to database mongodb://edgev3_app:edgev3_mongodb_pass@mongodb:27017/edgev3?authSource=admin
2026-06-17 16:38:49 [32minfo[39m: 	HTTP CRON server up and running on port 5555 !
2026-06-17 16:38:50 [32minfo[39m: 	Successfully connected to database mongodb://edgev3_app:edgev3_mongodb_pass@mongodb:27017/edgev3?authSource=admin
2026-06-17 16:38:50 [32minfo[39m: 	HTTP production server up and running on port 5000 !
2026-06-17 16:38:51 [32minfo[39m: 	Successfully connected to database mongodb://edgev3_app:edgev3_mongodb_pass@mongodb:27017/edgev3?authSource=admin
2026-06-17 16:38:51 [32minfo[39m: 	HTTP production server up and running on port 5000 !
2026-06-17 16:38:53 [32minfo[39m: 	Successfully connected to database mongodb://edgev3_app:edgev3_mongodb_pass@mongodb:27017/edgev3?authSource=admin
2026-06-17 16:38:53 [32minfo[39m: 	HTTP production server up and running on port 5000 !
2026-06-17 16:40:11 [32minfo[39m: 	Successfully connected to database mongodb://edgev3_app:edgev3_mongodb_pass@mongodb:27017/edgev3?authSource=admin
2026-06-17 16:40:11 [32minfo[39m: 	HTTP production server up and running on port 5000 !
2026-06-17 16:40:11 [32minfo[39m: 	Successfully connected to database mongodb://edgev3_app:edgev3_mongodb_pass@mongodb:27017/edgev3?authSource=admin
2026-06-17 16:40:11 [32minfo[39m: 	HTTP production server up and running on port 5000 !
2026-06-17 16:40:11 [32minfo[39m: 	Successfully connected to database mongodb://edgev3_app:edgev3_mongodb_pass@mongodb:27017/edgev3?authSource=admin
2026-06-17 16:40:11 [32minfo[39m: 	HTTP production server up and running on port 5000 !
2026-06-17 16:40:11 [32minfo[39m: 	Successfully connected to database mongodb://edgev3_app:edgev3_mongodb_pass@mongodb:27017/edgev3?authSource=admin
2026-06-17 16:40:11 [32minfo[39m: 	HTTP production server up and running on port 5000 !
2026-06-17 16:40:11 [32minfo[39m: 	Successfully connected to database mongodb://edgev3_app:edgev3_mongodb_pass@mongodb:27017/edgev3?authSource=admin
2026-06-17 16:40:11 [32minfo[39m: 	HTTP CRON server up and running on port 5555 !
2026-06-17 16:40:12 [32minfo[39m: 	Successfully connected to database mongodb://edgev3_app:edgev3_mongodb_pass@mongodb:27017/edgev3?authSource=admin
2026-06-17 16:40:12 [32minfo[39m: 	HTTP production server up and running on port 5000 !
2026-06-17 16:40:12 [32minfo[39m: 	Successfully connected to database mongodb://edgev3_app:edgev3_mongodb_pass@mongodb:27017/edgev3?authSource=admin
2026-06-17 16:40:12 [32minfo[39m: 	HTTP production server up and running on port 5000 !
2026-06-17 16:40:13 [32minfo[39m: 	Successfully connected to database mongodb://edgev3_app:edgev3_mongodb_pass@mongodb:27017/edgev3?authSource=admin
2026-06-17 16:40:13 [32minfo[39m: 	HTTP production server up and running on port 5000 !
2026-06-17 16:40:13 [32minfo[39m: 	Successfully connected to database mongodb://edgev3_app:edgev3_mongodb_pass@mongodb:27017/edgev3?authSource=admin
2026-06-17 16:40:13 [32minfo[39m: 	HTTP production server up and running on port 5000 !
2026-06-17 16:40:41 [32minfo[39m: 	Successfully connected to database mongodb://edgev3_app:edgev3_mongodb_pass@mongodb:27017/edgev3?authSource=admin
2026-06-17 16:40:41 [32minfo[39m: 	HTTP production server up and running on port 5000 !
2026-06-17 16:40:42 [32minfo[39m: 	Successfully connected to database mongodb://edgev3_app:edgev3_mongodb_pass@mongodb:27017/edgev3?authSource=admin
2026-06-17 16:40:43 [32minfo[39m: 	HTTP CRON server up and running on port 5555 !
2026-06-17 16:40:43 [32minfo[39m: 	Successfully connected to database mongodb://edgev3_app:edgev3_mongodb_pass@mongodb:27017/edgev3?authSource=admin
2026-06-17 16:40:43 [32minfo[39m: 	HTTP production server up and running on port 5000 !
2026-06-17 16:40:44 [32minfo[39m: 	Successfully connected to database mongodb://edgev3_app:edgev3_mongodb_pass@mongodb:27017/edgev3?authSource=admin
2026-06-17 16:40:44 [32minfo[39m: 	HTTP production server up and running on port 5000 !
2026-06-17 16:40:46 [32minfo[39m: 	Successfully connected to database mongodb://edgev3_app:edgev3_mongodb_pass@mongodb:27017/edgev3?authSource=admin
2026-06-17 16:40:46 [32minfo[39m: 	HTTP production server up and running on port 5000 !
2026-06-17 16:41:11 [32minfo[39m: 	Successfully connected to database mongodb://edgev3_app:edgev3_mongodb_pass@mongodb:27017/edgev3?authSource=admin
2026-06-17 16:41:11 [32minfo[39m: 	HTTP production server up and running on port 5000 !
2026-06-17 16:41:12 [32minfo[39m: 	Successfully connected to database mongodb://edgev3_app:edgev3_mongodb_pass@mongodb:27017/edgev3?authSource=admin
2026-06-17 16:41:12 [32minfo[39m: 	HTTP CRON server up and running on port 5555 !
2026-06-17 16:41:13 [32minfo[39m: 	Successfully connected to database mongodb://edgev3_app:edgev3_mongodb_pass@mongodb:27017/edgev3?authSource=admin
2026-06-17 16:41:13 [32minfo[39m: 	HTTP production server up and running on port 5000 !
2026-06-17 16:41:14 [32minfo[39m: 	Successfully connected to database mongodb://edgev3_app:edgev3_mongodb_pass@mongodb:27017/edgev3?authSource=admin
2026-06-17 16:41:14 [32minfo[39m: 	HTTP production server up and running on port 5000 !
2026-06-17 16:41:16 [32minfo[39m: 	Successfully connected to database mongodb://edgev3_app:edgev3_mongodb_pass@mongodb:27017/edgev3?authSource=admin
2026-06-17 16:41:16 [32minfo[39m: 	HTTP production server up and running on port 5000 !
2026-06-17 16:41:41 [32minfo[39m: 	Successfully connected to database mongodb://edgev3_app:edgev3_mongodb_pass@mongodb:27017/edgev3?authSource=admin
2026-06-17 16:41:41 [32minfo[39m: 	HTTP production server up and running on port 5000 !
2026-06-17 16:41:42 [32minfo[39m: 	Successfully connected to database mongodb://edgev3_app:edgev3_mongodb_pass@mongodb:27017/edgev3?authSource=admin
2026-06-17 16:41:42 [32minfo[39m: 	HTTP CRON server up and running on port 5555 !
2026-06-17 16:41:43 [32minfo[39m: 	Successfully connected to database mongodb://edgev3_app:edgev3_mongodb_pass@mongodb:27017/edgev3?authSource=admin
2026-06-17 16:41:43 [32minfo[39m: 	HTTP production server up and running on port 5000 !
2026-06-17 16:41:44 [32minfo[39m: 	Successfully connected to database mongodb://edgev3_app:edgev3_mongodb_pass@mongodb:27017/edgev3?authSource=admin
2026-06-17 16:41:44 [32minfo[39m: 	HTTP production server up and running on port 5000 !
2026-06-17 16:41:46 [32minfo[39m: 	Successfully connected to database mongodb://edgev3_app:edgev3_mongodb_pass@mongodb:27017/edgev3?authSource=admin
2026-06-17 16:41:46 [32minfo[39m: 	HTTP production server up and running on port 5000 !
2026-06-17 16:42:11 [32minfo[39m: 	Successfully connected to database mongodb://edgev3_app:edgev3_mongodb_pass@mongodb:27017/edgev3?authSource=admin
2026-06-17 16:42:11 [32minfo[39m: 	HTTP production server up and running on port 5000 !
2026-06-17 16:42:13 [32minfo[39m: 	Successfully connected to database mongodb://edgev3_app:edgev3_mongodb_pass@mongodb:27017/edgev3?authSource=admin
2026-06-17 16:42:13 [32minfo[39m: 	HTTP CRON server up and running on port 5555 !
2026-06-17 16:42:13 [32minfo[39m: 	Successfully connected to database mongodb://edgev3_app:edgev3_mongodb_pass@mongodb:27017/edgev3?authSource=admin
2026-06-17 16:42:13 [32minfo[39m: 	HTTP production server up and running on port 5000 !
2026-06-17 16:42:15 [32minfo[39m: 	Successfully connected to database mongodb://edgev3_app:edgev3_mongodb_pass@mongodb:27017/edgev3?authSource=admin
2026-06-17 16:42:15 [32minfo[39m: 	HTTP production server up and running on port 5000 !
2026-06-17 16:42:18 [32minfo[39m: 	Successfully connected to database mongodb://edgev3_app:edgev3_mongodb_pass@mongodb:27017/edgev3?authSource=admin
2026-06-17 16:42:18 [32minfo[39m: 	HTTP production server up and running on port 5000 !
2026-06-17 16:42:41 [32minfo[39m: 	Successfully connected to database mongodb://edgev3_app:edgev3_mongodb_pass@mongodb:27017/edgev3?authSource=admin
2026-06-17 16:42:41 [32minfo[39m: 	HTTP production server up and running on port 5000 !
2026-06-17 16:42:42 [32minfo[39m: 	Successfully connected to database mongodb://edgev3_app:edgev3_mongodb_pass@mongodb:27017/edgev3?authSource=admin
2026-06-17 16:42:42 [32minfo[39m: 	HTTP CRON server up and running on port 5555 !
2026-06-17 16:42:43 [32minfo[39m: 	Successfully connected to database mongodb://edgev3_app:edgev3_mongodb_pass@mongodb:27017/edgev3?authSource=admin
2026-06-17 16:42:43 [32minfo[39m: 	HTTP production server up and running on port 5000 !
2026-06-17 16:42:44 [32minfo[39m: 	Successfully connected to database mongodb://edgev3_app:edgev3_mongodb_pass@mongodb:27017/edgev3?authSource=admin
2026-06-17 16:42:44 [32minfo[39m: 	HTTP production server up and running on port 5000 !
2026-06-17 16:42:46 [32minfo[39m: 	Successfully connected to database mongodb://edgev3_app:edgev3_mongodb_pass@mongodb:27017/edgev3?authSource=admin
2026-06-17 16:42:46 [32minfo[39m: 	HTTP production server up and running on port 5000 !
2026-06-17 16:43:11 [32minfo[39m: 	Successfully connected to database mongodb://edgev3_app:edgev3_mongodb_pass@mongodb:27017/edgev3?authSource=admin
2026-06-17 16:43:11 [32minfo[39m: 	HTTP production server up and running on port 5000 !
2026-06-17 16:43:12 [32minfo[39m: 	Successfully connected to database mongodb://edgev3_app:edgev3_mongodb_pass@mongodb:27017/edgev3?authSource=admin
2026-06-17 16:43:13 [32minfo[39m: 	HTTP CRON server up and running on port 5555 !
2026-06-17 16:43:13 [32minfo[39m: 	Successfully connected to database mongodb://edgev3_app:edgev3_mongodb_pass@mongodb:27017/edgev3?authSource=admin
2026-06-17 16:43:13 [32minfo[39m: 	HTTP production server up and running on port 5000 !
2026-06-17 16:43:14 [32minfo[39m: 	Successfully connected to database mongodb://edgev3_app:edgev3_mongodb_pass@mongodb:27017/edgev3?authSource=admin
2026-06-17 16:43:14 [32minfo[39m: 	HTTP production server up and running on port 5000 !
2026-06-17 16:43:16 [32minfo[39m: 	Successfully connected to database mongodb://edgev3_app:edgev3_mongodb_pass@mongodb:27017/edgev3?authSource=admin
2026-06-17 16:43:16 [32minfo[39m: 	HTTP production server up and running on port 5000 !
2026-06-17 16:43:41 [32minfo[39m: 	Successfully connected to database mongodb://edgev3_app:edgev3_mongodb_pass@mongodb:27017/edgev3?authSource=admin
2026-06-17 16:43:41 [32minfo[39m: 	HTTP production server up and running on port 5000 !
2026-06-17 16:43:42 [32minfo[39m: 	Successfully connected to database mongodb://edgev3_app:edgev3_mongodb_pass@mongodb:27017/edgev3?authSource=admin
2026-06-17 16:43:42 [32minfo[39m: 	HTTP CRON server up and running on port 5555 !
2026-06-17 16:43:43 [32minfo[39m: 	Successfully connected to database mongodb://edgev3_app:edgev3_mongodb_pass@mongodb:27017/edgev3?authSource=admin
2026-06-17 16:43:43 [32minfo[39m: 	HTTP production server up and running on port 5000 !
2026-06-17 16:43:44 [32minfo[39m: 	Successfully connected to database mongodb://edgev3_app:edgev3_mongodb_pass@mongodb:27017/edgev3?authSource=admin
2026-06-17 16:43:44 [32minfo[39m: 	HTTP production server up and running on port 5000 !
2026-06-17 16:43:46 [32minfo[39m: 	Successfully connected to database mongodb://edgev3_app:edgev3_mongodb_pass@mongodb:27017/edgev3?authSource=admin
2026-06-17 16:43:46 [32minfo[39m: 	HTTP production server up and running on port 5000 !
2026-06-17 16:44:11 [32minfo[39m: 	Successfully connected to database mongodb://edgev3_app:edgev3_mongodb_pass@mongodb:27017/edgev3?authSource=admin
2026-06-17 16:44:11 [32minfo[39m: 	HTTP production server up and running on port 5000 !
2026-06-17 16:44:12 [32minfo[39m: 	Successfully connected to database mongodb://edgev3_app:edgev3_mongodb_pass@mongodb:27017/edgev3?authSource=admin
2026-06-17 16:44:12 [32minfo[39m: 	HTTP CRON server up and running on port 5555 !
2026-06-17 16:44:13 [32minfo[39m: 	Successfully connected to database mongodb://edgev3_app:edgev3_mongodb_pass@mongodb:27017/edgev3?authSource=admin
2026-06-17 16:44:13 [32minfo[39m: 	HTTP production server up and running on port 5000 !
2026-06-17 16:44:14 [32minfo[39m: 	Successfully connected to database mongodb://edgev3_app:edgev3_mongodb_pass@mongodb:27017/edgev3?authSource=admin
2026-06-17 16:44:14 [32minfo[39m: 	HTTP production server up and running on port 5000 !
2026-06-17 16:44:16 [32minfo[39m: 	Successfully connected to database mongodb://edgev3_app:edgev3_mongodb_pass@mongodb:27017/edgev3?authSource=admin
2026-06-17 16:44:16 [32minfo[39m: 	HTTP production server up and running on port 5000 !
2026-06-17 16:44:41 [32minfo[39m: 	Successfully connected to database mongodb://edgev3_app:edgev3_mongodb_pass@mongodb:27017/edgev3?authSource=admin
2026-06-17 16:44:41 [32minfo[39m: 	HTTP production server up and running on port 5000 !
2026-06-17 16:44:42 [32minfo[39m: 	Successfully connected to database mongodb://edgev3_app:edgev3_mongodb_pass@mongodb:27017/edgev3?authSource=admin
2026-06-17 16:44:42 [32minfo[39m: 	HTTP CRON server up and running on port 5555 !
2026-06-17 16:44:43 [32minfo[39m: 	Successfully connected to database mongodb://edgev3_app:edgev3_mongodb_pass@mongodb:27017/edgev3?authSource=admin
2026-06-17 16:44:43 [32minfo[39m: 	HTTP production server up and running on port 5000 !
2026-06-17 16:44:44 [32minfo[39m: 	Successfully connected to database mongodb://edgev3_app:edgev3_mongodb_pass@mongodb:27017/edgev3?authSource=admin
2026-06-17 16:44:44 [32minfo[39m: 	HTTP production server up and running on port 5000 !
2026-06-17 16:44:46 [32minfo[39m: 	Successfully connected to database mongodb://edgev3_app:edgev3_mongodb_pass@mongodb:27017/edgev3?authSource=admin
2026-06-17 16:44:46 [32minfo[39m: 	HTTP production server up and running on port 5000 !
2026-06-17 16:45:11 [32minfo[39m: 	Successfully connected to database mongodb://edgev3_app:edgev3_mongodb_pass@mongodb:27017/edgev3?authSource=admin
2026-06-17 16:45:11 [32minfo[39m: 	HTTP production server up and running on port 5000 !
2026-06-17 16:45:13 [32minfo[39m: 	Successfully connected to database mongodb://edgev3_app:edgev3_mongodb_pass@mongodb:27017/edgev3?authSource=admin
2026-06-17 16:45:13 [32minfo[39m: 	HTTP CRON server up and running on port 5555 !
2026-06-17 16:45:13 [32minfo[39m: 	Successfully connected to database mongodb://edgev3_app:edgev3_mongodb_pass@mongodb:27017/edgev3?authSource=admin
2026-06-17 16:45:13 [32minfo[39m: 	HTTP production server up and running on port 5000 !
2026-06-17 16:45:14 [32minfo[39m: 	Successfully connected to database mongodb://edgev3_app:edgev3_mongodb_pass@mongodb:27017/edgev3?authSource=admin
2026-06-17 16:45:14 [32minfo[39m: 	HTTP production server up and running on port 5000 !
2026-06-17 16:45:16 [32minfo[39m: 	Successfully connected to database mongodb://edgev3_app:edgev3_mongodb_pass@mongodb:27017/edgev3?authSource=admin
2026-06-17 16:45:16 [32minfo[39m: 	HTTP production server up and running on port 5000 !
2026-06-17 16:45:41 [32minfo[39m: 	Successfully connected to database mongodb://edgev3_app:edgev3_mongodb_pass@mongodb:27017/edgev3?authSource=admin
2026-06-17 16:45:41 [32minfo[39m: 	HTTP production server up and running on port 5000 !
2026-06-17 16:45:42 [32minfo[39m: 	Successfully connected to database mongodb://edgev3_app:edgev3_mongodb_pass@mongodb:27017/edgev3?authSource=admin
2026-06-17 16:45:42 [32minfo[39m: 	HTTP CRON server up and running on port 5555 !
2026-06-17 16:45:43 [32minfo[39m: 	Successfully connected to database mongodb://edgev3_app:edgev3_mongodb_pass@mongodb:27017/edgev3?authSource=admin
2026-06-17 16:45:43 [32minfo[39m: 	HTTP production server up and running on port 5000 !
2026-06-17 16:45:44 [32minfo[39m: 	Successfully connected to database mongodb://edgev3_app:edgev3_mongodb_pass@mongodb:27017/edgev3?authSource=admin
2026-06-17 16:45:44 [32minfo[39m: 	HTTP production server up and running on port 5000 !
2026-06-17 16:45:46 [32minfo[39m: 	Successfully connected to database mongodb://edgev3_app:edgev3_mongodb_pass@mongodb:27017/edgev3?authSource=admin
2026-06-17 16:45:46 [32minfo[39m: 	HTTP production server up and running on port 5000 !
2026-06-17 16:46:11 [32minfo[39m: 	Successfully connected to database mongodb://edgev3_app:edgev3_mongodb_pass@mongodb:27017/edgev3?authSource=admin
2026-06-17 16:46:11 [32minfo[39m: 	HTTP production server up and running on port 5000 !
2026-06-17 16:46:13 [32minfo[39m: 	Successfully connected to database mongodb://edgev3_app:edgev3_mongodb_pass@mongodb:27017/edgev3?authSource=admin
2026-06-17 16:46:13 [32minfo[39m: 	HTTP CRON server up and running on port 5555 !
2026-06-17 16:46:13 [32minfo[39m: 	Successfully connected to database mongodb://edgev3_app:edgev3_mongodb_pass@mongodb:27017/edgev3?authSource=admin
2026-06-17 16:46:13 [32minfo[39m: 	HTTP production server up and running on port 5000 !
2026-06-17 16:46:14 [32minfo[39m: 	Successfully connected to database mongodb://edgev3_app:edgev3_mongodb_pass@mongodb:27017/edgev3?authSource=admin
2026-06-17 16:46:14 [32minfo[39m: 	HTTP production server up and running on port 5000 !
2026-06-17 16:46:16 [32minfo[39m: 	Successfully connected to database mongodb://edgev3_app:edgev3_mongodb_pass@mongodb:27017/edgev3?authSource=admin
2026-06-17 16:46:16 [32minfo[39m: 	HTTP production server up and running on port 5000 !
2026-06-17 16:46:41 [32minfo[39m: 	Successfully connected to database mongodb://edgev3_app:edgev3_mongodb_pass@mongodb:27017/edgev3?authSource=admin
2026-06-17 16:46:41 [32minfo[39m: 	HTTP production server up and running on port 5000 !
2026-06-17 16:46:42 [32minfo[39m: 	Successfully connected to database mongodb://edgev3_app:edgev3_mongodb_pass@mongodb:27017/edgev3?authSource=admin
2026-06-17 16:46:42 [32minfo[39m: 	HTTP CRON server up and running on port 5555 !
2026-06-17 16:46:43 [32minfo[39m: 	Successfully connected to database mongodb://edgev3_app:edgev3_mongodb_pass@mongodb:27017/edgev3?authSource=admin
2026-06-17 16:46:43 [32minfo[39m: 	HTTP production server up and running on port 5000 !
2026-06-17 16:46:44 [32minfo[39m: 	Successfully connected to database mongodb://edgev3_app:edgev3_mongodb_pass@mongodb:27017/edgev3?authSource=admin
2026-06-17 16:46:44 [32minfo[39m: 	HTTP production server up and running on port 5000 !
2026-06-17 16:46:46 [32minfo[39m: 	Successfully connected to database mongodb://edgev3_app:edgev3_mongodb_pass@mongodb:27017/edgev3?authSource=admin
2026-06-17 16:46:46 [32minfo[39m: 	HTTP production server up and running on port 5000 !
2026-06-17 16:47:11 [32minfo[39m: 	Successfully connected to database mongodb://edgev3_app:edgev3_mongodb_pass@mongodb:27017/edgev3?authSource=admin
2026-06-17 16:47:11 [32minfo[39m: 	HTTP production server up and running on port 5000 !
2026-06-17 16:47:13 [32minfo[39m: 	Successfully connected to database mongodb://edgev3_app:edgev3_mongodb_pass@mongodb:27017/edgev3?authSource=admin
2026-06-17 16:47:13 [32minfo[39m: 	HTTP CRON server up and running on port 5555 !
2026-06-17 16:47:13 [32minfo[39m: 	Successfully connected to database mongodb://edgev3_app:edgev3_mongodb_pass@mongodb:27017/edgev3?authSource=admin
2026-06-17 16:47:13 [32minfo[39m: 	HTTP production server up and running on port 5000 !
2026-06-17 16:47:14 [32minfo[39m: 	Successfully connected to database mongodb://edgev3_app:edgev3_mongodb_pass@mongodb:27017/edgev3?authSource=admin
2026-06-17 16:47:14 [32minfo[39m: 	HTTP production server up and running on port 5000 !
2026-06-17 16:47:16 [32minfo[39m: 	Successfully connected to database mongodb://edgev3_app:edgev3_mongodb_pass@mongodb:27017/edgev3?authSource=admin
2026-06-17 16:47:16 [32minfo[39m: 	HTTP production server up and running on port 5000 !
2026-06-17 16:47:41 [32minfo[39m: 	Successfully connected to database mongodb://edgev3_app:edgev3_mongodb_pass@mongodb:27017/edgev3?authSource=admin
2026-06-17 16:47:41 [32minfo[39m: 	HTTP production server up and running on port 5000 !
2026-06-17 16:47:43 [32minfo[39m: 	Successfully connected to database mongodb://edgev3_app:edgev3_mongodb_pass@mongodb:27017/edgev3?authSource=admin
2026-06-17 16:47:43 [32minfo[39m: 	HTTP CRON server up and running on port 5555 !
2026-06-17 16:47:43 [32minfo[39m: 	Successfully connected to database mongodb://edgev3_app:edgev3_mongodb_pass@mongodb:27017/edgev3?authSource=admin
2026-06-17 16:47:43 [32minfo[39m: 	HTTP production server up and running on port 5000 !
2026-06-17 16:47:44 [32minfo[39m: 	Successfully connected to database mongodb://edgev3_app:edgev3_mongodb_pass@mongodb:27017/edgev3?authSource=admin
2026-06-17 16:47:44 [32minfo[39m: 	HTTP production server up and running on port 5000 !
2026-06-17 16:47:46 [32minfo[39m: 	Successfully connected to database mongodb://edgev3_app:edgev3_mongodb_pass@mongodb:27017/edgev3?authSource=admin
2026-06-17 16:47:46 [32minfo[39m: 	HTTP production server up and running on port 5000 !
2026-06-17 16:48:11 [32minfo[39m: 	Successfully connected to database mongodb://edgev3_app:edgev3_mongodb_pass@mongodb:27017/edgev3?authSource=admin
2026-06-17 16:48:11 [32minfo[39m: 	HTTP production server up and running on port 5000 !
2026-06-17 16:48:12 [32minfo[39m: 	Successfully connected to database mongodb://edgev3_app:edgev3_mongodb_pass@mongodb:27017/edgev3?authSource=admin
2026-06-17 16:48:12 [32minfo[39m: 	HTTP CRON server up and running on port 5555 !
2026-06-17 16:48:13 [32minfo[39m: 	Successfully connected to database mongodb://edgev3_app:edgev3_mongodb_pass@mongodb:27017/edgev3?authSource=admin
2026-06-17 16:48:13 [32minfo[39m: 	HTTP production server up and running on port 5000 !
2026-06-17 16:48:14 [32minfo[39m: 	Successfully connected to database mongodb://edgev3_app:edgev3_mongodb_pass@mongodb:27017/edgev3?authSource=admin
2026-06-17 16:48:14 [32minfo[39m: 	HTTP production server up and running on port 5000 !
2026-06-17 16:48:16 [32minfo[39m: 	Successfully connected to database mongodb://edgev3_app:edgev3_mongodb_pass@mongodb:27017/edgev3?authSource=admin
2026-06-17 16:48:16 [32minfo[39m: 	HTTP production server up and running on port 5000 !
2026-06-17 16:48:41 [32minfo[39m: 	Successfully connected to database mongodb://edgev3_app:edgev3_mongodb_pass@mongodb:27017/edgev3?authSource=admin
2026-06-17 16:48:41 [32minfo[39m: 	HTTP production server up and running on port 5000 !
2026-06-17 16:48:42 [32minfo[39m: 	Successfully connected to database mongodb://edgev3_app:edgev3_mongodb_pass@mongodb:27017/edgev3?authSource=admin
2026-06-17 16:48:42 [32minfo[39m: 	HTTP CRON server up and running on port 5555 !
2026-06-17 16:48:43 [32minfo[39m: 	Successfully connected to database mongodb://edgev3_app:edgev3_mongodb_pass@mongodb:27017/edgev3?authSource=admin
2026-06-17 16:48:43 [32minfo[39m: 	HTTP production server up and running on port 5000 !
2026-06-17 16:48:44 [32minfo[39m: 	Successfully connected to database mongodb://edgev3_app:edgev3_mongodb_pass@mongodb:27017/edgev3?authSource=admin
2026-06-17 16:48:44 [32minfo[39m: 	HTTP production server up and running on port 5000 !
2026-06-17 16:48:46 [32minfo[39m: 	Successfully connected to database mongodb://edgev3_app:edgev3_mongodb_pass@mongodb:27017/edgev3?authSource=admin
2026-06-17 16:48:46 [32minfo[39m: 	HTTP production server up and running on port 5000 !
2026-06-17 16:49:11 [32minfo[39m: 	Successfully connected to database mongodb://edgev3_app:edgev3_mongodb_pass@mongodb:27017/edgev3?authSource=admin
2026-06-17 16:49:11 [32minfo[39m: 	HTTP production server up and running on port 5000 !
2026-06-17 16:49:12 [32minfo[39m: 	Successfully connected to database mongodb://edgev3_app:edgev3_mongodb_pass@mongodb:27017/edgev3?authSource=admin
2026-06-17 16:49:12 [32minfo[39m: 	HTTP CRON server up and running on port 5555 !
2026-06-17 16:49:13 [32minfo[39m: 	Successfully connected to database mongodb://edgev3_app:edgev3_mongodb_pass@mongodb:27017/edgev3?authSource=admin
2026-06-17 16:49:13 [32minfo[39m: 	HTTP production server up and running on port 5000 !
2026-06-17 16:49:14 [32minfo[39m: 	Successfully connected to database mongodb://edgev3_app:edgev3_mongodb_pass@mongodb:27017/edgev3?authSource=admin
2026-06-17 16:49:14 [32minfo[39m: 	HTTP production server up and running on port 5000 !
2026-06-17 16:49:16 [32minfo[39m: 	Successfully connected to database mongodb://edgev3_app:edgev3_mongodb_pass@mongodb:27017/edgev3?authSource=admin
2026-06-17 16:49:16 [32minfo[39m: 	HTTP production server up and running on port 5000 !
2026-06-17 16:49:41 [32minfo[39m: 	Successfully connected to database mongodb://edgev3_app:edgev3_mongodb_pass@mongodb:27017/edgev3?authSource=admin
2026-06-17 16:49:41 [32minfo[39m: 	HTTP production server up and running on port 5000 !
2026-06-17 16:49:43 [32minfo[39m: 	Successfully connected to database mongodb://edgev3_app:edgev3_mongodb_pass@mongodb:27017/edgev3?authSource=admin
2026-06-17 16:49:43 [32minfo[39m: 	HTTP CRON server up and running on port 5555 !
2026-06-17 16:49:43 [32minfo[39m: 	Successfully connected to database mongodb://edgev3_app:edgev3_mongodb_pass@mongodb:27017/edgev3?authSource=admin
2026-06-17 16:49:43 [32minfo[39m: 	HTTP production server up and running on port 5000 !
2026-06-17 16:49:44 [32minfo[39m: 	Successfully connected to database mongodb://edgev3_app:edgev3_mongodb_pass@mongodb:27017/edgev3?authSource=admin
2026-06-17 16:49:44 [32minfo[39m: 	HTTP production server up and running on port 5000 !
2026-06-17 16:49:46 [32minfo[39m: 	Successfully connected to database mongodb://edgev3_app:edgev3_mongodb_pass@mongodb:27017/edgev3?authSource=admin
2026-06-17 16:49:46 [32minfo[39m: 	HTTP production server up and running on port 5000 !
2026-06-17 16:50:11 [32minfo[39m: 	Successfully connected to database mongodb://edgev3_app:edgev3_mongodb_pass@mongodb:27017/edgev3?authSource=admin
2026-06-17 16:50:11 [32minfo[39m: 	HTTP production server up and running on port 5000 !
2026-06-17 16:50:12 [32minfo[39m: 	Successfully connected to database mongodb://edgev3_app:edgev3_mongodb_pass@mongodb:27017/edgev3?authSource=admin
2026-06-17 16:50:13 [32minfo[39m: 	HTTP CRON server up and running on port 5555 !
2026-06-17 16:50:13 [32minfo[39m: 	Successfully connected to database mongodb://edgev3_app:edgev3_mongodb_pass@mongodb:27017/edgev3?authSource=admin
2026-06-17 16:50:13 [32minfo[39m: 	HTTP production server up and running on port 5000 !
2026-06-17 16:50:14 [32minfo[39m: 	Successfully connected to database mongodb://edgev3_app:edgev3_mongodb_pass@mongodb:27017/edgev3?authSource=admin
2026-06-17 16:50:14 [32minfo[39m: 	HTTP production server up and running on port 5000 !
2026-06-17 16:50:16 [32minfo[39m: 	Successfully connected to database mongodb://edgev3_app:edgev3_mongodb_pass@mongodb:27017/edgev3?authSource=admin
2026-06-17 16:50:16 [32minfo[39m: 	HTTP production server up and running on port 5000 !
2026-06-17 16:50:41 [32minfo[39m: 	Successfully connected to database mongodb://edgev3_app:edgev3_mongodb_pass@mongodb:27017/edgev3?authSource=admin
2026-06-17 16:50:41 [32minfo[39m: 	HTTP production server up and running on port 5000 !
2026-06-17 16:50:43 [32minfo[39m: 	Successfully connected to database mongodb://edgev3_app:edgev3_mongodb_pass@mongodb:27017/edgev3?authSource=admin
2026-06-17 16:50:43 [32minfo[39m: 	HTTP CRON server up and running on port 5555 !
2026-06-17 16:50:43 [32minfo[39m: 	Successfully connected to database mongodb://edgev3_app:edgev3_mongodb_pass@mongodb:27017/edgev3?authSource=admin
2026-06-17 16:50:43 [32minfo[39m: 	HTTP production server up and running on port 5000 !
2026-06-17 16:50:44 [32minfo[39m: 	Successfully connected to database mongodb://edgev3_app:edgev3_mongodb_pass@mongodb:27017/edgev3?authSource=admin
2026-06-17 16:50:44 [32minfo[39m: 	HTTP production server up and running on port 5000 !
2026-06-17 16:50:46 [32minfo[39m: 	Successfully connected to database mongodb://edgev3_app:edgev3_mongodb_pass@mongodb:27017/edgev3?authSource=admin
2026-06-17 16:50:46 [32minfo[39m: 	HTTP production server up and running on port 5000 !
2026-06-17 16:51:11 [32minfo[39m: 	Successfully connected to database mongodb://edgev3_app:edgev3_mongodb_pass@mongodb:27017/edgev3?authSource=admin
2026-06-17 16:51:11 [32minfo[39m: 	HTTP production server up and running on port 5000 !
2026-06-17 16:51:12 [32minfo[39m: 	Successfully connected to database mongodb://edgev3_app:edgev3_mongodb_pass@mongodb:27017/edgev3?authSource=admin
2026-06-17 16:51:12 [32minfo[39m: 	HTTP CRON server up and running on port 5555 !
2026-06-17 16:51:13 [32minfo[39m: 	Successfully connected to database mongodb://edgev3_app:edgev3_mongodb_pass@mongodb:27017/edgev3?authSource=admin
2026-06-17 16:51:13 [32minfo[39m: 	HTTP production server up and running on port 5000 !
2026-06-17 16:51:14 [32minfo[39m: 	Successfully connected to database mongodb://edgev3_app:edgev3_mongodb_pass@mongodb:27017/edgev3?authSource=admin
2026-06-17 16:51:14 [32minfo[39m: 	HTTP production server up and running on port 5000 !
2026-06-17 16:51:16 [32minfo[39m: 	Successfully connected to database mongodb://edgev3_app:edgev3_mongodb_pass@mongodb:27017/edgev3?authSource=admin
2026-06-17 16:51:16 [32minfo[39m: 	HTTP production server up and running on port 5000 !
2026-06-17 16:51:41 [32minfo[39m: 	Successfully connected to database mongodb://edgev3_app:edgev3_mongodb_pass@mongodb:27017/edgev3?authSource=admin
2026-06-17 16:51:41 [32minfo[39m: 	HTTP production server up and running on port 5000 !
2026-06-17 16:51:43 [32minfo[39m: 	Successfully connected to database mongodb://edgev3_app:edgev3_mongodb_pass@mongodb:27017/edgev3?authSource=admin
2026-06-17 16:51:43 [32minfo[39m: 	HTTP CRON server up and running on port 5555 !
2026-06-17 16:51:43 [32minfo[39m: 	Successfully connected to database mongodb://edgev3_app:edgev3_mongodb_pass@mongodb:27017/edgev3?authSource=admin
2026-06-17 16:51:43 [32minfo[39m: 	HTTP production server up and running on port 5000 !
2026-06-17 16:51:44 [32minfo[39m: 	Successfully connected to database mongodb://edgev3_app:edgev3_mongodb_pass@mongodb:27017/edgev3?authSource=admin
2026-06-17 16:51:44 [32minfo[39m: 	HTTP production server up and running on port 5000 !
2026-06-17 16:51:46 [32minfo[39m: 	Successfully connected to database mongodb://edgev3_app:edgev3_mongodb_pass@mongodb:27017/edgev3?authSource=admin
2026-06-17 16:51:46 [32minfo[39m: 	HTTP production server up and running on port 5000 !
2026-06-17 16:52:11 [32minfo[39m: 	Successfully connected to database mongodb://edgev3_app:edgev3_mongodb_pass@mongodb:27017/edgev3?authSource=admin
2026-06-17 16:52:11 [32minfo[39m: 	HTTP production server up and running on port 5000 !
2026-06-17 16:52:13 [32minfo[39m: 	Successfully connected to database mongodb://edgev3_app:edgev3_mongodb_pass@mongodb:27017/edgev3?authSource=admin
2026-06-17 16:52:13 [32minfo[39m: 	HTTP CRON server up and running on port 5555 !
2026-06-17 16:52:13 [32minfo[39m: 	Successfully connected to database mongodb://edgev3_app:edgev3_mongodb_pass@mongodb:27017/edgev3?authSource=admin
2026-06-17 16:52:13 [32minfo[39m: 	HTTP production server up and running on port 5000 !
2026-06-17 16:52:14 [32minfo[39m: 	Successfully connected to database mongodb://edgev3_app:edgev3_mongodb_pass@mongodb:27017/edgev3?authSource=admin
2026-06-17 16:52:14 [32minfo[39m: 	HTTP production server up and running on port 5000 !
2026-06-17 16:52:16 [32minfo[39m: 	Successfully connected to database mongodb://edgev3_app:edgev3_mongodb_pass@mongodb:27017/edgev3?authSource=admin
2026-06-17 16:52:16 [32minfo[39m: 	HTTP production server up and running on port 5000 !
2026-06-17 16:52:41 [32minfo[39m: 	Successfully connected to database mongodb://edgev3_app:edgev3_mongodb_pass@mongodb:27017/edgev3?authSource=admin
2026-06-17 16:52:41 [32minfo[39m: 	HTTP production server up and running on port 5000 !
2026-06-17 16:52:43 [32minfo[39m: 	Successfully connected to database mongodb://edgev3_app:edgev3_mongodb_pass@mongodb:27017/edgev3?authSource=admin
2026-06-17 16:52:43 [32minfo[39m: 	HTTP CRON server up and running on port 5555 !
2026-06-17 16:52:43 [32minfo[39m: 	Successfully connected to database mongodb://edgev3_app:edgev3_mongodb_pass@mongodb:27017/edgev3?authSource=admin
2026-06-17 16:52:43 [32minfo[39m: 	HTTP production server up and running on port 5000 !
2026-06-17 16:52:44 [32minfo[39m: 	Successfully connected to database mongodb://edgev3_app:edgev3_mongodb_pass@mongodb:27017/edgev3?authSource=admin
2026-06-17 16:52:44 [32minfo[39m: 	HTTP production server up and running on port 5000 !
2026-06-17 16:52:46 [32minfo[39m: 	Successfully connected to database mongodb://edgev3_app:edgev3_mongodb_pass@mongodb:27017/edgev3?authSource=admin
2026-06-17 16:52:46 [32minfo[39m: 	HTTP production server up and running on port 5000 !
2026-06-17 16:53:11 [32minfo[39m: 	Successfully connected to database mongodb://edgev3_app:edgev3_mongodb_pass@mongodb:27017/edgev3?authSource=admin
2026-06-17 16:53:11 [32minfo[39m: 	HTTP production server up and running on port 5000 !
2026-06-17 16:53:13 [32minfo[39m: 	Successfully connected to database mongodb://edgev3_app:edgev3_mongodb_pass@mongodb:27017/edgev3?authSource=admin
2026-06-17 16:53:13 [32minfo[39m: 	HTTP CRON server up and running on port 5555 !
2026-06-17 16:53:13 [32minfo[39m: 	Successfully connected to database mongodb://edgev3_app:edgev3_mongodb_pass@mongodb:27017/edgev3?authSource=admin
2026-06-17 16:53:13 [32minfo[39m: 	HTTP production server up and running on port 5000 !
2026-06-17 16:53:14 [32minfo[39m: 	Successfully connected to database mongodb://edgev3_app:edgev3_mongodb_pass@mongodb:27017/edgev3?authSource=admin
2026-06-17 16:53:14 [32minfo[39m: 	HTTP production server up and running on port 5000 !
2026-06-17 16:53:16 [32minfo[39m: 	Successfully connected to database mongodb://edgev3_app:edgev3_mongodb_pass@mongodb:27017/edgev3?authSource=admin
2026-06-17 16:53:16 [32minfo[39m: 	HTTP production server up and running on port 5000 !
2026-06-17 16:53:41 [32minfo[39m: 	Successfully connected to database mongodb://edgev3_app:edgev3_mongodb_pass@mongodb:27017/edgev3?authSource=admin
2026-06-17 16:53:41 [32minfo[39m: 	HTTP production server up and running on port 5000 !
2026-06-17 16:53:43 [32minfo[39m: 	Successfully connected to database mongodb://edgev3_app:edgev3_mongodb_pass@mongodb:27017/edgev3?authSource=admin
2026-06-17 16:53:43 [32minfo[39m: 	HTTP CRON server up and running on port 5555 !
2026-06-17 16:53:43 [32minfo[39m: 	Successfully connected to database mongodb://edgev3_app:edgev3_mongodb_pass@mongodb:27017/edgev3?authSource=admin
2026-06-17 16:53:43 [32minfo[39m: 	HTTP production server up and running on port 5000 !
2026-06-17 16:53:44 [32minfo[39m: 	Successfully connected to database mongodb://edgev3_app:edgev3_mongodb_pass@mongodb:27017/edgev3?authSource=admin
2026-06-17 16:53:44 [32minfo[39m: 	HTTP production server up and running on port 5000 !
2026-06-17 16:53:46 [32minfo[39m: 	Successfully connected to database mongodb://edgev3_app:edgev3_mongodb_pass@mongodb:27017/edgev3?authSource=admin
2026-06-17 16:53:46 [32minfo[39m: 	HTTP production server up and running on port 5000 !
2026-06-17 16:54:11 [32minfo[39m: 	Successfully connected to database mongodb://edgev3_app:edgev3_mongodb_pass@mongodb:27017/edgev3?authSource=admin
2026-06-17 16:54:11 [32minfo[39m: 	HTTP production server up and running on port 5000 !
2026-06-17 16:54:13 [32minfo[39m: 	Successfully connected to database mongodb://edgev3_app:edgev3_mongodb_pass@mongodb:27017/edgev3?authSource=admin
2026-06-17 16:54:13 [32minfo[39m: 	HTTP CRON server up and running on port 5555 !
2026-06-17 16:54:13 [32minfo[39m: 	Successfully connected to database mongodb://edgev3_app:edgev3_mongodb_pass@mongodb:27017/edgev3?authSource=admin
2026-06-17 16:54:13 [32minfo[39m: 	HTTP production server up and running on port 5000 !
2026-06-17 16:54:14 [32minfo[39m: 	Successfully connected to database mongodb://edgev3_app:edgev3_mongodb_pass@mongodb:27017/edgev3?authSource=admin
2026-06-17 16:54:14 [32minfo[39m: 	HTTP production server up and running on port 5000 !
2026-06-17 16:54:16 [32minfo[39m: 	Successfully connected to database mongodb://edgev3_app:edgev3_mongodb_pass@mongodb:27017/edgev3?authSource=admin
2026-06-17 16:54:16 [32minfo[39m: 	HTTP production server up and running on port 5000 !
2026-06-17 16:54:41 [32minfo[39m: 	Successfully connected to database mongodb://edgev3_app:edgev3_mongodb_pass@mongodb:27017/edgev3?authSource=admin
2026-06-17 16:54:41 [32minfo[39m: 	HTTP production server up and running on port 5000 !
2026-06-17 16:54:43 [32minfo[39m: 	Successfully connected to database mongodb://edgev3_app:edgev3_mongodb_pass@mongodb:27017/edgev3?authSource=admin
2026-06-17 16:54:43 [32minfo[39m: 	HTTP CRON server up and running on port 5555 !
2026-06-17 16:54:43 [32minfo[39m: 	Successfully connected to database mongodb://edgev3_app:edgev3_mongodb_pass@mongodb:27017/edgev3?authSource=admin
2026-06-17 16:54:43 [32minfo[39m: 	HTTP production server up and running on port 5000 !
2026-06-17 16:54:44 [32minfo[39m: 	Successfully connected to database mongodb://edgev3_app:edgev3_mongodb_pass@mongodb:27017/edgev3?authSource=admin
2026-06-17 16:54:44 [32minfo[39m: 	HTTP production server up and running on port 5000 !
2026-06-17 16:54:46 [32minfo[39m: 	Successfully connected to database mongodb://edgev3_app:edgev3_mongodb_pass@mongodb:27017/edgev3?authSource=admin
2026-06-17 16:54:46 [32minfo[39m: 	HTTP production server up and running on port 5000 !
2026-06-17 16:55:11 [32minfo[39m: 	Successfully connected to database mongodb://edgev3_app:edgev3_mongodb_pass@mongodb:27017/edgev3?authSource=admin
2026-06-17 16:55:11 [32minfo[39m: 	HTTP production server up and running on port 5000 !
2026-06-17 16:55:13 [32minfo[39m: 	Successfully connected to database mongodb://edgev3_app:edgev3_mongodb_pass@mongodb:27017/edgev3?authSource=admin
2026-06-17 16:55:13 [32minfo[39m: 	HTTP CRON server up and running on port 5555 !
2026-06-17 16:55:13 [32minfo[39m: 	Successfully connected to database mongodb://edgev3_app:edgev3_mongodb_pass@mongodb:27017/edgev3?authSource=admin
2026-06-17 16:55:13 [32minfo[39m: 	HTTP production server up and running on port 5000 !
2026-06-17 16:55:14 [32minfo[39m: 	Successfully connected to database mongodb://edgev3_app:edgev3_mongodb_pass@mongodb:27017/edgev3?authSource=admin
2026-06-17 16:55:14 [32minfo[39m: 	HTTP production server up and running on port 5000 !
2026-06-17 16:55:16 [32minfo[39m: 	Successfully connected to database mongodb://edgev3_app:edgev3_mongodb_pass@mongodb:27017/edgev3?authSource=admin
2026-06-17 16:55:16 [32minfo[39m: 	HTTP production server up and running on port 5000 !
2026-06-17 16:55:41 [32minfo[39m: 	Successfully connected to database mongodb://edgev3_app:edgev3_mongodb_pass@mongodb:27017/edgev3?authSource=admin
2026-06-17 16:55:41 [32minfo[39m: 	HTTP production server up and running on port 5000 !
2026-06-17 16:55:43 [32minfo[39m: 	Successfully connected to database mongodb://edgev3_app:edgev3_mongodb_pass@mongodb:27017/edgev3?authSource=admin
2026-06-17 16:55:43 [32minfo[39m: 	HTTP CRON server up and running on port 5555 !
2026-06-17 16:55:43 [32minfo[39m: 	Successfully connected to database mongodb://edgev3_app:edgev3_mongodb_pass@mongodb:27017/edgev3?authSource=admin
2026-06-17 16:55:43 [32minfo[39m: 	HTTP production server up and running on port 5000 !
2026-06-17 16:55:44 [32minfo[39m: 	Successfully connected to database mongodb://edgev3_app:edgev3_mongodb_pass@mongodb:27017/edgev3?authSource=admin
2026-06-17 16:55:44 [32minfo[39m: 	HTTP production server up and running on port 5000 !
2026-06-17 16:55:46 [32minfo[39m: 	Successfully connected to database mongodb://edgev3_app:edgev3_mongodb_pass@mongodb:27017/edgev3?authSource=admin
2026-06-17 16:55:46 [32minfo[39m: 	HTTP production server up and running on port 5000 !
2026-06-17 16:56:11 [32minfo[39m: 	Successfully connected to database mongodb://edgev3_app:edgev3_mongodb_pass@mongodb:27017/edgev3?authSource=admin
2026-06-17 16:56:11 [32minfo[39m: 	HTTP production server up and running on port 5000 !
2026-06-17 16:56:13 [32minfo[39m: 	Successfully connected to database mongodb://edgev3_app:edgev3_mongodb_pass@mongodb:27017/edgev3?authSource=admin
2026-06-17 16:56:13 [32minfo[39m: 	HTTP CRON server up and running on port 5555 !
2026-06-17 16:56:13 [32minfo[39m: 	Successfully connected to database mongodb://edgev3_app:edgev3_mongodb_pass@mongodb:27017/edgev3?authSource=admin
2026-06-17 16:56:13 [32minfo[39m: 	HTTP production server up and running on port 5000 !
2026-06-17 16:56:15 [32minfo[39m: 	Successfully connected to database mongodb://edgev3_app:edgev3_mongodb_pass@mongodb:27017/edgev3?authSource=admin
2026-06-17 16:56:15 [32minfo[39m: 	HTTP production server up and running on port 5000 !
2026-06-17 16:56:16 [32minfo[39m: 	Successfully connected to database mongodb://edgev3_app:edgev3_mongodb_pass@mongodb:27017/edgev3?authSource=admin
2026-06-17 16:56:16 [32minfo[39m: 	HTTP production server up and running on port 5000 !
2026-06-17 16:56:41 [32minfo[39m: 	Successfully connected to database mongodb://edgev3_app:edgev3_mongodb_pass@mongodb:27017/edgev3?authSource=admin
2026-06-17 16:56:41 [32minfo[39m: 	HTTP production server up and running on port 5000 !
2026-06-17 16:56:43 [32minfo[39m: 	Successfully connected to database mongodb://edgev3_app:edgev3_mongodb_pass@mongodb:27017/edgev3?authSource=admin
2026-06-17 16:56:43 [32minfo[39m: 	HTTP CRON server up and running on port 5555 !
2026-06-17 16:56:43 [32minfo[39m: 	Successfully connected to database mongodb://edgev3_app:edgev3_mongodb_pass@mongodb:27017/edgev3?authSource=admin
2026-06-17 16:56:43 [32minfo[39m: 	HTTP production server up and running on port 5000 !
2026-06-17 16:56:45 [32minfo[39m: 	Successfully connected to database mongodb://edgev3_app:edgev3_mongodb_pass@mongodb:27017/edgev3?authSource=admin
2026-06-17 16:56:45 [32minfo[39m: 	HTTP production server up and running on port 5000 !
2026-06-17 16:56:46 [32minfo[39m: 	Successfully connected to database mongodb://edgev3_app:edgev3_mongodb_pass@mongodb:27017/edgev3?authSource=admin
2026-06-17 16:56:46 [32minfo[39m: 	HTTP production server up and running on port 5000 !
2026-06-17 16:57:11 [32minfo[39m: 	Successfully connected to database mongodb://edgev3_app:edgev3_mongodb_pass@mongodb:27017/edgev3?authSource=admin
2026-06-17 16:57:11 [32minfo[39m: 	HTTP production server up and running on port 5000 !
2026-06-17 16:57:13 [32minfo[39m: 	Successfully connected to database mongodb://edgev3_app:edgev3_mongodb_pass@mongodb:27017/edgev3?authSource=admin
2026-06-17 16:57:13 [32minfo[39m: 	HTTP CRON server up and running on port 5555 !
2026-06-17 16:57:13 [32minfo[39m: 	Successfully connected to database mongodb://edgev3_app:edgev3_mongodb_pass@mongodb:27017/edgev3?authSource=admin
2026-06-17 16:57:13 [32minfo[39m: 	HTTP production server up and running on port 5000 !
2026-06-17 16:57:14 [32minfo[39m: 	Successfully connected to database mongodb://edgev3_app:edgev3_mongodb_pass@mongodb:27017/edgev3?authSource=admin
2026-06-17 16:57:14 [32minfo[39m: 	HTTP production server up and running on port 5000 !
2026-06-17 16:57:16 [32minfo[39m: 	Successfully connected to database mongodb://edgev3_app:edgev3_mongodb_pass@mongodb:27017/edgev3?authSource=admin
2026-06-17 16:57:16 [32minfo[39m: 	HTTP production server up and running on port 5000 !
2026-06-17 16:57:41 [32minfo[39m: 	Successfully connected to database mongodb://edgev3_app:edgev3_mongodb_pass@mongodb:27017/edgev3?authSource=admin
2026-06-17 16:57:41 [32minfo[39m: 	HTTP production server up and running on port 5000 !
2026-06-17 16:57:43 [32minfo[39m: 	Successfully connected to database mongodb://edgev3_app:edgev3_mongodb_pass@mongodb:27017/edgev3?authSource=admin
2026-06-17 16:57:43 [32minfo[39m: 	HTTP CRON server up and running on port 5555 !
2026-06-17 16:57:43 [32minfo[39m: 	Successfully connected to database mongodb://edgev3_app:edgev3_mongodb_pass@mongodb:27017/edgev3?authSource=admin
2026-06-17 16:57:43 [32minfo[39m: 	HTTP production server up and running on port 5000 !
2026-06-17 16:57:44 [32minfo[39m: 	Successfully connected to database mongodb://edgev3_app:edgev3_mongodb_pass@mongodb:27017/edgev3?authSource=admin
2026-06-17 16:57:44 [32minfo[39m: 	HTTP production server up and running on port 5000 !
2026-06-17 16:57:46 [32minfo[39m: 	Successfully connected to database mongodb://edgev3_app:edgev3_mongodb_pass@mongodb:27017/edgev3?authSource=admin
2026-06-17 16:57:46 [32minfo[39m: 	HTTP production server up and running on port 5000 !
2026-06-17 16:58:11 [32minfo[39m: 	Successfully connected to database mongodb://edgev3_app:edgev3_mongodb_pass@mongodb:27017/edgev3?authSource=admin
2026-06-17 16:58:11 [32minfo[39m: 	HTTP production server up and running on port 5000 !
2026-06-17 16:58:13 [32minfo[39m: 	Successfully connected to database mongodb://edgev3_app:edgev3_mongodb_pass@mongodb:27017/edgev3?authSource=admin
2026-06-17 16:58:13 [32minfo[39m: 	HTTP CRON server up and running on port 5555 !
2026-06-17 16:58:13 [32minfo[39m: 	Successfully connected to database mongodb://edgev3_app:edgev3_mongodb_pass@mongodb:27017/edgev3?authSource=admin
2026-06-17 16:58:13 [32minfo[39m: 	HTTP production server up and running on port 5000 !
2026-06-17 16:58:14 [32minfo[39m: 	Successfully connected to database mongodb://edgev3_app:edgev3_mongodb_pass@mongodb:27017/edgev3?authSource=admin
2026-06-17 16:58:14 [32minfo[39m: 	HTTP production server up and running on port 5000 !
2026-06-17 16:58:16 [32minfo[39m: 	Successfully connected to database mongodb://edgev3_app:edgev3_mongodb_pass@mongodb:27017/edgev3?authSource=admin
2026-06-17 16:58:16 [32minfo[39m: 	HTTP production server up and running on port 5000 !
2026-06-17 16:58:41 [32minfo[39m: 	Successfully connected to database mongodb://edgev3_app:edgev3_mongodb_pass@mongodb:27017/edgev3?authSource=admin
2026-06-17 16:58:41 [32minfo[39m: 	HTTP production server up and running on port 5000 !
2026-06-17 16:58:43 [32minfo[39m: 	Successfully connected to database mongodb://edgev3_app:edgev3_mongodb_pass@mongodb:27017/edgev3?authSource=admin
2026-06-17 16:58:43 [32minfo[39m: 	HTTP CRON server up and running on port 5555 !
2026-06-17 16:58:43 [32minfo[39m: 	Successfully connected to database mongodb://edgev3_app:edgev3_mongodb_pass@mongodb:27017/edgev3?authSource=admin
2026-06-17 16:58:43 [32minfo[39m: 	HTTP production server up and running on port 5000 !
2026-06-17 16:58:45 [32minfo[39m: 	Successfully connected to database mongodb://edgev3_app:edgev3_mongodb_pass@mongodb:27017/edgev3?authSource=admin
2026-06-17 16:58:45 [32minfo[39m: 	HTTP production server up and running on port 5000 !
2026-06-17 16:58:46 [32minfo[39m: 	Successfully connected to database mongodb://edgev3_app:edgev3_mongodb_pass@mongodb:27017/edgev3?authSource=admin
2026-06-17 16:58:46 [32minfo[39m: 	HTTP production server up and running on port 5000 !
2026-06-17 16:59:11 [32minfo[39m: 	Successfully connected to database mongodb://edgev3_app:edgev3_mongodb_pass@mongodb:27017/edgev3?authSource=admin
2026-06-17 16:59:11 [32minfo[39m: 	HTTP production server up and running on port 5000 !
2026-06-17 16:59:13 [32minfo[39m: 	Successfully connected to database mongodb://edgev3_app:edgev3_mongodb_pass@mongodb:27017/edgev3?authSource=admin
2026-06-17 16:59:13 [32minfo[39m: 	HTTP CRON server up and running on port 5555 !
2026-06-17 16:59:13 [32minfo[39m: 	Successfully connected to database mongodb://edgev3_app:edgev3_mongodb_pass@mongodb:27017/edgev3?authSource=admin
2026-06-17 16:59:13 [32minfo[39m: 	HTTP production server up and running on port 5000 !
2026-06-17 16:59:15 [32minfo[39m: 	Successfully connected to database mongodb://edgev3_app:edgev3_mongodb_pass@mongodb:27017/edgev3?authSource=admin
2026-06-17 16:59:15 [32minfo[39m: 	HTTP production server up and running on port 5000 !
2026-06-17 16:59:16 [32minfo[39m: 	Successfully connected to database mongodb://edgev3_app:edgev3_mongodb_pass@mongodb:27017/edgev3?authSource=admin
2026-06-17 16:59:16 [32minfo[39m: 	HTTP production server up and running on port 5000 !
2026-06-17 16:59:41 [32minfo[39m: 	Successfully connected to database mongodb://edgev3_app:edgev3_mongodb_pass@mongodb:27017/edgev3?authSource=admin
2026-06-17 16:59:41 [32minfo[39m: 	HTTP production server up and running on port 5000 !
2026-06-17 16:59:43 [32minfo[39m: 	Successfully connected to database mongodb://edgev3_app:edgev3_mongodb_pass@mongodb:27017/edgev3?authSource=admin
2026-06-17 16:59:43 [32minfo[39m: 	HTTP CRON server up and running on port 5555 !
2026-06-17 16:59:43 [32minfo[39m: 	Successfully connected to database mongodb://edgev3_app:edgev3_mongodb_pass@mongodb:27017/edgev3?authSource=admin
2026-06-17 16:59:43 [32minfo[39m: 	HTTP production server up and running on port 5000 !
2026-06-17 16:59:44 [32minfo[39m: 	Successfully connected to database mongodb://edgev3_app:edgev3_mongodb_pass@mongodb:27017/edgev3?authSource=admin
2026-06-17 16:59:44 [32minfo[39m: 	HTTP production server up and running on port 5000 !
2026-06-17 16:59:46 [32minfo[39m: 	Successfully connected to database mongodb://edgev3_app:edgev3_mongodb_pass@mongodb:27017/edgev3?authSource=admin
2026-06-17 16:59:46 [32minfo[39m: 	HTTP production server up and running on port 5000 !
2026-06-17 17:00:11 [32minfo[39m: 	Successfully connected to database mongodb://edgev3_app:edgev3_mongodb_pass@mongodb:27017/edgev3?authSource=admin
2026-06-17 17:00:11 [32minfo[39m: 	HTTP production server up and running on port 5000 !
2026-06-17 17:00:13 [32minfo[39m: 	Successfully connected to database mongodb://edgev3_app:edgev3_mongodb_pass@mongodb:27017/edgev3?authSource=admin
2026-06-17 17:00:13 [32minfo[39m: 	HTTP CRON server up and running on port 5555 !
2026-06-17 17:00:13 [32minfo[39m: 	Successfully connected to database mongodb://edgev3_app:edgev3_mongodb_pass@mongodb:27017/edgev3?authSource=admin
2026-06-17 17:00:13 [32minfo[39m: 	HTTP production server up and running on port 5000 !
2026-06-17 17:00:14 [32minfo[39m: 	Successfully connected to database mongodb://edgev3_app:edgev3_mongodb_pass@mongodb:27017/edgev3?authSource=admin
2026-06-17 17:00:14 [32minfo[39m: 	HTTP production server up and running on port 5000 !
2026-06-17 17:00:16 [32minfo[39m: 	Successfully connected to database mongodb://edgev3_app:edgev3_mongodb_pass@mongodb:27017/edgev3?authSource=admin
2026-06-17 17:00:16 [32minfo[39m: 	HTTP production server up and running on port 5000 !
2026-06-17 17:00:41 [32minfo[39m: 	Successfully connected to database mongodb://edgev3_app:edgev3_mongodb_pass@mongodb:27017/edgev3?authSource=admin
2026-06-17 17:00:41 [32minfo[39m: 	HTTP production server up and running on port 5000 !
2026-06-17 17:00:43 [32minfo[39m: 	Successfully connected to database mongodb://edgev3_app:edgev3_mongodb_pass@mongodb:27017/edgev3?authSource=admin
2026-06-17 17:00:43 [32minfo[39m: 	HTTP CRON server up and running on port 5555 !
2026-06-17 17:00:43 [32minfo[39m: 	Successfully connected to database mongodb://edgev3_app:edgev3_mongodb_pass@mongodb:27017/edgev3?authSource=admin
2026-06-17 17:00:43 [32minfo[39m: 	HTTP production server up and running on port 5000 !
2026-06-17 17:00:44 [32minfo[39m: 	Successfully connected to database mongodb://edgev3_app:edgev3_mongodb_pass@mongodb:27017/edgev3?authSource=admin
2026-06-17 17:00:44 [32minfo[39m: 	HTTP production server up and running on port 5000 !
2026-06-17 17:00:46 [32minfo[39m: 	Successfully connected to database mongodb://edgev3_app:edgev3_mongodb_pass@mongodb:27017/edgev3?authSource=admin
2026-06-17 17:00:46 [32minfo[39m: 	HTTP production server up and running on port 5000 !
2026-06-17 17:01:11 [32minfo[39m: 	Successfully connected to database mongodb://edgev3_app:edgev3_mongodb_pass@mongodb:27017/edgev3?authSource=admin
2026-06-17 17:01:11 [32minfo[39m: 	HTTP production server up and running on port 5000 !
2026-06-17 17:01:13 [32minfo[39m: 	Successfully connected to database mongodb://edgev3_app:edgev3_mongodb_pass@mongodb:27017/edgev3?authSource=admin
2026-06-17 17:01:13 [32minfo[39m: 	HTTP CRON server up and running on port 5555 !
2026-06-17 17:01:13 [32minfo[39m: 	Successfully connected to database mongodb://edgev3_app:edgev3_mongodb_pass@mongodb:27017/edgev3?authSource=admin
2026-06-17 17:01:13 [32minfo[39m: 	HTTP production server up and running on port 5000 !
2026-06-17 17:01:15 [32minfo[39m: 	Successfully connected to database mongodb://edgev3_app:edgev3_mongodb_pass@mongodb:27017/edgev3?authSource=admin
2026-06-17 17:01:15 [32minfo[39m: 	HTTP production server up and running on port 5000 !
2026-06-17 17:01:16 [32minfo[39m: 	Successfully connected to database mongodb://edgev3_app:edgev3_mongodb_pass@mongodb:27017/edgev3?authSource=admin
2026-06-17 17:01:16 [32minfo[39m: 	HTTP production server up and running on port 5000 !
2026-06-17 17:01:42 [32minfo[39m: 	Successfully connected to database mongodb://edgev3_app:edgev3_mongodb_pass@mongodb:27017/edgev3?authSource=admin
2026-06-17 17:01:42 [32minfo[39m: 	HTTP production server up and running on port 5000 !
2026-06-17 17:01:45 [32minfo[39m: 	Successfully connected to database mongodb://edgev3_app:edgev3_mongodb_pass@mongodb:27017/edgev3?authSource=admin
2026-06-17 17:01:45 [32minfo[39m: 	HTTP CRON server up and running on port 5555 !
2026-06-17 17:01:45 [32minfo[39m: 	Successfully connected to database mongodb://edgev3_app:edgev3_mongodb_pass@mongodb:27017/edgev3?authSource=admin
2026-06-17 17:01:45 [32minfo[39m: 	HTTP production server up and running on port 5000 !
2026-06-17 17:01:48 [32minfo[39m: 	Successfully connected to database mongodb://edgev3_app:edgev3_mongodb_pass@mongodb:27017/edgev3?authSource=admin
2026-06-17 17:01:48 [32minfo[39m: 	HTTP production server up and running on port 5000 !
2026-06-17 17:01:50 [32minfo[39m: 	Successfully connected to database mongodb://edgev3_app:edgev3_mongodb_pass@mongodb:27017/edgev3?authSource=admin
2026-06-17 17:01:50 [32minfo[39m: 	HTTP production server up and running on port 5000 !
2026-06-17 17:34:54 [32minfo[39m: 	Successfully connected to database mongodb://edgev3_app:edgev3_mongodb_pass@mongodb:27017/edgev3?authSource=admin
2026-06-17 17:34:54 [32minfo[39m: 	HTTP production server up and running on port 5000 !
2026-06-17 17:34:56 [32minfo[39m: 	Successfully connected to database mongodb://edgev3_app:edgev3_mongodb_pass@mongodb:27017/edgev3?authSource=admin
2026-06-17 17:34:56 [32minfo[39m: 	HTTP CRON server up and running on port 5555 !
2026-06-17 17:34:56 [32minfo[39m: 	Successfully connected to database mongodb://edgev3_app:edgev3_mongodb_pass@mongodb:27017/edgev3?authSource=admin
2026-06-17 17:34:56 [32minfo[39m: 	HTTP production server up and running on port 5000 !
2026-06-17 17:34:58 [32minfo[39m: 	Successfully connected to database mongodb://edgev3_app:edgev3_mongodb_pass@mongodb:27017/edgev3?authSource=admin
2026-06-17 17:34:58 [32minfo[39m: 	HTTP production server up and running on port 5000 !
2026-06-17 17:34:59 [32minfo[39m: 	Successfully connected to database mongodb://edgev3_app:edgev3_mongodb_pass@mongodb:27017/edgev3?authSource=admin
2026-06-17 17:34:59 [32minfo[39m: 	HTTP production server up and running on port 5000 !
2026-06-17 18:23:45 [32minfo[39m: 	Successfully connected to database mongodb://edgev3_app:edgev3_mongodb_pass@mongodb:27017/edgev3?authSource=admin
2026-06-17 18:23:45 [32minfo[39m: 	HTTP production server up and running on port 5000 !
2026-06-17 18:23:47 [32minfo[39m: 	Successfully connected to database mongodb://edgev3_app:edgev3_mongodb_pass@mongodb:27017/edgev3?authSource=admin
2026-06-17 18:23:47 [32minfo[39m: 	HTTP CRON server up and running on port 5555 !
2026-06-17 18:23:47 [32minfo[39m: 	Successfully connected to database mongodb://edgev3_app:edgev3_mongodb_pass@mongodb:27017/edgev3?authSource=admin
2026-06-17 18:23:47 [32minfo[39m: 	HTTP production server up and running on port 5000 !
2026-06-17 18:23:49 [32minfo[39m: 	Successfully connected to database mongodb://edgev3_app:edgev3_mongodb_pass@mongodb:27017/edgev3?authSource=admin
2026-06-17 18:23:49 [32minfo[39m: 	HTTP production server up and running on port 5000 !
2026-06-17 18:23:50 [32minfo[39m: 	Successfully connected to database mongodb://edgev3_app:edgev3_mongodb_pass@mongodb:27017/edgev3?authSource=admin
2026-06-17 18:23:50 [32minfo[39m: 	HTTP production server up and running on port 5000 !
2026-06-17 18:59:24 [32minfo[39m: 	Successfully connected to database mongodb://edgev3_app:edgev3_mongodb_pass@mongodb:27017/edgev3?authSource=admin
2026-06-17 18:59:24 [32minfo[39m: 	HTTP production server up and running on port 5000 !
2026-06-17 18:59:25 [32minfo[39m: 	Successfully connected to database mongodb://edgev3_app:edgev3_mongodb_pass@mongodb:27017/edgev3?authSource=admin
2026-06-17 18:59:25 [32minfo[39m: 	HTTP CRON server up and running on port 5555 !
2026-06-17 18:59:26 [32minfo[39m: 	Successfully connected to database mongodb://edgev3_app:edgev3_mongodb_pass@mongodb:27017/edgev3?authSource=admin
2026-06-17 18:59:26 [32minfo[39m: 	HTTP production server up and running on port 5000 !
2026-06-17 18:59:27 [32minfo[39m: 	Successfully connected to database mongodb://edgev3_app:edgev3_mongodb_pass@mongodb:27017/edgev3?authSource=admin
2026-06-17 18:59:27 [32minfo[39m: 	HTTP production server up and running on port 5000 !
2026-06-17 18:59:29 [32minfo[39m: 	Successfully connected to database mongodb://edgev3_app:edgev3_mongodb_pass@mongodb:27017/edgev3?authSource=admin
2026-06-17 18:59:29 [32minfo[39m: 	HTTP production server up and running on port 5000 !
2026-06-17 19:02:59 [32minfo[39m: 	Successfully connected to database mongodb://edgev3_app:edgev3_mongodb_pass@mongodb:27017/edgev3?authSource=admin
2026-06-17 19:02:59 [32minfo[39m: 	HTTP production server up and running on port 5000 !
2026-06-17 19:03:02 [32minfo[39m: 	Successfully connected to database mongodb://edgev3_app:edgev3_mongodb_pass@mongodb:27017/edgev3?authSource=admin
2026-06-17 19:03:02 [32minfo[39m: 	HTTP CRON server up and running on port 5555 !
2026-06-17 19:03:02 [32minfo[39m: 	Successfully connected to database mongodb://edgev3_app:edgev3_mongodb_pass@mongodb:27017/edgev3?authSource=admin
2026-06-17 19:03:02 [32minfo[39m: 	HTTP production server up and running on port 5000 !
2026-06-17 19:03:05 [32minfo[39m: 	Successfully connected to database mongodb://edgev3_app:edgev3_mongodb_pass@mongodb:27017/edgev3?authSource=admin
2026-06-17 19:03:05 [32minfo[39m: 	HTTP production server up and running on port 5000 !
2026-06-17 19:03:07 [32minfo[39m: 	Successfully connected to database mongodb://edgev3_app:edgev3_mongodb_pass@mongodb:27017/edgev3?authSource=admin
2026-06-17 19:03:07 [32minfo[39m: 	HTTP production server up and running on port 5000 !
2026-06-17 19:36:40 [32minfo[39m: 	Successfully connected to database mongodb://edgev3_app:edgev3_mongodb_pass@mongodb:27017/edgev3?authSource=admin
2026-06-17 19:36:40 [32minfo[39m: 	HTTP production server up and running on port 5000 !
2026-06-17 19:36:41 [32minfo[39m: 	Successfully connected to database mongodb://edgev3_app:edgev3_mongodb_pass@mongodb:27017/edgev3?authSource=admin
2026-06-17 19:36:41 [32minfo[39m: 	HTTP CRON server up and running on port 5555 !
2026-06-17 19:36:41 [32minfo[39m: 	Successfully connected to database mongodb://edgev3_app:edgev3_mongodb_pass@mongodb:27017/edgev3?authSource=admin
2026-06-17 19:36:41 [32minfo[39m: 	HTTP production server up and running on port 5000 !
2026-06-17 19:36:43 [32minfo[39m: 	Successfully connected to database mongodb://edgev3_app:edgev3_mongodb_pass@mongodb:27017/edgev3?authSource=admin
2026-06-17 19:36:43 [32minfo[39m: 	HTTP production server up and running on port 5000 !
2026-06-17 19:36:45 [32minfo[39m: 	Successfully connected to database mongodb://edgev3_app:edgev3_mongodb_pass@mongodb:27017/edgev3?authSource=admin
2026-06-17 19:36:45 [32minfo[39m: 	HTTP production server up and running on port 5000 !
2026-06-17 20:03:58 [32minfo[39m: 	Successfully connected to database mongodb://edgev3_app:edgev3_mongodb_pass@mongodb:27017/edgev3?authSource=admin
2026-06-17 20:03:58 [32minfo[39m: 	HTTP production server up and running on port 5000 !
2026-06-17 20:04:01 [32minfo[39m: 	Successfully connected to database mongodb://edgev3_app:edgev3_mongodb_pass@mongodb:27017/edgev3?authSource=admin
2026-06-17 20:04:01 [32minfo[39m: 	HTTP CRON server up and running on port 5555 !
2026-06-17 20:04:01 [32minfo[39m: 	Successfully connected to database mongodb://edgev3_app:edgev3_mongodb_pass@mongodb:27017/edgev3?authSource=admin
2026-06-17 20:04:01 [32minfo[39m: 	HTTP production server up and running on port 5000 !
2026-06-17 20:04:04 [32minfo[39m: 	Successfully connected to database mongodb://edgev3_app:edgev3_mongodb_pass@mongodb:27017/edgev3?authSource=admin
2026-06-17 20:04:04 [32minfo[39m: 	HTTP production server up and running on port 5000 !
2026-06-17 20:04:06 [32minfo[39m: 	Successfully connected to database mongodb://edgev3_app:edgev3_mongodb_pass@mongodb:27017/edgev3?authSource=admin
2026-06-17 20:04:06 [32minfo[39m: 	HTTP production server up and running on port 5000 !
2026-06-17 20:36:57 [32minfo[39m: 	Successfully connected to database mongodb://edgev3_app:edgev3_mongodb_pass@mongodb:27017/edgev3?authSource=admin
2026-06-17 20:36:57 [32minfo[39m: 	HTTP production server up and running on port 5000 !
2026-06-17 20:36:59 [32minfo[39m: 	Successfully connected to database mongodb://edgev3_app:edgev3_mongodb_pass@mongodb:27017/edgev3?authSource=admin
2026-06-17 20:36:59 [32minfo[39m: 	HTTP production server up and running on port 5000 !
2026-06-17 20:37:00 [32minfo[39m: 	Successfully connected to database mongodb://edgev3_app:edgev3_mongodb_pass@mongodb:27017/edgev3?authSource=admin
2026-06-17 20:37:00 [32minfo[39m: 	HTTP production server up and running on port 5000 !
2026-06-17 20:37:02 [32minfo[39m: 	Successfully connected to database mongodb://edgev3_app:edgev3_mongodb_pass@mongodb:27017/edgev3?authSource=admin
2026-06-17 20:37:02 [32minfo[39m: 	HTTP production server up and running on port 5000 !
2026-06-17 21:04:56 [32minfo[39m: 	Successfully connected to database mongodb://edgev3_app:edgev3_mongodb_pass@mongodb:27017/edgev3?authSource=admin
2026-06-17 21:04:56 [32minfo[39m: 	HTTP production server up and running on port 5000 !
2026-06-17 21:04:59 [32minfo[39m: 	Successfully connected to database mongodb://edgev3_app:edgev3_mongodb_pass@mongodb:27017/edgev3?authSource=admin
2026-06-17 21:04:59 [32minfo[39m: 	HTTP CRON server up and running on port 5555 !
2026-06-17 21:04:59 [32minfo[39m: 	Successfully connected to database mongodb://edgev3_app:edgev3_mongodb_pass@mongodb:27017/edgev3?authSource=admin
2026-06-17 21:04:59 [32minfo[39m: 	HTTP production server up and running on port 5000 !
2026-06-17 21:05:02 [32minfo[39m: 	Successfully connected to database mongodb://edgev3_app:edgev3_mongodb_pass@mongodb:27017/edgev3?authSource=admin
2026-06-17 21:05:02 [32minfo[39m: 	HTTP production server up and running on port 5000 !
2026-06-17 21:05:04 [32minfo[39m: 	Successfully connected to database mongodb://edgev3_app:edgev3_mongodb_pass@mongodb:27017/edgev3?authSource=admin
2026-06-17 21:05:04 [32minfo[39m: 	HTTP production server up and running on port 5000 !
2026-06-17 21:35:55 [32minfo[39m: 	Successfully connected to database mongodb://edgev3_app:edgev3_mongodb_pass@mongodb:27017/edgev3?authSource=admin
2026-06-17 21:35:55 [32minfo[39m: 	HTTP production server up and running on port 5000 !
2026-06-17 21:35:57 [32minfo[39m: 	Successfully connected to database mongodb://edgev3_app:edgev3_mongodb_pass@mongodb:27017/edgev3?authSource=admin
2026-06-17 21:35:57 [32minfo[39m: 	HTTP CRON server up and running on port 5555 !
2026-06-17 21:35:57 [32minfo[39m: 	Successfully connected to database mongodb://edgev3_app:edgev3_mongodb_pass@mongodb:27017/edgev3?authSource=admin
2026-06-17 21:35:57 [32minfo[39m: 	HTTP production server up and running on port 5000 !
2026-06-17 21:35:59 [32minfo[39m: 	Successfully connected to database mongodb://edgev3_app:edgev3_mongodb_pass@mongodb:27017/edgev3?authSource=admin
2026-06-17 21:35:59 [32minfo[39m: 	HTTP production server up and running on port 5000 !
2026-06-17 21:36:00 [32minfo[39m: 	Successfully connected to database mongodb://edgev3_app:edgev3_mongodb_pass@mongodb:27017/edgev3?authSource=admin
2026-06-17 21:36:00 [32minfo[39m: 	HTTP production server up and running on port 5000 !
2026-06-17 21:37:38 [32minfo[39m: 	Successfully connected to database mongodb://edgev3_app:edgev3_mongodb_pass@mongodb:27017/edgev3?authSource=admin
2026-06-17 21:37:38 [32minfo[39m: 	HTTP production server up and running on port 5000 !
2026-06-17 21:37:39 [32minfo[39m: 	Successfully connected to database mongodb://edgev3_app:edgev3_mongodb_pass@mongodb:27017/edgev3?authSource=admin
2026-06-17 21:37:39 [32minfo[39m: 	HTTP CRON server up and running on port 5555 !
2026-06-17 21:37:39 [32minfo[39m: 	Successfully connected to database mongodb://edgev3_app:edgev3_mongodb_pass@mongodb:27017/edgev3?authSource=admin
2026-06-17 21:37:39 [32minfo[39m: 	HTTP production server up and running on port 5000 !
2026-06-17 21:37:41 [32minfo[39m: 	Successfully connected to database mongodb://edgev3_app:edgev3_mongodb_pass@mongodb:27017/edgev3?authSource=admin
2026-06-17 21:37:41 [32minfo[39m: 	HTTP production server up and running on port 5000 !
2026-06-17 21:37:43 [32minfo[39m: 	Successfully connected to database mongodb://edgev3_app:edgev3_mongodb_pass@mongodb:27017/edgev3?authSource=admin
2026-06-17 21:37:43 [32minfo[39m: 	HTTP production server up and running on port 5000 !
2026-06-17 21:38:08 [32minfo[39m: 	Successfully connected to database mongodb://edgev3_app:edgev3_mongodb_pass@mongodb:27017/edgev3?authSource=admin
2026-06-17 21:38:08 [32minfo[39m: 	HTTP production server up and running on port 5000 !
2026-06-17 21:38:09 [32minfo[39m: 	Successfully connected to database mongodb://edgev3_app:edgev3_mongodb_pass@mongodb:27017/edgev3?authSource=admin
2026-06-17 21:38:09 [32minfo[39m: 	HTTP CRON server up and running on port 5555 !
2026-06-17 21:38:10 [32minfo[39m: 	Successfully connected to database mongodb://edgev3_app:edgev3_mongodb_pass@mongodb:27017/edgev3?authSource=admin
2026-06-17 21:38:10 [32minfo[39m: 	HTTP production server up and running on port 5000 !
2026-06-17 21:38:11 [32minfo[39m: 	Successfully connected to database mongodb://edgev3_app:edgev3_mongodb_pass@mongodb:27017/edgev3?authSource=admin
2026-06-17 21:38:11 [32minfo[39m: 	HTTP production server up and running on port 5000 !
2026-06-17 21:38:13 [32minfo[39m: 	Successfully connected to database mongodb://edgev3_app:edgev3_mongodb_pass@mongodb:27017/edgev3?authSource=admin
2026-06-17 21:38:13 [32minfo[39m: 	HTTP production server up and running on port 5000 !
2026-06-17 21:38:38 [32minfo[39m: 	Successfully connected to database mongodb://edgev3_app:edgev3_mongodb_pass@mongodb:27017/edgev3?authSource=admin
2026-06-17 21:38:38 [32minfo[39m: 	HTTP production server up and running on port 5000 !
2026-06-17 21:38:39 [32minfo[39m: 	Successfully connected to database mongodb://edgev3_app:edgev3_mongodb_pass@mongodb:27017/edgev3?authSource=admin
2026-06-17 21:38:39 [32minfo[39m: 	HTTP CRON server up and running on port 5555 !
2026-06-17 21:38:39 [32minfo[39m: 	Successfully connected to database mongodb://edgev3_app:edgev3_mongodb_pass@mongodb:27017/edgev3?authSource=admin
2026-06-17 21:38:39 [32minfo[39m: 	HTTP production server up and running on port 5000 !
2026-06-17 21:38:41 [32minfo[39m: 	Successfully connected to database mongodb://edgev3_app:edgev3_mongodb_pass@mongodb:27017/edgev3?authSource=admin
2026-06-17 21:38:41 [32minfo[39m: 	HTTP production server up and running on port 5000 !
2026-06-17 21:38:43 [32minfo[39m: 	Successfully connected to database mongodb://edgev3_app:edgev3_mongodb_pass@mongodb:27017/edgev3?authSource=admin
2026-06-17 21:38:43 [32minfo[39m: 	HTTP production server up and running on port 5000 !
2026-06-17 21:39:08 [32minfo[39m: 	Successfully connected to database mongodb://edgev3_app:edgev3_mongodb_pass@mongodb:27017/edgev3?authSource=admin
2026-06-17 21:39:08 [32minfo[39m: 	HTTP production server up and running on port 5000 !
2026-06-17 21:39:09 [32minfo[39m: 	Successfully connected to database mongodb://edgev3_app:edgev3_mongodb_pass@mongodb:27017/edgev3?authSource=admin
2026-06-17 21:39:09 [32minfo[39m: 	HTTP CRON server up and running on port 5555 !
2026-06-17 21:39:09 [32minfo[39m: 	Successfully connected to database mongodb://edgev3_app:edgev3_mongodb_pass@mongodb:27017/edgev3?authSource=admin
2026-06-17 21:39:09 [32minfo[39m: 	HTTP production server up and running on port 5000 !
2026-06-17 21:39:11 [32minfo[39m: 	Successfully connected to database mongodb://edgev3_app:edgev3_mongodb_pass@mongodb:27017/edgev3?authSource=admin
2026-06-17 21:39:11 [32minfo[39m: 	HTTP production server up and running on port 5000 !
2026-06-17 21:39:12 [32minfo[39m: 	Successfully connected to database mongodb://edgev3_app:edgev3_mongodb_pass@mongodb:27017/edgev3?authSource=admin
2026-06-17 21:39:12 [32minfo[39m: 	HTTP production server up and running on port 5000 !
2026-06-17 21:39:38 [32minfo[39m: 	Successfully connected to database mongodb://edgev3_app:edgev3_mongodb_pass@mongodb:27017/edgev3?authSource=admin
2026-06-17 21:39:38 [32minfo[39m: 	HTTP production server up and running on port 5000 !
2026-06-17 21:39:39 [32minfo[39m: 	Successfully connected to database mongodb://edgev3_app:edgev3_mongodb_pass@mongodb:27017/edgev3?authSource=admin
2026-06-17 21:39:39 [32minfo[39m: 	HTTP CRON server up and running on port 5555 !
2026-06-17 21:39:39 [32minfo[39m: 	Successfully connected to database mongodb://edgev3_app:edgev3_mongodb_pass@mongodb:27017/edgev3?authSource=admin
2026-06-17 21:39:39 [32minfo[39m: 	HTTP production server up and running on port 5000 !
2026-06-17 21:39:41 [32minfo[39m: 	Successfully connected to database mongodb://edgev3_app:edgev3_mongodb_pass@mongodb:27017/edgev3?authSource=admin
2026-06-17 21:39:41 [32minfo[39m: 	HTTP production server up and running on port 5000 !
2026-06-17 21:39:43 [32minfo[39m: 	Successfully connected to database mongodb://edgev3_app:edgev3_mongodb_pass@mongodb:27017/edgev3?authSource=admin
2026-06-17 21:39:43 [32minfo[39m: 	HTTP production server up and running on port 5000 !
2026-06-17 21:40:08 [32minfo[39m: 	Successfully connected to database mongodb://edgev3_app:edgev3_mongodb_pass@mongodb:27017/edgev3?authSource=admin
2026-06-17 21:40:08 [32minfo[39m: 	HTTP production server up and running on port 5000 !
2026-06-17 21:40:09 [32minfo[39m: 	Successfully connected to database mongodb://edgev3_app:edgev3_mongodb_pass@mongodb:27017/edgev3?authSource=admin
2026-06-17 21:40:09 [32minfo[39m: 	HTTP CRON server up and running on port 5555 !
2026-06-17 21:40:09 [32minfo[39m: 	Successfully connected to database mongodb://edgev3_app:edgev3_mongodb_pass@mongodb:27017/edgev3?authSource=admin
2026-06-17 21:40:09 [32minfo[39m: 	HTTP production server up and running on port 5000 !
2026-06-17 21:40:11 [32minfo[39m: 	Successfully connected to database mongodb://edgev3_app:edgev3_mongodb_pass@mongodb:27017/edgev3?authSource=admin
2026-06-17 21:40:11 [32minfo[39m: 	HTTP production server up and running on port 5000 !
2026-06-17 21:40:13 [32minfo[39m: 	Successfully connected to database mongodb://edgev3_app:edgev3_mongodb_pass@mongodb:27017/edgev3?authSource=admin
2026-06-17 21:40:13 [32minfo[39m: 	HTTP production server up and running on port 5000 !
2026-06-17 21:40:38 [32minfo[39m: 	Successfully connected to database mongodb://edgev3_app:edgev3_mongodb_pass@mongodb:27017/edgev3?authSource=admin
2026-06-17 21:40:38 [32minfo[39m: 	HTTP production server up and running on port 5000 !
2026-06-17 21:40:39 [32minfo[39m: 	Successfully connected to database mongodb://edgev3_app:edgev3_mongodb_pass@mongodb:27017/edgev3?authSource=admin
2026-06-17 21:40:39 [32minfo[39m: 	HTTP CRON server up and running on port 5555 !
2026-06-17 21:40:39 [32minfo[39m: 	Successfully connected to database mongodb://edgev3_app:edgev3_mongodb_pass@mongodb:27017/edgev3?authSource=admin
2026-06-17 21:40:39 [32minfo[39m: 	HTTP production server up and running on port 5000 !
2026-06-17 21:40:41 [32minfo[39m: 	Successfully connected to database mongodb://edgev3_app:edgev3_mongodb_pass@mongodb:27017/edgev3?authSource=admin
2026-06-17 21:40:41 [32minfo[39m: 	HTTP production server up and running on port 5000 !
2026-06-17 21:40:43 [32minfo[39m: 	Successfully connected to database mongodb://edgev3_app:edgev3_mongodb_pass@mongodb:27017/edgev3?authSource=admin
2026-06-17 21:40:43 [32minfo[39m: 	HTTP production server up and running on port 5000 !
2026-06-17 21:41:08 [32minfo[39m: 	Successfully connected to database mongodb://edgev3_app:edgev3_mongodb_pass@mongodb:27017/edgev3?authSource=admin
2026-06-17 21:41:08 [32minfo[39m: 	HTTP production server up and running on port 5000 !
2026-06-17 21:41:09 [32minfo[39m: 	Successfully connected to database mongodb://edgev3_app:edgev3_mongodb_pass@mongodb:27017/edgev3?authSource=admin
2026-06-17 21:41:09 [32minfo[39m: 	HTTP CRON server up and running on port 5555 !
2026-06-17 21:41:09 [32minfo[39m: 	Successfully connected to database mongodb://edgev3_app:edgev3_mongodb_pass@mongodb:27017/edgev3?authSource=admin
2026-06-17 21:41:09 [32minfo[39m: 	HTTP production server up and running on port 5000 !
2026-06-17 21:41:11 [32minfo[39m: 	Successfully connected to database mongodb://edgev3_app:edgev3_mongodb_pass@mongodb:27017/edgev3?authSource=admin
2026-06-17 21:41:11 [32minfo[39m: 	HTTP production server up and running on port 5000 !
2026-06-17 21:41:13 [32minfo[39m: 	Successfully connected to database mongodb://edgev3_app:edgev3_mongodb_pass@mongodb:27017/edgev3?authSource=admin
2026-06-17 21:41:13 [32minfo[39m: 	HTTP production server up and running on port 5000 !
2026-06-17 21:41:38 [32minfo[39m: 	Successfully connected to database mongodb://edgev3_app:edgev3_mongodb_pass@mongodb:27017/edgev3?authSource=admin
2026-06-17 21:41:38 [32minfo[39m: 	HTTP production server up and running on port 5000 !
2026-06-17 21:41:39 [32minfo[39m: 	Successfully connected to database mongodb://edgev3_app:edgev3_mongodb_pass@mongodb:27017/edgev3?authSource=admin
2026-06-17 21:41:39 [32minfo[39m: 	HTTP CRON server up and running on port 5555 !
2026-06-17 21:41:39 [32minfo[39m: 	Successfully connected to database mongodb://edgev3_app:edgev3_mongodb_pass@mongodb:27017/edgev3?authSource=admin
2026-06-17 21:41:39 [32minfo[39m: 	HTTP production server up and running on port 5000 !
2026-06-17 21:41:41 [32minfo[39m: 	Successfully connected to database mongodb://edgev3_app:edgev3_mongodb_pass@mongodb:27017/edgev3?authSource=admin
2026-06-17 21:41:41 [32minfo[39m: 	HTTP production server up and running on port 5000 !
2026-06-17 21:41:43 [32minfo[39m: 	Successfully connected to database mongodb://edgev3_app:edgev3_mongodb_pass@mongodb:27017/edgev3?authSource=admin
2026-06-17 21:41:43 [32minfo[39m: 	HTTP production server up and running on port 5000 !
2026-06-17 21:42:08 [32minfo[39m: 	Successfully connected to database mongodb://edgev3_app:edgev3_mongodb_pass@mongodb:27017/edgev3?authSource=admin
2026-06-17 21:42:08 [32minfo[39m: 	HTTP production server up and running on port 5000 !
2026-06-17 21:42:09 [32minfo[39m: 	Successfully connected to database mongodb://edgev3_app:edgev3_mongodb_pass@mongodb:27017/edgev3?authSource=admin
2026-06-17 21:42:09 [32minfo[39m: 	HTTP CRON server up and running on port 5555 !
2026-06-17 21:42:09 [32minfo[39m: 	Successfully connected to database mongodb://edgev3_app:edgev3_mongodb_pass@mongodb:27017/edgev3?authSource=admin
2026-06-17 21:42:10 [32minfo[39m: 	HTTP production server up and running on port 5000 !
2026-06-17 21:42:11 [32minfo[39m: 	Successfully connected to database mongodb://edgev3_app:edgev3_mongodb_pass@mongodb:27017/edgev3?authSource=admin
2026-06-17 21:42:11 [32minfo[39m: 	HTTP production server up and running on port 5000 !
2026-06-17 21:42:15 [32minfo[39m: 	Successfully connected to database mongodb://edgev3_app:edgev3_mongodb_pass@mongodb:27017/edgev3?authSource=admin
2026-06-17 21:42:15 [32minfo[39m: 	HTTP production server up and running on port 5000 !
2026-06-17 21:42:38 [32minfo[39m: 	Successfully connected to database mongodb://edgev3_app:edgev3_mongodb_pass@mongodb:27017/edgev3?authSource=admin
2026-06-17 21:42:38 [32minfo[39m: 	HTTP production server up and running on port 5000 !
2026-06-17 21:42:39 [32minfo[39m: 	Successfully connected to database mongodb://edgev3_app:edgev3_mongodb_pass@mongodb:27017/edgev3?authSource=admin
2026-06-17 21:42:39 [32minfo[39m: 	HTTP CRON server up and running on port 5555 !
2026-06-17 21:42:40 [32minfo[39m: 	Successfully connected to database mongodb://edgev3_app:edgev3_mongodb_pass@mongodb:27017/edgev3?authSource=admin
2026-06-17 21:42:40 [32minfo[39m: 	HTTP production server up and running on port 5000 !
2026-06-17 21:42:41 [32minfo[39m: 	Successfully connected to database mongodb://edgev3_app:edgev3_mongodb_pass@mongodb:27017/edgev3?authSource=admin
2026-06-17 21:42:41 [32minfo[39m: 	HTTP production server up and running on port 5000 !
2026-06-17 21:42:43 [32minfo[39m: 	Successfully connected to database mongodb://edgev3_app:edgev3_mongodb_pass@mongodb:27017/edgev3?authSource=admin
2026-06-17 21:42:43 [32minfo[39m: 	HTTP production server up and running on port 5000 !
2026-06-17 21:43:08 [32minfo[39m: 	Successfully connected to database mongodb://edgev3_app:edgev3_mongodb_pass@mongodb:27017/edgev3?authSource=admin
2026-06-17 21:43:08 [32minfo[39m: 	HTTP production server up and running on port 5000 !
2026-06-17 21:43:10 [32minfo[39m: 	Successfully connected to database mongodb://edgev3_app:edgev3_mongodb_pass@mongodb:27017/edgev3?authSource=admin
2026-06-17 21:43:10 [32minfo[39m: 	HTTP CRON server up and running on port 5555 !
2026-06-17 21:43:10 [32minfo[39m: 	Successfully connected to database mongodb://edgev3_app:edgev3_mongodb_pass@mongodb:27017/edgev3?authSource=admin
2026-06-17 21:43:10 [32minfo[39m: 	HTTP production server up and running on port 5000 !
2026-06-17 21:43:12 [32minfo[39m: 	Successfully connected to database mongodb://edgev3_app:edgev3_mongodb_pass@mongodb:27017/edgev3?authSource=admin
2026-06-17 21:43:12 [32minfo[39m: 	HTTP production server up and running on port 5000 !
2026-06-17 21:43:13 [32minfo[39m: 	Successfully connected to database mongodb://edgev3_app:edgev3_mongodb_pass@mongodb:27017/edgev3?authSource=admin
2026-06-17 21:43:13 [32minfo[39m: 	HTTP production server up and running on port 5000 !
2026-06-17 21:43:38 [32minfo[39m: 	Successfully connected to database mongodb://edgev3_app:edgev3_mongodb_pass@mongodb:27017/edgev3?authSource=admin
2026-06-17 21:43:38 [32minfo[39m: 	HTTP production server up and running on port 5000 !
2026-06-17 21:43:39 [32minfo[39m: 	Successfully connected to database mongodb://edgev3_app:edgev3_mongodb_pass@mongodb:27017/edgev3?authSource=admin
2026-06-17 21:43:39 [32minfo[39m: 	HTTP CRON server up and running on port 5555 !
2026-06-17 21:43:40 [32minfo[39m: 	Successfully connected to database mongodb://edgev3_app:edgev3_mongodb_pass@mongodb:27017/edgev3?authSource=admin
2026-06-17 21:43:40 [32minfo[39m: 	HTTP production server up and running on port 5000 !
2026-06-17 21:43:41 [32minfo[39m: 	Successfully connected to database mongodb://edgev3_app:edgev3_mongodb_pass@mongodb:27017/edgev3?authSource=admin
2026-06-17 21:43:41 [32minfo[39m: 	HTTP production server up and running on port 5000 !
2026-06-17 21:43:43 [32minfo[39m: 	Successfully connected to database mongodb://edgev3_app:edgev3_mongodb_pass@mongodb:27017/edgev3?authSource=admin
2026-06-17 21:43:43 [32minfo[39m: 	HTTP production server up and running on port 5000 !
2026-06-17 21:44:08 [32minfo[39m: 	Successfully connected to database mongodb://edgev3_app:edgev3_mongodb_pass@mongodb:27017/edgev3?authSource=admin
2026-06-17 21:44:08 [32minfo[39m: 	HTTP production server up and running on port 5000 !
2026-06-17 21:44:09 [32minfo[39m: 	Successfully connected to database mongodb://edgev3_app:edgev3_mongodb_pass@mongodb:27017/edgev3?authSource=admin
2026-06-17 21:44:09 [32minfo[39m: 	HTTP CRON server up and running on port 5555 !
2026-06-17 21:44:10 [32minfo[39m: 	Successfully connected to database mongodb://edgev3_app:edgev3_mongodb_pass@mongodb:27017/edgev3?authSource=admin
2026-06-17 21:44:10 [32minfo[39m: 	HTTP production server up and running on port 5000 !
2026-06-17 21:44:11 [32minfo[39m: 	Successfully connected to database mongodb://edgev3_app:edgev3_mongodb_pass@mongodb:27017/edgev3?authSource=admin
2026-06-17 21:44:11 [32minfo[39m: 	HTTP production server up and running on port 5000 !
2026-06-17 21:44:13 [32minfo[39m: 	Successfully connected to database mongodb://edgev3_app:edgev3_mongodb_pass@mongodb:27017/edgev3?authSource=admin
2026-06-17 21:44:13 [32minfo[39m: 	HTTP production server up and running on port 5000 !
2026-06-17 21:44:38 [32minfo[39m: 	Successfully connected to database mongodb://edgev3_app:edgev3_mongodb_pass@mongodb:27017/edgev3?authSource=admin
2026-06-17 21:44:38 [32minfo[39m: 	HTTP production server up and running on port 5000 !
2026-06-17 21:44:39 [32minfo[39m: 	Successfully connected to database mongodb://edgev3_app:edgev3_mongodb_pass@mongodb:27017/edgev3?authSource=admin
2026-06-17 21:44:39 [32minfo[39m: 	HTTP CRON server up and running on port 5555 !
2026-06-17 21:44:40 [32minfo[39m: 	Successfully connected to database mongodb://edgev3_app:edgev3_mongodb_pass@mongodb:27017/edgev3?authSource=admin
2026-06-17 21:44:40 [32minfo[39m: 	HTTP production server up and running on port 5000 !
2026-06-17 21:44:41 [32minfo[39m: 	Successfully connected to database mongodb://edgev3_app:edgev3_mongodb_pass@mongodb:27017/edgev3?authSource=admin
2026-06-17 21:44:41 [32minfo[39m: 	HTTP production server up and running on port 5000 !
2026-06-17 21:44:43 [32minfo[39m: 	Successfully connected to database mongodb://edgev3_app:edgev3_mongodb_pass@mongodb:27017/edgev3?authSource=admin
2026-06-17 21:44:43 [32minfo[39m: 	HTTP production server up and running on port 5000 !
2026-06-17 21:45:08 [32minfo[39m: 	Successfully connected to database mongodb://edgev3_app:edgev3_mongodb_pass@mongodb:27017/edgev3?authSource=admin
2026-06-17 21:45:08 [32minfo[39m: 	HTTP production server up and running on port 5000 !
2026-06-17 21:45:11 [32minfo[39m: 	Successfully connected to database mongodb://edgev3_app:edgev3_mongodb_pass@mongodb:27017/edgev3?authSource=admin
2026-06-17 21:45:11 [32minfo[39m: 	HTTP CRON server up and running on port 5555 !
2026-06-17 21:45:11 [32minfo[39m: 	Successfully connected to database mongodb://edgev3_app:edgev3_mongodb_pass@mongodb:27017/edgev3?authSource=admin
2026-06-17 21:45:11 [32minfo[39m: 	HTTP production server up and running on port 5000 !
2026-06-17 21:45:13 [32minfo[39m: 	Successfully connected to database mongodb://edgev3_app:edgev3_mongodb_pass@mongodb:27017/edgev3?authSource=admin
2026-06-17 21:45:13 [32minfo[39m: 	HTTP production server up and running on port 5000 !
2026-06-17 21:45:14 [32minfo[39m: 	Successfully connected to database mongodb://edgev3_app:edgev3_mongodb_pass@mongodb:27017/edgev3?authSource=admin
2026-06-17 21:45:14 [32minfo[39m: 	HTTP production server up and running on port 5000 !
2026-06-17 21:45:38 [32minfo[39m: 	Successfully connected to database mongodb://edgev3_app:edgev3_mongodb_pass@mongodb:27017/edgev3?authSource=admin
2026-06-17 21:45:38 [32minfo[39m: 	HTTP production server up and running on port 5000 !
2026-06-17 21:45:39 [32minfo[39m: 	Successfully connected to database mongodb://edgev3_app:edgev3_mongodb_pass@mongodb:27017/edgev3?authSource=admin
2026-06-17 21:45:39 [32minfo[39m: 	HTTP production server up and running on port 5000 !
2026-06-17 21:45:41 [32minfo[39m: 	Successfully connected to database mongodb://edgev3_app:edgev3_mongodb_pass@mongodb:27017/edgev3?authSource=admin
2026-06-17 21:45:41 [32minfo[39m: 	HTTP production server up and running on port 5000 !
2026-06-17 21:45:43 [32minfo[39m: 	Successfully connected to database mongodb://edgev3_app:edgev3_mongodb_pass@mongodb:27017/edgev3?authSource=admin
2026-06-17 21:45:43 [32minfo[39m: 	HTTP production server up and running on port 5000 !
2026-06-17 21:46:08 [32minfo[39m: 	Successfully connected to database mongodb://edgev3_app:edgev3_mongodb_pass@mongodb:27017/edgev3?authSource=admin
2026-06-17 21:46:08 [32minfo[39m: 	HTTP production server up and running on port 5000 !
2026-06-17 21:46:10 [32minfo[39m: 	Successfully connected to database mongodb://edgev3_app:edgev3_mongodb_pass@mongodb:27017/edgev3?authSource=admin
2026-06-17 21:46:10 [32minfo[39m: 	HTTP CRON server up and running on port 5555 !
2026-06-17 21:46:10 [32minfo[39m: 	Successfully connected to database mongodb://edgev3_app:edgev3_mongodb_pass@mongodb:27017/edgev3?authSource=admin
2026-06-17 21:46:10 [32minfo[39m: 	HTTP production server up and running on port 5000 !
2026-06-17 21:46:12 [32minfo[39m: 	Successfully connected to database mongodb://edgev3_app:edgev3_mongodb_pass@mongodb:27017/edgev3?authSource=admin
2026-06-17 21:46:12 [32minfo[39m: 	HTTP production server up and running on port 5000 !
2026-06-17 21:46:13 [32minfo[39m: 	Successfully connected to database mongodb://edgev3_app:edgev3_mongodb_pass@mongodb:27017/edgev3?authSource=admin
2026-06-17 21:46:13 [32minfo[39m: 	HTTP production server up and running on port 5000 !
2026-06-17 21:46:39 [32minfo[39m: 	Successfully connected to database mongodb://edgev3_app:edgev3_mongodb_pass@mongodb:27017/edgev3?authSource=admin
2026-06-17 21:46:39 [32minfo[39m: 	HTTP production server up and running on port 5000 !
2026-06-17 21:46:40 [32minfo[39m: 	Successfully connected to database mongodb://edgev3_app:edgev3_mongodb_pass@mongodb:27017/edgev3?authSource=admin
2026-06-17 21:46:40 [32minfo[39m: 	HTTP CRON server up and running on port 5555 !
2026-06-17 21:46:41 [32minfo[39m: 	Successfully connected to database mongodb://edgev3_app:edgev3_mongodb_pass@mongodb:27017/edgev3?authSource=admin
2026-06-17 21:46:41 [32minfo[39m: 	HTTP production server up and running on port 5000 !
2026-06-17 21:46:42 [32minfo[39m: 	Successfully connected to database mongodb://edgev3_app:edgev3_mongodb_pass@mongodb:27017/edgev3?authSource=admin
2026-06-17 21:46:42 [32minfo[39m: 	HTTP production server up and running on port 5000 !
2026-06-17 21:46:44 [32minfo[39m: 	Successfully connected to database mongodb://edgev3_app:edgev3_mongodb_pass@mongodb:27017/edgev3?authSource=admin
2026-06-17 21:46:44 [32minfo[39m: 	HTTP production server up and running on port 5000 !
2026-06-17 21:47:08 [32minfo[39m: 	Successfully connected to database mongodb://edgev3_app:edgev3_mongodb_pass@mongodb:27017/edgev3?authSource=admin
2026-06-17 21:47:08 [32minfo[39m: 	HTTP production server up and running on port 5000 !
2026-06-17 21:47:09 [32minfo[39m: 	Successfully connected to database mongodb://edgev3_app:edgev3_mongodb_pass@mongodb:27017/edgev3?authSource=admin
2026-06-17 21:47:09 [32minfo[39m: 	HTTP CRON server up and running on port 5555 !
2026-06-17 21:47:09 [32minfo[39m: 	Successfully connected to database mongodb://edgev3_app:edgev3_mongodb_pass@mongodb:27017/edgev3?authSource=admin
2026-06-17 21:47:09 [32minfo[39m: 	HTTP production server up and running on port 5000 !
2026-06-17 21:47:11 [32minfo[39m: 	Successfully connected to database mongodb://edgev3_app:edgev3_mongodb_pass@mongodb:27017/edgev3?authSource=admin
2026-06-17 21:47:11 [32minfo[39m: 	HTTP production server up and running on port 5000 !
2026-06-17 21:47:13 [32minfo[39m: 	Successfully connected to database mongodb://edgev3_app:edgev3_mongodb_pass@mongodb:27017/edgev3?authSource=admin
2026-06-17 21:47:13 [32minfo[39m: 	HTTP production server up and running on port 5000 !
2026-06-17 21:47:38 [32minfo[39m: 	Successfully connected to database mongodb://edgev3_app:edgev3_mongodb_pass@mongodb:27017/edgev3?authSource=admin
2026-06-17 21:47:38 [32minfo[39m: 	HTTP production server up and running on port 5000 !
2026-06-17 21:47:39 [32minfo[39m: 	Successfully connected to database mongodb://edgev3_app:edgev3_mongodb_pass@mongodb:27017/edgev3?authSource=admin
2026-06-17 21:47:39 [32minfo[39m: 	HTTP CRON server up and running on port 5555 !
2026-06-17 21:47:39 [32minfo[39m: 	Successfully connected to database mongodb://edgev3_app:edgev3_mongodb_pass@mongodb:27017/edgev3?authSource=admin
2026-06-17 21:47:39 [32minfo[39m: 	HTTP production server up and running on port 5000 !
2026-06-17 21:47:41 [32minfo[39m: 	Successfully connected to database mongodb://edgev3_app:edgev3_mongodb_pass@mongodb:27017/edgev3?authSource=admin
2026-06-17 21:47:41 [32minfo[39m: 	HTTP production server up and running on port 5000 !
2026-06-17 21:47:43 [32minfo[39m: 	Successfully connected to database mongodb://edgev3_app:edgev3_mongodb_pass@mongodb:27017/edgev3?authSource=admin
2026-06-17 21:47:43 [32minfo[39m: 	HTTP production server up and running on port 5000 !
2026-06-17 21:48:08 [32minfo[39m: 	Successfully connected to database mongodb://edgev3_app:edgev3_mongodb_pass@mongodb:27017/edgev3?authSource=admin
2026-06-17 21:48:08 [32minfo[39m: 	HTTP production server up and running on port 5000 !
2026-06-17 21:48:09 [32minfo[39m: 	Successfully connected to database mongodb://edgev3_app:edgev3_mongodb_pass@mongodb:27017/edgev3?authSource=admin
2026-06-17 21:48:09 [32minfo[39m: 	HTTP CRON server up and running on port 5555 !
2026-06-17 21:48:10 [32minfo[39m: 	Successfully connected to database mongodb://edgev3_app:edgev3_mongodb_pass@mongodb:27017/edgev3?authSource=admin
2026-06-17 21:48:10 [32minfo[39m: 	HTTP production server up and running on port 5000 !
2026-06-17 21:48:11 [32minfo[39m: 	Successfully connected to database mongodb://edgev3_app:edgev3_mongodb_pass@mongodb:27017/edgev3?authSource=admin
2026-06-17 21:48:11 [32minfo[39m: 	HTTP production server up and running on port 5000 !
2026-06-17 21:48:13 [32minfo[39m: 	Successfully connected to database mongodb://edgev3_app:edgev3_mongodb_pass@mongodb:27017/edgev3?authSource=admin
2026-06-17 21:48:13 [32minfo[39m: 	HTTP production server up and running on port 5000 !
2026-06-17 21:48:38 [32minfo[39m: 	Successfully connected to database mongodb://edgev3_app:edgev3_mongodb_pass@mongodb:27017/edgev3?authSource=admin
2026-06-17 21:48:38 [32minfo[39m: 	HTTP production server up and running on port 5000 !
2026-06-17 21:48:39 [32minfo[39m: 	Successfully connected to database mongodb://edgev3_app:edgev3_mongodb_pass@mongodb:27017/edgev3?authSource=admin
2026-06-17 21:48:39 [32minfo[39m: 	HTTP CRON server up and running on port 5555 !
2026-06-17 21:48:39 [32minfo[39m: 	Successfully connected to database mongodb://edgev3_app:edgev3_mongodb_pass@mongodb:27017/edgev3?authSource=admin
2026-06-17 21:48:39 [32minfo[39m: 	HTTP production server up and running on port 5000 !
2026-06-17 21:48:41 [32minfo[39m: 	Successfully connected to database mongodb://edgev3_app:edgev3_mongodb_pass@mongodb:27017/edgev3?authSource=admin
2026-06-17 21:48:41 [32minfo[39m: 	HTTP production server up and running on port 5000 !
2026-06-17 21:48:43 [32minfo[39m: 	Successfully connected to database mongodb://edgev3_app:edgev3_mongodb_pass@mongodb:27017/edgev3?authSource=admin
2026-06-17 21:48:43 [32minfo[39m: 	HTTP production server up and running on port 5000 !
2026-06-17 21:49:08 [32minfo[39m: 	Successfully connected to database mongodb://edgev3_app:edgev3_mongodb_pass@mongodb:27017/edgev3?authSource=admin
2026-06-17 21:49:08 [32minfo[39m: 	HTTP production server up and running on port 5000 !
2026-06-17 21:49:09 [32minfo[39m: 	Successfully connected to database mongodb://edgev3_app:edgev3_mongodb_pass@mongodb:27017/edgev3?authSource=admin
2026-06-17 21:49:09 [32minfo[39m: 	HTTP CRON server up and running on port 5555 !
2026-06-17 21:49:09 [32minfo[39m: 	Successfully connected to database mongodb://edgev3_app:edgev3_mongodb_pass@mongodb:27017/edgev3?authSource=admin
2026-06-17 21:49:09 [32minfo[39m: 	HTTP production server up and running on port 5000 !
2026-06-17 21:49:11 [32minfo[39m: 	Successfully connected to database mongodb://edgev3_app:edgev3_mongodb_pass@mongodb:27017/edgev3?authSource=admin
2026-06-17 21:49:11 [32minfo[39m: 	HTTP production server up and running on port 5000 !
2026-06-17 21:49:13 [32minfo[39m: 	Successfully connected to database mongodb://edgev3_app:edgev3_mongodb_pass@mongodb:27017/edgev3?authSource=admin
2026-06-17 21:49:13 [32minfo[39m: 	HTTP production server up and running on port 5000 !
2026-06-17 21:49:38 [32minfo[39m: 	Successfully connected to database mongodb://edgev3_app:edgev3_mongodb_pass@mongodb:27017/edgev3?authSource=admin
2026-06-17 21:49:38 [32minfo[39m: 	HTTP production server up and running on port 5000 !
2026-06-17 21:49:39 [32minfo[39m: 	Successfully connected to database mongodb://edgev3_app:edgev3_mongodb_pass@mongodb:27017/edgev3?authSource=admin
2026-06-17 21:49:39 [32minfo[39m: 	HTTP CRON server up and running on port 5555 !
2026-06-17 21:49:39 [32minfo[39m: 	Successfully connected to database mongodb://edgev3_app:edgev3_mongodb_pass@mongodb:27017/edgev3?authSource=admin
2026-06-17 21:49:39 [32minfo[39m: 	HTTP production server up and running on port 5000 !
2026-06-17 21:49:41 [32minfo[39m: 	Successfully connected to database mongodb://edgev3_app:edgev3_mongodb_pass@mongodb:27017/edgev3?authSource=admin
2026-06-17 21:49:41 [32minfo[39m: 	HTTP production server up and running on port 5000 !
2026-06-17 21:49:43 [32minfo[39m: 	Successfully connected to database mongodb://edgev3_app:edgev3_mongodb_pass@mongodb:27017/edgev3?authSource=admin
2026-06-17 21:49:43 [32minfo[39m: 	HTTP production server up and running on port 5000 !
2026-06-17 21:50:08 [32minfo[39m: 	Successfully connected to database mongodb://edgev3_app:edgev3_mongodb_pass@mongodb:27017/edgev3?authSource=admin
2026-06-17 21:50:08 [32minfo[39m: 	HTTP production server up and running on port 5000 !
2026-06-17 21:50:09 [32minfo[39m: 	Successfully connected to database mongodb://edgev3_app:edgev3_mongodb_pass@mongodb:27017/edgev3?authSource=admin
2026-06-17 21:50:09 [32minfo[39m: 	HTTP CRON server up and running on port 5555 !
2026-06-17 21:50:09 [32minfo[39m: 	Successfully connected to database mongodb://edgev3_app:edgev3_mongodb_pass@mongodb:27017/edgev3?authSource=admin
2026-06-17 21:50:09 [32minfo[39m: 	HTTP production server up and running on port 5000 !
2026-06-17 21:50:11 [32minfo[39m: 	Successfully connected to database mongodb://edgev3_app:edgev3_mongodb_pass@mongodb:27017/edgev3?authSource=admin
2026-06-17 21:50:11 [32minfo[39m: 	HTTP production server up and running on port 5000 !
2026-06-17 21:50:13 [32minfo[39m: 	Successfully connected to database mongodb://edgev3_app:edgev3_mongodb_pass@mongodb:27017/edgev3?authSource=admin
2026-06-17 21:50:13 [32minfo[39m: 	HTTP production server up and running on port 5000 !
2026-06-17 21:50:38 [32minfo[39m: 	Successfully connected to database mongodb://edgev3_app:edgev3_mongodb_pass@mongodb:27017/edgev3?authSource=admin
2026-06-17 21:50:38 [32minfo[39m: 	HTTP production server up and running on port 5000 !
2026-06-17 21:50:39 [32minfo[39m: 	Successfully connected to database mongodb://edgev3_app:edgev3_mongodb_pass@mongodb:27017/edgev3?authSource=admin
2026-06-17 21:50:39 [32minfo[39m: 	HTTP CRON server up and running on port 5555 !
2026-06-17 21:50:39 [32minfo[39m: 	Successfully connected to database mongodb://edgev3_app:edgev3_mongodb_pass@mongodb:27017/edgev3?authSource=admin
2026-06-17 21:50:39 [32minfo[39m: 	HTTP production server up and running on port 5000 !
2026-06-17 21:50:41 [32minfo[39m: 	Successfully connected to database mongodb://edgev3_app:edgev3_mongodb_pass@mongodb:27017/edgev3?authSource=admin
2026-06-17 21:50:41 [32minfo[39m: 	HTTP production server up and running on port 5000 !
2026-06-17 21:50:43 [32minfo[39m: 	Successfully connected to database mongodb://edgev3_app:edgev3_mongodb_pass@mongodb:27017/edgev3?authSource=admin
2026-06-17 21:50:43 [32minfo[39m: 	HTTP production server up and running on port 5000 !
2026-06-17 21:51:08 [32minfo[39m: 	Successfully connected to database mongodb://edgev3_app:edgev3_mongodb_pass@mongodb:27017/edgev3?authSource=admin
2026-06-17 21:51:08 [32minfo[39m: 	HTTP production server up and running on port 5000 !
2026-06-17 21:51:09 [32minfo[39m: 	Successfully connected to database mongodb://edgev3_app:edgev3_mongodb_pass@mongodb:27017/edgev3?authSource=admin
2026-06-17 21:51:09 [32minfo[39m: 	HTTP CRON server up and running on port 5555 !
2026-06-17 21:51:09 [32minfo[39m: 	Successfully connected to database mongodb://edgev3_app:edgev3_mongodb_pass@mongodb:27017/edgev3?authSource=admin
2026-06-17 21:51:09 [32minfo[39m: 	HTTP production server up and running on port 5000 !
2026-06-17 21:51:11 [32minfo[39m: 	Successfully connected to database mongodb://edgev3_app:edgev3_mongodb_pass@mongodb:27017/edgev3?authSource=admin
2026-06-17 21:51:11 [32minfo[39m: 	HTTP production server up and running on port 5000 !
2026-06-17 21:51:13 [32minfo[39m: 	Successfully connected to database mongodb://edgev3_app:edgev3_mongodb_pass@mongodb:27017/edgev3?authSource=admin
2026-06-17 21:51:13 [32minfo[39m: 	HTTP production server up and running on port 5000 !
2026-06-17 21:51:38 [32minfo[39m: 	Successfully connected to database mongodb://edgev3_app:edgev3_mongodb_pass@mongodb:27017/edgev3?authSource=admin
2026-06-17 21:51:38 [32minfo[39m: 	HTTP production server up and running on port 5000 !
2026-06-17 21:51:39 [32minfo[39m: 	Successfully connected to database mongodb://edgev3_app:edgev3_mongodb_pass@mongodb:27017/edgev3?authSource=admin
2026-06-17 21:51:39 [32minfo[39m: 	HTTP CRON server up and running on port 5555 !
2026-06-17 21:51:39 [32minfo[39m: 	Successfully connected to database mongodb://edgev3_app:edgev3_mongodb_pass@mongodb:27017/edgev3?authSource=admin
2026-06-17 21:51:39 [32minfo[39m: 	HTTP production server up and running on port 5000 !
2026-06-17 21:51:41 [32minfo[39m: 	Successfully connected to database mongodb://edgev3_app:edgev3_mongodb_pass@mongodb:27017/edgev3?authSource=admin
2026-06-17 21:51:41 [32minfo[39m: 	HTTP production server up and running on port 5000 !
2026-06-17 21:51:43 [32minfo[39m: 	Successfully connected to database mongodb://edgev3_app:edgev3_mongodb_pass@mongodb:27017/edgev3?authSource=admin
2026-06-17 21:51:43 [32minfo[39m: 	HTTP production server up and running on port 5000 !
2026-06-17 21:52:08 [32minfo[39m: 	Successfully connected to database mongodb://edgev3_app:edgev3_mongodb_pass@mongodb:27017/edgev3?authSource=admin
2026-06-17 21:52:08 [32minfo[39m: 	HTTP production server up and running on port 5000 !
2026-06-17 21:52:09 [32minfo[39m: 	Successfully connected to database mongodb://edgev3_app:edgev3_mongodb_pass@mongodb:27017/edgev3?authSource=admin
2026-06-17 21:52:09 [32minfo[39m: 	HTTP CRON server up and running on port 5555 !
2026-06-17 21:52:09 [32minfo[39m: 	Successfully connected to database mongodb://edgev3_app:edgev3_mongodb_pass@mongodb:27017/edgev3?authSource=admin
2026-06-17 21:52:09 [32minfo[39m: 	HTTP production server up and running on port 5000 !
2026-06-17 21:52:11 [32minfo[39m: 	Successfully connected to database mongodb://edgev3_app:edgev3_mongodb_pass@mongodb:27017/edgev3?authSource=admin
2026-06-17 21:52:11 [32minfo[39m: 	HTTP production server up and running on port 5000 !
2026-06-17 21:52:13 [32minfo[39m: 	Successfully connected to database mongodb://edgev3_app:edgev3_mongodb_pass@mongodb:27017/edgev3?authSource=admin
2026-06-17 21:52:13 [32minfo[39m: 	HTTP production server up and running on port 5000 !
2026-06-17 21:52:38 [32minfo[39m: 	Successfully connected to database mongodb://edgev3_app:edgev3_mongodb_pass@mongodb:27017/edgev3?authSource=admin
2026-06-17 21:52:38 [32minfo[39m: 	HTTP production server up and running on port 5000 !
2026-06-17 21:52:39 [32minfo[39m: 	Successfully connected to database mongodb://edgev3_app:edgev3_mongodb_pass@mongodb:27017/edgev3?authSource=admin
2026-06-17 21:52:39 [32minfo[39m: 	HTTP CRON server up and running on port 5555 !
2026-06-17 21:52:40 [32minfo[39m: 	Successfully connected to database mongodb://edgev3_app:edgev3_mongodb_pass@mongodb:27017/edgev3?authSource=admin
2026-06-17 21:52:40 [32minfo[39m: 	HTTP production server up and running on port 5000 !
2026-06-17 21:52:41 [32minfo[39m: 	Successfully connected to database mongodb://edgev3_app:edgev3_mongodb_pass@mongodb:27017/edgev3?authSource=admin
2026-06-17 21:52:41 [32minfo[39m: 	HTTP production server up and running on port 5000 !
2026-06-17 21:52:43 [32minfo[39m: 	Successfully connected to database mongodb://edgev3_app:edgev3_mongodb_pass@mongodb:27017/edgev3?authSource=admin
2026-06-17 21:52:43 [32minfo[39m: 	HTTP production server up and running on port 5000 !
2026-06-17 21:53:08 [32minfo[39m: 	Successfully connected to database mongodb://edgev3_app:edgev3_mongodb_pass@mongodb:27017/edgev3?authSource=admin
2026-06-17 21:53:08 [32minfo[39m: 	HTTP production server up and running on port 5000 !
2026-06-17 21:53:09 [32minfo[39m: 	Successfully connected to database mongodb://edgev3_app:edgev3_mongodb_pass@mongodb:27017/edgev3?authSource=admin
2026-06-17 21:53:09 [32minfo[39m: 	HTTP CRON server up and running on port 5555 !
2026-06-17 21:53:09 [32minfo[39m: 	Successfully connected to database mongodb://edgev3_app:edgev3_mongodb_pass@mongodb:27017/edgev3?authSource=admin
2026-06-17 21:53:09 [32minfo[39m: 	HTTP production server up and running on port 5000 !
2026-06-17 21:53:11 [32minfo[39m: 	Successfully connected to database mongodb://edgev3_app:edgev3_mongodb_pass@mongodb:27017/edgev3?authSource=admin
2026-06-17 21:53:11 [32minfo[39m: 	HTTP production server up and running on port 5000 !
2026-06-17 21:53:13 [32minfo[39m: 	Successfully connected to database mongodb://edgev3_app:edgev3_mongodb_pass@mongodb:27017/edgev3?authSource=admin
2026-06-17 21:53:13 [32minfo[39m: 	HTTP production server up and running on port 5000 !
2026-06-17 21:53:38 [32minfo[39m: 	Successfully connected to database mongodb://edgev3_app:edgev3_mongodb_pass@mongodb:27017/edgev3?authSource=admin
2026-06-17 21:53:38 [32minfo[39m: 	HTTP production server up and running on port 5000 !
2026-06-17 21:53:39 [32minfo[39m: 	Successfully connected to database mongodb://edgev3_app:edgev3_mongodb_pass@mongodb:27017/edgev3?authSource=admin
2026-06-17 21:53:39 [32minfo[39m: 	HTTP CRON server up and running on port 5555 !
2026-06-17 21:53:39 [32minfo[39m: 	Successfully connected to database mongodb://edgev3_app:edgev3_mongodb_pass@mongodb:27017/edgev3?authSource=admin
2026-06-17 21:53:39 [32minfo[39m: 	HTTP production server up and running on port 5000 !
2026-06-17 21:53:41 [32minfo[39m: 	Successfully connected to database mongodb://edgev3_app:edgev3_mongodb_pass@mongodb:27017/edgev3?authSource=admin
2026-06-17 21:53:41 [32minfo[39m: 	HTTP production server up and running on port 5000 !
2026-06-17 21:53:43 [32minfo[39m: 	Successfully connected to database mongodb://edgev3_app:edgev3_mongodb_pass@mongodb:27017/edgev3?authSource=admin
2026-06-17 21:53:43 [32minfo[39m: 	HTTP production server up and running on port 5000 !
2026-06-17 21:54:08 [32minfo[39m: 	Successfully connected to database mongodb://edgev3_app:edgev3_mongodb_pass@mongodb:27017/edgev3?authSource=admin
2026-06-17 21:54:08 [32minfo[39m: 	HTTP production server up and running on port 5000 !
2026-06-17 21:54:09 [32minfo[39m: 	Successfully connected to database mongodb://edgev3_app:edgev3_mongodb_pass@mongodb:27017/edgev3?authSource=admin
2026-06-17 21:54:09 [32minfo[39m: 	HTTP CRON server up and running on port 5555 !
2026-06-17 21:54:09 [32minfo[39m: 	Successfully connected to database mongodb://edgev3_app:edgev3_mongodb_pass@mongodb:27017/edgev3?authSource=admin
2026-06-17 21:54:09 [32minfo[39m: 	HTTP production server up and running on port 5000 !
2026-06-17 21:54:11 [32minfo[39m: 	Successfully connected to database mongodb://edgev3_app:edgev3_mongodb_pass@mongodb:27017/edgev3?authSource=admin
2026-06-17 21:54:11 [32minfo[39m: 	HTTP production server up and running on port 5000 !
2026-06-17 21:54:13 [32minfo[39m: 	Successfully connected to database mongodb://edgev3_app:edgev3_mongodb_pass@mongodb:27017/edgev3?authSource=admin
2026-06-17 21:54:13 [32minfo[39m: 	HTTP production server up and running on port 5000 !
2026-06-17 21:54:38 [32minfo[39m: 	Successfully connected to database mongodb://edgev3_app:edgev3_mongodb_pass@mongodb:27017/edgev3?authSource=admin
2026-06-17 21:54:38 [32minfo[39m: 	HTTP production server up and running on port 5000 !
2026-06-17 21:54:39 [32minfo[39m: 	Successfully connected to database mongodb://edgev3_app:edgev3_mongodb_pass@mongodb:27017/edgev3?authSource=admin
2026-06-17 21:54:39 [32minfo[39m: 	HTTP CRON server up and running on port 5555 !
2026-06-17 21:54:40 [32minfo[39m: 	Successfully connected to database mongodb://edgev3_app:edgev3_mongodb_pass@mongodb:27017/edgev3?authSource=admin
2026-06-17 21:54:40 [32minfo[39m: 	HTTP production server up and running on port 5000 !
2026-06-17 21:54:41 [32minfo[39m: 	Successfully connected to database mongodb://edgev3_app:edgev3_mongodb_pass@mongodb:27017/edgev3?authSource=admin
2026-06-17 21:54:41 [32minfo[39m: 	HTTP production server up and running on port 5000 !
2026-06-17 21:54:43 [32minfo[39m: 	Successfully connected to database mongodb://edgev3_app:edgev3_mongodb_pass@mongodb:27017/edgev3?authSource=admin
2026-06-17 21:54:43 [32minfo[39m: 	HTTP production server up and running on port 5000 !
2026-06-17 21:55:08 [32minfo[39m: 	Successfully connected to database mongodb://edgev3_app:edgev3_mongodb_pass@mongodb:27017/edgev3?authSource=admin
2026-06-17 21:55:08 [32minfo[39m: 	HTTP production server up and running on port 5000 !
2026-06-17 21:55:10 [32minfo[39m: 	Successfully connected to database mongodb://edgev3_app:edgev3_mongodb_pass@mongodb:27017/edgev3?authSource=admin
2026-06-17 21:55:10 [32minfo[39m: 	HTTP CRON server up and running on port 5555 !
2026-06-17 21:55:10 [32minfo[39m: 	Successfully connected to database mongodb://edgev3_app:edgev3_mongodb_pass@mongodb:27017/edgev3?authSource=admin
2026-06-17 21:55:10 [32minfo[39m: 	HTTP production server up and running on port 5000 !
2026-06-17 21:55:11 [32minfo[39m: 	Successfully connected to database mongodb://edgev3_app:edgev3_mongodb_pass@mongodb:27017/edgev3?authSource=admin
2026-06-17 21:55:11 [32minfo[39m: 	HTTP production server up and running on port 5000 !
2026-06-17 21:55:13 [32minfo[39m: 	Successfully connected to database mongodb://edgev3_app:edgev3_mongodb_pass@mongodb:27017/edgev3?authSource=admin
2026-06-17 21:55:13 [32minfo[39m: 	HTTP production server up and running on port 5000 !
2026-06-17 21:55:38 [32minfo[39m: 	Successfully connected to database mongodb://edgev3_app:edgev3_mongodb_pass@mongodb:27017/edgev3?authSource=admin
2026-06-17 21:55:38 [32minfo[39m: 	HTTP production server up and running on port 5000 !
2026-06-17 21:55:39 [32minfo[39m: 	Successfully connected to database mongodb://edgev3_app:edgev3_mongodb_pass@mongodb:27017/edgev3?authSource=admin
2026-06-17 21:55:39 [32minfo[39m: 	HTTP CRON server up and running on port 5555 !
2026-06-17 21:55:39 [32minfo[39m: 	Successfully connected to database mongodb://edgev3_app:edgev3_mongodb_pass@mongodb:27017/edgev3?authSource=admin
2026-06-17 21:55:39 [32minfo[39m: 	HTTP production server up and running on port 5000 !
2026-06-17 21:55:41 [32minfo[39m: 	Successfully connected to database mongodb://edgev3_app:edgev3_mongodb_pass@mongodb:27017/edgev3?authSource=admin
2026-06-17 21:55:41 [32minfo[39m: 	HTTP production server up and running on port 5000 !
2026-06-17 21:55:43 [32minfo[39m: 	Successfully connected to database mongodb://edgev3_app:edgev3_mongodb_pass@mongodb:27017/edgev3?authSource=admin
2026-06-17 21:55:43 [32minfo[39m: 	HTTP production server up and running on port 5000 !
2026-06-17 21:56:08 [32minfo[39m: 	Successfully connected to database mongodb://edgev3_app:edgev3_mongodb_pass@mongodb:27017/edgev3?authSource=admin
2026-06-17 21:56:08 [32minfo[39m: 	HTTP production server up and running on port 5000 !
2026-06-17 21:56:09 [32minfo[39m: 	Successfully connected to database mongodb://edgev3_app:edgev3_mongodb_pass@mongodb:27017/edgev3?authSource=admin
2026-06-17 21:56:09 [32minfo[39m: 	HTTP CRON server up and running on port 5555 !
2026-06-17 21:56:09 [32minfo[39m: 	Successfully connected to database mongodb://edgev3_app:edgev3_mongodb_pass@mongodb:27017/edgev3?authSource=admin
2026-06-17 21:56:09 [32minfo[39m: 	HTTP production server up and running on port 5000 !
2026-06-17 21:56:11 [32minfo[39m: 	Successfully connected to database mongodb://edgev3_app:edgev3_mongodb_pass@mongodb:27017/edgev3?authSource=admin
2026-06-17 21:56:11 [32minfo[39m: 	HTTP production server up and running on port 5000 !
2026-06-17 21:56:13 [32minfo[39m: 	Successfully connected to database mongodb://edgev3_app:edgev3_mongodb_pass@mongodb:27017/edgev3?authSource=admin
2026-06-17 21:56:13 [32minfo[39m: 	HTTP production server up and running on port 5000 !
2026-06-17 21:56:38 [32minfo[39m: 	Successfully connected to database mongodb://edgev3_app:edgev3_mongodb_pass@mongodb:27017/edgev3?authSource=admin
2026-06-17 21:56:38 [32minfo[39m: 	HTTP production server up and running on port 5000 !
2026-06-17 21:56:39 [32minfo[39m: 	Successfully connected to database mongodb://edgev3_app:edgev3_mongodb_pass@mongodb:27017/edgev3?authSource=admin
2026-06-17 21:56:39 [32minfo[39m: 	HTTP CRON server up and running on port 5555 !
2026-06-17 21:56:39 [32minfo[39m: 	Successfully connected to database mongodb://edgev3_app:edgev3_mongodb_pass@mongodb:27017/edgev3?authSource=admin
2026-06-17 21:56:40 [32minfo[39m: 	HTTP production server up and running on port 5000 !
2026-06-17 21:56:41 [32minfo[39m: 	Successfully connected to database mongodb://edgev3_app:edgev3_mongodb_pass@mongodb:27017/edgev3?authSource=admin
2026-06-17 21:56:41 [32minfo[39m: 	HTTP production server up and running on port 5000 !
2026-06-17 21:56:43 [32minfo[39m: 	Successfully connected to database mongodb://edgev3_app:edgev3_mongodb_pass@mongodb:27017/edgev3?authSource=admin
2026-06-17 21:56:43 [32minfo[39m: 	HTTP production server up and running on port 5000 !
2026-06-17 21:57:08 [32minfo[39m: 	Successfully connected to database mongodb://edgev3_app:edgev3_mongodb_pass@mongodb:27017/edgev3?authSource=admin
2026-06-17 21:57:08 [32minfo[39m: 	HTTP production server up and running on port 5000 !
2026-06-17 21:57:09 [32minfo[39m: 	Successfully connected to database mongodb://edgev3_app:edgev3_mongodb_pass@mongodb:27017/edgev3?authSource=admin
2026-06-17 21:57:09 [32minfo[39m: 	HTTP CRON server up and running on port 5555 !
2026-06-17 21:57:10 [32minfo[39m: 	Successfully connected to database mongodb://edgev3_app:edgev3_mongodb_pass@mongodb:27017/edgev3?authSource=admin
2026-06-17 21:57:10 [32minfo[39m: 	HTTP production server up and running on port 5000 !
2026-06-17 21:57:11 [32minfo[39m: 	Successfully connected to database mongodb://edgev3_app:edgev3_mongodb_pass@mongodb:27017/edgev3?authSource=admin
2026-06-17 21:57:11 [32minfo[39m: 	HTTP production server up and running on port 5000 !
2026-06-17 21:57:13 [32minfo[39m: 	Successfully connected to database mongodb://edgev3_app:edgev3_mongodb_pass@mongodb:27017/edgev3?authSource=admin
2026-06-17 21:57:13 [32minfo[39m: 	HTTP production server up and running on port 5000 !
2026-06-17 21:57:38 [32minfo[39m: 	Successfully connected to database mongodb://edgev3_app:edgev3_mongodb_pass@mongodb:27017/edgev3?authSource=admin
2026-06-17 21:57:38 [32minfo[39m: 	HTTP production server up and running on port 5000 !
2026-06-17 21:57:39 [32minfo[39m: 	Successfully connected to database mongodb://edgev3_app:edgev3_mongodb_pass@mongodb:27017/edgev3?authSource=admin
2026-06-17 21:57:39 [32minfo[39m: 	HTTP CRON server up and running on port 5555 !
2026-06-17 21:57:40 [32minfo[39m: 	Successfully connected to database mongodb://edgev3_app:edgev3_mongodb_pass@mongodb:27017/edgev3?authSource=admin
2026-06-17 21:57:40 [32minfo[39m: 	HTTP production server up and running on port 5000 !
2026-06-17 21:57:41 [32minfo[39m: 	Successfully connected to database mongodb://edgev3_app:edgev3_mongodb_pass@mongodb:27017/edgev3?authSource=admin
2026-06-17 21:57:41 [32minfo[39m: 	HTTP production server up and running on port 5000 !
2026-06-17 21:57:43 [32minfo[39m: 	Successfully connected to database mongodb://edgev3_app:edgev3_mongodb_pass@mongodb:27017/edgev3?authSource=admin
2026-06-17 21:57:43 [32minfo[39m: 	HTTP production server up and running on port 5000 !
2026-06-17 21:58:08 [32minfo[39m: 	Successfully connected to database mongodb://edgev3_app:edgev3_mongodb_pass@mongodb:27017/edgev3?authSource=admin
2026-06-17 21:58:08 [32minfo[39m: 	HTTP production server up and running on port 5000 !
2026-06-17 21:58:09 [32minfo[39m: 	Successfully connected to database mongodb://edgev3_app:edgev3_mongodb_pass@mongodb:27017/edgev3?authSource=admin
2026-06-17 21:58:09 [32minfo[39m: 	HTTP CRON server up and running on port 5555 !
2026-06-17 21:58:09 [32minfo[39m: 	Successfully connected to database mongodb://edgev3_app:edgev3_mongodb_pass@mongodb:27017/edgev3?authSource=admin
2026-06-17 21:58:09 [32minfo[39m: 	HTTP production server up and running on port 5000 !
2026-06-17 21:58:11 [32minfo[39m: 	Successfully connected to database mongodb://edgev3_app:edgev3_mongodb_pass@mongodb:27017/edgev3?authSource=admin
2026-06-17 21:58:11 [32minfo[39m: 	HTTP production server up and running on port 5000 !
2026-06-17 21:58:13 [32minfo[39m: 	Successfully connected to database mongodb://edgev3_app:edgev3_mongodb_pass@mongodb:27017/edgev3?authSource=admin
2026-06-17 21:58:13 [32minfo[39m: 	HTTP production server up and running on port 5000 !
2026-06-17 21:58:38 [32minfo[39m: 	Successfully connected to database mongodb://edgev3_app:edgev3_mongodb_pass@mongodb:27017/edgev3?authSource=admin
2026-06-17 21:58:38 [32minfo[39m: 	HTTP production server up and running on port 5000 !
2026-06-17 21:58:39 [32minfo[39m: 	Successfully connected to database mongodb://edgev3_app:edgev3_mongodb_pass@mongodb:27017/edgev3?authSource=admin
2026-06-17 21:58:39 [32minfo[39m: 	HTTP CRON server up and running on port 5555 !
2026-06-17 21:58:40 [32minfo[39m: 	Successfully connected to database mongodb://edgev3_app:edgev3_mongodb_pass@mongodb:27017/edgev3?authSource=admin
2026-06-17 21:58:40 [32minfo[39m: 	HTTP production server up and running on port 5000 !
2026-06-17 21:58:41 [32minfo[39m: 	Successfully connected to database mongodb://edgev3_app:edgev3_mongodb_pass@mongodb:27017/edgev3?authSource=admin
2026-06-17 21:58:41 [32minfo[39m: 	HTTP production server up and running on port 5000 !
2026-06-17 21:58:43 [32minfo[39m: 	Successfully connected to database mongodb://edgev3_app:edgev3_mongodb_pass@mongodb:27017/edgev3?authSource=admin
2026-06-17 21:58:43 [32minfo[39m: 	HTTP production server up and running on port 5000 !
2026-06-17 21:59:08 [32minfo[39m: 	Successfully connected to database mongodb://edgev3_app:edgev3_mongodb_pass@mongodb:27017/edgev3?authSource=admin
2026-06-17 21:59:08 [32minfo[39m: 	HTTP production server up and running on port 5000 !
2026-06-17 21:59:09 [32minfo[39m: 	Successfully connected to database mongodb://edgev3_app:edgev3_mongodb_pass@mongodb:27017/edgev3?authSource=admin
2026-06-17 21:59:09 [32minfo[39m: 	HTTP CRON server up and running on port 5555 !
2026-06-17 21:59:10 [32minfo[39m: 	Successfully connected to database mongodb://edgev3_app:edgev3_mongodb_pass@mongodb:27017/edgev3?authSource=admin
2026-06-17 21:59:10 [32minfo[39m: 	HTTP production server up and running on port 5000 !
2026-06-17 21:59:11 [32minfo[39m: 	Successfully connected to database mongodb://edgev3_app:edgev3_mongodb_pass@mongodb:27017/edgev3?authSource=admin
2026-06-17 21:59:11 [32minfo[39m: 	HTTP production server up and running on port 5000 !
2026-06-17 21:59:13 [32minfo[39m: 	Successfully connected to database mongodb://edgev3_app:edgev3_mongodb_pass@mongodb:27017/edgev3?authSource=admin
2026-06-17 21:59:13 [32minfo[39m: 	HTTP production server up and running on port 5000 !
2026-06-17 21:59:38 [32minfo[39m: 	Successfully connected to database mongodb://edgev3_app:edgev3_mongodb_pass@mongodb:27017/edgev3?authSource=admin
2026-06-17 21:59:38 [32minfo[39m: 	HTTP production server up and running on port 5000 !
2026-06-17 21:59:39 [32minfo[39m: 	Successfully connected to database mongodb://edgev3_app:edgev3_mongodb_pass@mongodb:27017/edgev3?authSource=admin
2026-06-17 21:59:39 [32minfo[39m: 	HTTP CRON server up and running on port 5555 !
2026-06-17 21:59:40 [32minfo[39m: 	Successfully connected to database mongodb://edgev3_app:edgev3_mongodb_pass@mongodb:27017/edgev3?authSource=admin
2026-06-17 21:59:40 [32minfo[39m: 	HTTP production server up and running on port 5000 !
2026-06-17 21:59:41 [32minfo[39m: 	Successfully connected to database mongodb://edgev3_app:edgev3_mongodb_pass@mongodb:27017/edgev3?authSource=admin
2026-06-17 21:59:41 [32minfo[39m: 	HTTP production server up and running on port 5000 !
2026-06-17 21:59:43 [32minfo[39m: 	Successfully connected to database mongodb://edgev3_app:edgev3_mongodb_pass@mongodb:27017/edgev3?authSource=admin
2026-06-17 21:59:43 [32minfo[39m: 	HTTP production server up and running on port 5000 !
2026-06-17 22:00:08 [32minfo[39m: 	Successfully connected to database mongodb://edgev3_app:edgev3_mongodb_pass@mongodb:27017/edgev3?authSource=admin
2026-06-17 22:00:08 [32minfo[39m: 	HTTP production server up and running on port 5000 !
2026-06-17 22:00:09 [32minfo[39m: 	Successfully connected to database mongodb://edgev3_app:edgev3_mongodb_pass@mongodb:27017/edgev3?authSource=admin
2026-06-17 22:00:09 [32minfo[39m: 	HTTP CRON server up and running on port 5555 !
2026-06-17 22:00:10 [32minfo[39m: 	Successfully connected to database mongodb://edgev3_app:edgev3_mongodb_pass@mongodb:27017/edgev3?authSource=admin
2026-06-17 22:00:10 [32minfo[39m: 	HTTP production server up and running on port 5000 !
2026-06-17 22:00:11 [32minfo[39m: 	Successfully connected to database mongodb://edgev3_app:edgev3_mongodb_pass@mongodb:27017/edgev3?authSource=admin
2026-06-17 22:00:11 [32minfo[39m: 	HTTP production server up and running on port 5000 !
2026-06-17 22:00:13 [32minfo[39m: 	Successfully connected to database mongodb://edgev3_app:edgev3_mongodb_pass@mongodb:27017/edgev3?authSource=admin
2026-06-17 22:00:13 [32minfo[39m: 	HTTP production server up and running on port 5000 !
2026-06-17 22:00:38 [32minfo[39m: 	Successfully connected to database mongodb://edgev3_app:edgev3_mongodb_pass@mongodb:27017/edgev3?authSource=admin
2026-06-17 22:00:38 [32minfo[39m: 	HTTP production server up and running on port 5000 !
2026-06-17 22:00:39 [32minfo[39m: 	Successfully connected to database mongodb://edgev3_app:edgev3_mongodb_pass@mongodb:27017/edgev3?authSource=admin
2026-06-17 22:00:39 [32minfo[39m: 	HTTP CRON server up and running on port 5555 !
2026-06-17 22:00:40 [32minfo[39m: 	Successfully connected to database mongodb://edgev3_app:edgev3_mongodb_pass@mongodb:27017/edgev3?authSource=admin
2026-06-17 22:00:40 [32minfo[39m: 	HTTP production server up and running on port 5000 !
2026-06-17 22:00:41 [32minfo[39m: 	Successfully connected to database mongodb://edgev3_app:edgev3_mongodb_pass@mongodb:27017/edgev3?authSource=admin
2026-06-17 22:00:41 [32minfo[39m: 	HTTP production server up and running on port 5000 !
2026-06-17 22:00:43 [32minfo[39m: 	Successfully connected to database mongodb://edgev3_app:edgev3_mongodb_pass@mongodb:27017/edgev3?authSource=admin
2026-06-17 22:00:43 [32minfo[39m: 	HTTP production server up and running on port 5000 !
2026-06-17 22:01:08 [32minfo[39m: 	Successfully connected to database mongodb://edgev3_app:edgev3_mongodb_pass@mongodb:27017/edgev3?authSource=admin
2026-06-17 22:01:08 [32minfo[39m: 	HTTP production server up and running on port 5000 !
2026-06-17 22:01:10 [32minfo[39m: 	Successfully connected to database mongodb://edgev3_app:edgev3_mongodb_pass@mongodb:27017/edgev3?authSource=admin
2026-06-17 22:01:10 [32minfo[39m: 	HTTP CRON server up and running on port 5555 !
2026-06-17 22:01:10 [32minfo[39m: 	Successfully connected to database mongodb://edgev3_app:edgev3_mongodb_pass@mongodb:27017/edgev3?authSource=admin
2026-06-17 22:01:10 [32minfo[39m: 	HTTP production server up and running on port 5000 !
2026-06-17 22:01:12 [32minfo[39m: 	Successfully connected to database mongodb://edgev3_app:edgev3_mongodb_pass@mongodb:27017/edgev3?authSource=admin
2026-06-17 22:01:12 [32minfo[39m: 	HTTP production server up and running on port 5000 !
